periodo,anio,fecha_descarga,distrito_fiscal,tipo_fiscalia,materia,especialidad,tipo_caso,especializada,ingresado,atendido,ubigeo_pjfs,dpto_pjfs,prov_pjfs,dist_pjfs,fecha_corte
ENERO - DICIEMBRE,2020,08/01/2021,AMAZONAS,PROVINCIAL,CIVIL,CIVIL,EXPEDIENTE,,21,21,010101,AMAZONAS,CHACHAPOYAS,CHACHAPOYAS,15/06/2023
ENERO - DICIEMBRE,2020,08/01/2021,AMAZONAS,PROVINCIAL,FAMILIA,ACTOS CONTRA LA LIBERTAD SEXUAL,DENUNCIA,,8,3,010101,AMAZONAS,CHACHAPOYAS,CHACHAPOYAS,15/06/2023
ENERO - DICIEMBRE,2020,08/01/2021,AMAZONAS,PROVINCIAL,FAMILIA,FAMILIA CIVIL,EXPEDIENTE,,214,186,010101,AMAZONAS,CHACHAPOYAS,CHACHAPOYAS,15/06/2023
ENERO - DICIEMBRE,2020,08/01/2021,AMAZONAS,PROVINCIAL,FAMILIA,FAMILIA PENAL,DENUNCIA,,190,152,010101,AMAZONAS,CHACHAPOYAS,CHACHAPOYAS,15/06/2023
ENERO - DICIEMBRE,2020,08/01/2021,AMAZONAS,PROVINCIAL,FAMILIA,FAMILIA PENAL,EXPEDIENTE,,57,50,010101,AMAZONAS,CHACHAPOYAS,CHACHAPOYAS,15/06/2023
ENERO - DICIEMBRE,2020,08/01/2021,AMAZONAS,PROVINCIAL,FAMILIA,FAMILIA TUTELAR,DENUNCIA,,245,238,010101,AMAZONAS,CHACHAPOYAS,CHACHAPOYAS,15/06/2023
ENERO - DICIEMBRE,2020,08/01/2021,AMAZONAS,PROVINCIAL,FAMILIA,FAMILIA TUTELAR,EXPEDIENTE,,37,34,010101,AMAZONAS,CHACHAPOYAS,CHACHAPOYAS,15/06/2023
ENERO - DICIEMBRE,2020,08/01/2021,AMAZONAS,PROVINCIAL,FAMILIA,VIOLENCIA FAMILIAR,DENUNCIA,,10,10,010101,AMAZONAS,CHACHAPOYAS,CHACHAPOYAS,15/06/2023
ENERO - DICIEMBRE,2020,08/01/2021,AMAZONAS,PROVINCIAL,FAMILIA,VIOLENCIA FAMILIAR,EXPEDIENTE,,10,10,010101,AMAZONAS,CHACHAPOYAS,CHACHAPOYAS,15/06/2023
ENERO - DICIEMBRE,2020,08/01/2021,AMAZONAS,PROVINCIAL,PENAL,PENAL,DENUNCIA,CRIMINALIDAD ORGANIZADA,6,5,010101,AMAZONAS,CHACHAPOYAS,CHACHAPOYAS,15/06/2023
ENERO - DICIEMBRE,2020,08/01/2021,AMAZONAS,PROVINCIAL,PENAL,PENAL,DENUNCIA,DELITOS DE CORRUPCION DE FUNCIONARIOS,288,273,010101,AMAZONAS,CHACHAPOYAS,CHACHAPOYAS,15/06/2023
ENERO - DICIEMBRE,2020,08/01/2021,AMAZONAS,PROVINCIAL,PENAL,PENAL,DENUNCIA,MATERIA AMBIENTAL,235,235,010101,AMAZONAS,CHACHAPOYAS,CHACHAPOYAS,15/06/2023
ENERO - DICIEMBRE,2020,08/01/2021,AMAZONAS,PROVINCIAL,PENAL,PENAL,DENUNCIA,DELITOS DE TRAFICO ILICITO DE DROGAS,29,29,010101,AMAZONAS,CHACHAPOYAS,CHACHAPOYAS,15/06/2023
ENERO - DICIEMBRE,2020,08/01/2021,AMAZONAS,PROVINCIAL,PENAL,PENAL,DENUNCIA,VIOLENCIA CONTRA LA MUJER Y LOS INTEGRANTES DEL GRUPO FAMILIAR,986,563,010101,AMAZONAS,CHACHAPOYAS,CHACHAPOYAS,15/06/2023
ENERO - DICIEMBRE,2020,08/01/2021,AMAZONAS,PROVINCIAL,PENAL,PENAL,EXPEDIENTE,DELITOS DE CORRUPCION DE FUNCIONARIOS,1,1,010101,AMAZONAS,CHACHAPOYAS,CHACHAPOYAS,15/06/2023
ENERO - DICIEMBRE,2020,08/01/2021,AMAZONAS,PROVINCIAL,PENAL,PENAL,INVESTIGACION PREVENTIVA,MATERIA AMBIENTAL,36,36,010101,AMAZONAS,CHACHAPOYAS,CHACHAPOYAS,15/06/2023
ENERO - DICIEMBRE,2020,08/01/2021,AMAZONAS,PROVINCIAL,PENAL,PENAL,DENUNCIA,,8148,6842,010101,AMAZONAS,CHACHAPOYAS,CHACHAPOYAS,15/06/2023
ENERO - DICIEMBRE,2020,08/01/2021,AMAZONAS,PROVINCIAL,PENAL,PENAL,EXPEDIENTE,,1,0,010101,AMAZONAS,CHACHAPOYAS,CHACHAPOYAS,15/06/2023
ENERO - DICIEMBRE,2020,08/01/2021,AMAZONAS,PROVINCIAL,PENAL,PENAL,INVESTIGACION PREVENTIVA,,104,102,010101,AMAZONAS,CHACHAPOYAS,CHACHAPOYAS,15/06/2023
ENERO - DICIEMBRE,2020,08/01/2021,AMAZONAS,PROVINCIAL,PENAL,PENAL,DENUNCIA,,1,1,010101,AMAZONAS,CHACHAPOYAS,CHACHAPOYAS,15/06/2023
ENERO - DICIEMBRE,2020,08/01/2021,AMAZONAS,PROVINCIAL,PENAL,PENAL,INVESTIGACION PREVENTIVA,,101,98,010101,AMAZONAS,CHACHAPOYAS,CHACHAPOYAS,15/06/2023
ENERO - DICIEMBRE,2020,08/01/2021,AMAZONAS,SUPERIOR,CIVIL,CIVIL,EXPEDIENTE,,1,1,010101,AMAZONAS,CHACHAPOYAS,CHACHAPOYAS,15/06/2023
ENERO - DICIEMBRE,2020,08/01/2021,AMAZONAS,SUPERIOR,FAMILIA,FAMILIA CIVIL,EXPEDIENTE,,1,1,010101,AMAZONAS,CHACHAPOYAS,CHACHAPOYAS,15/06/2023
ENERO - DICIEMBRE,2020,08/01/2021,AMAZONAS,SUPERIOR,FAMILIA,FAMILIA PENAL,EXPEDIENTE,,4,4,010101,AMAZONAS,CHACHAPOYAS,CHACHAPOYAS,15/06/2023
ENERO - DICIEMBRE,2020,08/01/2021,AMAZONAS,SUPERIOR,FAMILIA,FAMILIA PENAL,INCIDENTE,,1,0,010101,AMAZONAS,CHACHAPOYAS,CHACHAPOYAS,15/06/2023
ENERO - DICIEMBRE,2020,08/01/2021,AMAZONAS,SUPERIOR,FAMILIA,FAMILIA TUTELAR,EXPEDIENTE,,3,2,010101,AMAZONAS,CHACHAPOYAS,CHACHAPOYAS,15/06/2023
ENERO - DICIEMBRE,2020,08/01/2021,AMAZONAS,SUPERIOR,FAMILIA,VIOLENCIA FAMILIAR,EXPEDIENTE,,14,11,010101,AMAZONAS,CHACHAPOYAS,CHACHAPOYAS,15/06/2023
ENERO - DICIEMBRE,2020,08/01/2021,AMAZONAS,SUPERIOR,FAMILIA,VIOLENCIA FAMILIAR,INCIDENTE,,10,6,010101,AMAZONAS,CHACHAPOYAS,CHACHAPOYAS,15/06/2023
ENERO - DICIEMBRE,2020,08/01/2021,AMAZONAS,SUPERIOR,PENAL,PENAL,APELACION DENUNCIA,,346,338,010101,AMAZONAS,CHACHAPOYAS,CHACHAPOYAS,15/06/2023
ENERO - DICIEMBRE,2020,08/01/2021,AMAZONAS,SUPERIOR,PENAL,PENAL,APELACION EXPEDIENTE,,2,2,010101,AMAZONAS,CHACHAPOYAS,CHACHAPOYAS,15/06/2023
ENERO - DICIEMBRE,2020,08/01/2021,AMAZONAS,SUPERIOR,PENAL,PENAL,CONSULTAS,,59,56,010101,AMAZONAS,CHACHAPOYAS,CHACHAPOYAS,15/06/2023
ENERO - DICIEMBRE,2020,08/01/2021,AMAZONAS,SUPERIOR,PENAL,PENAL,EXCLUSION FISCAL,,20,18,010101,AMAZONAS,CHACHAPOYAS,CHACHAPOYAS,15/06/2023
ENERO - DICIEMBRE,2020,08/01/2021,AMAZONAS,SUPERIOR,PENAL,PENAL,EXPEDIENTE,,188,151,010101,AMAZONAS,CHACHAPOYAS,CHACHAPOYAS,15/06/2023
ENERO - DICIEMBRE,2020,08/01/2021,AMAZONAS,SUPERIOR,PENAL,PENAL,INCIDENTE-EXPEDIENTE,,5,5,010101,AMAZONAS,CHACHAPOYAS,CHACHAPOYAS,15/06/2023
ENERO - DICIEMBRE,2020,08/01/2021,AMAZONAS,SUPERIOR,PENAL,PENAL,QUEJAS,,230,228,010101,AMAZONAS,CHACHAPOYAS,CHACHAPOYAS,15/06/2023
ENERO - DICIEMBRE,2020,08/01/2021,ANCASH,PROVINCIAL,CIVIL,CIVIL,EXPEDIENTE,,40,36,020101,ANCASH,HUARAZ,HUARAZ,15/06/2023
ENERO - DICIEMBRE,2020,08/01/2021,ANCASH,PROVINCIAL,FAMILIA,ACTOS CONTRA LA LIBERTAD SEXUAL,DENUNCIA,,8,7,020101,ANCASH,HUARAZ,HUARAZ,15/06/2023
ENERO - DICIEMBRE,2020,08/01/2021,ANCASH,PROVINCIAL,FAMILIA,FAMILIA CIVIL,EXPEDIENTE,,250,243,020101,ANCASH,HUARAZ,HUARAZ,15/06/2023
ENERO - DICIEMBRE,2020,08/01/2021,ANCASH,PROVINCIAL,FAMILIA,FAMILIA PENAL,DENUNCIA,,247,223,020101,ANCASH,HUARAZ,HUARAZ,15/06/2023
ENERO - DICIEMBRE,2020,08/01/2021,ANCASH,PROVINCIAL,FAMILIA,FAMILIA PENAL,EXPEDIENTE,,97,91,020101,ANCASH,HUARAZ,HUARAZ,15/06/2023
ENERO - DICIEMBRE,2020,08/01/2021,ANCASH,PROVINCIAL,FAMILIA,FAMILIA TUTELAR,DENUNCIA,,147,138,020101,ANCASH,HUARAZ,HUARAZ,15/06/2023
ENERO - DICIEMBRE,2020,08/01/2021,ANCASH,PROVINCIAL,FAMILIA,FAMILIA TUTELAR,EXPEDIENTE,,55,52,020101,ANCASH,HUARAZ,HUARAZ,15/06/2023
ENERO - DICIEMBRE,2020,08/01/2021,ANCASH,PROVINCIAL,FAMILIA,VIOLENCIA FAMILIAR,DENUNCIA,,21,21,020101,ANCASH,HUARAZ,HUARAZ,15/06/2023
ENERO - DICIEMBRE,2020,08/01/2021,ANCASH,PROVINCIAL,FAMILIA,VIOLENCIA FAMILIAR,EXPEDIENTE,,6,6,020101,ANCASH,HUARAZ,HUARAZ,15/06/2023
ENERO - DICIEMBRE,2020,08/01/2021,ANCASH,PROVINCIAL,PENAL,PENAL,DENUNCIA,MATERIA AMBIENTAL,180,180,020101,ANCASH,HUARAZ,HUARAZ,15/06/2023
ENERO - DICIEMBRE,2020,08/01/2021,ANCASH,PROVINCIAL,PENAL,PENAL,INVESTIGACION PREVENTIVA,MATERIA AMBIENTAL,235,235,020101,ANCASH,HUARAZ,HUARAZ,15/06/2023
ENERO - DICIEMBRE,2020,08/01/2021,ANCASH,PROVINCIAL,PENAL,PENAL,INVESTIGACION PREVENTIVA,,262,262,020101,ANCASH,HUARAZ,HUARAZ,15/06/2023
ENERO - DICIEMBRE,2020,08/01/2021,ANCASH,PROVINCIAL,PENAL,PENAL,DENUNCIA,DELITOS DE CORRUPCION DE FUNCIONARIOS,666,546,020101,ANCASH,HUARAZ,HUARAZ,15/06/2023
ENERO - DICIEMBRE,2020,08/01/2021,ANCASH,PROVINCIAL,PENAL,PENAL,DENUNCIA,,12543,11762,020101,ANCASH,HUARAZ,HUARAZ,15/06/2023
ENERO - DICIEMBRE,2020,08/01/2021,ANCASH,PROVINCIAL,PENAL,PENAL,EXPEDIENTE,,18,10,020101,ANCASH,HUARAZ,HUARAZ,15/06/2023
ENERO - DICIEMBRE,2020,08/01/2021,ANCASH,SUPERIOR,CIVIL,CIVIL,EXPEDIENTE,,5,5,020101,ANCASH,HUARAZ,HUARAZ,15/06/2023
ENERO - DICIEMBRE,2020,08/01/2021,ANCASH,SUPERIOR,FAMILIA,FAMILIA CIVIL,EXPEDIENTE,,28,28,020101,ANCASH,HUARAZ,HUARAZ,15/06/2023
ENERO - DICIEMBRE,2020,08/01/2021,ANCASH,SUPERIOR,FAMILIA,FAMILIA PENAL,EXPEDIENTE,,18,18,020101,ANCASH,HUARAZ,HUARAZ,15/06/2023
ENERO - DICIEMBRE,2020,08/01/2021,ANCASH,SUPERIOR,FAMILIA,FAMILIA TUTELAR,EXPEDIENTE,,10,10,020101,ANCASH,HUARAZ,HUARAZ,15/06/2023
ENERO - DICIEMBRE,2020,08/01/2021,ANCASH,SUPERIOR,FAMILIA,VIOLENCIA FAMILIAR,EXPEDIENTE,,85,85,020101,ANCASH,HUARAZ,HUARAZ,15/06/2023
ENERO - DICIEMBRE,2020,08/01/2021,ANCASH,SUPERIOR,PENAL,PENAL,APELACION DENUNCIA,DELITOS DE CORRUPCION DE FUNCIONARIOS,52,44,020101,ANCASH,HUARAZ,HUARAZ,15/06/2023
ENERO - DICIEMBRE,2020,08/01/2021,ANCASH,SUPERIOR,PENAL,PENAL,APELACION EXPEDIENTE,DELITOS DE CORRUPCION DE FUNCIONARIOS,1,1,020101,ANCASH,HUARAZ,HUARAZ,15/06/2023
ENERO - DICIEMBRE,2020,08/01/2021,ANCASH,SUPERIOR,PENAL,PENAL,APELACION DENUNCIA,,397,393,020101,ANCASH,HUARAZ,HUARAZ,15/06/2023
ENERO - DICIEMBRE,2020,08/01/2021,ANCASH,SUPERIOR,PENAL,PENAL,APELACION EXPEDIENTE,,9,9,020101,ANCASH,HUARAZ,HUARAZ,15/06/2023
ENERO - DICIEMBRE,2020,08/01/2021,ANCASH,SUPERIOR,PENAL,PENAL,CONSULTAS,,83,83,020101,ANCASH,HUARAZ,HUARAZ,15/06/2023
ENERO - DICIEMBRE,2020,08/01/2021,ANCASH,SUPERIOR,PENAL,PENAL,QUEJAS,DELITOS DE CORRUPCION DE FUNCIONARIOS,82,82,020101,ANCASH,HUARAZ,HUARAZ,15/06/2023
ENERO - DICIEMBRE,2020,08/01/2021,ANCASH,SUPERIOR,PENAL,PENAL,CONSULTAS,DELITOS DE CORRUPCION DE FUNCIONARIOS,81,81,020101,ANCASH,HUARAZ,HUARAZ,15/06/2023
ENERO - DICIEMBRE,2020,08/01/2021,ANCASH,SUPERIOR,PENAL,PENAL,EXCLUSION FISCAL,DELITOS DE CORRUPCION DE FUNCIONARIOS,3,3,020101,ANCASH,HUARAZ,HUARAZ,15/06/2023
ENERO - DICIEMBRE,2020,08/01/2021,ANCASH,SUPERIOR,PENAL,PENAL,EXPEDIENTE,DELITOS DE CORRUPCION DE FUNCIONARIOS,15,12,020101,ANCASH,HUARAZ,HUARAZ,15/06/2023
ENERO - DICIEMBRE,2020,08/01/2021,ANCASH,SUPERIOR,PENAL,PENAL,INCIDENTE-EXPEDIENTE,DELITOS DE CORRUPCION DE FUNCIONARIOS,2,2,020101,ANCASH,HUARAZ,HUARAZ,15/06/2023
ENERO - DICIEMBRE,2020,08/01/2021,ANCASH,SUPERIOR,PENAL,PENAL,EXCLUSION FISCAL,,6,6,020101,ANCASH,HUARAZ,HUARAZ,15/06/2023
ENERO - DICIEMBRE,2020,08/01/2021,ANCASH,SUPERIOR,PENAL,PENAL,EXPEDIENTE,,34,34,020101,ANCASH,HUARAZ,HUARAZ,15/06/2023
ENERO - DICIEMBRE,2020,08/01/2021,ANCASH,SUPERIOR,PENAL,PENAL,INCIDENTE-EXPEDIENTE,,9,8,020101,ANCASH,HUARAZ,HUARAZ,15/06/2023
ENERO - DICIEMBRE,2020,08/01/2021,ANCASH,SUPERIOR,PENAL,PENAL,QUEJAS,,447,447,020101,ANCASH,HUARAZ,HUARAZ,15/06/2023
ENERO - DICIEMBRE,2020,08/01/2021,APURIMAC,PROVINCIAL,CIVIL,CIVIL,EXPEDIENTE,,23,21,030101,APURIMAC,ABANCAY,ABANCAY,15/06/2023
ENERO - DICIEMBRE,2020,08/01/2021,APURIMAC,PROVINCIAL,FAMILIA,ACTOS CONTRA LA LIBERTAD SEXUAL,DENUNCIA,,41,35,030101,APURIMAC,ABANCAY,ABANCAY,15/06/2023
ENERO - DICIEMBRE,2020,08/01/2021,APURIMAC,PROVINCIAL,FAMILIA,FAMILIA CIVIL,EXPEDIENTE,,130,110,030101,APURIMAC,ABANCAY,ABANCAY,15/06/2023
ENERO - DICIEMBRE,2020,08/01/2021,APURIMAC,PROVINCIAL,FAMILIA,FAMILIA PENAL,DENUNCIA,,298,249,030101,APURIMAC,ABANCAY,ABANCAY,15/06/2023
ENERO - DICIEMBRE,2020,08/01/2021,APURIMAC,PROVINCIAL,FAMILIA,FAMILIA PENAL,EXPEDIENTE,,92,84,030101,APURIMAC,ABANCAY,ABANCAY,15/06/2023
ENERO - DICIEMBRE,2020,08/01/2021,APURIMAC,PROVINCIAL,FAMILIA,FAMILIA TUTELAR,DENUNCIA,,597,484,030101,APURIMAC,ABANCAY,ABANCAY,15/06/2023
ENERO - DICIEMBRE,2020,08/01/2021,APURIMAC,PROVINCIAL,FAMILIA,FAMILIA TUTELAR,EXPEDIENTE,,62,52,030101,APURIMAC,ABANCAY,ABANCAY,15/06/2023
ENERO - DICIEMBRE,2020,08/01/2021,APURIMAC,PROVINCIAL,FAMILIA,VIOLENCIA FAMILIAR,DENUNCIA,,135,121,030101,APURIMAC,ABANCAY,ABANCAY,15/06/2023
ENERO - DICIEMBRE,2020,08/01/2021,APURIMAC,PROVINCIAL,FAMILIA,VIOLENCIA FAMILIAR,EXPEDIENTE,,4,4,030101,APURIMAC,ABANCAY,ABANCAY,15/06/2023
ENERO - DICIEMBRE,2020,08/01/2021,APURIMAC,PROVINCIAL,PENAL,PENAL,DENUNCIA,CRIMINALIDAD ORGANIZADA,32,24,030101,APURIMAC,ABANCAY,ABANCAY,15/06/2023
ENERO - DICIEMBRE,2020,08/01/2021,APURIMAC,PROVINCIAL,PENAL,PENAL,DENUNCIA,,5,5,030101,APURIMAC,ABANCAY,ABANCAY,15/06/2023
ENERO - DICIEMBRE,2020,08/01/2021,APURIMAC,PROVINCIAL,PENAL,PENAL,DENUNCIA,DELITOS DE CORRUPCION DE FUNCIONARIOS,294,263,030101,APURIMAC,ABANCAY,ABANCAY,15/06/2023
ENERO - DICIEMBRE,2020,08/01/2021,APURIMAC,PROVINCIAL,PENAL,PENAL,DENUNCIA,,11275,9732,030101,APURIMAC,ABANCAY,ABANCAY,15/06/2023
ENERO - DICIEMBRE,2020,08/01/2021,APURIMAC,PROVINCIAL,PENAL,PENAL,EXPEDIENTE,,18,16,030101,APURIMAC,ABANCAY,ABANCAY,15/06/2023
ENERO - DICIEMBRE,2020,08/01/2021,APURIMAC,PROVINCIAL,PENAL,PENAL,INVESTIGACION PREVENTIVA,,143,125,030101,APURIMAC,ABANCAY,ABANCAY,15/06/2023
ENERO - DICIEMBRE,2020,08/01/2021,APURIMAC,PROVINCIAL,PENAL,PENAL,DENUNCIA,DELITOS DE TRAFICO ILICITO DE DROGAS,32,31,030101,APURIMAC,ABANCAY,ABANCAY,15/06/2023
ENERO - DICIEMBRE,2020,08/01/2021,APURIMAC,PROVINCIAL,PENAL,PENAL,DENUNCIA,MATERIA AMBIENTAL,262,257,030101,APURIMAC,ABANCAY,ABANCAY,15/06/2023
ENERO - DICIEMBRE,2020,08/01/2021,APURIMAC,PROVINCIAL,PENAL,PENAL,INVESTIGACION PREVENTIVA,MATERIA AMBIENTAL,11,11,030101,APURIMAC,ABANCAY,ABANCAY,15/06/2023
ENERO - DICIEMBRE,2020,08/01/2021,APURIMAC,PROVINCIAL,PENAL,PENAL,INVESTIGACION PREVENTIVA,,318,317,030101,APURIMAC,ABANCAY,ABANCAY,15/06/2023
ENERO - DICIEMBRE,2020,08/01/2021,APURIMAC,PROVINCIAL,PENAL,PENAL,DENUNCIA,,32,29,030101,APURIMAC,ABANCAY,ABANCAY,15/06/2023
ENERO - DICIEMBRE,2020,08/01/2021,APURIMAC,SUPERIOR,CIVIL,CIVIL,EXPEDIENTE,,3,3,030101,APURIMAC,ABANCAY,ABANCAY,15/06/2023
ENERO - DICIEMBRE,2020,08/01/2021,APURIMAC,SUPERIOR,FAMILIA,FAMILIA CIVIL,EXPEDIENTE,,15,15,030101,APURIMAC,ABANCAY,ABANCAY,15/06/2023
ENERO - DICIEMBRE,2020,08/01/2021,APURIMAC,SUPERIOR,FAMILIA,FAMILIA CIVIL,INCIDENTE,,8,8,030101,APURIMAC,ABANCAY,ABANCAY,15/06/2023
ENERO - DICIEMBRE,2020,08/01/2021,APURIMAC,SUPERIOR,FAMILIA,FAMILIA PENAL,EXPEDIENTE,,19,19,030101,APURIMAC,ABANCAY,ABANCAY,15/06/2023
ENERO - DICIEMBRE,2020,08/01/2021,APURIMAC,SUPERIOR,FAMILIA,FAMILIA PENAL,INCIDENTE,,17,17,030101,APURIMAC,ABANCAY,ABANCAY,15/06/2023
ENERO - DICIEMBRE,2020,08/01/2021,APURIMAC,SUPERIOR,FAMILIA,FAMILIA TUTELAR,EXPEDIENTE,,3,3,030101,APURIMAC,ABANCAY,ABANCAY,15/06/2023
ENERO - DICIEMBRE,2020,08/01/2021,APURIMAC,SUPERIOR,FAMILIA,VIOLENCIA FAMILIAR,EXPEDIENTE,,16,16,030101,APURIMAC,ABANCAY,ABANCAY,15/06/2023
ENERO - DICIEMBRE,2020,08/01/2021,APURIMAC,SUPERIOR,FAMILIA,VIOLENCIA FAMILIAR,INCIDENTE,,6,6,030101,APURIMAC,ABANCAY,ABANCAY,15/06/2023
ENERO - DICIEMBRE,2020,08/01/2021,APURIMAC,SUPERIOR,PENAL,PENAL,APELACION DENUNCIA,DELITOS DE CORRUPCION DE FUNCIONARIOS,37,37,030101,APURIMAC,ABANCAY,ABANCAY,15/06/2023
ENERO - DICIEMBRE,2020,08/01/2021,APURIMAC,SUPERIOR,PENAL,PENAL,CONSULTAS,DELITOS DE CORRUPCION DE FUNCIONARIOS,16,16,030101,APURIMAC,ABANCAY,ABANCAY,15/06/2023
ENERO - DICIEMBRE,2020,08/01/2021,APURIMAC,SUPERIOR,PENAL,PENAL,QUEJAS,DELITOS DE CORRUPCION DE FUNCIONARIOS,30,30,030101,APURIMAC,ABANCAY,ABANCAY,15/06/2023
ENERO - DICIEMBRE,2020,08/01/2021,APURIMAC,SUPERIOR,PENAL,PENAL,APELACION DENUNCIA,,298,266,030101,APURIMAC,ABANCAY,ABANCAY,15/06/2023
ENERO - DICIEMBRE,2020,08/01/2021,APURIMAC,SUPERIOR,PENAL,PENAL,APELACION EXPEDIENTE,,1,1,030101,APURIMAC,ABANCAY,ABANCAY,15/06/2023
ENERO - DICIEMBRE,2020,08/01/2021,APURIMAC,SUPERIOR,PENAL,PENAL,CONSULTAS,,41,41,030101,APURIMAC,ABANCAY,ABANCAY,15/06/2023
ENERO - DICIEMBRE,2020,08/01/2021,APURIMAC,SUPERIOR,PENAL,PENAL,EXCLUSION FISCAL,,6,6,030101,APURIMAC,ABANCAY,ABANCAY,15/06/2023
ENERO - DICIEMBRE,2020,08/01/2021,APURIMAC,SUPERIOR,PENAL,PENAL,EXPEDIENTE,,32,26,030101,APURIMAC,ABANCAY,ABANCAY,15/06/2023
ENERO - DICIEMBRE,2020,08/01/2021,APURIMAC,SUPERIOR,PENAL,PENAL,INCIDENTE-EXPEDIENTE,,8,7,030101,APURIMAC,ABANCAY,ABANCAY,15/06/2023
ENERO - DICIEMBRE,2020,08/01/2021,APURIMAC,SUPERIOR,PENAL,PENAL,QUEJAS,,262,244,030101,APURIMAC,ABANCAY,ABANCAY,15/06/2023
ENERO - DICIEMBRE,2020,08/01/2021,AREQUIPA,PROVINCIAL,CIVIL,CIVIL,EXPEDIENTE,,14,14,040101,AREQUIPA,AREQUIPA,AREQUIPA,15/06/2023
ENERO - DICIEMBRE,2020,08/01/2021,AREQUIPA,PROVINCIAL,FAMILIA,ACTOS CONTRA LA LIBERTAD SEXUAL,DENUNCIA,,39,17,040101,AREQUIPA,AREQUIPA,AREQUIPA,15/06/2023
ENERO - DICIEMBRE,2020,08/01/2021,AREQUIPA,PROVINCIAL,FAMILIA,FAMILIA CIVIL,EXPEDIENTE,,711,672,040101,AREQUIPA,AREQUIPA,AREQUIPA,15/06/2023
ENERO - DICIEMBRE,2020,08/01/2021,AREQUIPA,PROVINCIAL,FAMILIA,FAMILIA PENAL,DENUNCIA,,428,362,040101,AREQUIPA,AREQUIPA,AREQUIPA,15/06/2023
ENERO - DICIEMBRE,2020,08/01/2021,AREQUIPA,PROVINCIAL,FAMILIA,FAMILIA PENAL,EXPEDIENTE,,78,72,040101,AREQUIPA,AREQUIPA,AREQUIPA,15/06/2023
ENERO - DICIEMBRE,2020,08/01/2021,AREQUIPA,PROVINCIAL,FAMILIA,FAMILIA TUTELAR,DENUNCIA,,236,196,040101,AREQUIPA,AREQUIPA,AREQUIPA,15/06/2023
ENERO - DICIEMBRE,2020,08/01/2021,AREQUIPA,PROVINCIAL,FAMILIA,FAMILIA TUTELAR,EXPEDIENTE,,127,123,040101,AREQUIPA,AREQUIPA,AREQUIPA,15/06/2023
ENERO - DICIEMBRE,2020,08/01/2021,AREQUIPA,PROVINCIAL,FAMILIA,VIOLENCIA FAMILIAR,DENUNCIA,,3,2,040101,AREQUIPA,AREQUIPA,AREQUIPA,15/06/2023
ENERO - DICIEMBRE,2020,08/01/2021,AREQUIPA,PROVINCIAL,FAMILIA,VIOLENCIA FAMILIAR,EXPEDIENTE,,1,1,040101,AREQUIPA,AREQUIPA,AREQUIPA,15/06/2023
ENERO - DICIEMBRE,2020,08/01/2021,AREQUIPA,PROVINCIAL,PENAL,PENAL,DENUNCIA,CRIMINALIDAD ORGANIZADA,54,50,040101,AREQUIPA,AREQUIPA,AREQUIPA,15/06/2023
ENERO - DICIEMBRE,2020,08/01/2021,AREQUIPA,PROVINCIAL,PENAL,PENAL,DENUNCIA,DELITOS DE CORRUPCION DE FUNCIONARIOS,457,239,040101,AREQUIPA,AREQUIPA,AREQUIPA,15/06/2023
ENERO - DICIEMBRE,2020,08/01/2021,AREQUIPA,PROVINCIAL,PENAL,PENAL,DENUNCIA,LAVADO DE ACTIVOS Y PERDIDA DE DOMINIO,51,40,040101,AREQUIPA,AREQUIPA,AREQUIPA,15/06/2023
ENERO - DICIEMBRE,2020,08/01/2021,AREQUIPA,PROVINCIAL,PENAL,PENAL,DENUNCIA,,25201,17855,040101,AREQUIPA,AREQUIPA,AREQUIPA,15/06/2023
ENERO - DICIEMBRE,2020,08/01/2021,AREQUIPA,PROVINCIAL,PENAL,PENAL,EXPEDIENTE,,19,9,040101,AREQUIPA,AREQUIPA,AREQUIPA,15/06/2023
ENERO - DICIEMBRE,2020,08/01/2021,AREQUIPA,PROVINCIAL,PENAL,PENAL,DENUNCIA,VIOLENCIA CONTRA LA MUJER Y LOS INTEGRANTES DEL GRUPO FAMILIAR,9580,2728,040101,AREQUIPA,AREQUIPA,AREQUIPA,15/06/2023
ENERO - DICIEMBRE,2020,08/01/2021,AREQUIPA,PROVINCIAL,PENAL,PENAL,DENUNCIA,MATERIA AMBIENTAL,142,135,040101,AREQUIPA,AREQUIPA,AREQUIPA,15/06/2023
ENERO - DICIEMBRE,2020,08/01/2021,AREQUIPA,PROVINCIAL,PENAL,PENAL,INVESTIGACION PREVENTIVA,MATERIA AMBIENTAL,50,50,040101,AREQUIPA,AREQUIPA,AREQUIPA,15/06/2023
ENERO - DICIEMBRE,2020,08/01/2021,AREQUIPA,PROVINCIAL,PENAL,PENAL,INVESTIGACION PREVENTIVA,,359,359,040101,AREQUIPA,AREQUIPA,AREQUIPA,15/06/2023
ENERO - DICIEMBRE,2020,08/01/2021,AREQUIPA,SUPERIOR,CIVIL,CIVIL,EXPEDIENTE,,18,14,040101,AREQUIPA,AREQUIPA,AREQUIPA,15/06/2023
ENERO - DICIEMBRE,2020,08/01/2021,AREQUIPA,SUPERIOR,FAMILIA,FAMILIA CIVIL,EXPEDIENTE,,111,107,040101,AREQUIPA,AREQUIPA,AREQUIPA,15/06/2023
ENERO - DICIEMBRE,2020,08/01/2021,AREQUIPA,SUPERIOR,FAMILIA,FAMILIA CIVIL,INCIDENTE,,3,3,040101,AREQUIPA,AREQUIPA,AREQUIPA,15/06/2023
ENERO - DICIEMBRE,2020,08/01/2021,AREQUIPA,SUPERIOR,FAMILIA,FAMILIA PENAL,EXPEDIENTE,,25,25,040101,AREQUIPA,AREQUIPA,AREQUIPA,15/06/2023
ENERO - DICIEMBRE,2020,08/01/2021,AREQUIPA,SUPERIOR,FAMILIA,FAMILIA TUTELAR,EXPEDIENTE,,8,8,040101,AREQUIPA,AREQUIPA,AREQUIPA,15/06/2023
ENERO - DICIEMBRE,2020,08/01/2021,AREQUIPA,SUPERIOR,FAMILIA,VIOLENCIA FAMILIAR,EXPEDIENTE,,16,14,040101,AREQUIPA,AREQUIPA,AREQUIPA,15/06/2023
ENERO - DICIEMBRE,2020,08/01/2021,AREQUIPA,SUPERIOR,FAMILIA,VIOLENCIA FAMILIAR,INCIDENTE,,510,509,040101,AREQUIPA,AREQUIPA,AREQUIPA,15/06/2023
ENERO - DICIEMBRE,2020,08/01/2021,AREQUIPA,SUPERIOR,PENAL,PENAL,APELACION DENUNCIA,,875,871,040101,AREQUIPA,AREQUIPA,AREQUIPA,15/06/2023
ENERO - DICIEMBRE,2020,08/01/2021,AREQUIPA,SUPERIOR,PENAL,PENAL,CONSULTAS,,105,103,040101,AREQUIPA,AREQUIPA,AREQUIPA,15/06/2023
ENERO - DICIEMBRE,2020,08/01/2021,AREQUIPA,SUPERIOR,PENAL,PENAL,EXCLUSION FISCAL,,24,24,040101,AREQUIPA,AREQUIPA,AREQUIPA,15/06/2023
ENERO - DICIEMBRE,2020,08/01/2021,AREQUIPA,SUPERIOR,PENAL,PENAL,EXPEDIENTE,,31,29,040101,AREQUIPA,AREQUIPA,AREQUIPA,15/06/2023
ENERO - DICIEMBRE,2020,08/01/2021,AREQUIPA,SUPERIOR,PENAL,PENAL,INCIDENTE-EXPEDIENTE,,3,3,040101,AREQUIPA,AREQUIPA,AREQUIPA,15/06/2023
ENERO - DICIEMBRE,2020,08/01/2021,AREQUIPA,SUPERIOR,PENAL,PENAL,QUEJAS,,784,780,040101,AREQUIPA,AREQUIPA,AREQUIPA,15/06/2023
ENERO - DICIEMBRE,2020,08/01/2021,AYACUCHO,PROVINCIAL,CIVIL,CIVIL,EXPEDIENTE,,19,4,050110,AYACUCHO,HUAMANGA,SAN JUAN BAUTISTA,15/06/2023
ENERO - DICIEMBRE,2020,08/01/2021,AYACUCHO,PROVINCIAL,FAMILIA,ACTOS CONTRA LA LIBERTAD SEXUAL,DENUNCIA,,48,38,050110,AYACUCHO,HUAMANGA,SAN JUAN BAUTISTA,15/06/2023
ENERO - DICIEMBRE,2020,08/01/2021,AYACUCHO,PROVINCIAL,FAMILIA,FAMILIA CIVIL,EXPEDIENTE,,94,87,050110,AYACUCHO,HUAMANGA,SAN JUAN BAUTISTA,15/06/2023
ENERO - DICIEMBRE,2020,08/01/2021,AYACUCHO,PROVINCIAL,FAMILIA,FAMILIA PENAL,DENUNCIA,,260,190,050110,AYACUCHO,HUAMANGA,SAN JUAN BAUTISTA,15/06/2023
ENERO - DICIEMBRE,2020,08/01/2021,AYACUCHO,PROVINCIAL,FAMILIA,FAMILIA PENAL,EXPEDIENTE,,49,45,050110,AYACUCHO,HUAMANGA,SAN JUAN BAUTISTA,15/06/2023
ENERO - DICIEMBRE,2020,08/01/2021,AYACUCHO,PROVINCIAL,FAMILIA,FAMILIA TUTELAR,DENUNCIA,,148,97,050110,AYACUCHO,HUAMANGA,SAN JUAN BAUTISTA,15/06/2023
ENERO - DICIEMBRE,2020,08/01/2021,AYACUCHO,PROVINCIAL,FAMILIA,FAMILIA TUTELAR,EXPEDIENTE,,13,11,050110,AYACUCHO,HUAMANGA,SAN JUAN BAUTISTA,15/06/2023
ENERO - DICIEMBRE,2020,08/01/2021,AYACUCHO,PROVINCIAL,FAMILIA,VIOLENCIA FAMILIAR,DENUNCIA,,46,35,050110,AYACUCHO,HUAMANGA,SAN JUAN BAUTISTA,15/06/2023
ENERO - DICIEMBRE,2020,08/01/2021,AYACUCHO,PROVINCIAL,FAMILIA,VIOLENCIA FAMILIAR,EXPEDIENTE,,1,1,050110,AYACUCHO,HUAMANGA,SAN JUAN BAUTISTA,15/06/2023
ENERO - DICIEMBRE,2020,08/01/2021,AYACUCHO,PROVINCIAL,PENAL,PENAL,DENUNCIA,CRIMINALIDAD ORGANIZADA,60,56,050110,AYACUCHO,HUAMANGA,SAN JUAN BAUTISTA,15/06/2023
ENERO - DICIEMBRE,2020,08/01/2021,AYACUCHO,PROVINCIAL,PENAL,PENAL,DENUNCIA,,33,32,050110,AYACUCHO,HUAMANGA,SAN JUAN BAUTISTA,15/06/2023
ENERO - DICIEMBRE,2020,08/01/2021,AYACUCHO,PROVINCIAL,PENAL,PENAL,INVESTIGACION PREVENTIVA,,315,312,050110,AYACUCHO,HUAMANGA,SAN JUAN BAUTISTA,15/06/2023
ENERO - DICIEMBRE,2020,08/01/2021,AYACUCHO,PROVINCIAL,PENAL,PENAL,DENUNCIA,DELITOS DE CORRUPCION DE FUNCIONARIOS,875,789,050110,AYACUCHO,HUAMANGA,SAN JUAN BAUTISTA,15/06/2023
ENERO - DICIEMBRE,2020,08/01/2021,AYACUCHO,PROVINCIAL,PENAL,PENAL,INVESTIGACION PREVENTIVA,MATERIA AMBIENTAL,35,32,050110,AYACUCHO,HUAMANGA,SAN JUAN BAUTISTA,15/06/2023
ENERO - DICIEMBRE,2020,08/01/2021,AYACUCHO,PROVINCIAL,PENAL,PENAL,DENUNCIA,MATERIA AMBIENTAL,169,160,050110,AYACUCHO,HUAMANGA,SAN JUAN BAUTISTA,15/06/2023
ENERO - DICIEMBRE,2020,08/01/2021,AYACUCHO,PROVINCIAL,PENAL,PENAL,DENUNCIA,,11103,8998,050110,AYACUCHO,HUAMANGA,SAN JUAN BAUTISTA,15/06/2023
ENERO - DICIEMBRE,2020,08/01/2021,AYACUCHO,PROVINCIAL,PENAL,PENAL,EXPEDIENTE,,5,4,050110,AYACUCHO,HUAMANGA,SAN JUAN BAUTISTA,15/06/2023
ENERO - DICIEMBRE,2020,08/01/2021,AYACUCHO,PROVINCIAL,PENAL,PENAL,INVESTIGACION PREVENTIVA,,67,43,050110,AYACUCHO,HUAMANGA,SAN JUAN BAUTISTA,15/06/2023
ENERO - DICIEMBRE,2020,08/01/2021,AYACUCHO,PROVINCIAL,PENAL,PENAL,DENUNCIA,DELITOS DE TRAFICO ILICITO DE DROGAS,221,214,050110,AYACUCHO,HUAMANGA,SAN JUAN BAUTISTA,15/06/2023
ENERO - DICIEMBRE,2020,08/01/2021,AYACUCHO,PROVINCIAL,PENAL,PENAL,DENUNCIA,,9,9,050110,AYACUCHO,HUAMANGA,SAN JUAN BAUTISTA,15/06/2023
ENERO - DICIEMBRE,2020,08/01/2021,AYACUCHO,SUPERIOR,CIVIL,CIVIL,EXPEDIENTE,,1,0,050110,AYACUCHO,HUAMANGA,SAN JUAN BAUTISTA,15/06/2023
ENERO - DICIEMBRE,2020,08/01/2021,AYACUCHO,SUPERIOR,FAMILIA,FAMILIA CIVIL,EXPEDIENTE,,12,12,050110,AYACUCHO,HUAMANGA,SAN JUAN BAUTISTA,15/06/2023
ENERO - DICIEMBRE,2020,08/01/2021,AYACUCHO,SUPERIOR,FAMILIA,FAMILIA PENAL,EXPEDIENTE,,12,11,050110,AYACUCHO,HUAMANGA,SAN JUAN BAUTISTA,15/06/2023
ENERO - DICIEMBRE,2020,08/01/2021,AYACUCHO,SUPERIOR,FAMILIA,FAMILIA TUTELAR,EXPEDIENTE,,6,6,050110,AYACUCHO,HUAMANGA,SAN JUAN BAUTISTA,15/06/2023
ENERO - DICIEMBRE,2020,08/01/2021,AYACUCHO,SUPERIOR,FAMILIA,VIOLENCIA FAMILIAR,EXPEDIENTE,,21,21,050110,AYACUCHO,HUAMANGA,SAN JUAN BAUTISTA,15/06/2023
ENERO - DICIEMBRE,2020,08/01/2021,AYACUCHO,SUPERIOR,PENAL,PENAL,APELACION DENUNCIA,DELITOS DE CORRUPCION DE FUNCIONARIOS,34,34,050110,AYACUCHO,HUAMANGA,SAN JUAN BAUTISTA,15/06/2023
ENERO - DICIEMBRE,2020,08/01/2021,AYACUCHO,SUPERIOR,PENAL,PENAL,CONSULTAS,DELITOS DE CORRUPCION DE FUNCIONARIOS,14,12,050110,AYACUCHO,HUAMANGA,SAN JUAN BAUTISTA,15/06/2023
ENERO - DICIEMBRE,2020,08/01/2021,AYACUCHO,SUPERIOR,PENAL,PENAL,QUEJAS,DELITOS DE CORRUPCION DE FUNCIONARIOS,30,30,050110,AYACUCHO,HUAMANGA,SAN JUAN BAUTISTA,15/06/2023
ENERO - DICIEMBRE,2020,08/01/2021,AYACUCHO,SUPERIOR,PENAL,PENAL,APELACION DENUNCIA,,355,328,050110,AYACUCHO,HUAMANGA,SAN JUAN BAUTISTA,15/06/2023
ENERO - DICIEMBRE,2020,08/01/2021,AYACUCHO,SUPERIOR,PENAL,PENAL,CONSULTAS,,88,87,050110,AYACUCHO,HUAMANGA,SAN JUAN BAUTISTA,15/06/2023
ENERO - DICIEMBRE,2020,08/01/2021,AYACUCHO,SUPERIOR,PENAL,PENAL,EXCLUSION FISCAL,,7,7,050110,AYACUCHO,HUAMANGA,SAN JUAN BAUTISTA,15/06/2023
ENERO - DICIEMBRE,2020,08/01/2021,AYACUCHO,SUPERIOR,PENAL,PENAL,EXPEDIENTE,,62,54,050110,AYACUCHO,HUAMANGA,SAN JUAN BAUTISTA,15/06/2023
ENERO - DICIEMBRE,2020,08/01/2021,AYACUCHO,SUPERIOR,PENAL,PENAL,INCIDENTE-EXPEDIENTE,,3,3,050110,AYACUCHO,HUAMANGA,SAN JUAN BAUTISTA,15/06/2023
ENERO - DICIEMBRE,2020,08/01/2021,AYACUCHO,SUPERIOR,PENAL,PENAL,QUEJAS,,273,272,050110,AYACUCHO,HUAMANGA,SAN JUAN BAUTISTA,15/06/2023
ENERO - DICIEMBRE,2020,08/01/2021,CAJAMARCA,PROVINCIAL,CIVIL,CIVIL,EXPEDIENTE,,70,63,060101,CAJAMARCA,CAJAMARCA,CAJAMARCA,15/06/2023
ENERO - DICIEMBRE,2020,08/01/2021,CAJAMARCA,PROVINCIAL,FAMILIA,ACTOS CONTRA LA LIBERTAD SEXUAL,DENUNCIA,,53,45,060101,CAJAMARCA,CAJAMARCA,CAJAMARCA,15/06/2023
ENERO - DICIEMBRE,2020,08/01/2021,CAJAMARCA,PROVINCIAL,FAMILIA,FAMILIA CIVIL,EXPEDIENTE,,345,325,060101,CAJAMARCA,CAJAMARCA,CAJAMARCA,15/06/2023
ENERO - DICIEMBRE,2020,08/01/2021,CAJAMARCA,PROVINCIAL,FAMILIA,FAMILIA PENAL,DENUNCIA,,447,423,060101,CAJAMARCA,CAJAMARCA,CAJAMARCA,15/06/2023
ENERO - DICIEMBRE,2020,08/01/2021,CAJAMARCA,PROVINCIAL,FAMILIA,FAMILIA PENAL,EXPEDIENTE,,42,41,060101,CAJAMARCA,CAJAMARCA,CAJAMARCA,15/06/2023
ENERO - DICIEMBRE,2020,08/01/2021,CAJAMARCA,PROVINCIAL,FAMILIA,FAMILIA TUTELAR,DENUNCIA,,519,489,060101,CAJAMARCA,CAJAMARCA,CAJAMARCA,15/06/2023
ENERO - DICIEMBRE,2020,08/01/2021,CAJAMARCA,PROVINCIAL,FAMILIA,FAMILIA TUTELAR,EXPEDIENTE,,40,39,060101,CAJAMARCA,CAJAMARCA,CAJAMARCA,15/06/2023
ENERO - DICIEMBRE,2020,08/01/2021,CAJAMARCA,PROVINCIAL,FAMILIA,VIOLENCIA FAMILIAR,DENUNCIA,,107,100,060101,CAJAMARCA,CAJAMARCA,CAJAMARCA,15/06/2023
ENERO - DICIEMBRE,2020,08/01/2021,CAJAMARCA,PROVINCIAL,FAMILIA,VIOLENCIA FAMILIAR,EXPEDIENTE,,14,14,060101,CAJAMARCA,CAJAMARCA,CAJAMARCA,15/06/2023
ENERO - DICIEMBRE,2020,08/01/2021,CAJAMARCA,PROVINCIAL,PENAL,PENAL,DENUNCIA,CRIMINALIDAD ORGANIZADA,15,15,060101,CAJAMARCA,CAJAMARCA,CAJAMARCA,15/06/2023
ENERO - DICIEMBRE,2020,08/01/2021,CAJAMARCA,PROVINCIAL,PENAL,PENAL,INVESTIGACION PREVENTIVA,,497,496,060101,CAJAMARCA,CAJAMARCA,CAJAMARCA,15/06/2023
ENERO - DICIEMBRE,2020,08/01/2021,CAJAMARCA,PROVINCIAL,PENAL,PENAL,DENUNCIA,DELITOS DE CORRUPCION DE FUNCIONARIOS,284,271,060101,CAJAMARCA,CAJAMARCA,CAJAMARCA,15/06/2023
ENERO - DICIEMBRE,2020,08/01/2021,CAJAMARCA,PROVINCIAL,PENAL,PENAL,DENUNCIA,,16395,14130,060101,CAJAMARCA,CAJAMARCA,CAJAMARCA,15/06/2023
ENERO - DICIEMBRE,2020,08/01/2021,CAJAMARCA,PROVINCIAL,PENAL,PENAL,INVESTIGACION PREVENTIVA,,343,333,060101,CAJAMARCA,CAJAMARCA,CAJAMARCA,15/06/2023
ENERO - DICIEMBRE,2020,08/01/2021,CAJAMARCA,PROVINCIAL,PENAL,PENAL,DENUNCIA,MATERIA AMBIENTAL,75,72,060101,CAJAMARCA,CAJAMARCA,CAJAMARCA,15/06/2023
ENERO - DICIEMBRE,2020,08/01/2021,CAJAMARCA,PROVINCIAL,PENAL,PENAL,INVESTIGACION PREVENTIVA,MATERIA AMBIENTAL,161,154,060101,CAJAMARCA,CAJAMARCA,CAJAMARCA,15/06/2023
ENERO - DICIEMBRE,2020,08/01/2021,CAJAMARCA,SUPERIOR,CIVIL,CIVIL,EXPEDIENTE,,3,3,060101,CAJAMARCA,CAJAMARCA,CAJAMARCA,15/06/2023
ENERO - DICIEMBRE,2020,08/01/2021,CAJAMARCA,SUPERIOR,FAMILIA,FAMILIA CIVIL,EXPEDIENTE,,2,2,060101,CAJAMARCA,CAJAMARCA,CAJAMARCA,15/06/2023
ENERO - DICIEMBRE,2020,08/01/2021,CAJAMARCA,SUPERIOR,FAMILIA,FAMILIA PENAL,EXPEDIENTE,,9,9,060101,CAJAMARCA,CAJAMARCA,CAJAMARCA,15/06/2023
ENERO - DICIEMBRE,2020,08/01/2021,CAJAMARCA,SUPERIOR,FAMILIA,FAMILIA TUTELAR,EXPEDIENTE,,4,4,060101,CAJAMARCA,CAJAMARCA,CAJAMARCA,15/06/2023
ENERO - DICIEMBRE,2020,08/01/2021,CAJAMARCA,SUPERIOR,FAMILIA,VIOLENCIA FAMILIAR,EXPEDIENTE,,40,39,060101,CAJAMARCA,CAJAMARCA,CAJAMARCA,15/06/2023
ENERO - DICIEMBRE,2020,08/01/2021,CAJAMARCA,SUPERIOR,FAMILIA,VIOLENCIA FAMILIAR,INCIDENTE,,11,11,060101,CAJAMARCA,CAJAMARCA,CAJAMARCA,15/06/2023
ENERO - DICIEMBRE,2020,08/01/2021,CAJAMARCA,SUPERIOR,PENAL,PENAL,APELACION DENUNCIA,,365,365,060101,CAJAMARCA,CAJAMARCA,CAJAMARCA,15/06/2023
ENERO - DICIEMBRE,2020,08/01/2021,CAJAMARCA,SUPERIOR,PENAL,PENAL,APELACION EXPEDIENTE,,64,64,060101,CAJAMARCA,CAJAMARCA,CAJAMARCA,15/06/2023
ENERO - DICIEMBRE,2020,08/01/2021,CAJAMARCA,SUPERIOR,PENAL,PENAL,CONSULTAS,,126,123,060101,CAJAMARCA,CAJAMARCA,CAJAMARCA,15/06/2023
ENERO - DICIEMBRE,2020,08/01/2021,CAJAMARCA,SUPERIOR,PENAL,PENAL,EXCLUSION FISCAL,,5,5,060101,CAJAMARCA,CAJAMARCA,CAJAMARCA,15/06/2023
ENERO - DICIEMBRE,2020,08/01/2021,CAJAMARCA,SUPERIOR,PENAL,PENAL,EXPEDIENTE,,23,23,060101,CAJAMARCA,CAJAMARCA,CAJAMARCA,15/06/2023
ENERO - DICIEMBRE,2020,08/01/2021,CAJAMARCA,SUPERIOR,PENAL,PENAL,INCIDENTE-EXPEDIENTE,,1,0,060101,CAJAMARCA,CAJAMARCA,CAJAMARCA,15/06/2023
ENERO - DICIEMBRE,2020,08/01/2021,CAJAMARCA,SUPERIOR,PENAL,PENAL,QUEJAS,,498,491,060101,CAJAMARCA,CAJAMARCA,CAJAMARCA,15/06/2023
ENERO - DICIEMBRE,2020,08/01/2021,CALLAO,PROVINCIAL,CIVIL,CIVIL,EXPEDIENTE,,2,2,070101,CALLAO,CALLAO,CALLAO,15/06/2023
ENERO - DICIEMBRE,2020,08/01/2021,CALLAO,PROVINCIAL,FAMILIA,ACTOS CONTRA LA LIBERTAD SEXUAL,DENUNCIA,,30,29,070101,CALLAO,CALLAO,CALLAO,15/06/2023
ENERO - DICIEMBRE,2020,08/01/2021,CALLAO,PROVINCIAL,FAMILIA,FAMILIA CIVIL,EXPEDIENTE,,322,307,070101,CALLAO,CALLAO,CALLAO,15/06/2023
ENERO - DICIEMBRE,2020,08/01/2021,CALLAO,PROVINCIAL,FAMILIA,FAMILIA PENAL,DENUNCIA,,368,346,070101,CALLAO,CALLAO,CALLAO,15/06/2023
ENERO - DICIEMBRE,2020,08/01/2021,CALLAO,PROVINCIAL,FAMILIA,FAMILIA PENAL,EXPEDIENTE,,169,160,070101,CALLAO,CALLAO,CALLAO,15/06/2023
ENERO - DICIEMBRE,2020,08/01/2021,CALLAO,PROVINCIAL,FAMILIA,FAMILIA TUTELAR,DENUNCIA,,51,43,070101,CALLAO,CALLAO,CALLAO,15/06/2023
ENERO - DICIEMBRE,2020,08/01/2021,CALLAO,PROVINCIAL,FAMILIA,FAMILIA TUTELAR,EXPEDIENTE,,4,4,070101,CALLAO,CALLAO,CALLAO,15/06/2023
ENERO - DICIEMBRE,2020,08/01/2021,CALLAO,PROVINCIAL,FAMILIA,VIOLENCIA FAMILIAR,DENUNCIA,,25,24,070101,CALLAO,CALLAO,CALLAO,15/06/2023
ENERO - DICIEMBRE,2020,08/01/2021,CALLAO,PROVINCIAL,FAMILIA,VIOLENCIA FAMILIAR,EXPEDIENTE,,4,4,070101,CALLAO,CALLAO,CALLAO,15/06/2023
ENERO - DICIEMBRE,2020,08/01/2021,CALLAO,PROVINCIAL,PENAL,PENAL,DENUNCIA,CRIMINALIDAD ORGANIZADA,17,16,070101,CALLAO,CALLAO,CALLAO,15/06/2023
ENERO - DICIEMBRE,2020,08/01/2021,CALLAO,PROVINCIAL,PENAL,PENAL,DENUNCIA,DELITOS DE CORRUPCION DE FUNCIONARIOS,143,140,070101,CALLAO,CALLAO,CALLAO,15/06/2023
ENERO - DICIEMBRE,2020,08/01/2021,CALLAO,PROVINCIAL,PENAL,PENAL,DENUNCIA,MATERIA AMBIENTAL,66,66,070101,CALLAO,CALLAO,CALLAO,15/06/2023
ENERO - DICIEMBRE,2020,08/01/2021,CALLAO,PROVINCIAL,PENAL,PENAL,DENUNCIA,TRANSITO Y SEGURIDAD VIAL,1107,1105,070101,CALLAO,CALLAO,CALLAO,15/06/2023
ENERO - DICIEMBRE,2020,08/01/2021,CALLAO,PROVINCIAL,PENAL,PENAL,DENUNCIA,DELITOS DE TRAFICO ILICITO DE DROGAS,227,219,070101,CALLAO,CALLAO,CALLAO,15/06/2023
ENERO - DICIEMBRE,2020,08/01/2021,CALLAO,PROVINCIAL,PENAL,PENAL,DENUNCIA,LAVADO DE ACTIVOS Y PERDIDA DE DOMINIO,26,21,070101,CALLAO,CALLAO,CALLAO,15/06/2023
ENERO - DICIEMBRE,2020,08/01/2021,CALLAO,PROVINCIAL,PENAL,PENAL,DENUNCIA,DELITOS ADUANEROS Y CONTRA LA PROPIEDAD INTELECTUAL,128,121,070101,CALLAO,CALLAO,CALLAO,15/06/2023
ENERO - DICIEMBRE,2020,08/01/2021,CALLAO,PROVINCIAL,PENAL,PENAL,DENUNCIA,DELITOS DE TRATA DE PERSONAS,28,27,070101,CALLAO,CALLAO,CALLAO,15/06/2023
ENERO - DICIEMBRE,2020,08/01/2021,CALLAO,PROVINCIAL,PENAL,PENAL,DENUNCIA,,9126,8483,070101,CALLAO,CALLAO,CALLAO,15/06/2023
ENERO - DICIEMBRE,2020,08/01/2021,CALLAO,PROVINCIAL,PENAL,PENAL,EXPEDIENTE,,184,133,070101,CALLAO,CALLAO,CALLAO,15/06/2023
ENERO - DICIEMBRE,2020,08/01/2021,CALLAO,PROVINCIAL,PENAL,PENAL,EXPEDIENTE,TRANSITO Y SEGURIDAD VIAL,1,1,070101,CALLAO,CALLAO,CALLAO,15/06/2023
ENERO - DICIEMBRE,2020,08/01/2021,CALLAO,PROVINCIAL,PENAL,PENAL,INVESTIGACION PREVENTIVA,,1214,1214,070101,CALLAO,CALLAO,CALLAO,15/06/2023
ENERO - DICIEMBRE,2020,08/01/2021,CALLAO,PROVINCIAL,PENAL,PENAL,DENUNCIA,VIOLENCIA CONTRA LA MUJER Y LOS INTEGRANTES DEL GRUPO FAMILIAR,8296,6004,070101,CALLAO,CALLAO,CALLAO,15/06/2023
ENERO - DICIEMBRE,2020,08/01/2021,CALLAO,PROVINCIAL,PENAL,PENAL,EXPEDIENTE,DELITOS ADUANEROS Y CONTRA LA PROPIEDAD INTELECTUAL,27,27,070101,CALLAO,CALLAO,CALLAO,15/06/2023
ENERO - DICIEMBRE,2020,08/01/2021,CALLAO,PROVINCIAL,PENAL,PENAL,INVESTIGACION PREVENTIVA,MATERIA AMBIENTAL,17,17,070101,CALLAO,CALLAO,CALLAO,15/06/2023
ENERO - DICIEMBRE,2020,08/01/2021,CALLAO,PROVINCIAL,PENAL,PENAL,EXPEDIENTE,DELITOS DE TRAFICO ILICITO DE DROGAS,4,2,070101,CALLAO,CALLAO,CALLAO,15/06/2023
ENERO - DICIEMBRE,2020,08/01/2021,CALLAO,PROVINCIAL,PENAL,PENAL,INVESTIGACION PREVENTIVA,DELITOS DE TRAFICO ILICITO DE DROGAS,4,4,070101,CALLAO,CALLAO,CALLAO,15/06/2023
ENERO - DICIEMBRE,2020,08/01/2021,CALLAO,PROVINCIAL,PENAL,PENAL,EXPEDIENTE,LAVADO DE ACTIVOS Y PERDIDA DE DOMINIO,1,1,070101,CALLAO,CALLAO,CALLAO,15/06/2023
ENERO - DICIEMBRE,2020,08/01/2021,CALLAO,PROVINCIAL,PENAL,PENAL,INVESTIGACION PREVENTIVA,DELITOS ADUANEROS Y CONTRA LA PROPIEDAD INTELECTUAL,45,39,070101,CALLAO,CALLAO,CALLAO,15/06/2023
ENERO - DICIEMBRE,2020,08/01/2021,CALLAO,SUPERIOR,CIVIL,CIVIL,EXPEDIENTE,,2,1,070101,CALLAO,CALLAO,CALLAO,15/06/2023
ENERO - DICIEMBRE,2020,08/01/2021,CALLAO,SUPERIOR,FAMILIA,FAMILIA CIVIL,EXPEDIENTE,,16,16,070101,CALLAO,CALLAO,CALLAO,15/06/2023
ENERO - DICIEMBRE,2020,08/01/2021,CALLAO,SUPERIOR,FAMILIA,FAMILIA PENAL,EXPEDIENTE,,15,15,070101,CALLAO,CALLAO,CALLAO,15/06/2023
ENERO - DICIEMBRE,2020,08/01/2021,CALLAO,SUPERIOR,FAMILIA,VIOLENCIA FAMILIAR,EXPEDIENTE,,84,70,070101,CALLAO,CALLAO,CALLAO,15/06/2023
ENERO - DICIEMBRE,2020,08/01/2021,CALLAO,SUPERIOR,FAMILIA,VIOLENCIA FAMILIAR,INCIDENTE,,9,9,070101,CALLAO,CALLAO,CALLAO,15/06/2023
ENERO - DICIEMBRE,2020,08/01/2021,CALLAO,SUPERIOR,PENAL,PENAL,APELACION DENUNCIA,DELITOS DE CORRUPCION DE FUNCIONARIOS,69,69,070101,CALLAO,CALLAO,CALLAO,15/06/2023
ENERO - DICIEMBRE,2020,08/01/2021,CALLAO,SUPERIOR,PENAL,PENAL,CONSULTAS,DELITOS DE CORRUPCION DE FUNCIONARIOS,3,3,070101,CALLAO,CALLAO,CALLAO,15/06/2023
ENERO - DICIEMBRE,2020,08/01/2021,CALLAO,SUPERIOR,PENAL,PENAL,EXCLUSION FISCAL,DELITOS DE CORRUPCION DE FUNCIONARIOS,4,4,070101,CALLAO,CALLAO,CALLAO,15/06/2023
ENERO - DICIEMBRE,2020,08/01/2021,CALLAO,SUPERIOR,PENAL,PENAL,QUEJAS,DELITOS DE CORRUPCION DE FUNCIONARIOS,12,12,070101,CALLAO,CALLAO,CALLAO,15/06/2023
ENERO - DICIEMBRE,2020,08/01/2021,CALLAO,SUPERIOR,PENAL,PENAL,APELACION DENUNCIA,,202,202,070101,CALLAO,CALLAO,CALLAO,15/06/2023
ENERO - DICIEMBRE,2020,08/01/2021,CALLAO,SUPERIOR,PENAL,PENAL,APELACION EXPEDIENTE,,158,157,070101,CALLAO,CALLAO,CALLAO,15/06/2023
ENERO - DICIEMBRE,2020,08/01/2021,CALLAO,SUPERIOR,PENAL,PENAL,CONSULTAS,,65,65,070101,CALLAO,CALLAO,CALLAO,15/06/2023
ENERO - DICIEMBRE,2020,08/01/2021,CALLAO,SUPERIOR,PENAL,PENAL,EXCLUSION FISCAL,,3,3,070101,CALLAO,CALLAO,CALLAO,15/06/2023
ENERO - DICIEMBRE,2020,08/01/2021,CALLAO,SUPERIOR,PENAL,PENAL,EXPEDIENTE,,74,65,070101,CALLAO,CALLAO,CALLAO,15/06/2023
ENERO - DICIEMBRE,2020,08/01/2021,CALLAO,SUPERIOR,PENAL,PENAL,INCIDENTE-EXPEDIENTE,,12,11,070101,CALLAO,CALLAO,CALLAO,15/06/2023
ENERO - DICIEMBRE,2020,08/01/2021,CALLAO,SUPERIOR,PENAL,PENAL,QUEJAS,,522,481,070101,CALLAO,CALLAO,CALLAO,15/06/2023
ENERO - DICIEMBRE,2020,08/01/2021,CAÑETE,PROVINCIAL,CIVIL,CIVIL,EXPEDIENTE,,9,9,150501,LIMA,CAÑETE,SAN VICENTE DE CAÑETE,15/06/2023
ENERO - DICIEMBRE,2020,08/01/2021,CAÑETE,PROVINCIAL,FAMILIA,FAMILIA CIVIL,EXPEDIENTE,,124,114,150501,LIMA,CAÑETE,SAN VICENTE DE CAÑETE,15/06/2023
ENERO - DICIEMBRE,2020,08/01/2021,CAÑETE,PROVINCIAL,FAMILIA,FAMILIA PENAL,DENUNCIA,,134,111,150501,LIMA,CAÑETE,SAN VICENTE DE CAÑETE,15/06/2023
ENERO - DICIEMBRE,2020,08/01/2021,CAÑETE,PROVINCIAL,FAMILIA,FAMILIA PENAL,EXPEDIENTE,,71,67,150501,LIMA,CAÑETE,SAN VICENTE DE CAÑETE,15/06/2023
ENERO - DICIEMBRE,2020,08/01/2021,CAÑETE,PROVINCIAL,FAMILIA,FAMILIA TUTELAR,DENUNCIA,,150,144,150501,LIMA,CAÑETE,SAN VICENTE DE CAÑETE,15/06/2023
ENERO - DICIEMBRE,2020,08/01/2021,CAÑETE,PROVINCIAL,FAMILIA,FAMILIA TUTELAR,EXPEDIENTE,,44,44,150501,LIMA,CAÑETE,SAN VICENTE DE CAÑETE,15/06/2023
ENERO - DICIEMBRE,2020,08/01/2021,CAÑETE,PROVINCIAL,FAMILIA,VIOLENCIA FAMILIAR,DENUNCIA,,36,31,150501,LIMA,CAÑETE,SAN VICENTE DE CAÑETE,15/06/2023
ENERO - DICIEMBRE,2020,08/01/2021,CAÑETE,PROVINCIAL,PENAL,PENAL,INVESTIGACION PREVENTIVA,,163,161,150501,LIMA,CAÑETE,SAN VICENTE DE CAÑETE,15/06/2023
ENERO - DICIEMBRE,2020,08/01/2021,CAÑETE,PROVINCIAL,PENAL,PENAL,DENUNCIA,DELITOS DE CORRUPCION DE FUNCIONARIOS,153,124,150501,LIMA,CAÑETE,SAN VICENTE DE CAÑETE,15/06/2023
ENERO - DICIEMBRE,2020,08/01/2021,CAÑETE,PROVINCIAL,PENAL,PENAL,DENUNCIA,,17,17,150501,LIMA,CAÑETE,SAN VICENTE DE CAÑETE,15/06/2023
ENERO - DICIEMBRE,2020,08/01/2021,CAÑETE,PROVINCIAL,PENAL,PENAL,DENUNCIA,,8580,4423,150501,LIMA,CAÑETE,SAN VICENTE DE CAÑETE,15/06/2023
ENERO - DICIEMBRE,2020,08/01/2021,CAÑETE,SUPERIOR,CIVIL,CIVIL,EXPEDIENTE,,1,0,150501,LIMA,CAÑETE,SAN VICENTE DE CAÑETE,15/06/2023
ENERO - DICIEMBRE,2020,08/01/2021,CAÑETE,SUPERIOR,FAMILIA,FAMILIA CIVIL,EXPEDIENTE,,6,6,150501,LIMA,CAÑETE,SAN VICENTE DE CAÑETE,15/06/2023
ENERO - DICIEMBRE,2020,08/01/2021,CAÑETE,SUPERIOR,FAMILIA,FAMILIA PENAL,EXPEDIENTE,,5,3,150501,LIMA,CAÑETE,SAN VICENTE DE CAÑETE,15/06/2023
ENERO - DICIEMBRE,2020,08/01/2021,CAÑETE,SUPERIOR,FAMILIA,FAMILIA PENAL,INCIDENTE,,2,2,150501,LIMA,CAÑETE,SAN VICENTE DE CAÑETE,15/06/2023
ENERO - DICIEMBRE,2020,08/01/2021,CAÑETE,SUPERIOR,FAMILIA,FAMILIA TUTELAR,EXPEDIENTE,,5,5,150501,LIMA,CAÑETE,SAN VICENTE DE CAÑETE,15/06/2023
ENERO - DICIEMBRE,2020,08/01/2021,CAÑETE,SUPERIOR,FAMILIA,VIOLENCIA FAMILIAR,INCIDENTE,,33,33,150501,LIMA,CAÑETE,SAN VICENTE DE CAÑETE,15/06/2023
ENERO - DICIEMBRE,2020,08/01/2021,CAÑETE,SUPERIOR,PENAL,PENAL,EXPEDIENTE,,3,1,150501,LIMA,CAÑETE,SAN VICENTE DE CAÑETE,15/06/2023
ENERO - DICIEMBRE,2020,08/01/2021,CAÑETE,SUPERIOR,PENAL,PENAL,EXCLUSION FISCAL,,3,3,150501,LIMA,CAÑETE,SAN VICENTE DE CAÑETE,15/06/2023
ENERO - DICIEMBRE,2020,08/01/2021,CAÑETE,SUPERIOR,PENAL,PENAL,APELACION DENUNCIA,,287,254,150501,LIMA,CAÑETE,SAN VICENTE DE CAÑETE,15/06/2023
ENERO - DICIEMBRE,2020,08/01/2021,CAÑETE,SUPERIOR,PENAL,PENAL,CONSULTAS,,33,33,150501,LIMA,CAÑETE,SAN VICENTE DE CAÑETE,15/06/2023
ENERO - DICIEMBRE,2020,08/01/2021,CAÑETE,SUPERIOR,PENAL,PENAL,INCIDENTE-EXPEDIENTE,,19,18,150501,LIMA,CAÑETE,SAN VICENTE DE CAÑETE,15/06/2023
ENERO - DICIEMBRE,2020,08/01/2021,CAÑETE,SUPERIOR,PENAL,PENAL,QUEJAS,,82,82,150501,LIMA,CAÑETE,SAN VICENTE DE CAÑETE,15/06/2023
ENERO - DICIEMBRE,2020,08/01/2021,CUSCO,PROVINCIAL,CIVIL,CIVIL,EXPEDIENTE,,106,94,080108,CUSCO,CUSCO,WANCHAQ,15/06/2023
ENERO - DICIEMBRE,2020,08/01/2021,CUSCO,PROVINCIAL,FAMILIA,ACTOS CONTRA LA LIBERTAD SEXUAL,DENUNCIA,,66,45,080108,CUSCO,CUSCO,WANCHAQ,15/06/2023
ENERO - DICIEMBRE,2020,08/01/2021,CUSCO,PROVINCIAL,FAMILIA,FAMILIA CIVIL,EXPEDIENTE,,458,400,080108,CUSCO,CUSCO,WANCHAQ,15/06/2023
ENERO - DICIEMBRE,2020,08/01/2021,CUSCO,PROVINCIAL,FAMILIA,FAMILIA PENAL,DENUNCIA,,666,569,080108,CUSCO,CUSCO,WANCHAQ,15/06/2023
ENERO - DICIEMBRE,2020,08/01/2021,CUSCO,PROVINCIAL,FAMILIA,FAMILIA PENAL,EXPEDIENTE,,201,188,080108,CUSCO,CUSCO,WANCHAQ,15/06/2023
ENERO - DICIEMBRE,2020,08/01/2021,CUSCO,PROVINCIAL,FAMILIA,FAMILIA TUTELAR,DENUNCIA,,170,152,080108,CUSCO,CUSCO,WANCHAQ,15/06/2023
ENERO - DICIEMBRE,2020,08/01/2021,CUSCO,PROVINCIAL,FAMILIA,FAMILIA TUTELAR,EXPEDIENTE,,90,78,080108,CUSCO,CUSCO,WANCHAQ,15/06/2023
ENERO - DICIEMBRE,2020,08/01/2021,CUSCO,PROVINCIAL,FAMILIA,VIOLENCIA FAMILIAR,DENUNCIA,,78,67,080108,CUSCO,CUSCO,WANCHAQ,15/06/2023
ENERO - DICIEMBRE,2020,08/01/2021,CUSCO,PROVINCIAL,FAMILIA,VIOLENCIA FAMILIAR,EXPEDIENTE,,7,6,080108,CUSCO,CUSCO,WANCHAQ,15/06/2023
ENERO - DICIEMBRE,2020,08/01/2021,CUSCO,PROVINCIAL,PENAL,PENAL,INVESTIGACION PREVENTIVA,,1635,1634,080108,CUSCO,CUSCO,WANCHAQ,15/06/2023
ENERO - DICIEMBRE,2020,08/01/2021,CUSCO,PROVINCIAL,PENAL,PENAL,DENUNCIA,DELITOS DE CORRUPCION DE FUNCIONARIOS,560,530,080108,CUSCO,CUSCO,WANCHAQ,15/06/2023
ENERO - DICIEMBRE,2020,08/01/2021,CUSCO,PROVINCIAL,PENAL,PENAL,INVESTIGACION PREVENTIVA,MATERIA AMBIENTAL,9,8,080108,CUSCO,CUSCO,WANCHAQ,15/06/2023
ENERO - DICIEMBRE,2020,08/01/2021,CUSCO,PROVINCIAL,PENAL,PENAL,DENUNCIA,,26472,23655,080108,CUSCO,CUSCO,WANCHAQ,15/06/2023
ENERO - DICIEMBRE,2020,08/01/2021,CUSCO,PROVINCIAL,PENAL,PENAL,EXPEDIENTE,,10,6,080108,CUSCO,CUSCO,WANCHAQ,15/06/2023
ENERO - DICIEMBRE,2020,08/01/2021,CUSCO,PROVINCIAL,PENAL,PENAL,INVESTIGACION PREVENTIVA,,595,572,080108,CUSCO,CUSCO,WANCHAQ,15/06/2023
ENERO - DICIEMBRE,2020,08/01/2021,CUSCO,PROVINCIAL,PENAL,PENAL,DENUNCIA,TURISMO,122,120,080108,CUSCO,CUSCO,WANCHAQ,15/06/2023
ENERO - DICIEMBRE,2020,08/01/2021,CUSCO,PROVINCIAL,PENAL,PENAL,DENUNCIA,DELITOS DE TRAFICO ILICITO DE DROGAS,88,88,080108,CUSCO,CUSCO,WANCHAQ,15/06/2023
ENERO - DICIEMBRE,2020,08/01/2021,CUSCO,PROVINCIAL,PENAL,PENAL,DENUNCIA,MATERIA AMBIENTAL,388,353,080108,CUSCO,CUSCO,WANCHAQ,15/06/2023
ENERO - DICIEMBRE,2020,08/01/2021,CUSCO,PROVINCIAL,PENAL,PENAL,DENUNCIA,DELITOS DE TRATA DE PERSONAS,47,45,080108,CUSCO,CUSCO,WANCHAQ,15/06/2023
ENERO - DICIEMBRE,2020,08/01/2021,CUSCO,PROVINCIAL,PENAL,PENAL,DENUNCIA,VIOLENCIA CONTRA LA MUJER Y LOS INTEGRANTES DEL GRUPO FAMILIAR,2948,2612,080108,CUSCO,CUSCO,WANCHAQ,15/06/2023
ENERO - DICIEMBRE,2020,08/01/2021,CUSCO,SUPERIOR,CIVIL,CIVIL,EXPEDIENTE,,1,1,080108,CUSCO,CUSCO,WANCHAQ,15/06/2023
ENERO - DICIEMBRE,2020,08/01/2021,CUSCO,SUPERIOR,FAMILIA,FAMILIA CIVIL,EXPEDIENTE,,67,60,080108,CUSCO,CUSCO,WANCHAQ,15/06/2023
ENERO - DICIEMBRE,2020,08/01/2021,CUSCO,SUPERIOR,FAMILIA,FAMILIA CIVIL,INCIDENTE,,1,1,080108,CUSCO,CUSCO,WANCHAQ,15/06/2023
ENERO - DICIEMBRE,2020,08/01/2021,CUSCO,SUPERIOR,FAMILIA,FAMILIA PENAL,EXPEDIENTE,,29,28,080108,CUSCO,CUSCO,WANCHAQ,15/06/2023
ENERO - DICIEMBRE,2020,08/01/2021,CUSCO,SUPERIOR,FAMILIA,FAMILIA PENAL,INCIDENTE,,1,1,080108,CUSCO,CUSCO,WANCHAQ,15/06/2023
ENERO - DICIEMBRE,2020,08/01/2021,CUSCO,SUPERIOR,FAMILIA,FAMILIA TUTELAR,EXPEDIENTE,,5,4,080108,CUSCO,CUSCO,WANCHAQ,15/06/2023
ENERO - DICIEMBRE,2020,08/01/2021,CUSCO,SUPERIOR,FAMILIA,VIOLENCIA FAMILIAR,EXPEDIENTE,,290,280,080108,CUSCO,CUSCO,WANCHAQ,15/06/2023
ENERO - DICIEMBRE,2020,08/01/2021,CUSCO,SUPERIOR,FAMILIA,VIOLENCIA FAMILIAR,INCIDENTE,,33,31,080108,CUSCO,CUSCO,WANCHAQ,15/06/2023
ENERO - DICIEMBRE,2020,08/01/2021,CUSCO,SUPERIOR,PENAL,PENAL,APELACION DENUNCIA,,1196,1192,080108,CUSCO,CUSCO,WANCHAQ,15/06/2023
ENERO - DICIEMBRE,2020,08/01/2021,CUSCO,SUPERIOR,PENAL,PENAL,APELACION EXPEDIENTE,,171,101,080108,CUSCO,CUSCO,WANCHAQ,15/06/2023
ENERO - DICIEMBRE,2020,08/01/2021,CUSCO,SUPERIOR,PENAL,PENAL,CONSULTAS,,191,175,080108,CUSCO,CUSCO,WANCHAQ,15/06/2023
ENERO - DICIEMBRE,2020,08/01/2021,CUSCO,SUPERIOR,PENAL,PENAL,EXCLUSION FISCAL,,6,6,080108,CUSCO,CUSCO,WANCHAQ,15/06/2023
ENERO - DICIEMBRE,2020,08/01/2021,CUSCO,SUPERIOR,PENAL,PENAL,EXPEDIENTE,,43,30,080108,CUSCO,CUSCO,WANCHAQ,15/06/2023
ENERO - DICIEMBRE,2020,08/01/2021,CUSCO,SUPERIOR,PENAL,PENAL,INCIDENTE-EXPEDIENTE,,13,10,080108,CUSCO,CUSCO,WANCHAQ,15/06/2023
ENERO - DICIEMBRE,2020,08/01/2021,CUSCO,SUPERIOR,PENAL,PENAL,QUEJAS,,804,742,080108,CUSCO,CUSCO,WANCHAQ,15/06/2023
ENERO - DICIEMBRE,2020,08/01/2021,HUANCAVELICA,PROVINCIAL,CIVIL,CIVIL,EXPEDIENTE,,21,20,090101,HUANCAVELICA,HUANCAVELICA,HUANCAVELICA,15/06/2023
ENERO - DICIEMBRE,2020,08/01/2021,HUANCAVELICA,PROVINCIAL,FAMILIA,ACTOS CONTRA LA LIBERTAD SEXUAL,DENUNCIA,,2,2,090101,HUANCAVELICA,HUANCAVELICA,HUANCAVELICA,15/06/2023
ENERO - DICIEMBRE,2020,08/01/2021,HUANCAVELICA,PROVINCIAL,FAMILIA,FAMILIA CIVIL,EXPEDIENTE,,95,94,090101,HUANCAVELICA,HUANCAVELICA,HUANCAVELICA,15/06/2023
ENERO - DICIEMBRE,2020,08/01/2021,HUANCAVELICA,PROVINCIAL,FAMILIA,FAMILIA PENAL,DENUNCIA,,99,92,090101,HUANCAVELICA,HUANCAVELICA,HUANCAVELICA,15/06/2023
ENERO - DICIEMBRE,2020,08/01/2021,HUANCAVELICA,PROVINCIAL,FAMILIA,FAMILIA PENAL,EXPEDIENTE,,72,67,090101,HUANCAVELICA,HUANCAVELICA,HUANCAVELICA,15/06/2023
ENERO - DICIEMBRE,2020,08/01/2021,HUANCAVELICA,PROVINCIAL,FAMILIA,FAMILIA TUTELAR,DENUNCIA,,3,3,090101,HUANCAVELICA,HUANCAVELICA,HUANCAVELICA,15/06/2023
ENERO - DICIEMBRE,2020,08/01/2021,HUANCAVELICA,PROVINCIAL,FAMILIA,FAMILIA TUTELAR,EXPEDIENTE,,15,14,090101,HUANCAVELICA,HUANCAVELICA,HUANCAVELICA,15/06/2023
ENERO - DICIEMBRE,2020,08/01/2021,HUANCAVELICA,PROVINCIAL,FAMILIA,VIOLENCIA FAMILIAR,DENUNCIA,,2,2,090101,HUANCAVELICA,HUANCAVELICA,HUANCAVELICA,15/06/2023
ENERO - DICIEMBRE,2020,08/01/2021,HUANCAVELICA,PROVINCIAL,FAMILIA,VIOLENCIA FAMILIAR,EXPEDIENTE,,1,1,090101,HUANCAVELICA,HUANCAVELICA,HUANCAVELICA,15/06/2023
ENERO - DICIEMBRE,2020,08/01/2021,HUANCAVELICA,PROVINCIAL,PENAL,PENAL,DENUNCIA,CRIMINALIDAD ORGANIZADA,15,15,090101,HUANCAVELICA,HUANCAVELICA,HUANCAVELICA,15/06/2023
ENERO - DICIEMBRE,2020,08/01/2021,HUANCAVELICA,PROVINCIAL,PENAL,PENAL,DENUNCIA,,2,2,090101,HUANCAVELICA,HUANCAVELICA,HUANCAVELICA,15/06/2023
ENERO - DICIEMBRE,2020,08/01/2021,HUANCAVELICA,PROVINCIAL,PENAL,PENAL,DENUNCIA,DELITOS DE CORRUPCION DE FUNCIONARIOS,201,200,090101,HUANCAVELICA,HUANCAVELICA,HUANCAVELICA,15/06/2023
ENERO - DICIEMBRE,2020,08/01/2021,HUANCAVELICA,PROVINCIAL,PENAL,PENAL,DENUNCIA,MATERIA AMBIENTAL,101,101,090101,HUANCAVELICA,HUANCAVELICA,HUANCAVELICA,15/06/2023
ENERO - DICIEMBRE,2020,08/01/2021,HUANCAVELICA,PROVINCIAL,PENAL,PENAL,DENUNCIA,,4121,3990,090101,HUANCAVELICA,HUANCAVELICA,HUANCAVELICA,15/06/2023
ENERO - DICIEMBRE,2020,08/01/2021,HUANCAVELICA,PROVINCIAL,PENAL,PENAL,INVESTIGACION PREVENTIVA,,18,18,090101,HUANCAVELICA,HUANCAVELICA,HUANCAVELICA,15/06/2023
ENERO - DICIEMBRE,2020,08/01/2021,HUANCAVELICA,PROVINCIAL,PENAL,PENAL,INVESTIGACION PREVENTIVA,,190,190,090101,HUANCAVELICA,HUANCAVELICA,HUANCAVELICA,15/06/2023
ENERO - DICIEMBRE,2020,08/01/2021,HUANCAVELICA,PROVINCIAL,PENAL,PENAL,DENUNCIA,,14,14,090101,HUANCAVELICA,HUANCAVELICA,HUANCAVELICA,15/06/2023
ENERO - DICIEMBRE,2020,08/01/2021,HUANCAVELICA,PROVINCIAL,PENAL,PENAL,INVESTIGACION PREVENTIVA,MATERIA AMBIENTAL,10,10,090101,HUANCAVELICA,HUANCAVELICA,HUANCAVELICA,15/06/2023
ENERO - DICIEMBRE,2020,08/01/2021,HUANCAVELICA,SUPERIOR,FAMILIA,FAMILIA CIVIL,EXPEDIENTE,,3,3,090101,HUANCAVELICA,HUANCAVELICA,HUANCAVELICA,15/06/2023
ENERO - DICIEMBRE,2020,08/01/2021,HUANCAVELICA,SUPERIOR,FAMILIA,FAMILIA CIVIL,INCIDENTE,,1,1,090101,HUANCAVELICA,HUANCAVELICA,HUANCAVELICA,15/06/2023
ENERO - DICIEMBRE,2020,08/01/2021,HUANCAVELICA,SUPERIOR,FAMILIA,FAMILIA PENAL,EXPEDIENTE,,7,7,090101,HUANCAVELICA,HUANCAVELICA,HUANCAVELICA,15/06/2023
ENERO - DICIEMBRE,2020,08/01/2021,HUANCAVELICA,SUPERIOR,FAMILIA,VIOLENCIA FAMILIAR,INCIDENTE,,6,6,090101,HUANCAVELICA,HUANCAVELICA,HUANCAVELICA,15/06/2023
ENERO - DICIEMBRE,2020,08/01/2021,HUANCAVELICA,SUPERIOR,PENAL,PENAL,APELACION DENUNCIA,DELITOS DE CORRUPCION DE FUNCIONARIOS,49,49,090101,HUANCAVELICA,HUANCAVELICA,HUANCAVELICA,15/06/2023
ENERO - DICIEMBRE,2020,08/01/2021,HUANCAVELICA,SUPERIOR,PENAL,PENAL,CONSULTAS,DELITOS DE CORRUPCION DE FUNCIONARIOS,22,22,090101,HUANCAVELICA,HUANCAVELICA,HUANCAVELICA,15/06/2023
ENERO - DICIEMBRE,2020,08/01/2021,HUANCAVELICA,SUPERIOR,PENAL,PENAL,EXCLUSION FISCAL,DELITOS DE CORRUPCION DE FUNCIONARIOS,1,1,090101,HUANCAVELICA,HUANCAVELICA,HUANCAVELICA,15/06/2023
ENERO - DICIEMBRE,2020,08/01/2021,HUANCAVELICA,SUPERIOR,PENAL,PENAL,QUEJAS,DELITOS DE CORRUPCION DE FUNCIONARIOS,7,7,090101,HUANCAVELICA,HUANCAVELICA,HUANCAVELICA,15/06/2023
ENERO - DICIEMBRE,2020,08/01/2021,HUANCAVELICA,SUPERIOR,PENAL,PENAL,APELACION DENUNCIA,,138,137,090101,HUANCAVELICA,HUANCAVELICA,HUANCAVELICA,15/06/2023
ENERO - DICIEMBRE,2020,08/01/2021,HUANCAVELICA,SUPERIOR,PENAL,PENAL,APELACION EXPEDIENTE,,15,15,090101,HUANCAVELICA,HUANCAVELICA,HUANCAVELICA,15/06/2023
ENERO - DICIEMBRE,2020,08/01/2021,HUANCAVELICA,SUPERIOR,PENAL,PENAL,CONSULTAS,,30,30,090101,HUANCAVELICA,HUANCAVELICA,HUANCAVELICA,15/06/2023
ENERO - DICIEMBRE,2020,08/01/2021,HUANCAVELICA,SUPERIOR,PENAL,PENAL,EXCLUSION FISCAL,,4,4,090101,HUANCAVELICA,HUANCAVELICA,HUANCAVELICA,15/06/2023
ENERO - DICIEMBRE,2020,08/01/2021,HUANCAVELICA,SUPERIOR,PENAL,PENAL,EXPEDIENTE,,3,3,090101,HUANCAVELICA,HUANCAVELICA,HUANCAVELICA,15/06/2023
ENERO - DICIEMBRE,2020,08/01/2021,HUANCAVELICA,SUPERIOR,PENAL,PENAL,INCIDENTE-EXPEDIENTE,,2,2,090101,HUANCAVELICA,HUANCAVELICA,HUANCAVELICA,15/06/2023
ENERO - DICIEMBRE,2020,08/01/2021,HUANCAVELICA,SUPERIOR,PENAL,PENAL,QUEJAS,,98,98,090101,HUANCAVELICA,HUANCAVELICA,HUANCAVELICA,15/06/2023
ENERO - DICIEMBRE,2020,08/01/2021,HUANUCO,PROVINCIAL,CIVIL,CIVIL,EXPEDIENTE,,24,20,100101,HUANUCO,HUANUCO,HUANUCO,15/06/2023
ENERO - DICIEMBRE,2020,08/01/2021,HUANUCO,PROVINCIAL,FAMILIA,ACTOS CONTRA LA LIBERTAD SEXUAL,DENUNCIA,,270,238,100101,HUANUCO,HUANUCO,HUANUCO,15/06/2023
ENERO - DICIEMBRE,2020,08/01/2021,HUANUCO,PROVINCIAL,FAMILIA,FAMILIA CIVIL,EXPEDIENTE,,232,194,100101,HUANUCO,HUANUCO,HUANUCO,15/06/2023
ENERO - DICIEMBRE,2020,08/01/2021,HUANUCO,PROVINCIAL,FAMILIA,FAMILIA PENAL,DENUNCIA,,562,410,100101,HUANUCO,HUANUCO,HUANUCO,15/06/2023
ENERO - DICIEMBRE,2020,08/01/2021,HUANUCO,PROVINCIAL,FAMILIA,FAMILIA PENAL,EXPEDIENTE,,145,132,100101,HUANUCO,HUANUCO,HUANUCO,15/06/2023
ENERO - DICIEMBRE,2020,08/01/2021,HUANUCO,PROVINCIAL,FAMILIA,FAMILIA TUTELAR,DENUNCIA,,257,208,100101,HUANUCO,HUANUCO,HUANUCO,15/06/2023
ENERO - DICIEMBRE,2020,08/01/2021,HUANUCO,PROVINCIAL,FAMILIA,FAMILIA TUTELAR,EXPEDIENTE,,67,55,100101,HUANUCO,HUANUCO,HUANUCO,15/06/2023
ENERO - DICIEMBRE,2020,08/01/2021,HUANUCO,PROVINCIAL,FAMILIA,VIOLENCIA FAMILIAR,DENUNCIA,,294,291,100101,HUANUCO,HUANUCO,HUANUCO,15/06/2023
ENERO - DICIEMBRE,2020,08/01/2021,HUANUCO,PROVINCIAL,FAMILIA,VIOLENCIA FAMILIAR,EXPEDIENTE,,2,2,100101,HUANUCO,HUANUCO,HUANUCO,15/06/2023
ENERO - DICIEMBRE,2020,08/01/2021,HUANUCO,PROVINCIAL,PENAL,PENAL,INVESTIGACION PREVENTIVA,,145,145,100101,HUANUCO,HUANUCO,HUANUCO,15/06/2023
ENERO - DICIEMBRE,2020,08/01/2021,HUANUCO,PROVINCIAL,PENAL,PENAL,DENUNCIA,DELITOS DE CORRUPCION DE FUNCIONARIOS,443,307,100101,HUANUCO,HUANUCO,HUANUCO,15/06/2023
ENERO - DICIEMBRE,2020,08/01/2021,HUANUCO,PROVINCIAL,PENAL,PENAL,DENUNCIA,DELITOS DE TRAFICO ILICITO DE DROGAS,485,483,100101,HUANUCO,HUANUCO,HUANUCO,15/06/2023
ENERO - DICIEMBRE,2020,08/01/2021,HUANUCO,PROVINCIAL,PENAL,PENAL,DENUNCIA,,17422,15165,100101,HUANUCO,HUANUCO,HUANUCO,15/06/2023
ENERO - DICIEMBRE,2020,08/01/2021,HUANUCO,PROVINCIAL,PENAL,PENAL,EXPEDIENTE,,5,0,100101,HUANUCO,HUANUCO,HUANUCO,15/06/2023
ENERO - DICIEMBRE,2020,08/01/2021,HUANUCO,PROVINCIAL,PENAL,PENAL,INVESTIGACION PREVENTIVA,,635,603,100101,HUANUCO,HUANUCO,HUANUCO,15/06/2023
ENERO - DICIEMBRE,2020,08/01/2021,HUANUCO,PROVINCIAL,PENAL,PENAL,EXPEDIENTE,DELITOS DE TRAFICO ILICITO DE DROGAS,2,0,100101,HUANUCO,HUANUCO,HUANUCO,15/06/2023
ENERO - DICIEMBRE,2020,08/01/2021,HUANUCO,PROVINCIAL,PENAL,PENAL,DENUNCIA,MATERIA AMBIENTAL,337,328,100101,HUANUCO,HUANUCO,HUANUCO,15/06/2023
ENERO - DICIEMBRE,2020,08/01/2021,HUANUCO,PROVINCIAL,PENAL,PENAL,INVESTIGACION PREVENTIVA,MATERIA AMBIENTAL,81,81,100101,HUANUCO,HUANUCO,HUANUCO,15/06/2023
ENERO - DICIEMBRE,2020,08/01/2021,HUANUCO,SUPERIOR,CIVIL,CIVIL,EXPEDIENTE,,3,2,100101,HUANUCO,HUANUCO,HUANUCO,15/06/2023
ENERO - DICIEMBRE,2020,08/01/2021,HUANUCO,SUPERIOR,FAMILIA,FAMILIA CIVIL,EXPEDIENTE,,9,8,100101,HUANUCO,HUANUCO,HUANUCO,15/06/2023
ENERO - DICIEMBRE,2020,08/01/2021,HUANUCO,SUPERIOR,FAMILIA,FAMILIA PENAL,EXPEDIENTE,,27,27,100101,HUANUCO,HUANUCO,HUANUCO,15/06/2023
ENERO - DICIEMBRE,2020,08/01/2021,HUANUCO,SUPERIOR,FAMILIA,FAMILIA TUTELAR,EXPEDIENTE,,6,5,100101,HUANUCO,HUANUCO,HUANUCO,15/06/2023
ENERO - DICIEMBRE,2020,08/01/2021,HUANUCO,SUPERIOR,FAMILIA,VIOLENCIA FAMILIAR,EXPEDIENTE,,30,24,100101,HUANUCO,HUANUCO,HUANUCO,15/06/2023
ENERO - DICIEMBRE,2020,08/01/2021,HUANUCO,SUPERIOR,FAMILIA,VIOLENCIA FAMILIAR,INCIDENTE,,54,45,100101,HUANUCO,HUANUCO,HUANUCO,15/06/2023
ENERO - DICIEMBRE,2020,08/01/2021,HUANUCO,SUPERIOR,PENAL,PENAL,APELACION DENUNCIA,DELITOS DE CORRUPCION DE FUNCIONARIOS,45,32,100101,HUANUCO,HUANUCO,HUANUCO,15/06/2023
ENERO - DICIEMBRE,2020,08/01/2021,HUANUCO,SUPERIOR,PENAL,PENAL,CONSULTAS,DELITOS DE CORRUPCION DE FUNCIONARIOS,7,7,100101,HUANUCO,HUANUCO,HUANUCO,15/06/2023
ENERO - DICIEMBRE,2020,08/01/2021,HUANUCO,SUPERIOR,PENAL,PENAL,EXCLUSION FISCAL,DELITOS DE CORRUPCION DE FUNCIONARIOS,1,1,100101,HUANUCO,HUANUCO,HUANUCO,15/06/2023
ENERO - DICIEMBRE,2020,08/01/2021,HUANUCO,SUPERIOR,PENAL,PENAL,QUEJAS,DELITOS DE CORRUPCION DE FUNCIONARIOS,21,21,100101,HUANUCO,HUANUCO,HUANUCO,15/06/2023
ENERO - DICIEMBRE,2020,08/01/2021,HUANUCO,SUPERIOR,PENAL,PENAL,APELACION DENUNCIA,,618,604,100101,HUANUCO,HUANUCO,HUANUCO,15/06/2023
ENERO - DICIEMBRE,2020,08/01/2021,HUANUCO,SUPERIOR,PENAL,PENAL,CONSULTAS,,108,105,100101,HUANUCO,HUANUCO,HUANUCO,15/06/2023
ENERO - DICIEMBRE,2020,08/01/2021,HUANUCO,SUPERIOR,PENAL,PENAL,EXCLUSION FISCAL,,16,16,100101,HUANUCO,HUANUCO,HUANUCO,15/06/2023
ENERO - DICIEMBRE,2020,08/01/2021,HUANUCO,SUPERIOR,PENAL,PENAL,EXPEDIENTE,,154,140,100101,HUANUCO,HUANUCO,HUANUCO,15/06/2023
ENERO - DICIEMBRE,2020,08/01/2021,HUANUCO,SUPERIOR,PENAL,PENAL,INCIDENTE-EXPEDIENTE,,12,12,100101,HUANUCO,HUANUCO,HUANUCO,15/06/2023
ENERO - DICIEMBRE,2020,08/01/2021,HUANUCO,SUPERIOR,PENAL,PENAL,QUEJAS,,454,442,100101,HUANUCO,HUANUCO,HUANUCO,15/06/2023
ENERO - DICIEMBRE,2020,08/01/2021,HUAURA,PROVINCIAL,CIVIL,CIVIL,EXPEDIENTE,,17,10,150801,LIMA,HUAURA,HUACHO,15/06/2023
ENERO - DICIEMBRE,2020,08/01/2021,HUAURA,PROVINCIAL,FAMILIA,ACTOS CONTRA LA LIBERTAD SEXUAL,DENUNCIA,,3,3,150801,LIMA,HUAURA,HUACHO,15/06/2023
ENERO - DICIEMBRE,2020,08/01/2021,HUAURA,PROVINCIAL,FAMILIA,FAMILIA CIVIL,EXPEDIENTE,,352,327,150801,LIMA,HUAURA,HUACHO,15/06/2023
ENERO - DICIEMBRE,2020,08/01/2021,HUAURA,PROVINCIAL,FAMILIA,FAMILIA PENAL,DENUNCIA,,256,237,150801,LIMA,HUAURA,HUACHO,15/06/2023
ENERO - DICIEMBRE,2020,08/01/2021,HUAURA,PROVINCIAL,FAMILIA,FAMILIA PENAL,EXPEDIENTE,,40,37,150801,LIMA,HUAURA,HUACHO,15/06/2023
ENERO - DICIEMBRE,2020,08/01/2021,HUAURA,PROVINCIAL,FAMILIA,FAMILIA TUTELAR,DENUNCIA,,17,11,150801,LIMA,HUAURA,HUACHO,15/06/2023
ENERO - DICIEMBRE,2020,08/01/2021,HUAURA,PROVINCIAL,FAMILIA,FAMILIA TUTELAR,EXPEDIENTE,,6,5,150801,LIMA,HUAURA,HUACHO,15/06/2023
ENERO - DICIEMBRE,2020,08/01/2021,HUAURA,PROVINCIAL,FAMILIA,VIOLENCIA FAMILIAR,DENUNCIA,,5,1,150801,LIMA,HUAURA,HUACHO,15/06/2023
ENERO - DICIEMBRE,2020,08/01/2021,HUAURA,PROVINCIAL,PENAL,PENAL,DENUNCIA,CRIMINALIDAD ORGANIZADA,23,23,150801,LIMA,HUAURA,HUACHO,15/06/2023
ENERO - DICIEMBRE,2020,08/01/2021,HUAURA,PROVINCIAL,PENAL,PENAL,DENUNCIA,,16,16,150801,LIMA,HUAURA,HUACHO,15/06/2023
ENERO - DICIEMBRE,2020,08/01/2021,HUAURA,PROVINCIAL,PENAL,PENAL,INVESTIGACION PREVENTIVA,,225,222,150801,LIMA,HUAURA,HUACHO,15/06/2023
ENERO - DICIEMBRE,2020,08/01/2021,HUAURA,PROVINCIAL,PENAL,PENAL,DENUNCIA,DELITOS DE CORRUPCION DE FUNCIONARIOS,205,188,150801,LIMA,HUAURA,HUACHO,15/06/2023
ENERO - DICIEMBRE,2020,08/01/2021,HUAURA,PROVINCIAL,PENAL,PENAL,DENUNCIA,,11632,11379,150801,LIMA,HUAURA,HUACHO,15/06/2023
ENERO - DICIEMBRE,2020,08/01/2021,HUAURA,SUPERIOR,FAMILIA,FAMILIA CIVIL,EXPEDIENTE,,16,16,150801,LIMA,HUAURA,HUACHO,15/06/2023
ENERO - DICIEMBRE,2020,08/01/2021,HUAURA,SUPERIOR,FAMILIA,FAMILIA CIVIL,INCIDENTE,,1,1,150801,LIMA,HUAURA,HUACHO,15/06/2023
ENERO - DICIEMBRE,2020,08/01/2021,HUAURA,SUPERIOR,FAMILIA,FAMILIA PENAL,EXPEDIENTE,,9,9,150801,LIMA,HUAURA,HUACHO,15/06/2023
ENERO - DICIEMBRE,2020,08/01/2021,HUAURA,SUPERIOR,FAMILIA,FAMILIA TUTELAR,EXPEDIENTE,,2,2,150801,LIMA,HUAURA,HUACHO,15/06/2023
ENERO - DICIEMBRE,2020,08/01/2021,HUAURA,SUPERIOR,FAMILIA,VIOLENCIA FAMILIAR,EXPEDIENTE,,21,20,150801,LIMA,HUAURA,HUACHO,15/06/2023
ENERO - DICIEMBRE,2020,08/01/2021,HUAURA,SUPERIOR,FAMILIA,VIOLENCIA FAMILIAR,INCIDENTE,,39,35,150801,LIMA,HUAURA,HUACHO,15/06/2023
ENERO - DICIEMBRE,2020,08/01/2021,HUAURA,SUPERIOR,PENAL,PENAL,APELACION DENUNCIA,,692,692,150801,LIMA,HUAURA,HUACHO,15/06/2023
ENERO - DICIEMBRE,2020,08/01/2021,HUAURA,SUPERIOR,PENAL,PENAL,CONSULTAS,,58,58,150801,LIMA,HUAURA,HUACHO,15/06/2023
ENERO - DICIEMBRE,2020,08/01/2021,HUAURA,SUPERIOR,PENAL,PENAL,EXCLUSION FISCAL,,5,5,150801,LIMA,HUAURA,HUACHO,15/06/2023
ENERO - DICIEMBRE,2020,08/01/2021,HUAURA,SUPERIOR,PENAL,PENAL,EXPEDIENTE,,8,5,150801,LIMA,HUAURA,HUACHO,15/06/2023
ENERO - DICIEMBRE,2020,08/01/2021,HUAURA,SUPERIOR,PENAL,PENAL,QUEJAS,,200,200,150801,LIMA,HUAURA,HUACHO,15/06/2023
ENERO - DICIEMBRE,2020,08/01/2021,ICA,PROVINCIAL,CIVIL,CIVIL,EXPEDIENTE,,6,6,110101,ICA,ICA,ICA,15/06/2023
ENERO - DICIEMBRE,2020,08/01/2021,ICA,PROVINCIAL,FAMILIA,ACTOS CONTRA LA LIBERTAD SEXUAL,DENUNCIA,,50,50,110101,ICA,ICA,ICA,15/06/2023
ENERO - DICIEMBRE,2020,08/01/2021,ICA,PROVINCIAL,FAMILIA,FAMILIA CIVIL,EXPEDIENTE,,712,635,110101,ICA,ICA,ICA,15/06/2023
ENERO - DICIEMBRE,2020,08/01/2021,ICA,PROVINCIAL,FAMILIA,FAMILIA PENAL,DENUNCIA,,479,391,110101,ICA,ICA,ICA,15/06/2023
ENERO - DICIEMBRE,2020,08/01/2021,ICA,PROVINCIAL,FAMILIA,FAMILIA PENAL,EXPEDIENTE,,149,135,110101,ICA,ICA,ICA,15/06/2023
ENERO - DICIEMBRE,2020,08/01/2021,ICA,PROVINCIAL,FAMILIA,FAMILIA TUTELAR,DENUNCIA,,39,27,110101,ICA,ICA,ICA,15/06/2023
ENERO - DICIEMBRE,2020,08/01/2021,ICA,PROVINCIAL,FAMILIA,FAMILIA TUTELAR,EXPEDIENTE,,93,82,110101,ICA,ICA,ICA,15/06/2023
ENERO - DICIEMBRE,2020,08/01/2021,ICA,PROVINCIAL,FAMILIA,VIOLENCIA FAMILIAR,DENUNCIA,,60,59,110101,ICA,ICA,ICA,15/06/2023
ENERO - DICIEMBRE,2020,08/01/2021,ICA,PROVINCIAL,PENAL,PENAL,DENUNCIA,CRIMINALIDAD ORGANIZADA,54,38,110101,ICA,ICA,ICA,15/06/2023
ENERO - DICIEMBRE,2020,08/01/2021,ICA,PROVINCIAL,PENAL,PENAL,DENUNCIA,,41,41,110101,ICA,ICA,ICA,15/06/2023
ENERO - DICIEMBRE,2020,08/01/2021,ICA,PROVINCIAL,PENAL,PENAL,INVESTIGACION PREVENTIVA,,439,439,110101,ICA,ICA,ICA,15/06/2023
ENERO - DICIEMBRE,2020,08/01/2021,ICA,PROVINCIAL,PENAL,PENAL,DENUNCIA,DELITOS DE CORRUPCION DE FUNCIONARIOS,266,192,110101,ICA,ICA,ICA,15/06/2023
ENERO - DICIEMBRE,2020,08/01/2021,ICA,PROVINCIAL,PENAL,PENAL,DENUNCIA,,21421,12306,110101,ICA,ICA,ICA,15/06/2023
ENERO - DICIEMBRE,2020,08/01/2021,ICA,PROVINCIAL,PENAL,PENAL,INVESTIGACION PREVENTIVA,,49,34,110101,ICA,ICA,ICA,15/06/2023
ENERO - DICIEMBRE,2020,08/01/2021,ICA,PROVINCIAL,PENAL,PENAL,DENUNCIA,MATERIA AMBIENTAL,135,130,110101,ICA,ICA,ICA,15/06/2023
ENERO - DICIEMBRE,2020,08/01/2021,ICA,PROVINCIAL,PENAL,PENAL,INVESTIGACION PREVENTIVA,MATERIA AMBIENTAL,12,12,110101,ICA,ICA,ICA,15/06/2023
ENERO - DICIEMBRE,2020,08/01/2021,ICA,SUPERIOR,CIVIL,CIVIL,EXPEDIENTE,,9,8,110101,ICA,ICA,ICA,15/06/2023
ENERO - DICIEMBRE,2020,08/01/2021,ICA,SUPERIOR,FAMILIA,FAMILIA CIVIL,EXPEDIENTE,,55,34,110101,ICA,ICA,ICA,15/06/2023
ENERO - DICIEMBRE,2020,08/01/2021,ICA,SUPERIOR,FAMILIA,FAMILIA CIVIL,INCIDENTE,,5,5,110101,ICA,ICA,ICA,15/06/2023
ENERO - DICIEMBRE,2020,08/01/2021,ICA,SUPERIOR,FAMILIA,FAMILIA PENAL,EXPEDIENTE,,26,20,110101,ICA,ICA,ICA,15/06/2023
ENERO - DICIEMBRE,2020,08/01/2021,ICA,SUPERIOR,FAMILIA,FAMILIA PENAL,INCIDENTE,,3,2,110101,ICA,ICA,ICA,15/06/2023
ENERO - DICIEMBRE,2020,08/01/2021,ICA,SUPERIOR,FAMILIA,FAMILIA TUTELAR,EXPEDIENTE,,14,12,110101,ICA,ICA,ICA,15/06/2023
ENERO - DICIEMBRE,2020,08/01/2021,ICA,SUPERIOR,FAMILIA,VIOLENCIA FAMILIAR,EXPEDIENTE,,48,24,110101,ICA,ICA,ICA,15/06/2023
ENERO - DICIEMBRE,2020,08/01/2021,ICA,SUPERIOR,FAMILIA,VIOLENCIA FAMILIAR,INCIDENTE,,132,111,110101,ICA,ICA,ICA,15/06/2023
ENERO - DICIEMBRE,2020,08/01/2021,ICA,SUPERIOR,PENAL,PENAL,APELACION DENUNCIA,,1049,1031,110101,ICA,ICA,ICA,15/06/2023
ENERO - DICIEMBRE,2020,08/01/2021,ICA,SUPERIOR,PENAL,PENAL,APELACION EXPEDIENTE,,58,57,110101,ICA,ICA,ICA,15/06/2023
ENERO - DICIEMBRE,2020,08/01/2021,ICA,SUPERIOR,PENAL,PENAL,CONSULTAS,,85,80,110101,ICA,ICA,ICA,15/06/2023
ENERO - DICIEMBRE,2020,08/01/2021,ICA,SUPERIOR,PENAL,PENAL,EXCLUSION FISCAL,,10,10,110101,ICA,ICA,ICA,15/06/2023
ENERO - DICIEMBRE,2020,08/01/2021,ICA,SUPERIOR,PENAL,PENAL,EXPEDIENTE,,64,60,110101,ICA,ICA,ICA,15/06/2023
ENERO - DICIEMBRE,2020,08/01/2021,ICA,SUPERIOR,PENAL,PENAL,QUEJAS,,511,499,110101,ICA,ICA,ICA,15/06/2023
ENERO - DICIEMBRE,2020,08/01/2021,JUNIN,PROVINCIAL,CIVIL,CIVIL,EXPEDIENTE,,14,13,120114,JUNIN,HUANCAYO,EL TAMBO,15/06/2023
ENERO - DICIEMBRE,2020,08/01/2021,JUNIN,PROVINCIAL,FAMILIA,ACTOS CONTRA LA LIBERTAD SEXUAL,DENUNCIA,,14,9,120114,JUNIN,HUANCAYO,EL TAMBO,15/06/2023
ENERO - DICIEMBRE,2020,08/01/2021,JUNIN,PROVINCIAL,FAMILIA,FAMILIA CIVIL,EXPEDIENTE,,408,360,120114,JUNIN,HUANCAYO,EL TAMBO,15/06/2023
ENERO - DICIEMBRE,2020,08/01/2021,JUNIN,PROVINCIAL,FAMILIA,FAMILIA PENAL,DENUNCIA,,401,340,120114,JUNIN,HUANCAYO,EL TAMBO,15/06/2023
ENERO - DICIEMBRE,2020,08/01/2021,JUNIN,PROVINCIAL,FAMILIA,FAMILIA PENAL,EXPEDIENTE,,62,58,120114,JUNIN,HUANCAYO,EL TAMBO,15/06/2023
ENERO - DICIEMBRE,2020,08/01/2021,JUNIN,PROVINCIAL,FAMILIA,FAMILIA TUTELAR,DENUNCIA,,276,230,120114,JUNIN,HUANCAYO,EL TAMBO,15/06/2023
ENERO - DICIEMBRE,2020,08/01/2021,JUNIN,PROVINCIAL,FAMILIA,FAMILIA TUTELAR,EXPEDIENTE,,25,25,120114,JUNIN,HUANCAYO,EL TAMBO,15/06/2023
ENERO - DICIEMBRE,2020,08/01/2021,JUNIN,PROVINCIAL,FAMILIA,VIOLENCIA FAMILIAR,DENUNCIA,,28,22,120114,JUNIN,HUANCAYO,EL TAMBO,15/06/2023
ENERO - DICIEMBRE,2020,08/01/2021,JUNIN,PROVINCIAL,PENAL,PENAL,DENUNCIA,CRIMINALIDAD ORGANIZADA,23,22,120114,JUNIN,HUANCAYO,EL TAMBO,15/06/2023
ENERO - DICIEMBRE,2020,08/01/2021,JUNIN,PROVINCIAL,PENAL,PENAL,DENUNCIA,DELITOS DE CORRUPCION DE FUNCIONARIOS,418,400,120114,JUNIN,HUANCAYO,EL TAMBO,15/06/2023
ENERO - DICIEMBRE,2020,08/01/2021,JUNIN,PROVINCIAL,PENAL,PENAL,DENUNCIA,,21251,17888,120114,JUNIN,HUANCAYO,EL TAMBO,15/06/2023
ENERO - DICIEMBRE,2020,08/01/2021,JUNIN,PROVINCIAL,PENAL,PENAL,EXPEDIENTE,,9,4,120114,JUNIN,HUANCAYO,EL TAMBO,15/06/2023
ENERO - DICIEMBRE,2020,08/01/2021,JUNIN,PROVINCIAL,PENAL,PENAL,INVESTIGACION PREVENTIVA,,33,32,120114,JUNIN,HUANCAYO,EL TAMBO,15/06/2023
ENERO - DICIEMBRE,2020,08/01/2021,JUNIN,PROVINCIAL,PENAL,PENAL,DENUNCIA,DELITOS DE TRAFICO ILICITO DE DROGAS,38,38,120114,JUNIN,HUANCAYO,EL TAMBO,15/06/2023
ENERO - DICIEMBRE,2020,08/01/2021,JUNIN,PROVINCIAL,PENAL,PENAL,DENUNCIA,MATERIA AMBIENTAL,158,145,120114,JUNIN,HUANCAYO,EL TAMBO,15/06/2023
ENERO - DICIEMBRE,2020,08/01/2021,JUNIN,PROVINCIAL,PENAL,PENAL,INVESTIGACION PREVENTIVA,MATERIA AMBIENTAL,96,86,120114,JUNIN,HUANCAYO,EL TAMBO,15/06/2023
ENERO - DICIEMBRE,2020,08/01/2021,JUNIN,PROVINCIAL,PENAL,PENAL,INVESTIGACION PREVENTIVA,,230,229,120114,JUNIN,HUANCAYO,EL TAMBO,15/06/2023
ENERO - DICIEMBRE,2020,08/01/2021,JUNIN,PROVINCIAL,PENAL,PENAL,DENUNCIA,,59,5,120114,JUNIN,HUANCAYO,EL TAMBO,15/06/2023
ENERO - DICIEMBRE,2020,08/01/2021,JUNIN,SUPERIOR,CIVIL,CIVIL,EXPEDIENTE,,9,8,120114,JUNIN,HUANCAYO,EL TAMBO,15/06/2023
ENERO - DICIEMBRE,2020,08/01/2021,JUNIN,SUPERIOR,FAMILIA,FAMILIA CIVIL,EXPEDIENTE,,80,46,120114,JUNIN,HUANCAYO,EL TAMBO,15/06/2023
ENERO - DICIEMBRE,2020,08/01/2021,JUNIN,SUPERIOR,FAMILIA,FAMILIA PENAL,EXPEDIENTE,,14,13,120114,JUNIN,HUANCAYO,EL TAMBO,15/06/2023
ENERO - DICIEMBRE,2020,08/01/2021,JUNIN,SUPERIOR,FAMILIA,FAMILIA TUTELAR,EXPEDIENTE,,3,3,120114,JUNIN,HUANCAYO,EL TAMBO,15/06/2023
ENERO - DICIEMBRE,2020,08/01/2021,JUNIN,SUPERIOR,FAMILIA,VIOLENCIA FAMILIAR,EXPEDIENTE,,46,46,120114,JUNIN,HUANCAYO,EL TAMBO,15/06/2023
ENERO - DICIEMBRE,2020,08/01/2021,JUNIN,SUPERIOR,PENAL,PENAL,APELACION DENUNCIA,DELITOS DE CORRUPCION DE FUNCIONARIOS,55,53,120114,JUNIN,HUANCAYO,EL TAMBO,15/06/2023
ENERO - DICIEMBRE,2020,08/01/2021,JUNIN,SUPERIOR,PENAL,PENAL,CONSULTAS,DELITOS DE CORRUPCION DE FUNCIONARIOS,3,3,120114,JUNIN,HUANCAYO,EL TAMBO,15/06/2023
ENERO - DICIEMBRE,2020,08/01/2021,JUNIN,SUPERIOR,PENAL,PENAL,EXCLUSION FISCAL,DELITOS DE CORRUPCION DE FUNCIONARIOS,3,3,120114,JUNIN,HUANCAYO,EL TAMBO,15/06/2023
ENERO - DICIEMBRE,2020,08/01/2021,JUNIN,SUPERIOR,PENAL,PENAL,QUEJAS,DELITOS DE CORRUPCION DE FUNCIONARIOS,24,23,120114,JUNIN,HUANCAYO,EL TAMBO,15/06/2023
ENERO - DICIEMBRE,2020,08/01/2021,JUNIN,SUPERIOR,PENAL,PENAL,APELACION DENUNCIA,,352,352,120114,JUNIN,HUANCAYO,EL TAMBO,15/06/2023
ENERO - DICIEMBRE,2020,08/01/2021,JUNIN,SUPERIOR,PENAL,PENAL,APELACION EXPEDIENTE,,229,229,120114,JUNIN,HUANCAYO,EL TAMBO,15/06/2023
ENERO - DICIEMBRE,2020,08/01/2021,JUNIN,SUPERIOR,PENAL,PENAL,CONSULTAS,,81,80,120114,JUNIN,HUANCAYO,EL TAMBO,15/06/2023
ENERO - DICIEMBRE,2020,08/01/2021,JUNIN,SUPERIOR,PENAL,PENAL,EXCLUSION FISCAL,,21,21,120114,JUNIN,HUANCAYO,EL TAMBO,15/06/2023
ENERO - DICIEMBRE,2020,08/01/2021,JUNIN,SUPERIOR,PENAL,PENAL,EXPEDIENTE,,112,107,120114,JUNIN,HUANCAYO,EL TAMBO,15/06/2023
ENERO - DICIEMBRE,2020,08/01/2021,JUNIN,SUPERIOR,PENAL,PENAL,INCIDENTE-EXPEDIENTE,,2,1,120114,JUNIN,HUANCAYO,EL TAMBO,15/06/2023
ENERO - DICIEMBRE,2020,08/01/2021,JUNIN,SUPERIOR,PENAL,PENAL,QUEJAS,,408,408,120114,JUNIN,HUANCAYO,EL TAMBO,15/06/2023
ENERO - DICIEMBRE,2020,08/01/2021,LA LIBERTAD,PROVINCIAL,CIVIL,CIVIL,EXPEDIENTE,,54,9,130101,LA LIBERTAD,TRUJILLO,TRUJILLO,15/06/2023
ENERO - DICIEMBRE,2020,08/01/2021,LA LIBERTAD,PROVINCIAL,FAMILIA,ACTOS CONTRA LA LIBERTAD SEXUAL,DENUNCIA,,235,190,130101,LA LIBERTAD,TRUJILLO,TRUJILLO,15/06/2023
ENERO - DICIEMBRE,2020,08/01/2021,LA LIBERTAD,PROVINCIAL,FAMILIA,FAMILIA CIVIL,EXPEDIENTE,,399,339,130101,LA LIBERTAD,TRUJILLO,TRUJILLO,15/06/2023
ENERO - DICIEMBRE,2020,08/01/2021,LA LIBERTAD,PROVINCIAL,FAMILIA,FAMILIA PENAL,DENUNCIA,,732,400,130101,LA LIBERTAD,TRUJILLO,TRUJILLO,15/06/2023
ENERO - DICIEMBRE,2020,08/01/2021,LA LIBERTAD,PROVINCIAL,FAMILIA,FAMILIA PENAL,EXPEDIENTE,,213,180,130101,LA LIBERTAD,TRUJILLO,TRUJILLO,15/06/2023
ENERO - DICIEMBRE,2020,08/01/2021,LA LIBERTAD,PROVINCIAL,FAMILIA,FAMILIA TUTELAR,DENUNCIA,,384,249,130101,LA LIBERTAD,TRUJILLO,TRUJILLO,15/06/2023
ENERO - DICIEMBRE,2020,08/01/2021,LA LIBERTAD,PROVINCIAL,FAMILIA,FAMILIA TUTELAR,EXPEDIENTE,,127,118,130101,LA LIBERTAD,TRUJILLO,TRUJILLO,15/06/2023
ENERO - DICIEMBRE,2020,08/01/2021,LA LIBERTAD,PROVINCIAL,FAMILIA,VIOLENCIA FAMILIAR,DENUNCIA,,67,37,130101,LA LIBERTAD,TRUJILLO,TRUJILLO,15/06/2023
ENERO - DICIEMBRE,2020,08/01/2021,LA LIBERTAD,PROVINCIAL,FAMILIA,VIOLENCIA FAMILIAR,EXPEDIENTE,,9,7,130101,LA LIBERTAD,TRUJILLO,TRUJILLO,15/06/2023
ENERO - DICIEMBRE,2020,08/01/2021,LA LIBERTAD,PROVINCIAL,PENAL,PENAL,DENUNCIA,CRIMINALIDAD ORGANIZADA,43,38,130101,LA LIBERTAD,TRUJILLO,TRUJILLO,15/06/2023
ENERO - DICIEMBRE,2020,08/01/2021,LA LIBERTAD,PROVINCIAL,PENAL,PENAL,DENUNCIA,DELITOS DE CORRUPCION DE FUNCIONARIOS,386,291,130101,LA LIBERTAD,TRUJILLO,TRUJILLO,15/06/2023
ENERO - DICIEMBRE,2020,08/01/2021,LA LIBERTAD,PROVINCIAL,PENAL,PENAL,DENUNCIA,MATERIA AMBIENTAL,216,216,130101,LA LIBERTAD,TRUJILLO,TRUJILLO,15/06/2023
ENERO - DICIEMBRE,2020,08/01/2021,LA LIBERTAD,PROVINCIAL,PENAL,PENAL,INVESTIGACION PREVENTIVA,MATERIA AMBIENTAL,18,18,130101,LA LIBERTAD,TRUJILLO,TRUJILLO,15/06/2023
ENERO - DICIEMBRE,2020,08/01/2021,LA LIBERTAD,PROVINCIAL,PENAL,PENAL,DENUNCIA,,31442,24745,130101,LA LIBERTAD,TRUJILLO,TRUJILLO,15/06/2023
ENERO - DICIEMBRE,2020,08/01/2021,LA LIBERTAD,PROVINCIAL,PENAL,PENAL,EXPEDIENTE,,11,9,130101,LA LIBERTAD,TRUJILLO,TRUJILLO,15/06/2023
ENERO - DICIEMBRE,2020,08/01/2021,LA LIBERTAD,PROVINCIAL,PENAL,PENAL,INVESTIGACION PREVENTIVA,,63,51,130101,LA LIBERTAD,TRUJILLO,TRUJILLO,15/06/2023
ENERO - DICIEMBRE,2020,08/01/2021,LA LIBERTAD,PROVINCIAL,PENAL,PENAL,DENUNCIA,VIOLENCIA CONTRA LA MUJER Y LOS INTEGRANTES DEL GRUPO FAMILIAR,3401,3316,130101,LA LIBERTAD,TRUJILLO,TRUJILLO,15/06/2023
ENERO - DICIEMBRE,2020,08/01/2021,LA LIBERTAD,PROVINCIAL,PENAL,PENAL,DENUNCIA,DELITOS DE TRAFICO ILICITO DE DROGAS,222,222,130101,LA LIBERTAD,TRUJILLO,TRUJILLO,15/06/2023
ENERO - DICIEMBRE,2020,08/01/2021,LA LIBERTAD,PROVINCIAL,PENAL,PENAL,INVESTIGACION PREVENTIVA,,198,198,130101,LA LIBERTAD,TRUJILLO,TRUJILLO,15/06/2023
ENERO - DICIEMBRE,2020,08/01/2021,LA LIBERTAD,SUPERIOR,CIVIL,CIVIL,EXPEDIENTE,,12,12,130101,LA LIBERTAD,TRUJILLO,TRUJILLO,15/06/2023
ENERO - DICIEMBRE,2020,08/01/2021,LA LIBERTAD,SUPERIOR,FAMILIA,FAMILIA CIVIL,EXPEDIENTE,,28,28,130101,LA LIBERTAD,TRUJILLO,TRUJILLO,15/06/2023
ENERO - DICIEMBRE,2020,08/01/2021,LA LIBERTAD,SUPERIOR,FAMILIA,FAMILIA PENAL,EXPEDIENTE,,44,44,130101,LA LIBERTAD,TRUJILLO,TRUJILLO,15/06/2023
ENERO - DICIEMBRE,2020,08/01/2021,LA LIBERTAD,SUPERIOR,FAMILIA,FAMILIA TUTELAR,EXPEDIENTE,,9,9,130101,LA LIBERTAD,TRUJILLO,TRUJILLO,15/06/2023
ENERO - DICIEMBRE,2020,08/01/2021,LA LIBERTAD,SUPERIOR,FAMILIA,VIOLENCIA FAMILIAR,EXPEDIENTE,,271,270,130101,LA LIBERTAD,TRUJILLO,TRUJILLO,15/06/2023
ENERO - DICIEMBRE,2020,08/01/2021,LA LIBERTAD,SUPERIOR,FAMILIA,VIOLENCIA FAMILIAR,INCIDENTE,,93,93,130101,LA LIBERTAD,TRUJILLO,TRUJILLO,15/06/2023
ENERO - DICIEMBRE,2020,08/01/2021,LA LIBERTAD,SUPERIOR,PENAL,PENAL,APELACION DENUNCIA,,1475,1465,130101,LA LIBERTAD,TRUJILLO,TRUJILLO,15/06/2023
ENERO - DICIEMBRE,2020,08/01/2021,LA LIBERTAD,SUPERIOR,PENAL,PENAL,CONSULTAS,,83,80,130101,LA LIBERTAD,TRUJILLO,TRUJILLO,15/06/2023
ENERO - DICIEMBRE,2020,08/01/2021,LA LIBERTAD,SUPERIOR,PENAL,PENAL,EXCLUSION FISCAL,,34,32,130101,LA LIBERTAD,TRUJILLO,TRUJILLO,15/06/2023
ENERO - DICIEMBRE,2020,08/01/2021,LA LIBERTAD,SUPERIOR,PENAL,PENAL,QUEJAS,,789,697,130101,LA LIBERTAD,TRUJILLO,TRUJILLO,15/06/2023
ENERO - DICIEMBRE,2020,08/01/2021,LA LIBERTAD,SUPERIOR,PENAL,PENAL,EXPEDIENTE,,106,87,130101,LA LIBERTAD,TRUJILLO,TRUJILLO,15/06/2023
ENERO - DICIEMBRE,2020,08/01/2021,LAMBAYEQUE,PROVINCIAL,CIVIL,CIVIL,EXPEDIENTE,,23,9,140101,LAMBAYEQUE,CHICLAYO,CHICLAYO,15/06/2023
ENERO - DICIEMBRE,2020,08/01/2021,LAMBAYEQUE,PROVINCIAL,FAMILIA,ACTOS CONTRA LA LIBERTAD SEXUAL,DENUNCIA,,28,23,140101,LAMBAYEQUE,CHICLAYO,CHICLAYO,15/06/2023
ENERO - DICIEMBRE,2020,08/01/2021,LAMBAYEQUE,PROVINCIAL,FAMILIA,FAMILIA CIVIL,EXPEDIENTE,,983,740,140101,LAMBAYEQUE,CHICLAYO,CHICLAYO,15/06/2023
ENERO - DICIEMBRE,2020,08/01/2021,LAMBAYEQUE,PROVINCIAL,FAMILIA,FAMILIA PENAL,DENUNCIA,,1077,686,140101,LAMBAYEQUE,CHICLAYO,CHICLAYO,15/06/2023
ENERO - DICIEMBRE,2020,08/01/2021,LAMBAYEQUE,PROVINCIAL,FAMILIA,FAMILIA PENAL,EXPEDIENTE,,184,138,140101,LAMBAYEQUE,CHICLAYO,CHICLAYO,15/06/2023
ENERO - DICIEMBRE,2020,08/01/2021,LAMBAYEQUE,PROVINCIAL,FAMILIA,FAMILIA TUTELAR,DENUNCIA,,277,229,140101,LAMBAYEQUE,CHICLAYO,CHICLAYO,15/06/2023
ENERO - DICIEMBRE,2020,08/01/2021,LAMBAYEQUE,PROVINCIAL,FAMILIA,FAMILIA TUTELAR,EXPEDIENTE,,125,82,140101,LAMBAYEQUE,CHICLAYO,CHICLAYO,15/06/2023
ENERO - DICIEMBRE,2020,08/01/2021,LAMBAYEQUE,PROVINCIAL,FAMILIA,VIOLENCIA FAMILIAR,DENUNCIA,,136,124,140101,LAMBAYEQUE,CHICLAYO,CHICLAYO,15/06/2023
ENERO - DICIEMBRE,2020,08/01/2021,LAMBAYEQUE,PROVINCIAL,FAMILIA,VIOLENCIA FAMILIAR,EXPEDIENTE,,2,2,140101,LAMBAYEQUE,CHICLAYO,CHICLAYO,15/06/2023
ENERO - DICIEMBRE,2020,08/01/2021,LAMBAYEQUE,PROVINCIAL,PENAL,PENAL,DENUNCIA,CRIMINALIDAD ORGANIZADA,40,34,140101,LAMBAYEQUE,CHICLAYO,CHICLAYO,15/06/2023
ENERO - DICIEMBRE,2020,08/01/2021,LAMBAYEQUE,PROVINCIAL,PENAL,PENAL,INVESTIGACION PREVENTIVA,,376,376,140101,LAMBAYEQUE,CHICLAYO,CHICLAYO,15/06/2023
ENERO - DICIEMBRE,2020,08/01/2021,LAMBAYEQUE,PROVINCIAL,PENAL,PENAL,INVESTIGACION PREVENTIVA,MATERIA AMBIENTAL,1,1,140101,LAMBAYEQUE,CHICLAYO,CHICLAYO,15/06/2023
ENERO - DICIEMBRE,2020,08/01/2021,LAMBAYEQUE,PROVINCIAL,PENAL,PENAL,DENUNCIA,DELITOS DE CORRUPCION DE FUNCIONARIOS,379,327,140101,LAMBAYEQUE,CHICLAYO,CHICLAYO,15/06/2023
ENERO - DICIEMBRE,2020,08/01/2021,LAMBAYEQUE,PROVINCIAL,PENAL,PENAL,DENUNCIA,,37588,31650,140101,LAMBAYEQUE,CHICLAYO,CHICLAYO,15/06/2023
ENERO - DICIEMBRE,2020,08/01/2021,LAMBAYEQUE,PROVINCIAL,PENAL,PENAL,EXPEDIENTE,,4,1,140101,LAMBAYEQUE,CHICLAYO,CHICLAYO,15/06/2023
ENERO - DICIEMBRE,2020,08/01/2021,LAMBAYEQUE,PROVINCIAL,PENAL,PENAL,DENUNCIA,VIOLENCIA CONTRA LA MUJER Y LOS INTEGRANTES DEL GRUPO FAMILIAR,6363,5809,140101,LAMBAYEQUE,CHICLAYO,CHICLAYO,15/06/2023
ENERO - DICIEMBRE,2020,08/01/2021,LAMBAYEQUE,PROVINCIAL,PENAL,PENAL,INVESTIGACION PREVENTIVA,,81,72,140101,LAMBAYEQUE,CHICLAYO,CHICLAYO,15/06/2023
ENERO - DICIEMBRE,2020,08/01/2021,LAMBAYEQUE,PROVINCIAL,PENAL,PENAL,DENUNCIA,MATERIA AMBIENTAL,359,345,140101,LAMBAYEQUE,CHICLAYO,CHICLAYO,15/06/2023
ENERO - DICIEMBRE,2020,08/01/2021,LAMBAYEQUE,PROVINCIAL,PENAL,PENAL,DENUNCIA,DELITOS DE TRAFICO ILICITO DE DROGAS,112,112,140101,LAMBAYEQUE,CHICLAYO,CHICLAYO,15/06/2023
ENERO - DICIEMBRE,2020,08/01/2021,LAMBAYEQUE,PROVINCIAL,PENAL,PENAL,DENUNCIA,,1,1,140101,LAMBAYEQUE,CHICLAYO,CHICLAYO,15/06/2023
ENERO - DICIEMBRE,2020,08/01/2021,LAMBAYEQUE,SUPERIOR,CIVIL,CIVIL,EXPEDIENTE,,7,7,140101,LAMBAYEQUE,CHICLAYO,CHICLAYO,15/06/2023
ENERO - DICIEMBRE,2020,08/01/2021,LAMBAYEQUE,SUPERIOR,FAMILIA,FAMILIA CIVIL,EXPEDIENTE,,45,41,140101,LAMBAYEQUE,CHICLAYO,CHICLAYO,15/06/2023
ENERO - DICIEMBRE,2020,08/01/2021,LAMBAYEQUE,SUPERIOR,FAMILIA,FAMILIA CIVIL,INCIDENTE,,1,1,140101,LAMBAYEQUE,CHICLAYO,CHICLAYO,15/06/2023
ENERO - DICIEMBRE,2020,08/01/2021,LAMBAYEQUE,SUPERIOR,FAMILIA,FAMILIA PENAL,EXPEDIENTE,,23,23,140101,LAMBAYEQUE,CHICLAYO,CHICLAYO,15/06/2023
ENERO - DICIEMBRE,2020,08/01/2021,LAMBAYEQUE,SUPERIOR,FAMILIA,FAMILIA PENAL,INCIDENTE,,1,1,140101,LAMBAYEQUE,CHICLAYO,CHICLAYO,15/06/2023
ENERO - DICIEMBRE,2020,08/01/2021,LAMBAYEQUE,SUPERIOR,FAMILIA,FAMILIA TUTELAR,EXPEDIENTE,,8,8,140101,LAMBAYEQUE,CHICLAYO,CHICLAYO,15/06/2023
ENERO - DICIEMBRE,2020,08/01/2021,LAMBAYEQUE,SUPERIOR,FAMILIA,VIOLENCIA FAMILIAR,EXPEDIENTE,,103,98,140101,LAMBAYEQUE,CHICLAYO,CHICLAYO,15/06/2023
ENERO - DICIEMBRE,2020,08/01/2021,LAMBAYEQUE,SUPERIOR,FAMILIA,VIOLENCIA FAMILIAR,INCIDENTE,,61,61,140101,LAMBAYEQUE,CHICLAYO,CHICLAYO,15/06/2023
ENERO - DICIEMBRE,2020,08/01/2021,LAMBAYEQUE,SUPERIOR,PENAL,PENAL,APELACION DENUNCIA,,1164,1163,140101,LAMBAYEQUE,CHICLAYO,CHICLAYO,15/06/2023
ENERO - DICIEMBRE,2020,08/01/2021,LAMBAYEQUE,SUPERIOR,PENAL,PENAL,APELACION EXPEDIENTE,,8,8,140101,LAMBAYEQUE,CHICLAYO,CHICLAYO,15/06/2023
ENERO - DICIEMBRE,2020,08/01/2021,LAMBAYEQUE,SUPERIOR,PENAL,PENAL,CONSULTAS,,230,229,140101,LAMBAYEQUE,CHICLAYO,CHICLAYO,15/06/2023
ENERO - DICIEMBRE,2020,08/01/2021,LAMBAYEQUE,SUPERIOR,PENAL,PENAL,EXCLUSION FISCAL,,32,32,140101,LAMBAYEQUE,CHICLAYO,CHICLAYO,15/06/2023
ENERO - DICIEMBRE,2020,08/01/2021,LAMBAYEQUE,SUPERIOR,PENAL,PENAL,EXPEDIENTE,,57,54,140101,LAMBAYEQUE,CHICLAYO,CHICLAYO,15/06/2023
ENERO - DICIEMBRE,2020,08/01/2021,LAMBAYEQUE,SUPERIOR,PENAL,PENAL,INCIDENTE-EXPEDIENTE,,1,1,140101,LAMBAYEQUE,CHICLAYO,CHICLAYO,15/06/2023
ENERO - DICIEMBRE,2020,08/01/2021,LAMBAYEQUE,SUPERIOR,PENAL,PENAL,QUEJAS,,1055,1035,140101,LAMBAYEQUE,CHICLAYO,CHICLAYO,15/06/2023
ENERO - DICIEMBRE,2020,08/01/2021,LIMA CENTRO,PROVINCIAL,CIVIL,CIVIL,EXPEDIENTE,,200,168,150101,LIMA,LIMA,LIMA,15/06/2023
ENERO - DICIEMBRE,2020,08/01/2021,LIMA CENTRO,PROVINCIAL,FAMILIA,ACTOS CONTRA LA LIBERTAD SEXUAL,DENUNCIA,,334,315,150101,LIMA,LIMA,LIMA,15/06/2023
ENERO - DICIEMBRE,2020,08/01/2021,LIMA CENTRO,PROVINCIAL,FAMILIA,FAMILIA CIVIL,EXPEDIENTE,,972,950,150101,LIMA,LIMA,LIMA,15/06/2023
ENERO - DICIEMBRE,2020,08/01/2021,LIMA CENTRO,PROVINCIAL,FAMILIA,FAMILIA PENAL,DENUNCIA,,803,697,150101,LIMA,LIMA,LIMA,15/06/2023
ENERO - DICIEMBRE,2020,08/01/2021,LIMA CENTRO,PROVINCIAL,FAMILIA,FAMILIA PENAL,EXPEDIENTE,,247,240,150101,LIMA,LIMA,LIMA,15/06/2023
ENERO - DICIEMBRE,2020,08/01/2021,LIMA CENTRO,PROVINCIAL,FAMILIA,FAMILIA TUTELAR,DENUNCIA,,1572,1314,150101,LIMA,LIMA,LIMA,15/06/2023
ENERO - DICIEMBRE,2020,08/01/2021,LIMA CENTRO,PROVINCIAL,FAMILIA,FAMILIA TUTELAR,EXPEDIENTE,,31,31,150101,LIMA,LIMA,LIMA,15/06/2023
ENERO - DICIEMBRE,2020,08/01/2021,LIMA CENTRO,PROVINCIAL,FAMILIA,VIOLENCIA FAMILIAR,DENUNCIA,,119,117,150101,LIMA,LIMA,LIMA,15/06/2023
ENERO - DICIEMBRE,2020,08/01/2021,LIMA CENTRO,PROVINCIAL,FAMILIA,VIOLENCIA FAMILIAR,EXPEDIENTE,,6,6,150101,LIMA,LIMA,LIMA,15/06/2023
ENERO - DICIEMBRE,2020,08/01/2021,LIMA CENTRO,PROVINCIAL,PENAL,PENAL,DENUNCIA,CRIMINALIDAD ORGANIZADA,178,120,150101,LIMA,LIMA,LIMA,15/06/2023
ENERO - DICIEMBRE,2020,08/01/2021,LIMA CENTRO,PROVINCIAL,PENAL,PENAL,DENUNCIA,TRANSITO Y SEGURIDAD VIAL,914,665,150101,LIMA,LIMA,LIMA,15/06/2023
ENERO - DICIEMBRE,2020,08/01/2021,LIMA CENTRO,PROVINCIAL,PENAL,PENAL,EXPEDIENTE,TRANSITO Y SEGURIDAD VIAL,468,436,150101,LIMA,LIMA,LIMA,15/06/2023
ENERO - DICIEMBRE,2020,08/01/2021,LIMA CENTRO,PROVINCIAL,PENAL,PENAL,DENUNCIA,,1999,1983,150101,LIMA,LIMA,LIMA,15/06/2023
ENERO - DICIEMBRE,2020,08/01/2021,LIMA CENTRO,PROVINCIAL,PENAL,PENAL,DENUNCIA,VIOLENCIA CONTRA LA MUJER Y LOS INTEGRANTES DEL GRUPO FAMILIAR,23443,15336,150101,LIMA,LIMA,LIMA,15/06/2023
ENERO - DICIEMBRE,2020,08/01/2021,LIMA CENTRO,PROVINCIAL,PENAL,PENAL,EXPEDIENTE,VIOLENCIA CONTRA LA MUJER Y LOS INTEGRANTES DEL GRUPO FAMILIAR,268,258,150101,LIMA,LIMA,LIMA,15/06/2023
ENERO - DICIEMBRE,2020,08/01/2021,LIMA CENTRO,PROVINCIAL,PENAL,PENAL,DENUNCIA,LAVADO DE ACTIVOS Y PERDIDA DE DOMINIO,248,215,150101,LIMA,LIMA,LIMA,15/06/2023
ENERO - DICIEMBRE,2020,08/01/2021,LIMA CENTRO,PROVINCIAL,PENAL,PENAL,DENUNCIA,LAVADO DE ACTIVOS Y PERDIDA DE DOMINIO,89,37,150101,LIMA,LIMA,LIMA,15/06/2023
ENERO - DICIEMBRE,2020,08/01/2021,LIMA CENTRO,PROVINCIAL,PENAL,PENAL,EXPEDIENTE,LAVADO DE ACTIVOS Y PERDIDA DE DOMINIO,2,1,150101,LIMA,LIMA,LIMA,15/06/2023
ENERO - DICIEMBRE,2020,08/01/2021,LIMA CENTRO,PROVINCIAL,PENAL,PENAL,DENUNCIA,DELITOS ADUANEROS Y CONTRA LA PROPIEDAD INTELECTUAL,872,766,150101,LIMA,LIMA,LIMA,15/06/2023
ENERO - DICIEMBRE,2020,08/01/2021,LIMA CENTRO,PROVINCIAL,PENAL,PENAL,EXPEDIENTE,DELITOS ADUANEROS Y CONTRA LA PROPIEDAD INTELECTUAL,239,210,150101,LIMA,LIMA,LIMA,15/06/2023
ENERO - DICIEMBRE,2020,08/01/2021,LIMA CENTRO,PROVINCIAL,PENAL,PENAL,DENUNCIA,DELITOS DE TRATA DE PERSONAS,277,211,150101,LIMA,LIMA,LIMA,15/06/2023
ENERO - DICIEMBRE,2020,08/01/2021,LIMA CENTRO,PROVINCIAL,PENAL,PENAL,EXPEDIENTE,DELITOS DE TRATA DE PERSONAS,3,3,150101,LIMA,LIMA,LIMA,15/06/2023
ENERO - DICIEMBRE,2020,08/01/2021,LIMA CENTRO,PROVINCIAL,PENAL,PENAL,DENUNCIA,DELITOS TRIBUTARIOS,43,21,150101,LIMA,LIMA,LIMA,15/06/2023
ENERO - DICIEMBRE,2020,08/01/2021,LIMA CENTRO,PROVINCIAL,PENAL,PENAL,DENUNCIA,MATERIA AMBIENTAL,248,248,150101,LIMA,LIMA,LIMA,15/06/2023
ENERO - DICIEMBRE,2020,08/01/2021,LIMA CENTRO,PROVINCIAL,PENAL,PENAL,EXPEDIENTE,MATERIA AMBIENTAL,13,9,150101,LIMA,LIMA,LIMA,15/06/2023
ENERO - DICIEMBRE,2020,08/01/2021,LIMA CENTRO,PROVINCIAL,PENAL,PENAL,DENUNCIA,,35156,31135,150101,LIMA,LIMA,LIMA,15/06/2023
ENERO - DICIEMBRE,2020,08/01/2021,LIMA CENTRO,PROVINCIAL,PENAL,PENAL,DENUNCIA,,692,661,150101,LIMA,LIMA,LIMA,15/06/2023
ENERO - DICIEMBRE,2020,08/01/2021,LIMA CENTRO,PROVINCIAL,PENAL,PENAL,EXPEDIENTE,,162,161,150101,LIMA,LIMA,LIMA,15/06/2023
ENERO - DICIEMBRE,2020,08/01/2021,LIMA CENTRO,PROVINCIAL,PENAL,PENAL,EXPEDIENTE,,5055,4630,150101,LIMA,LIMA,LIMA,15/06/2023
ENERO - DICIEMBRE,2020,08/01/2021,LIMA CENTRO,PROVINCIAL,PENAL,PENAL,DENUNCIA,DELITOS DE CORRUPCION DE FUNCIONARIOS,705,607,150101,LIMA,LIMA,LIMA,15/06/2023
ENERO - DICIEMBRE,2020,08/01/2021,LIMA CENTRO,PROVINCIAL,PENAL,PENAL,DENUNCIA,DELITOS DE CORRUPCION DE FUNCIONARIOS,27,23,150101,LIMA,LIMA,LIMA,15/06/2023
ENERO - DICIEMBRE,2020,08/01/2021,LIMA CENTRO,PROVINCIAL,PENAL,PENAL,EXPEDIENTE,DELITOS DE CORRUPCION DE FUNCIONARIOS,1,0,150101,LIMA,LIMA,LIMA,15/06/2023
ENERO - DICIEMBRE,2020,08/01/2021,LIMA CENTRO,SUPERIOR,CIVIL,CIVIL,EXPEDIENTE,,9,8,150101,LIMA,LIMA,LIMA,15/06/2023
ENERO - DICIEMBRE,2020,08/01/2021,LIMA CENTRO,SUPERIOR,FAMILIA,FAMILIA CIVIL,INCIDENTE,,11,11,150101,LIMA,LIMA,LIMA,15/06/2023
ENERO - DICIEMBRE,2020,08/01/2021,LIMA CENTRO,SUPERIOR,FAMILIA,FAMILIA CIVIL,EXPEDIENTE,,365,336,150101,LIMA,LIMA,LIMA,15/06/2023
ENERO - DICIEMBRE,2020,08/01/2021,LIMA CENTRO,SUPERIOR,FAMILIA,FAMILIA PENAL,EXPEDIENTE,,27,25,150101,LIMA,LIMA,LIMA,15/06/2023
ENERO - DICIEMBRE,2020,08/01/2021,LIMA CENTRO,SUPERIOR,FAMILIA,FAMILIA PENAL,INCIDENTE,,1,1,150101,LIMA,LIMA,LIMA,15/06/2023
ENERO - DICIEMBRE,2020,08/01/2021,LIMA CENTRO,SUPERIOR,FAMILIA,FAMILIA TUTELAR,EXPEDIENTE,,4,3,150101,LIMA,LIMA,LIMA,15/06/2023
ENERO - DICIEMBRE,2020,08/01/2021,LIMA CENTRO,SUPERIOR,FAMILIA,VIOLENCIA FAMILIAR,EXPEDIENTE,,265,199,150101,LIMA,LIMA,LIMA,15/06/2023
ENERO - DICIEMBRE,2020,08/01/2021,LIMA CENTRO,SUPERIOR,FAMILIA,VIOLENCIA FAMILIAR,INCIDENTE,,209,145,150101,LIMA,LIMA,LIMA,15/06/2023
ENERO - DICIEMBRE,2020,08/01/2021,LIMA CENTRO,SUPERIOR,PENAL,PENAL,APELACION DENUNCIA,CRIMINALIDAD ORGANIZADA,141,140,150101,LIMA,LIMA,LIMA,15/06/2023
ENERO - DICIEMBRE,2020,08/01/2021,LIMA CENTRO,SUPERIOR,PENAL,PENAL,APELACION EXPEDIENTE,CRIMINALIDAD ORGANIZADA,29,29,150101,LIMA,LIMA,LIMA,15/06/2023
ENERO - DICIEMBRE,2020,08/01/2021,LIMA CENTRO,SUPERIOR,PENAL,PENAL,CONSULTAS,CRIMINALIDAD ORGANIZADA,7,7,150101,LIMA,LIMA,LIMA,15/06/2023
ENERO - DICIEMBRE,2020,08/01/2021,LIMA CENTRO,SUPERIOR,PENAL,PENAL,EXCLUSION FISCAL,CRIMINALIDAD ORGANIZADA,1,1,150101,LIMA,LIMA,LIMA,15/06/2023
ENERO - DICIEMBRE,2020,08/01/2021,LIMA CENTRO,SUPERIOR,PENAL,PENAL,EXPEDIENTE,CRIMINALIDAD ORGANIZADA,62,51,150101,LIMA,LIMA,LIMA,15/06/2023
ENERO - DICIEMBRE,2020,08/01/2021,LIMA CENTRO,SUPERIOR,PENAL,PENAL,INCIDENTE-EXPEDIENTE,CRIMINALIDAD ORGANIZADA,3,3,150101,LIMA,LIMA,LIMA,15/06/2023
ENERO - DICIEMBRE,2020,08/01/2021,LIMA CENTRO,SUPERIOR,PENAL,PENAL,QUEJAS,CRIMINALIDAD ORGANIZADA,44,44,150101,LIMA,LIMA,LIMA,15/06/2023
ENERO - DICIEMBRE,2020,08/01/2021,LIMA CENTRO,SUPERIOR,PENAL,PENAL,EXPEDIENTE,,1801,1719,150101,LIMA,LIMA,LIMA,15/06/2023
ENERO - DICIEMBRE,2020,08/01/2021,LIMA CENTRO,SUPERIOR,PENAL,PENAL,EXPEDIENTE,VIOLENCIA CONTRA LA MUJER Y LOS INTEGRANTES DEL GRUPO FAMILIAR,44,41,150101,LIMA,LIMA,LIMA,15/06/2023
ENERO - DICIEMBRE,2020,08/01/2021,LIMA CENTRO,SUPERIOR,PENAL,PENAL,QUEJAS,VIOLENCIA CONTRA LA MUJER Y LOS INTEGRANTES DEL GRUPO FAMILIAR,181,155,150101,LIMA,LIMA,LIMA,15/06/2023
ENERO - DICIEMBRE,2020,08/01/2021,LIMA CENTRO,SUPERIOR,PENAL,PENAL,QUEJAS,,3334,2829,150101,LIMA,LIMA,LIMA,15/06/2023
ENERO - DICIEMBRE,2020,08/01/2021,LIMA CENTRO,SUPERIOR,PENAL,PENAL,CONSULTAS,LAVADO DE ACTIVOS Y PERDIDA DE DOMINIO,111,111,150101,LIMA,LIMA,LIMA,15/06/2023
ENERO - DICIEMBRE,2020,08/01/2021,LIMA CENTRO,SUPERIOR,PENAL,PENAL,EXCLUSION FISCAL,LAVADO DE ACTIVOS Y PERDIDA DE DOMINIO,6,6,150101,LIMA,LIMA,LIMA,15/06/2023
ENERO - DICIEMBRE,2020,08/01/2021,LIMA CENTRO,SUPERIOR,PENAL,PENAL,EXPEDIENTE,LAVADO DE ACTIVOS Y PERDIDA DE DOMINIO,35,27,150101,LIMA,LIMA,LIMA,15/06/2023
ENERO - DICIEMBRE,2020,08/01/2021,LIMA CENTRO,SUPERIOR,PENAL,PENAL,INCIDENTE-EXPEDIENTE,LAVADO DE ACTIVOS Y PERDIDA DE DOMINIO,4,4,150101,LIMA,LIMA,LIMA,15/06/2023
ENERO - DICIEMBRE,2020,08/01/2021,LIMA CENTRO,SUPERIOR,PENAL,PENAL,EXPEDIENTE,DELITOS DE TRATA DE PERSONAS,21,6,150101,LIMA,LIMA,LIMA,15/06/2023
ENERO - DICIEMBRE,2020,08/01/2021,LIMA CENTRO,SUPERIOR,PENAL,PENAL,QUEJAS,DELITOS DE TRATA DE PERSONAS,4,3,150101,LIMA,LIMA,LIMA,15/06/2023
ENERO - DICIEMBRE,2020,08/01/2021,LIMA CENTRO,SUPERIOR,PENAL,PENAL,QUEJAS,,125,41,150101,LIMA,LIMA,LIMA,15/06/2023
ENERO - DICIEMBRE,2020,08/01/2021,LIMA CENTRO,SUPERIOR,PENAL,PENAL,EXCLUSION FISCAL,DELITOS DE CORRUPCION DE FUNCIONARIOS,3,3,150101,LIMA,LIMA,LIMA,15/06/2023
ENERO - DICIEMBRE,2020,08/01/2021,LIMA CENTRO,SUPERIOR,PENAL,PENAL,EXPEDIENTE,DELITOS DE CORRUPCION DE FUNCIONARIOS,21,18,150101,LIMA,LIMA,LIMA,15/06/2023
ENERO - DICIEMBRE,2020,08/01/2021,LIMA CENTRO,SUPERIOR,PENAL,PENAL,INCIDENTE-EXPEDIENTE,DELITOS DE CORRUPCION DE FUNCIONARIOS,7,7,150101,LIMA,LIMA,LIMA,15/06/2023
ENERO - DICIEMBRE,2020,08/01/2021,LIMA CENTRO,SUPERIOR,PENAL,PENAL,QUEJAS,DELITOS DE CORRUPCION DE FUNCIONARIOS,153,146,150101,LIMA,LIMA,LIMA,15/06/2023
ENERO - DICIEMBRE,2020,08/01/2021,LIMA CENTRO,SUPERIOR,PENAL,PENAL,EXPEDIENTE,,176,115,150101,LIMA,LIMA,LIMA,15/06/2023
ENERO - DICIEMBRE,2020,08/01/2021,LIMA CENTRO,SUPERIOR,PENAL,PENAL,APELACION DENUNCIA,DELITOS DE CORRUPCION DE FUNCIONARIOS,114,114,150101,LIMA,LIMA,LIMA,15/06/2023
ENERO - DICIEMBRE,2020,08/01/2021,LIMA CENTRO,SUPERIOR,PENAL,PENAL,APELACION DENUNCIA,DELITOS DE CORRUPCION DE FUNCIONARIOS,44,44,150101,LIMA,LIMA,LIMA,15/06/2023
ENERO - DICIEMBRE,2020,08/01/2021,LIMA CENTRO,SUPERIOR,PENAL,PENAL,CONSULTAS,DELITOS DE CORRUPCION DE FUNCIONARIOS,25,24,150101,LIMA,LIMA,LIMA,15/06/2023
ENERO - DICIEMBRE,2020,08/01/2021,LIMA CENTRO,SUPERIOR,PENAL,PENAL,QUEJAS,DELITOS DE CORRUPCION DE FUNCIONARIOS,3,3,150101,LIMA,LIMA,LIMA,15/06/2023
ENERO - DICIEMBRE,2020,08/01/2021,LIMA CENTRO,SUPERIOR,PENAL,PENAL,APELACION DENUNCIA,LAVADO DE ACTIVOS Y PERDIDA DE DOMINIO,37,37,150101,LIMA,LIMA,LIMA,15/06/2023
ENERO - DICIEMBRE,2020,08/01/2021,LIMA CENTRO,SUPERIOR,PENAL,PENAL,APELACION EXPEDIENTE,LAVADO DE ACTIVOS Y PERDIDA DE DOMINIO,34,33,150101,LIMA,LIMA,LIMA,15/06/2023
ENERO - DICIEMBRE,2020,08/01/2021,LIMA CENTRO,SUPERIOR,PENAL,PENAL,QUEJAS,LAVADO DE ACTIVOS Y PERDIDA DE DOMINIO,149,131,150101,LIMA,LIMA,LIMA,15/06/2023
ENERO - DICIEMBRE,2020,08/01/2021,LIMA CENTRO,SUPERIOR,PENAL,PENAL,APELACION EXPEDIENTE,DELITOS DE CORRUPCION DE FUNCIONARIOS,45,45,150101,LIMA,LIMA,LIMA,15/06/2023
ENERO - DICIEMBRE,2020,08/01/2021,LIMA CENTRO,SUPREMA,CIVIL,CIVIL,PROCESO CIVIL,,32,33,150101,LIMA,LIMA,LIMA,15/06/2023
ENERO - DICIEMBRE,2020,08/01/2021,LIMA CENTRO,SUPREMA,CONTENCIOSO ADMINISTRATIVO,CONTENCIOSO ADMINISTRATIVO,PROCESO CONTENCIOSO,,179,195,150101,LIMA,LIMA,LIMA,15/06/2023
ENERO - DICIEMBRE,2020,08/01/2021,LIMA CENTRO,SUPREMA,CONTROL INTERNO,CONTROL INTERNO,QUEJAS,,8934,7992,150101,LIMA,LIMA,LIMA,15/06/2023
ENERO - DICIEMBRE,2020,08/01/2021,LIMA CENTRO,SUPREMA,PENAL,PENAL,PROCESO PENAL,,1176,1277,150101,LIMA,LIMA,LIMA,15/06/2023
ENERO - DICIEMBRE,2020,08/01/2021,LIMA CENTRO,SUPREMA,PENAL,PENAL,PROCESO PENAL,DELITOS DE CORRUPCION DE FUNCIONARIOS,383,155,150101,LIMA,LIMA,LIMA,15/06/2023
ENERO - DICIEMBRE,2020,08/01/2021,LIMA ESTE,PROVINCIAL,CIVIL,CIVIL,EXPEDIENTE,,17,14,150137,LIMA,LIMA,SANTA ANITA,15/06/2023
ENERO - DICIEMBRE,2020,08/01/2021,LIMA ESTE,PROVINCIAL,FAMILIA,ACTOS CONTRA LA LIBERTAD SEXUAL,DENUNCIA,,70,38,150137,LIMA,LIMA,SANTA ANITA,15/06/2023
ENERO - DICIEMBRE,2020,08/01/2021,LIMA ESTE,PROVINCIAL,FAMILIA,FAMILIA CIVIL,EXPEDIENTE,,843,677,150137,LIMA,LIMA,SANTA ANITA,15/06/2023
ENERO - DICIEMBRE,2020,08/01/2021,LIMA ESTE,PROVINCIAL,FAMILIA,FAMILIA PENAL,DENUNCIA,,793,654,150137,LIMA,LIMA,SANTA ANITA,15/06/2023
ENERO - DICIEMBRE,2020,08/01/2021,LIMA ESTE,PROVINCIAL,FAMILIA,FAMILIA PENAL,EXPEDIENTE,,250,216,150137,LIMA,LIMA,SANTA ANITA,15/06/2023
ENERO - DICIEMBRE,2020,08/01/2021,LIMA ESTE,PROVINCIAL,FAMILIA,FAMILIA TUTELAR,DENUNCIA,,202,134,150137,LIMA,LIMA,SANTA ANITA,15/06/2023
ENERO - DICIEMBRE,2020,08/01/2021,LIMA ESTE,PROVINCIAL,FAMILIA,FAMILIA TUTELAR,EXPEDIENTE,,34,29,150137,LIMA,LIMA,SANTA ANITA,15/06/2023
ENERO - DICIEMBRE,2020,08/01/2021,LIMA ESTE,PROVINCIAL,FAMILIA,VIOLENCIA FAMILIAR,DENUNCIA,,10,6,150137,LIMA,LIMA,SANTA ANITA,15/06/2023
ENERO - DICIEMBRE,2020,08/01/2021,LIMA ESTE,PROVINCIAL,FAMILIA,VIOLENCIA FAMILIAR,EXPEDIENTE,,7,7,150137,LIMA,LIMA,SANTA ANITA,15/06/2023
ENERO - DICIEMBRE,2020,08/01/2021,LIMA ESTE,PROVINCIAL,PENAL,PENAL,DENUNCIA,,105,0,150137,LIMA,LIMA,SANTA ANITA,15/06/2023
ENERO - DICIEMBRE,2020,08/01/2021,LIMA ESTE,PROVINCIAL,PENAL,PENAL,DENUNCIA,VIOLENCIA CONTRA LA MUJER Y LOS INTEGRANTES DEL GRUPO FAMILIAR,28896,10433,150137,LIMA,LIMA,SANTA ANITA,15/06/2023
ENERO - DICIEMBRE,2020,08/01/2021,LIMA ESTE,PROVINCIAL,PENAL,PENAL,DENUNCIA,DELITOS DE CORRUPCION DE FUNCIONARIOS,181,152,150137,LIMA,LIMA,SANTA ANITA,15/06/2023
ENERO - DICIEMBRE,2020,08/01/2021,LIMA ESTE,PROVINCIAL,PENAL,PENAL,EXPEDIENTE,VIOLENCIA CONTRA LA MUJER Y LOS INTEGRANTES DEL GRUPO FAMILIAR,16,15,150137,LIMA,LIMA,SANTA ANITA,15/06/2023
ENERO - DICIEMBRE,2020,08/01/2021,LIMA ESTE,PROVINCIAL,PENAL,PENAL,DENUNCIA,,58732,44203,150137,LIMA,LIMA,SANTA ANITA,15/06/2023
ENERO - DICIEMBRE,2020,08/01/2021,LIMA ESTE,PROVINCIAL,PENAL,PENAL,EXPEDIENTE,,2465,1863,150137,LIMA,LIMA,SANTA ANITA,15/06/2023
ENERO - DICIEMBRE,2020,08/01/2021,LIMA ESTE,SUPERIOR,CIVIL,CIVIL,EXPEDIENTE,,5,4,150137,LIMA,LIMA,SANTA ANITA,15/06/2023
ENERO - DICIEMBRE,2020,08/01/2021,LIMA ESTE,SUPERIOR,FAMILIA,FAMILIA CIVIL,EXPEDIENTE,,37,36,150137,LIMA,LIMA,SANTA ANITA,15/06/2023
ENERO - DICIEMBRE,2020,08/01/2021,LIMA ESTE,SUPERIOR,FAMILIA,FAMILIA PENAL,EXPEDIENTE,,29,29,150137,LIMA,LIMA,SANTA ANITA,15/06/2023
ENERO - DICIEMBRE,2020,08/01/2021,LIMA ESTE,SUPERIOR,FAMILIA,FAMILIA TUTELAR,EXPEDIENTE,,1,1,150137,LIMA,LIMA,SANTA ANITA,15/06/2023
ENERO - DICIEMBRE,2020,08/01/2021,LIMA ESTE,SUPERIOR,FAMILIA,VIOLENCIA FAMILIAR,EXPEDIENTE,,40,39,150137,LIMA,LIMA,SANTA ANITA,15/06/2023
ENERO - DICIEMBRE,2020,08/01/2021,LIMA ESTE,SUPERIOR,FAMILIA,VIOLENCIA FAMILIAR,INCIDENTE,,326,319,150137,LIMA,LIMA,SANTA ANITA,15/06/2023
ENERO - DICIEMBRE,2020,08/01/2021,LIMA ESTE,SUPERIOR,PENAL,PENAL,EXPEDIENTE,VIOLENCIA CONTRA LA MUJER Y LOS INTEGRANTES DEL GRUPO FAMILIAR,21,16,150137,LIMA,LIMA,SANTA ANITA,15/06/2023
ENERO - DICIEMBRE,2020,08/01/2021,LIMA ESTE,SUPERIOR,PENAL,PENAL,QUEJAS,VIOLENCIA CONTRA LA MUJER Y LOS INTEGRANTES DEL GRUPO FAMILIAR,60,59,150137,LIMA,LIMA,SANTA ANITA,15/06/2023
ENERO - DICIEMBRE,2020,08/01/2021,LIMA ESTE,SUPERIOR,PENAL,PENAL,APELACION DENUNCIA,,3,3,150137,LIMA,LIMA,SANTA ANITA,15/06/2023
ENERO - DICIEMBRE,2020,08/01/2021,LIMA ESTE,SUPERIOR,PENAL,PENAL,APELACION EXPEDIENTE,,350,349,150137,LIMA,LIMA,SANTA ANITA,15/06/2023
ENERO - DICIEMBRE,2020,08/01/2021,LIMA ESTE,SUPERIOR,PENAL,PENAL,CONSULTAS,,42,37,150137,LIMA,LIMA,SANTA ANITA,15/06/2023
ENERO - DICIEMBRE,2020,08/01/2021,LIMA ESTE,SUPERIOR,PENAL,PENAL,EXCLUSION FISCAL,,3,1,150137,LIMA,LIMA,SANTA ANITA,15/06/2023
ENERO - DICIEMBRE,2020,08/01/2021,LIMA ESTE,SUPERIOR,PENAL,PENAL,EXPEDIENTE,,289,246,150137,LIMA,LIMA,SANTA ANITA,15/06/2023
ENERO - DICIEMBRE,2020,08/01/2021,LIMA ESTE,SUPERIOR,PENAL,PENAL,INCIDENTE-EXPEDIENTE,,12,10,150137,LIMA,LIMA,SANTA ANITA,15/06/2023
ENERO - DICIEMBRE,2020,08/01/2021,LIMA ESTE,SUPERIOR,PENAL,PENAL,QUEJAS,,730,517,150137,LIMA,LIMA,SANTA ANITA,15/06/2023
ENERO - DICIEMBRE,2020,08/01/2021,LIMA ESTE,SUPERIOR,PENAL,PENAL,APELACION EXPEDIENTE,VIOLENCIA CONTRA LA MUJER Y LOS INTEGRANTES DEL GRUPO FAMILIAR,50,50,150137,LIMA,LIMA,SANTA ANITA,15/06/2023
ENERO - DICIEMBRE,2020,08/01/2021,LIMA NOROESTE,PROVINCIAL,CIVIL,CIVIL,EXPEDIENTE,,109,105,070106,CALLAO,CALLAO,VENTANILLA,15/06/2023
ENERO - DICIEMBRE,2020,08/01/2021,LIMA NOROESTE,PROVINCIAL,FAMILIA,ACTOS CONTRA LA LIBERTAD SEXUAL,DENUNCIA,,2,2,070106,CALLAO,CALLAO,VENTANILLA,15/06/2023
ENERO - DICIEMBRE,2020,08/01/2021,LIMA NOROESTE,PROVINCIAL,FAMILIA,FAMILIA CIVIL,EXPEDIENTE,,265,251,070106,CALLAO,CALLAO,VENTANILLA,15/06/2023
ENERO - DICIEMBRE,2020,08/01/2021,LIMA NOROESTE,PROVINCIAL,FAMILIA,FAMILIA PENAL,DENUNCIA,,311,285,070106,CALLAO,CALLAO,VENTANILLA,15/06/2023
ENERO - DICIEMBRE,2020,08/01/2021,LIMA NOROESTE,PROVINCIAL,FAMILIA,FAMILIA PENAL,EXPEDIENTE,,161,156,070106,CALLAO,CALLAO,VENTANILLA,15/06/2023
ENERO - DICIEMBRE,2020,08/01/2021,LIMA NOROESTE,PROVINCIAL,FAMILIA,FAMILIA TUTELAR,DENUNCIA,,63,62,070106,CALLAO,CALLAO,VENTANILLA,15/06/2023
ENERO - DICIEMBRE,2020,08/01/2021,LIMA NOROESTE,PROVINCIAL,FAMILIA,FAMILIA TUTELAR,EXPEDIENTE,,1,0,070106,CALLAO,CALLAO,VENTANILLA,15/06/2023
ENERO - DICIEMBRE,2020,08/01/2021,LIMA NOROESTE,PROVINCIAL,PENAL,PENAL,DENUNCIA,CRIMINALIDAD ORGANIZADA,22,22,070106,CALLAO,CALLAO,VENTANILLA,15/06/2023
ENERO - DICIEMBRE,2020,08/01/2021,LIMA NOROESTE,PROVINCIAL,PENAL,PENAL,DENUNCIA,DELITOS DE TRAFICO ILICITO DE DROGAS,75,75,070106,CALLAO,CALLAO,VENTANILLA,15/06/2023
ENERO - DICIEMBRE,2020,08/01/2021,LIMA NOROESTE,PROVINCIAL,PENAL,PENAL,DENUNCIA,DELITOS DE CORRUPCION DE FUNCIONARIOS,90,87,070106,CALLAO,CALLAO,VENTANILLA,15/06/2023
ENERO - DICIEMBRE,2020,08/01/2021,LIMA NOROESTE,PROVINCIAL,PENAL,PENAL,DENUNCIA,DELITOS ADUANEROS Y CONTRA LA PROPIEDAD INTELECTUAL,70,69,070106,CALLAO,CALLAO,VENTANILLA,15/06/2023
ENERO - DICIEMBRE,2020,08/01/2021,LIMA NOROESTE,PROVINCIAL,PENAL,PENAL,DENUNCIA,MATERIA AMBIENTAL,94,91,070106,CALLAO,CALLAO,VENTANILLA,15/06/2023
ENERO - DICIEMBRE,2020,08/01/2021,LIMA NOROESTE,PROVINCIAL,PENAL,PENAL,DENUNCIA,,1,1,070106,CALLAO,CALLAO,VENTANILLA,15/06/2023
ENERO - DICIEMBRE,2020,08/01/2021,LIMA NOROESTE,PROVINCIAL,PENAL,PENAL,INVESTIGACION PREVENTIVA,,56,50,070106,CALLAO,CALLAO,VENTANILLA,15/06/2023
ENERO - DICIEMBRE,2020,08/01/2021,LIMA NOROESTE,PROVINCIAL,PENAL,PENAL,DENUNCIA,VIOLENCIA CONTRA LA MUJER Y LOS INTEGRANTES DEL GRUPO FAMILIAR,10306,6311,070106,CALLAO,CALLAO,VENTANILLA,15/06/2023
ENERO - DICIEMBRE,2020,08/01/2021,LIMA NOROESTE,PROVINCIAL,PENAL,PENAL,DENUNCIA,,9734,9053,070106,CALLAO,CALLAO,VENTANILLA,15/06/2023
ENERO - DICIEMBRE,2020,08/01/2021,LIMA NOROESTE,PROVINCIAL,PENAL,PENAL,EXPEDIENTE,,1,1,070106,CALLAO,CALLAO,VENTANILLA,15/06/2023
ENERO - DICIEMBRE,2020,08/01/2021,LIMA NOROESTE,PROVINCIAL,PENAL,PENAL,INVESTIGACION PREVENTIVA,MATERIA AMBIENTAL,131,131,070106,CALLAO,CALLAO,VENTANILLA,15/06/2023
ENERO - DICIEMBRE,2020,08/01/2021,LIMA NOROESTE,SUPERIOR,CIVIL,CIVIL,EXPEDIENTE,,9,9,070106,CALLAO,CALLAO,VENTANILLA,15/06/2023
ENERO - DICIEMBRE,2020,08/01/2021,LIMA NOROESTE,SUPERIOR,FAMILIA,FAMILIA CIVIL,EXPEDIENTE,,14,14,070106,CALLAO,CALLAO,VENTANILLA,15/06/2023
ENERO - DICIEMBRE,2020,08/01/2021,LIMA NOROESTE,SUPERIOR,FAMILIA,FAMILIA CIVIL,INCIDENTE,,6,6,070106,CALLAO,CALLAO,VENTANILLA,15/06/2023
ENERO - DICIEMBRE,2020,08/01/2021,LIMA NOROESTE,SUPERIOR,FAMILIA,FAMILIA PENAL,EXPEDIENTE,,5,5,070106,CALLAO,CALLAO,VENTANILLA,15/06/2023
ENERO - DICIEMBRE,2020,08/01/2021,LIMA NOROESTE,SUPERIOR,FAMILIA,FAMILIA TUTELAR,EXPEDIENTE,,1,1,070106,CALLAO,CALLAO,VENTANILLA,15/06/2023
ENERO - DICIEMBRE,2020,08/01/2021,LIMA NOROESTE,SUPERIOR,FAMILIA,VIOLENCIA FAMILIAR,EXPEDIENTE,,5,5,070106,CALLAO,CALLAO,VENTANILLA,15/06/2023
ENERO - DICIEMBRE,2020,08/01/2021,LIMA NOROESTE,SUPERIOR,FAMILIA,VIOLENCIA FAMILIAR,INCIDENTE,,51,51,070106,CALLAO,CALLAO,VENTANILLA,15/06/2023
ENERO - DICIEMBRE,2020,08/01/2021,LIMA NOROESTE,SUPERIOR,PENAL,PENAL,QUEJAS,,251,235,070106,CALLAO,CALLAO,VENTANILLA,15/06/2023
ENERO - DICIEMBRE,2020,08/01/2021,LIMA NOROESTE,SUPERIOR,PENAL,PENAL,APELACION DENUNCIA,,306,301,070106,CALLAO,CALLAO,VENTANILLA,15/06/2023
ENERO - DICIEMBRE,2020,08/01/2021,LIMA NOROESTE,SUPERIOR,PENAL,PENAL,APELACION EXPEDIENTE,,1,1,070106,CALLAO,CALLAO,VENTANILLA,15/06/2023
ENERO - DICIEMBRE,2020,08/01/2021,LIMA NOROESTE,SUPERIOR,PENAL,PENAL,CONSULTAS,,64,61,070106,CALLAO,CALLAO,VENTANILLA,15/06/2023
ENERO - DICIEMBRE,2020,08/01/2021,LIMA NOROESTE,SUPERIOR,PENAL,PENAL,EXCLUSION FISCAL,,4,3,070106,CALLAO,CALLAO,VENTANILLA,15/06/2023
ENERO - DICIEMBRE,2020,08/01/2021,LIMA NOROESTE,SUPERIOR,PENAL,PENAL,EXPEDIENTE,,3,3,070106,CALLAO,CALLAO,VENTANILLA,15/06/2023
ENERO - DICIEMBRE,2020,08/01/2021,LIMA NOROESTE,SUPERIOR,PENAL,PENAL,INCIDENTE-EXPEDIENTE,,2,2,070106,CALLAO,CALLAO,VENTANILLA,15/06/2023
ENERO - DICIEMBRE,2020,08/01/2021,LIMA NORTE,PROVINCIAL,CIVIL,CIVIL,EXPEDIENTE,,180,173,150112,LIMA,LIMA,INDEPENDENCIA,15/06/2023
ENERO - DICIEMBRE,2020,08/01/2021,LIMA NORTE,PROVINCIAL,FAMILIA,ACTOS CONTRA LA LIBERTAD SEXUAL,DENUNCIA,,25,25,150112,LIMA,LIMA,INDEPENDENCIA,15/06/2023
ENERO - DICIEMBRE,2020,08/01/2021,LIMA NORTE,PROVINCIAL,FAMILIA,FAMILIA CIVIL,EXPEDIENTE,,1250,1219,150112,LIMA,LIMA,INDEPENDENCIA,15/06/2023
ENERO - DICIEMBRE,2020,08/01/2021,LIMA NORTE,PROVINCIAL,FAMILIA,FAMILIA PENAL,DENUNCIA,,877,811,150112,LIMA,LIMA,INDEPENDENCIA,15/06/2023
ENERO - DICIEMBRE,2020,08/01/2021,LIMA NORTE,PROVINCIAL,FAMILIA,FAMILIA PENAL,EXPEDIENTE,,222,217,150112,LIMA,LIMA,INDEPENDENCIA,15/06/2023
ENERO - DICIEMBRE,2020,08/01/2021,LIMA NORTE,PROVINCIAL,FAMILIA,FAMILIA TUTELAR,DENUNCIA,,650,592,150112,LIMA,LIMA,INDEPENDENCIA,15/06/2023
ENERO - DICIEMBRE,2020,08/01/2021,LIMA NORTE,PROVINCIAL,FAMILIA,FAMILIA TUTELAR,EXPEDIENTE,,31,30,150112,LIMA,LIMA,INDEPENDENCIA,15/06/2023
ENERO - DICIEMBRE,2020,08/01/2021,LIMA NORTE,PROVINCIAL,FAMILIA,VIOLENCIA FAMILIAR,DENUNCIA,,67,67,150112,LIMA,LIMA,INDEPENDENCIA,15/06/2023
ENERO - DICIEMBRE,2020,08/01/2021,LIMA NORTE,PROVINCIAL,FAMILIA,VIOLENCIA FAMILIAR,EXPEDIENTE,,3,3,150112,LIMA,LIMA,INDEPENDENCIA,15/06/2023
ENERO - DICIEMBRE,2020,08/01/2021,LIMA NORTE,PROVINCIAL,PENAL,PENAL,DENUNCIA,,13,11,150112,LIMA,LIMA,INDEPENDENCIA,15/06/2023
ENERO - DICIEMBRE,2020,08/01/2021,LIMA NORTE,PROVINCIAL,PENAL,PENAL,INVESTIGACION PREVENTIVA,,371,355,150112,LIMA,LIMA,INDEPENDENCIA,15/06/2023
ENERO - DICIEMBRE,2020,08/01/2021,LIMA NORTE,PROVINCIAL,PENAL,PENAL,DENUNCIA,VIOLENCIA CONTRA LA MUJER Y LOS INTEGRANTES DEL GRUPO FAMILIAR,29193,12392,150112,LIMA,LIMA,INDEPENDENCIA,15/06/2023
ENERO - DICIEMBRE,2020,08/01/2021,LIMA NORTE,PROVINCIAL,PENAL,PENAL,EXPEDIENTE,VIOLENCIA CONTRA LA MUJER Y LOS INTEGRANTES DEL GRUPO FAMILIAR,1,0,150112,LIMA,LIMA,INDEPENDENCIA,15/06/2023
ENERO - DICIEMBRE,2020,08/01/2021,LIMA NORTE,PROVINCIAL,PENAL,PENAL,INVESTIGACION PREVENTIVA,MATERIA AMBIENTAL,31,31,150112,LIMA,LIMA,INDEPENDENCIA,15/06/2023
ENERO - DICIEMBRE,2020,08/01/2021,LIMA NORTE,PROVINCIAL,PENAL,PENAL,DENUNCIA,DELITOS DE CORRUPCION DE FUNCIONARIOS,243,238,150112,LIMA,LIMA,INDEPENDENCIA,15/06/2023
ENERO - DICIEMBRE,2020,08/01/2021,LIMA NORTE,PROVINCIAL,PENAL,PENAL,DENUNCIA,DELITOS DE TRAFICO ILICITO DE DROGAS,186,179,150112,LIMA,LIMA,INDEPENDENCIA,15/06/2023
ENERO - DICIEMBRE,2020,08/01/2021,LIMA NORTE,PROVINCIAL,PENAL,PENAL,DENUNCIA,,21029,17269,150112,LIMA,LIMA,INDEPENDENCIA,15/06/2023
ENERO - DICIEMBRE,2020,08/01/2021,LIMA NORTE,PROVINCIAL,PENAL,PENAL,DENUNCIA,TRANSITO Y SEGURIDAD VIAL,3916,1889,150112,LIMA,LIMA,INDEPENDENCIA,15/06/2023
ENERO - DICIEMBRE,2020,08/01/2021,LIMA NORTE,PROVINCIAL,PENAL,PENAL,EXPEDIENTE,,134,92,150112,LIMA,LIMA,INDEPENDENCIA,15/06/2023
ENERO - DICIEMBRE,2020,08/01/2021,LIMA NORTE,PROVINCIAL,PENAL,PENAL,EXPEDIENTE,TRANSITO Y SEGURIDAD VIAL,21,8,150112,LIMA,LIMA,INDEPENDENCIA,15/06/2023
ENERO - DICIEMBRE,2020,08/01/2021,LIMA NORTE,PROVINCIAL,PENAL,PENAL,DENUNCIA,MATERIA AMBIENTAL,43,43,150112,LIMA,LIMA,INDEPENDENCIA,15/06/2023
ENERO - DICIEMBRE,2020,08/01/2021,LIMA NORTE,PROVINCIAL,PENAL,PENAL,EXPEDIENTE,MATERIA AMBIENTAL,4,2,150112,LIMA,LIMA,INDEPENDENCIA,15/06/2023
ENERO - DICIEMBRE,2020,08/01/2021,LIMA NORTE,PROVINCIAL,PENAL,PENAL,DENUNCIA,LAVADO DE ACTIVOS Y PERDIDA DE DOMINIO,28,27,150112,LIMA,LIMA,INDEPENDENCIA,15/06/2023
ENERO - DICIEMBRE,2020,08/01/2021,LIMA NORTE,PROVINCIAL,PENAL,PENAL,DENUNCIA,DELITOS DE TRATA DE PERSONAS,91,88,150112,LIMA,LIMA,INDEPENDENCIA,15/06/2023
ENERO - DICIEMBRE,2020,08/01/2021,LIMA NORTE,PROVINCIAL,PENAL,PENAL,DENUNCIA,DELITOS ADUANEROS Y CONTRA LA PROPIEDAD INTELECTUAL,67,67,150112,LIMA,LIMA,INDEPENDENCIA,15/06/2023
ENERO - DICIEMBRE,2020,08/01/2021,LIMA NORTE,PROVINCIAL,PENAL,PENAL,EXPEDIENTE,DELITOS ADUANEROS Y CONTRA LA PROPIEDAD INTELECTUAL,1,1,150112,LIMA,LIMA,INDEPENDENCIA,15/06/2023
ENERO - DICIEMBRE,2020,08/01/2021,LIMA NORTE,SUPERIOR,CIVIL,CIVIL,EXPEDIENTE,,30,30,150112,LIMA,LIMA,INDEPENDENCIA,15/06/2023
ENERO - DICIEMBRE,2020,08/01/2021,LIMA NORTE,SUPERIOR,FAMILIA,FAMILIA CIVIL,EXPEDIENTE,,190,179,150112,LIMA,LIMA,INDEPENDENCIA,15/06/2023
ENERO - DICIEMBRE,2020,08/01/2021,LIMA NORTE,SUPERIOR,FAMILIA,FAMILIA PENAL,EXPEDIENTE,,15,15,150112,LIMA,LIMA,INDEPENDENCIA,15/06/2023
ENERO - DICIEMBRE,2020,08/01/2021,LIMA NORTE,SUPERIOR,FAMILIA,FAMILIA TUTELAR,EXPEDIENTE,,2,2,150112,LIMA,LIMA,INDEPENDENCIA,15/06/2023
ENERO - DICIEMBRE,2020,08/01/2021,LIMA NORTE,SUPERIOR,FAMILIA,VIOLENCIA FAMILIAR,EXPEDIENTE,,312,309,150112,LIMA,LIMA,INDEPENDENCIA,15/06/2023
ENERO - DICIEMBRE,2020,08/01/2021,LIMA NORTE,SUPERIOR,PENAL,PENAL,APELACION DENUNCIA,VIOLENCIA CONTRA LA MUJER Y LOS INTEGRANTES DEL GRUPO FAMILIAR,114,114,150112,LIMA,LIMA,INDEPENDENCIA,15/06/2023
ENERO - DICIEMBRE,2020,08/01/2021,LIMA NORTE,SUPERIOR,PENAL,PENAL,APELACION DENUNCIA,DELITOS DE CORRUPCION DE FUNCIONARIOS,48,48,150112,LIMA,LIMA,INDEPENDENCIA,15/06/2023
ENERO - DICIEMBRE,2020,08/01/2021,LIMA NORTE,SUPERIOR,PENAL,PENAL,CONSULTAS,DELITOS DE CORRUPCION DE FUNCIONARIOS,3,3,150112,LIMA,LIMA,INDEPENDENCIA,15/06/2023
ENERO - DICIEMBRE,2020,08/01/2021,LIMA NORTE,SUPERIOR,PENAL,PENAL,EXCLUSION FISCAL,DELITOS DE CORRUPCION DE FUNCIONARIOS,1,1,150112,LIMA,LIMA,INDEPENDENCIA,15/06/2023
ENERO - DICIEMBRE,2020,08/01/2021,LIMA NORTE,SUPERIOR,PENAL,PENAL,EXPEDIENTE,DELITOS DE CORRUPCION DE FUNCIONARIOS,1,1,150112,LIMA,LIMA,INDEPENDENCIA,15/06/2023
ENERO - DICIEMBRE,2020,08/01/2021,LIMA NORTE,SUPERIOR,PENAL,PENAL,QUEJAS,DELITOS DE CORRUPCION DE FUNCIONARIOS,28,28,150112,LIMA,LIMA,INDEPENDENCIA,15/06/2023
ENERO - DICIEMBRE,2020,08/01/2021,LIMA NORTE,SUPERIOR,PENAL,PENAL,APELACION DENUNCIA,,505,499,150112,LIMA,LIMA,INDEPENDENCIA,15/06/2023
ENERO - DICIEMBRE,2020,08/01/2021,LIMA NORTE,SUPERIOR,PENAL,PENAL,APELACION EXPEDIENTE,,177,174,150112,LIMA,LIMA,INDEPENDENCIA,15/06/2023
ENERO - DICIEMBRE,2020,08/01/2021,LIMA NORTE,SUPERIOR,PENAL,PENAL,CONSULTAS,,74,72,150112,LIMA,LIMA,INDEPENDENCIA,15/06/2023
ENERO - DICIEMBRE,2020,08/01/2021,LIMA NORTE,SUPERIOR,PENAL,PENAL,EXCLUSION FISCAL,,8,8,150112,LIMA,LIMA,INDEPENDENCIA,15/06/2023
ENERO - DICIEMBRE,2020,08/01/2021,LIMA NORTE,SUPERIOR,PENAL,PENAL,EXPEDIENTE,,263,246,150112,LIMA,LIMA,INDEPENDENCIA,15/06/2023
ENERO - DICIEMBRE,2020,08/01/2021,LIMA NORTE,SUPERIOR,PENAL,PENAL,INCIDENTE-EXPEDIENTE,,70,57,150112,LIMA,LIMA,INDEPENDENCIA,15/06/2023
ENERO - DICIEMBRE,2020,08/01/2021,LIMA NORTE,SUPERIOR,PENAL,PENAL,CONSULTAS,VIOLENCIA CONTRA LA MUJER Y LOS INTEGRANTES DEL GRUPO FAMILIAR,8,8,150112,LIMA,LIMA,INDEPENDENCIA,15/06/2023
ENERO - DICIEMBRE,2020,08/01/2021,LIMA NORTE,SUPERIOR,PENAL,PENAL,QUEJAS,,1143,1115,150112,LIMA,LIMA,INDEPENDENCIA,15/06/2023
ENERO - DICIEMBRE,2020,08/01/2021,LIMA NORTE,SUPERIOR,PENAL,PENAL,QUEJAS,VIOLENCIA CONTRA LA MUJER Y LOS INTEGRANTES DEL GRUPO FAMILIAR,85,85,150112,LIMA,LIMA,INDEPENDENCIA,15/06/2023
ENERO - DICIEMBRE,2020,08/01/2021,LIMA SUR,PROVINCIAL,CIVIL,CIVIL,EXPEDIENTE,,102,89,150142,LIMA,LIMA,VILLA EL SALVADOR,15/06/2023
ENERO - DICIEMBRE,2020,08/01/2021,LIMA SUR,PROVINCIAL,FAMILIA,ACTOS CONTRA LA LIBERTAD SEXUAL,DENUNCIA,,22,17,150142,LIMA,LIMA,VILLA EL SALVADOR,15/06/2023
ENERO - DICIEMBRE,2020,08/01/2021,LIMA SUR,PROVINCIAL,FAMILIA,FAMILIA CIVIL,EXPEDIENTE,,484,436,150142,LIMA,LIMA,VILLA EL SALVADOR,15/06/2023
ENERO - DICIEMBRE,2020,08/01/2021,LIMA SUR,PROVINCIAL,FAMILIA,FAMILIA PENAL,DENUNCIA,,576,518,150142,LIMA,LIMA,VILLA EL SALVADOR,15/06/2023
ENERO - DICIEMBRE,2020,08/01/2021,LIMA SUR,PROVINCIAL,FAMILIA,FAMILIA PENAL,EXPEDIENTE,,142,106,150142,LIMA,LIMA,VILLA EL SALVADOR,15/06/2023
ENERO - DICIEMBRE,2020,08/01/2021,LIMA SUR,PROVINCIAL,FAMILIA,FAMILIA TUTELAR,DENUNCIA,,393,364,150142,LIMA,LIMA,VILLA EL SALVADOR,15/06/2023
ENERO - DICIEMBRE,2020,08/01/2021,LIMA SUR,PROVINCIAL,FAMILIA,FAMILIA TUTELAR,EXPEDIENTE,,25,20,150142,LIMA,LIMA,VILLA EL SALVADOR,15/06/2023
ENERO - DICIEMBRE,2020,08/01/2021,LIMA SUR,PROVINCIAL,FAMILIA,VIOLENCIA FAMILIAR,DENUNCIA,,329,325,150142,LIMA,LIMA,VILLA EL SALVADOR,15/06/2023
ENERO - DICIEMBRE,2020,08/01/2021,LIMA SUR,PROVINCIAL,FAMILIA,VIOLENCIA FAMILIAR,EXPEDIENTE,,25,23,150142,LIMA,LIMA,VILLA EL SALVADOR,15/06/2023
ENERO - DICIEMBRE,2020,08/01/2021,LIMA SUR,PROVINCIAL,PENAL,PENAL,DENUNCIA,,47,43,150142,LIMA,LIMA,VILLA EL SALVADOR,15/06/2023
ENERO - DICIEMBRE,2020,08/01/2021,LIMA SUR,PROVINCIAL,PENAL,PENAL,EXPEDIENTE,VIOLENCIA CONTRA LA MUJER Y LOS INTEGRANTES DEL GRUPO FAMILIAR,44,44,150142,LIMA,LIMA,VILLA EL SALVADOR,15/06/2023
ENERO - DICIEMBRE,2020,08/01/2021,LIMA SUR,PROVINCIAL,PENAL,PENAL,DENUNCIA,DELITOS DE CORRUPCION DE FUNCIONARIOS,221,181,150142,LIMA,LIMA,VILLA EL SALVADOR,15/06/2023
ENERO - DICIEMBRE,2020,08/01/2021,LIMA SUR,PROVINCIAL,PENAL,PENAL,DENUNCIA,DELITOS DE CORRUPCION DE FUNCIONARIOS,41,18,150142,LIMA,LIMA,VILLA EL SALVADOR,15/06/2023
ENERO - DICIEMBRE,2020,08/01/2021,LIMA SUR,PROVINCIAL,PENAL,PENAL,DENUNCIA,TRANSITO Y SEGURIDAD VIAL,940,800,150142,LIMA,LIMA,VILLA EL SALVADOR,15/06/2023
ENERO - DICIEMBRE,2020,08/01/2021,LIMA SUR,PROVINCIAL,PENAL,PENAL,EXPEDIENTE,TRANSITO Y SEGURIDAD VIAL,98,98,150142,LIMA,LIMA,VILLA EL SALVADOR,15/06/2023
ENERO - DICIEMBRE,2020,08/01/2021,LIMA SUR,PROVINCIAL,PENAL,PENAL,DENUNCIA,VIOLENCIA CONTRA LA MUJER Y LOS INTEGRANTES DEL GRUPO FAMILIAR,7625,6683,150142,LIMA,LIMA,VILLA EL SALVADOR,15/06/2023
ENERO - DICIEMBRE,2020,08/01/2021,LIMA SUR,PROVINCIAL,PENAL,PENAL,DENUNCIA,,16480,15715,150142,LIMA,LIMA,VILLA EL SALVADOR,15/06/2023
ENERO - DICIEMBRE,2020,08/01/2021,LIMA SUR,PROVINCIAL,PENAL,PENAL,EXPEDIENTE,,1193,1144,150142,LIMA,LIMA,VILLA EL SALVADOR,15/06/2023
ENERO - DICIEMBRE,2020,08/01/2021,LIMA SUR,SUPERIOR,FAMILIA,FAMILIA CIVIL,EXPEDIENTE,,73,73,150142,LIMA,LIMA,VILLA EL SALVADOR,15/06/2023
ENERO - DICIEMBRE,2020,08/01/2021,LIMA SUR,SUPERIOR,FAMILIA,FAMILIA PENAL,EXPEDIENTE,,18,18,150142,LIMA,LIMA,VILLA EL SALVADOR,15/06/2023
ENERO - DICIEMBRE,2020,08/01/2021,LIMA SUR,SUPERIOR,FAMILIA,VIOLENCIA FAMILIAR,EXPEDIENTE,,153,153,150142,LIMA,LIMA,VILLA EL SALVADOR,15/06/2023
ENERO - DICIEMBRE,2020,08/01/2021,LIMA SUR,SUPERIOR,FAMILIA,VIOLENCIA FAMILIAR,INCIDENTE,,1,1,150142,LIMA,LIMA,VILLA EL SALVADOR,15/06/2023
ENERO - DICIEMBRE,2020,08/01/2021,LIMA SUR,SUPERIOR,PENAL,PENAL,APELACION DENUNCIA,DELITOS DE CORRUPCION DE FUNCIONARIOS,67,67,150142,LIMA,LIMA,VILLA EL SALVADOR,15/06/2023
ENERO - DICIEMBRE,2020,08/01/2021,LIMA SUR,SUPERIOR,PENAL,PENAL,EXCLUSION FISCAL,DELITOS DE CORRUPCION DE FUNCIONARIOS,1,1,150142,LIMA,LIMA,VILLA EL SALVADOR,15/06/2023
ENERO - DICIEMBRE,2020,08/01/2021,LIMA SUR,SUPERIOR,PENAL,PENAL,QUEJAS,DELITOS DE CORRUPCION DE FUNCIONARIOS,23,23,150142,LIMA,LIMA,VILLA EL SALVADOR,15/06/2023
ENERO - DICIEMBRE,2020,08/01/2021,LIMA SUR,SUPERIOR,PENAL,PENAL,EXPEDIENTE,,500,467,150142,LIMA,LIMA,VILLA EL SALVADOR,15/06/2023
ENERO - DICIEMBRE,2020,08/01/2021,LIMA SUR,SUPERIOR,PENAL,PENAL,QUEJAS,,751,693,150142,LIMA,LIMA,VILLA EL SALVADOR,15/06/2023
ENERO - DICIEMBRE,2020,08/01/2021,LORETO,PROVINCIAL,CIVIL,CIVIL,EXPEDIENTE,,4,4,160101,LORETO,MAYNAS,IQUITOS,15/06/2023
ENERO - DICIEMBRE,2020,08/01/2021,LORETO,PROVINCIAL,FAMILIA,ACTOS CONTRA LA LIBERTAD SEXUAL,DENUNCIA,,5,5,160101,LORETO,MAYNAS,IQUITOS,15/06/2023
ENERO - DICIEMBRE,2020,08/01/2021,LORETO,PROVINCIAL,FAMILIA,FAMILIA CIVIL,EXPEDIENTE,,174,169,160101,LORETO,MAYNAS,IQUITOS,15/06/2023
ENERO - DICIEMBRE,2020,08/01/2021,LORETO,PROVINCIAL,FAMILIA,FAMILIA PENAL,DENUNCIA,,393,375,160101,LORETO,MAYNAS,IQUITOS,15/06/2023
ENERO - DICIEMBRE,2020,08/01/2021,LORETO,PROVINCIAL,FAMILIA,FAMILIA PENAL,EXPEDIENTE,,121,114,160101,LORETO,MAYNAS,IQUITOS,15/06/2023
ENERO - DICIEMBRE,2020,08/01/2021,LORETO,PROVINCIAL,FAMILIA,FAMILIA TUTELAR,DENUNCIA,,131,107,160101,LORETO,MAYNAS,IQUITOS,15/06/2023
ENERO - DICIEMBRE,2020,08/01/2021,LORETO,PROVINCIAL,FAMILIA,FAMILIA TUTELAR,EXPEDIENTE,,84,71,160101,LORETO,MAYNAS,IQUITOS,15/06/2023
ENERO - DICIEMBRE,2020,08/01/2021,LORETO,PROVINCIAL,FAMILIA,VIOLENCIA FAMILIAR,DENUNCIA,,74,73,160101,LORETO,MAYNAS,IQUITOS,15/06/2023
ENERO - DICIEMBRE,2020,08/01/2021,LORETO,PROVINCIAL,FAMILIA,VIOLENCIA FAMILIAR,EXPEDIENTE,,6,5,160101,LORETO,MAYNAS,IQUITOS,15/06/2023
ENERO - DICIEMBRE,2020,08/01/2021,LORETO,PROVINCIAL,PENAL,PENAL,INVESTIGACION PREVENTIVA,,99,99,160101,LORETO,MAYNAS,IQUITOS,15/06/2023
ENERO - DICIEMBRE,2020,08/01/2021,LORETO,PROVINCIAL,PENAL,PENAL,DENUNCIA,DELITOS DE CORRUPCION DE FUNCIONARIOS,278,239,160101,LORETO,MAYNAS,IQUITOS,15/06/2023
ENERO - DICIEMBRE,2020,08/01/2021,LORETO,PROVINCIAL,PENAL,PENAL,DENUNCIA,,9554,8704,160101,LORETO,MAYNAS,IQUITOS,15/06/2023
ENERO - DICIEMBRE,2020,08/01/2021,LORETO,PROVINCIAL,PENAL,PENAL,EXPEDIENTE,,30,10,160101,LORETO,MAYNAS,IQUITOS,15/06/2023
ENERO - DICIEMBRE,2020,08/01/2021,LORETO,PROVINCIAL,PENAL,PENAL,INVESTIGACION PREVENTIVA,,9,9,160101,LORETO,MAYNAS,IQUITOS,15/06/2023
ENERO - DICIEMBRE,2020,08/01/2021,LORETO,PROVINCIAL,PENAL,PENAL,DENUNCIA,VIOLENCIA CONTRA LA MUJER Y LOS INTEGRANTES DEL GRUPO FAMILIAR,3584,3040,160101,LORETO,MAYNAS,IQUITOS,15/06/2023
ENERO - DICIEMBRE,2020,08/01/2021,LORETO,PROVINCIAL,PENAL,PENAL,DENUNCIA,DELITOS DE TRAFICO ILICITO DE DROGAS,102,100,160101,LORETO,MAYNAS,IQUITOS,15/06/2023
ENERO - DICIEMBRE,2020,08/01/2021,LORETO,PROVINCIAL,PENAL,PENAL,DENUNCIA,MATERIA AMBIENTAL,383,336,160101,LORETO,MAYNAS,IQUITOS,15/06/2023
ENERO - DICIEMBRE,2020,08/01/2021,LORETO,PROVINCIAL,PENAL,PENAL,DENUNCIA,DELITOS DE TRATA DE PERSONAS,95,95,160101,LORETO,MAYNAS,IQUITOS,15/06/2023
ENERO - DICIEMBRE,2020,08/01/2021,LORETO,PROVINCIAL,PENAL,PENAL,EXPEDIENTE,DELITOS DE TRAFICO ILICITO DE DROGAS,5,1,160101,LORETO,MAYNAS,IQUITOS,15/06/2023
ENERO - DICIEMBRE,2020,08/01/2021,LORETO,PROVINCIAL,PENAL,PENAL,EXPEDIENTE,MATERIA AMBIENTAL,1,1,160101,LORETO,MAYNAS,IQUITOS,15/06/2023
ENERO - DICIEMBRE,2020,08/01/2021,LORETO,PROVINCIAL,PENAL,PENAL,INVESTIGACION PREVENTIVA,MATERIA AMBIENTAL,24,15,160101,LORETO,MAYNAS,IQUITOS,15/06/2023
ENERO - DICIEMBRE,2020,08/01/2021,LORETO,PROVINCIAL,PENAL,PENAL,DENUNCIA,,4,4,160101,LORETO,MAYNAS,IQUITOS,15/06/2023
ENERO - DICIEMBRE,2020,08/01/2021,LORETO,SUPERIOR,CIVIL,CIVIL,EXPEDIENTE,,2,2,160101,LORETO,MAYNAS,IQUITOS,15/06/2023
ENERO - DICIEMBRE,2020,08/01/2021,LORETO,SUPERIOR,FAMILIA,FAMILIA CIVIL,EXPEDIENTE,,34,34,160101,LORETO,MAYNAS,IQUITOS,15/06/2023
ENERO - DICIEMBRE,2020,08/01/2021,LORETO,SUPERIOR,FAMILIA,FAMILIA CIVIL,INCIDENTE,,1,1,160101,LORETO,MAYNAS,IQUITOS,15/06/2023
ENERO - DICIEMBRE,2020,08/01/2021,LORETO,SUPERIOR,FAMILIA,FAMILIA PENAL,EXPEDIENTE,,21,21,160101,LORETO,MAYNAS,IQUITOS,15/06/2023
ENERO - DICIEMBRE,2020,08/01/2021,LORETO,SUPERIOR,FAMILIA,FAMILIA TUTELAR,EXPEDIENTE,,2,2,160101,LORETO,MAYNAS,IQUITOS,15/06/2023
ENERO - DICIEMBRE,2020,08/01/2021,LORETO,SUPERIOR,FAMILIA,VIOLENCIA FAMILIAR,EXPEDIENTE,,21,21,160101,LORETO,MAYNAS,IQUITOS,15/06/2023
ENERO - DICIEMBRE,2020,08/01/2021,LORETO,SUPERIOR,FAMILIA,VIOLENCIA FAMILIAR,INCIDENTE,,16,16,160101,LORETO,MAYNAS,IQUITOS,15/06/2023
ENERO - DICIEMBRE,2020,08/01/2021,LORETO,SUPERIOR,PENAL,PENAL,APELACION DENUNCIA,DELITOS DE CORRUPCION DE FUNCIONARIOS,16,16,160101,LORETO,MAYNAS,IQUITOS,15/06/2023
ENERO - DICIEMBRE,2020,08/01/2021,LORETO,SUPERIOR,PENAL,PENAL,CONSULTAS,DELITOS DE CORRUPCION DE FUNCIONARIOS,32,30,160101,LORETO,MAYNAS,IQUITOS,15/06/2023
ENERO - DICIEMBRE,2020,08/01/2021,LORETO,SUPERIOR,PENAL,PENAL,EXCLUSION FISCAL,DELITOS DE CORRUPCION DE FUNCIONARIOS,7,7,160101,LORETO,MAYNAS,IQUITOS,15/06/2023
ENERO - DICIEMBRE,2020,08/01/2021,LORETO,SUPERIOR,PENAL,PENAL,QUEJAS,DELITOS DE CORRUPCION DE FUNCIONARIOS,8,8,160101,LORETO,MAYNAS,IQUITOS,15/06/2023
ENERO - DICIEMBRE,2020,08/01/2021,LORETO,SUPERIOR,PENAL,PENAL,APELACION DENUNCIA,,379,378,160101,LORETO,MAYNAS,IQUITOS,15/06/2023
ENERO - DICIEMBRE,2020,08/01/2021,LORETO,SUPERIOR,PENAL,PENAL,APELACION EXPEDIENTE,,9,9,160101,LORETO,MAYNAS,IQUITOS,15/06/2023
ENERO - DICIEMBRE,2020,08/01/2021,LORETO,SUPERIOR,PENAL,PENAL,CONSULTAS,,76,76,160101,LORETO,MAYNAS,IQUITOS,15/06/2023
ENERO - DICIEMBRE,2020,08/01/2021,LORETO,SUPERIOR,PENAL,PENAL,EXCLUSION FISCAL,,23,22,160101,LORETO,MAYNAS,IQUITOS,15/06/2023
ENERO - DICIEMBRE,2020,08/01/2021,LORETO,SUPERIOR,PENAL,PENAL,EXPEDIENTE,,79,60,160101,LORETO,MAYNAS,IQUITOS,15/06/2023
ENERO - DICIEMBRE,2020,08/01/2021,LORETO,SUPERIOR,PENAL,PENAL,INCIDENTE-EXPEDIENTE,,10,7,160101,LORETO,MAYNAS,IQUITOS,15/06/2023
ENERO - DICIEMBRE,2020,08/01/2021,LORETO,SUPERIOR,PENAL,PENAL,QUEJAS,,263,263,160101,LORETO,MAYNAS,IQUITOS,15/06/2023
ENERO - DICIEMBRE,2020,08/01/2021,MADRE DE DIOS,PROVINCIAL,CIVIL,CIVIL,EXPEDIENTE,,17,16,170101,MADRE DE DIOS,TAMBOPATA,TAMBOPATA,15/06/2023
ENERO - DICIEMBRE,2020,08/01/2021,MADRE DE DIOS,PROVINCIAL,FAMILIA,FAMILIA CIVIL,EXPEDIENTE,,62,59,170101,MADRE DE DIOS,TAMBOPATA,TAMBOPATA,15/06/2023
ENERO - DICIEMBRE,2020,08/01/2021,MADRE DE DIOS,PROVINCIAL,FAMILIA,FAMILIA PENAL,DENUNCIA,,119,86,170101,MADRE DE DIOS,TAMBOPATA,TAMBOPATA,15/06/2023
ENERO - DICIEMBRE,2020,08/01/2021,MADRE DE DIOS,PROVINCIAL,FAMILIA,FAMILIA PENAL,EXPEDIENTE,,42,41,170101,MADRE DE DIOS,TAMBOPATA,TAMBOPATA,15/06/2023
ENERO - DICIEMBRE,2020,08/01/2021,MADRE DE DIOS,PROVINCIAL,FAMILIA,FAMILIA TUTELAR,DENUNCIA,,9,8,170101,MADRE DE DIOS,TAMBOPATA,TAMBOPATA,15/06/2023
ENERO - DICIEMBRE,2020,08/01/2021,MADRE DE DIOS,PROVINCIAL,FAMILIA,FAMILIA TUTELAR,EXPEDIENTE,,35,33,170101,MADRE DE DIOS,TAMBOPATA,TAMBOPATA,15/06/2023
ENERO - DICIEMBRE,2020,08/01/2021,MADRE DE DIOS,PROVINCIAL,FAMILIA,VIOLENCIA FAMILIAR,DENUNCIA,,5,3,170101,MADRE DE DIOS,TAMBOPATA,TAMBOPATA,15/06/2023
ENERO - DICIEMBRE,2020,08/01/2021,MADRE DE DIOS,PROVINCIAL,PENAL,PENAL,DENUNCIA,CRIMINALIDAD ORGANIZADA,3,1,170101,MADRE DE DIOS,TAMBOPATA,TAMBOPATA,15/06/2023
ENERO - DICIEMBRE,2020,08/01/2021,MADRE DE DIOS,PROVINCIAL,PENAL,PENAL,DENUNCIA,,3,3,170101,MADRE DE DIOS,TAMBOPATA,TAMBOPATA,15/06/2023
ENERO - DICIEMBRE,2020,08/01/2021,MADRE DE DIOS,PROVINCIAL,PENAL,PENAL,INVESTIGACION PREVENTIVA,,85,85,170101,MADRE DE DIOS,TAMBOPATA,TAMBOPATA,15/06/2023
ENERO - DICIEMBRE,2020,08/01/2021,MADRE DE DIOS,PROVINCIAL,PENAL,PENAL,DENUNCIA,DELITOS DE CORRUPCION DE FUNCIONARIOS,188,187,170101,MADRE DE DIOS,TAMBOPATA,TAMBOPATA,15/06/2023
ENERO - DICIEMBRE,2020,08/01/2021,MADRE DE DIOS,PROVINCIAL,PENAL,PENAL,INVESTIGACION PREVENTIVA,MATERIA AMBIENTAL,3,3,170101,MADRE DE DIOS,TAMBOPATA,TAMBOPATA,15/06/2023
ENERO - DICIEMBRE,2020,08/01/2021,MADRE DE DIOS,PROVINCIAL,PENAL,PENAL,DENUNCIA,,7192,6896,170101,MADRE DE DIOS,TAMBOPATA,TAMBOPATA,15/06/2023
ENERO - DICIEMBRE,2020,08/01/2021,MADRE DE DIOS,PROVINCIAL,PENAL,PENAL,EXPEDIENTE,,28,0,170101,MADRE DE DIOS,TAMBOPATA,TAMBOPATA,15/06/2023
ENERO - DICIEMBRE,2020,08/01/2021,MADRE DE DIOS,PROVINCIAL,PENAL,PENAL,DENUNCIA,DELITOS DE TRATA DE PERSONAS,75,72,170101,MADRE DE DIOS,TAMBOPATA,TAMBOPATA,15/06/2023
ENERO - DICIEMBRE,2020,08/01/2021,MADRE DE DIOS,PROVINCIAL,PENAL,PENAL,DENUNCIA,DELITOS DE TRAFICO ILICITO DE DROGAS,46,46,170101,MADRE DE DIOS,TAMBOPATA,TAMBOPATA,15/06/2023
ENERO - DICIEMBRE,2020,08/01/2021,MADRE DE DIOS,PROVINCIAL,PENAL,PENAL,DENUNCIA,MATERIA AMBIENTAL,852,807,170101,MADRE DE DIOS,TAMBOPATA,TAMBOPATA,15/06/2023
ENERO - DICIEMBRE,2020,08/01/2021,MADRE DE DIOS,PROVINCIAL,PENAL,PENAL,INVESTIGACION PREVENTIVA,,12,11,170101,MADRE DE DIOS,TAMBOPATA,TAMBOPATA,15/06/2023
ENERO - DICIEMBRE,2020,08/01/2021,MADRE DE DIOS,SUPERIOR,CIVIL,CIVIL,EXPEDIENTE,,6,6,170101,MADRE DE DIOS,TAMBOPATA,TAMBOPATA,15/06/2023
ENERO - DICIEMBRE,2020,08/01/2021,MADRE DE DIOS,SUPERIOR,FAMILIA,FAMILIA CIVIL,EXPEDIENTE,,10,10,170101,MADRE DE DIOS,TAMBOPATA,TAMBOPATA,15/06/2023
ENERO - DICIEMBRE,2020,08/01/2021,MADRE DE DIOS,SUPERIOR,FAMILIA,FAMILIA PENAL,EXPEDIENTE,,13,13,170101,MADRE DE DIOS,TAMBOPATA,TAMBOPATA,15/06/2023
ENERO - DICIEMBRE,2020,08/01/2021,MADRE DE DIOS,SUPERIOR,FAMILIA,FAMILIA PENAL,INCIDENTE,,1,1,170101,MADRE DE DIOS,TAMBOPATA,TAMBOPATA,15/06/2023
ENERO - DICIEMBRE,2020,08/01/2021,MADRE DE DIOS,SUPERIOR,FAMILIA,FAMILIA TUTELAR,EXPEDIENTE,,1,1,170101,MADRE DE DIOS,TAMBOPATA,TAMBOPATA,15/06/2023
ENERO - DICIEMBRE,2020,08/01/2021,MADRE DE DIOS,SUPERIOR,FAMILIA,VIOLENCIA FAMILIAR,EXPEDIENTE,,29,29,170101,MADRE DE DIOS,TAMBOPATA,TAMBOPATA,15/06/2023
ENERO - DICIEMBRE,2020,08/01/2021,MADRE DE DIOS,SUPERIOR,PENAL,PENAL,APELACION DENUNCIA,,271,263,170101,MADRE DE DIOS,TAMBOPATA,TAMBOPATA,15/06/2023
ENERO - DICIEMBRE,2020,08/01/2021,MADRE DE DIOS,SUPERIOR,PENAL,PENAL,CONSULTAS,,11,11,170101,MADRE DE DIOS,TAMBOPATA,TAMBOPATA,15/06/2023
ENERO - DICIEMBRE,2020,08/01/2021,MADRE DE DIOS,SUPERIOR,PENAL,PENAL,EXCLUSION FISCAL,,4,3,170101,MADRE DE DIOS,TAMBOPATA,TAMBOPATA,15/06/2023
ENERO - DICIEMBRE,2020,08/01/2021,MADRE DE DIOS,SUPERIOR,PENAL,PENAL,EXPEDIENTE,,14,13,170101,MADRE DE DIOS,TAMBOPATA,TAMBOPATA,15/06/2023
ENERO - DICIEMBRE,2020,08/01/2021,MADRE DE DIOS,SUPERIOR,PENAL,PENAL,INCIDENTE-EXPEDIENTE,,21,21,170101,MADRE DE DIOS,TAMBOPATA,TAMBOPATA,15/06/2023
ENERO - DICIEMBRE,2020,08/01/2021,MADRE DE DIOS,SUPERIOR,PENAL,PENAL,QUEJAS,,73,73,170101,MADRE DE DIOS,TAMBOPATA,TAMBOPATA,15/06/2023
ENERO - DICIEMBRE,2020,08/01/2021,MOQUEGUA,PROVINCIAL,CIVIL,CIVIL,EXPEDIENTE,,9,6,180101,MOQUEGUA,MARISCAL NIETO,MOQUEGUA,15/06/2023
ENERO - DICIEMBRE,2020,08/01/2021,MOQUEGUA,PROVINCIAL,FAMILIA,ACTOS CONTRA LA LIBERTAD SEXUAL,DENUNCIA,,12,12,180101,MOQUEGUA,MARISCAL NIETO,MOQUEGUA,15/06/2023
ENERO - DICIEMBRE,2020,08/01/2021,MOQUEGUA,PROVINCIAL,FAMILIA,FAMILIA CIVIL,EXPEDIENTE,,195,168,180101,MOQUEGUA,MARISCAL NIETO,MOQUEGUA,15/06/2023
ENERO - DICIEMBRE,2020,08/01/2021,MOQUEGUA,PROVINCIAL,FAMILIA,FAMILIA PENAL,DENUNCIA,,72,61,180101,MOQUEGUA,MARISCAL NIETO,MOQUEGUA,15/06/2023
ENERO - DICIEMBRE,2020,08/01/2021,MOQUEGUA,PROVINCIAL,FAMILIA,FAMILIA PENAL,EXPEDIENTE,,11,10,180101,MOQUEGUA,MARISCAL NIETO,MOQUEGUA,15/06/2023
ENERO - DICIEMBRE,2020,08/01/2021,MOQUEGUA,PROVINCIAL,FAMILIA,FAMILIA TUTELAR,DENUNCIA,,65,48,180101,MOQUEGUA,MARISCAL NIETO,MOQUEGUA,15/06/2023
ENERO - DICIEMBRE,2020,08/01/2021,MOQUEGUA,PROVINCIAL,FAMILIA,FAMILIA TUTELAR,EXPEDIENTE,,17,16,180101,MOQUEGUA,MARISCAL NIETO,MOQUEGUA,15/06/2023
ENERO - DICIEMBRE,2020,08/01/2021,MOQUEGUA,PROVINCIAL,FAMILIA,VIOLENCIA FAMILIAR,DENUNCIA,,89,74,180101,MOQUEGUA,MARISCAL NIETO,MOQUEGUA,15/06/2023
ENERO - DICIEMBRE,2020,08/01/2021,MOQUEGUA,PROVINCIAL,PENAL,PENAL,INVESTIGACION PREVENTIVA,,468,464,180101,MOQUEGUA,MARISCAL NIETO,MOQUEGUA,15/06/2023
ENERO - DICIEMBRE,2020,08/01/2021,MOQUEGUA,PROVINCIAL,PENAL,PENAL,DENUNCIA,,32,32,180101,MOQUEGUA,MARISCAL NIETO,MOQUEGUA,15/06/2023
ENERO - DICIEMBRE,2020,08/01/2021,MOQUEGUA,PROVINCIAL,PENAL,PENAL,DENUNCIA,DELITOS DE CORRUPCION DE FUNCIONARIOS,352,352,180101,MOQUEGUA,MARISCAL NIETO,MOQUEGUA,15/06/2023
ENERO - DICIEMBRE,2020,08/01/2021,MOQUEGUA,PROVINCIAL,PENAL,PENAL,DENUNCIA,,4502,4318,180101,MOQUEGUA,MARISCAL NIETO,MOQUEGUA,15/06/2023
ENERO - DICIEMBRE,2020,08/01/2021,MOQUEGUA,PROVINCIAL,PENAL,PENAL,INVESTIGACION PREVENTIVA,,20,16,180101,MOQUEGUA,MARISCAL NIETO,MOQUEGUA,15/06/2023
ENERO - DICIEMBRE,2020,08/01/2021,MOQUEGUA,PROVINCIAL,PENAL,PENAL,DENUNCIA,VIOLENCIA CONTRA LA MUJER Y LOS INTEGRANTES DEL GRUPO FAMILIAR,1677,1677,180101,MOQUEGUA,MARISCAL NIETO,MOQUEGUA,15/06/2023
ENERO - DICIEMBRE,2020,08/01/2021,MOQUEGUA,SUPERIOR,CIVIL,CIVIL,EXPEDIENTE,,1,1,180101,MOQUEGUA,MARISCAL NIETO,MOQUEGUA,15/06/2023
ENERO - DICIEMBRE,2020,08/01/2021,MOQUEGUA,SUPERIOR,FAMILIA,FAMILIA CIVIL,EXPEDIENTE,,26,26,180101,MOQUEGUA,MARISCAL NIETO,MOQUEGUA,15/06/2023
ENERO - DICIEMBRE,2020,08/01/2021,MOQUEGUA,SUPERIOR,FAMILIA,FAMILIA PENAL,EXPEDIENTE,,6,6,180101,MOQUEGUA,MARISCAL NIETO,MOQUEGUA,15/06/2023
ENERO - DICIEMBRE,2020,08/01/2021,MOQUEGUA,SUPERIOR,FAMILIA,FAMILIA TUTELAR,EXPEDIENTE,,13,13,180101,MOQUEGUA,MARISCAL NIETO,MOQUEGUA,15/06/2023
ENERO - DICIEMBRE,2020,08/01/2021,MOQUEGUA,SUPERIOR,FAMILIA,VIOLENCIA FAMILIAR,EXPEDIENTE,,46,46,180101,MOQUEGUA,MARISCAL NIETO,MOQUEGUA,15/06/2023
ENERO - DICIEMBRE,2020,08/01/2021,MOQUEGUA,SUPERIOR,PENAL,PENAL,APELACION DENUNCIA,,185,181,180101,MOQUEGUA,MARISCAL NIETO,MOQUEGUA,15/06/2023
ENERO - DICIEMBRE,2020,08/01/2021,MOQUEGUA,SUPERIOR,PENAL,PENAL,CONSULTAS,,22,22,180101,MOQUEGUA,MARISCAL NIETO,MOQUEGUA,15/06/2023
ENERO - DICIEMBRE,2020,08/01/2021,MOQUEGUA,SUPERIOR,PENAL,PENAL,EXCLUSION FISCAL,,2,2,180101,MOQUEGUA,MARISCAL NIETO,MOQUEGUA,15/06/2023
ENERO - DICIEMBRE,2020,08/01/2021,MOQUEGUA,SUPERIOR,PENAL,PENAL,QUEJAS,,193,193,180101,MOQUEGUA,MARISCAL NIETO,MOQUEGUA,15/06/2023
ENERO - DICIEMBRE,2020,08/01/2021,PASCO,PROVINCIAL,FAMILIA,ACTOS CONTRA LA LIBERTAD SEXUAL,DENUNCIA,,3,2,190113,PASCO,PASCO,YANACANCHA,15/06/2023
ENERO - DICIEMBRE,2020,08/01/2021,PASCO,PROVINCIAL,FAMILIA,FAMILIA CIVIL,EXPEDIENTE,,118,106,190113,PASCO,PASCO,YANACANCHA,15/06/2023
ENERO - DICIEMBRE,2020,08/01/2021,PASCO,PROVINCIAL,FAMILIA,FAMILIA PENAL,DENUNCIA,,69,52,190113,PASCO,PASCO,YANACANCHA,15/06/2023
ENERO - DICIEMBRE,2020,08/01/2021,PASCO,PROVINCIAL,FAMILIA,FAMILIA PENAL,EXPEDIENTE,,12,11,190113,PASCO,PASCO,YANACANCHA,15/06/2023
ENERO - DICIEMBRE,2020,08/01/2021,PASCO,PROVINCIAL,FAMILIA,FAMILIA TUTELAR,DENUNCIA,,63,57,190113,PASCO,PASCO,YANACANCHA,15/06/2023
ENERO - DICIEMBRE,2020,08/01/2021,PASCO,PROVINCIAL,FAMILIA,FAMILIA TUTELAR,EXPEDIENTE,,7,6,190113,PASCO,PASCO,YANACANCHA,15/06/2023
ENERO - DICIEMBRE,2020,08/01/2021,PASCO,PROVINCIAL,FAMILIA,VIOLENCIA FAMILIAR,DENUNCIA,,3,3,190113,PASCO,PASCO,YANACANCHA,15/06/2023
ENERO - DICIEMBRE,2020,08/01/2021,PASCO,PROVINCIAL,FAMILIA,VIOLENCIA FAMILIAR,EXPEDIENTE,,12,12,190113,PASCO,PASCO,YANACANCHA,15/06/2023
ENERO - DICIEMBRE,2020,08/01/2021,PASCO,PROVINCIAL,PENAL,PENAL,DENUNCIA,DELITOS DE CORRUPCION DE FUNCIONARIOS,221,178,190113,PASCO,PASCO,YANACANCHA,15/06/2023
ENERO - DICIEMBRE,2020,08/01/2021,PASCO,PROVINCIAL,PENAL,PENAL,DENUNCIA,,3502,2802,190113,PASCO,PASCO,YANACANCHA,15/06/2023
ENERO - DICIEMBRE,2020,08/01/2021,PASCO,PROVINCIAL,PENAL,PENAL,EXPEDIENTE,,1,1,190113,PASCO,PASCO,YANACANCHA,15/06/2023
ENERO - DICIEMBRE,2020,08/01/2021,PASCO,PROVINCIAL,PENAL,PENAL,DENUNCIA,MATERIA AMBIENTAL,28,27,190113,PASCO,PASCO,YANACANCHA,15/06/2023
ENERO - DICIEMBRE,2020,08/01/2021,PASCO,PROVINCIAL,PENAL,PENAL,INVESTIGACION PREVENTIVA,MATERIA AMBIENTAL,41,41,190113,PASCO,PASCO,YANACANCHA,15/06/2023
ENERO - DICIEMBRE,2020,08/01/2021,PASCO,PROVINCIAL,PENAL,PENAL,INVESTIGACION PREVENTIVA,,25,18,190113,PASCO,PASCO,YANACANCHA,15/06/2023
ENERO - DICIEMBRE,2020,08/01/2021,PASCO,PROVINCIAL,PENAL,PENAL,INVESTIGACION PREVENTIVA,,173,173,190113,PASCO,PASCO,YANACANCHA,15/06/2023
ENERO - DICIEMBRE,2020,08/01/2021,PASCO,SUPERIOR,FAMILIA,FAMILIA CIVIL,EXPEDIENTE,,2,2,190113,PASCO,PASCO,YANACANCHA,15/06/2023
ENERO - DICIEMBRE,2020,08/01/2021,PASCO,SUPERIOR,FAMILIA,FAMILIA PENAL,EXPEDIENTE,,4,4,190113,PASCO,PASCO,YANACANCHA,15/06/2023
ENERO - DICIEMBRE,2020,08/01/2021,PASCO,SUPERIOR,FAMILIA,VIOLENCIA FAMILIAR,EXPEDIENTE,,9,9,190113,PASCO,PASCO,YANACANCHA,15/06/2023
ENERO - DICIEMBRE,2020,08/01/2021,PASCO,SUPERIOR,PENAL,PENAL,APELACION DENUNCIA,DELITOS DE CORRUPCION DE FUNCIONARIOS,14,14,190113,PASCO,PASCO,YANACANCHA,15/06/2023
ENERO - DICIEMBRE,2020,08/01/2021,PASCO,SUPERIOR,PENAL,PENAL,APELACION EXPEDIENTE,DELITOS DE CORRUPCION DE FUNCIONARIOS,10,10,190113,PASCO,PASCO,YANACANCHA,15/06/2023
ENERO - DICIEMBRE,2020,08/01/2021,PASCO,SUPERIOR,PENAL,PENAL,CONSULTAS,DELITOS DE CORRUPCION DE FUNCIONARIOS,1,1,190113,PASCO,PASCO,YANACANCHA,15/06/2023
ENERO - DICIEMBRE,2020,08/01/2021,PASCO,SUPERIOR,PENAL,PENAL,EXPEDIENTE,DELITOS DE CORRUPCION DE FUNCIONARIOS,5,4,190113,PASCO,PASCO,YANACANCHA,15/06/2023
ENERO - DICIEMBRE,2020,08/01/2021,PASCO,SUPERIOR,PENAL,PENAL,QUEJAS,DELITOS DE CORRUPCION DE FUNCIONARIOS,15,15,190113,PASCO,PASCO,YANACANCHA,15/06/2023
ENERO - DICIEMBRE,2020,08/01/2021,PASCO,SUPERIOR,PENAL,PENAL,APELACION DENUNCIA,,119,116,190113,PASCO,PASCO,YANACANCHA,15/06/2023
ENERO - DICIEMBRE,2020,08/01/2021,PASCO,SUPERIOR,PENAL,PENAL,CONSULTAS,,30,30,190113,PASCO,PASCO,YANACANCHA,15/06/2023
ENERO - DICIEMBRE,2020,08/01/2021,PASCO,SUPERIOR,PENAL,PENAL,EXCLUSION FISCAL,,8,8,190113,PASCO,PASCO,YANACANCHA,15/06/2023
ENERO - DICIEMBRE,2020,08/01/2021,PASCO,SUPERIOR,PENAL,PENAL,EXPEDIENTE,,7,7,190113,PASCO,PASCO,YANACANCHA,15/06/2023
ENERO - DICIEMBRE,2020,08/01/2021,PASCO,SUPERIOR,PENAL,PENAL,INCIDENTE-EXPEDIENTE,,2,2,190113,PASCO,PASCO,YANACANCHA,15/06/2023
ENERO - DICIEMBRE,2020,08/01/2021,PASCO,SUPERIOR,PENAL,PENAL,QUEJAS,,102,102,190113,PASCO,PASCO,YANACANCHA,15/06/2023
ENERO - DICIEMBRE,2020,08/01/2021,PIURA,PROVINCIAL,FAMILIA,ACTOS CONTRA LA LIBERTAD SEXUAL,DENUNCIA,,9,9,200101,PIURA,PIURA,PIURA,15/06/2023
ENERO - DICIEMBRE,2020,08/01/2021,PIURA,PROVINCIAL,FAMILIA,FAMILIA CIVIL,EXPEDIENTE,,408,377,200101,PIURA,PIURA,PIURA,15/06/2023
ENERO - DICIEMBRE,2020,08/01/2021,PIURA,PROVINCIAL,FAMILIA,FAMILIA PENAL,DENUNCIA,,515,466,200101,PIURA,PIURA,PIURA,15/06/2023
ENERO - DICIEMBRE,2020,08/01/2021,PIURA,PROVINCIAL,FAMILIA,FAMILIA PENAL,EXPEDIENTE,,56,50,200101,PIURA,PIURA,PIURA,15/06/2023
ENERO - DICIEMBRE,2020,08/01/2021,PIURA,PROVINCIAL,FAMILIA,FAMILIA TUTELAR,DENUNCIA,,108,98,200101,PIURA,PIURA,PIURA,15/06/2023
ENERO - DICIEMBRE,2020,08/01/2021,PIURA,PROVINCIAL,FAMILIA,FAMILIA TUTELAR,EXPEDIENTE,,12,9,200101,PIURA,PIURA,PIURA,15/06/2023
ENERO - DICIEMBRE,2020,08/01/2021,PIURA,PROVINCIAL,FAMILIA,VIOLENCIA FAMILIAR,DENUNCIA,,60,59,200101,PIURA,PIURA,PIURA,15/06/2023
ENERO - DICIEMBRE,2020,08/01/2021,PIURA,PROVINCIAL,FAMILIA,VIOLENCIA FAMILIAR,EXPEDIENTE,,9,7,200101,PIURA,PIURA,PIURA,15/06/2023
ENERO - DICIEMBRE,2020,08/01/2021,PIURA,PROVINCIAL,PENAL,PENAL,DENUNCIA,CRIMINALIDAD ORGANIZADA,45,43,200101,PIURA,PIURA,PIURA,15/06/2023
ENERO - DICIEMBRE,2020,08/01/2021,PIURA,PROVINCIAL,PENAL,PENAL,DENUNCIA,,1,1,200101,PIURA,PIURA,PIURA,15/06/2023
ENERO - DICIEMBRE,2020,08/01/2021,PIURA,PROVINCIAL,PENAL,PENAL,INVESTIGACION PREVENTIVA,,91,91,200101,PIURA,PIURA,PIURA,15/06/2023
ENERO - DICIEMBRE,2020,08/01/2021,PIURA,PROVINCIAL,PENAL,PENAL,DENUNCIA,DELITOS DE CORRUPCION DE FUNCIONARIOS,326,280,200101,PIURA,PIURA,PIURA,15/06/2023
ENERO - DICIEMBRE,2020,08/01/2021,PIURA,PROVINCIAL,PENAL,PENAL,DENUNCIA,VIOLENCIA CONTRA LA MUJER Y LOS INTEGRANTES DEL GRUPO FAMILIAR,17501,15753,200101,PIURA,PIURA,PIURA,15/06/2023
ENERO - DICIEMBRE,2020,08/01/2021,PIURA,PROVINCIAL,PENAL,PENAL,DENUNCIA,DELITOS DE TRAFICO ILICITO DE DROGAS,124,124,200101,PIURA,PIURA,PIURA,15/06/2023
ENERO - DICIEMBRE,2020,08/01/2021,PIURA,PROVINCIAL,PENAL,PENAL,EXPEDIENTE,VIOLENCIA CONTRA LA MUJER Y LOS INTEGRANTES DEL GRUPO FAMILIAR,5,4,200101,PIURA,PIURA,PIURA,15/06/2023
ENERO - DICIEMBRE,2020,08/01/2021,PIURA,PROVINCIAL,PENAL,PENAL,DENUNCIA,,19795,15939,200101,PIURA,PIURA,PIURA,15/06/2023
ENERO - DICIEMBRE,2020,08/01/2021,PIURA,PROVINCIAL,PENAL,PENAL,DENUNCIA,MATERIA AMBIENTAL,200,189,200101,PIURA,PIURA,PIURA,15/06/2023
ENERO - DICIEMBRE,2020,08/01/2021,PIURA,PROVINCIAL,PENAL,PENAL,INVESTIGACION PREVENTIVA,MATERIA AMBIENTAL,6,6,200101,PIURA,PIURA,PIURA,15/06/2023
ENERO - DICIEMBRE,2020,08/01/2021,PIURA,SUPERIOR,FAMILIA,FAMILIA CIVIL,EXPEDIENTE,,12,12,200101,PIURA,PIURA,PIURA,15/06/2023
ENERO - DICIEMBRE,2020,08/01/2021,PIURA,SUPERIOR,FAMILIA,FAMILIA CIVIL,INCIDENTE,,1,1,200101,PIURA,PIURA,PIURA,15/06/2023
ENERO - DICIEMBRE,2020,08/01/2021,PIURA,SUPERIOR,FAMILIA,FAMILIA PENAL,EXPEDIENTE,,27,27,200101,PIURA,PIURA,PIURA,15/06/2023
ENERO - DICIEMBRE,2020,08/01/2021,PIURA,SUPERIOR,FAMILIA,FAMILIA PENAL,INCIDENTE,,2,2,200101,PIURA,PIURA,PIURA,15/06/2023
ENERO - DICIEMBRE,2020,08/01/2021,PIURA,SUPERIOR,FAMILIA,FAMILIA TUTELAR,EXPEDIENTE,,3,3,200101,PIURA,PIURA,PIURA,15/06/2023
ENERO - DICIEMBRE,2020,08/01/2021,PIURA,SUPERIOR,FAMILIA,VIOLENCIA FAMILIAR,EXPEDIENTE,,72,72,200101,PIURA,PIURA,PIURA,15/06/2023
ENERO - DICIEMBRE,2020,08/01/2021,PIURA,SUPERIOR,FAMILIA,VIOLENCIA FAMILIAR,INCIDENTE,,67,67,200101,PIURA,PIURA,PIURA,15/06/2023
ENERO - DICIEMBRE,2020,08/01/2021,PIURA,SUPERIOR,PENAL,PENAL,APELACION DENUNCIA,,1204,1204,200101,PIURA,PIURA,PIURA,15/06/2023
ENERO - DICIEMBRE,2020,08/01/2021,PIURA,SUPERIOR,PENAL,PENAL,APELACION EXPEDIENTE,,7,7,200101,PIURA,PIURA,PIURA,15/06/2023
ENERO - DICIEMBRE,2020,08/01/2021,PIURA,SUPERIOR,PENAL,PENAL,CONSULTAS,,143,143,200101,PIURA,PIURA,PIURA,15/06/2023
ENERO - DICIEMBRE,2020,08/01/2021,PIURA,SUPERIOR,PENAL,PENAL,EXCLUSION FISCAL,,9,9,200101,PIURA,PIURA,PIURA,15/06/2023
ENERO - DICIEMBRE,2020,08/01/2021,PIURA,SUPERIOR,PENAL,PENAL,EXPEDIENTE,,9,9,200101,PIURA,PIURA,PIURA,15/06/2023
ENERO - DICIEMBRE,2020,08/01/2021,PIURA,SUPERIOR,PENAL,PENAL,QUEJAS,,545,545,200101,PIURA,PIURA,PIURA,15/06/2023
ENERO - DICIEMBRE,2020,08/01/2021,PUNO,PROVINCIAL,CIVIL,CIVIL,EXPEDIENTE,,25,25,210101,PUNO,PUNO,PUNO,15/06/2023
ENERO - DICIEMBRE,2020,08/01/2021,PUNO,PROVINCIAL,FAMILIA,ACTOS CONTRA LA LIBERTAD SEXUAL,DENUNCIA,,2,2,210101,PUNO,PUNO,PUNO,15/06/2023
ENERO - DICIEMBRE,2020,08/01/2021,PUNO,PROVINCIAL,FAMILIA,FAMILIA CIVIL,EXPEDIENTE,,393,353,210101,PUNO,PUNO,PUNO,15/06/2023
ENERO - DICIEMBRE,2020,08/01/2021,PUNO,PROVINCIAL,FAMILIA,FAMILIA PENAL,DENUNCIA,,226,198,210101,PUNO,PUNO,PUNO,15/06/2023
ENERO - DICIEMBRE,2020,08/01/2021,PUNO,PROVINCIAL,FAMILIA,FAMILIA PENAL,EXPEDIENTE,,54,44,210101,PUNO,PUNO,PUNO,15/06/2023
ENERO - DICIEMBRE,2020,08/01/2021,PUNO,PROVINCIAL,FAMILIA,FAMILIA TUTELAR,DENUNCIA,,185,147,210101,PUNO,PUNO,PUNO,15/06/2023
ENERO - DICIEMBRE,2020,08/01/2021,PUNO,PROVINCIAL,FAMILIA,FAMILIA TUTELAR,EXPEDIENTE,,65,58,210101,PUNO,PUNO,PUNO,15/06/2023
ENERO - DICIEMBRE,2020,08/01/2021,PUNO,PROVINCIAL,FAMILIA,VIOLENCIA FAMILIAR,DENUNCIA,,20,17,210101,PUNO,PUNO,PUNO,15/06/2023
ENERO - DICIEMBRE,2020,08/01/2021,PUNO,PROVINCIAL,PENAL,PENAL,DENUNCIA,CRIMINALIDAD ORGANIZADA,6,5,210101,PUNO,PUNO,PUNO,15/06/2023
ENERO - DICIEMBRE,2020,08/01/2021,PUNO,PROVINCIAL,PENAL,PENAL,INVESTIGACION PREVENTIVA,,326,325,210101,PUNO,PUNO,PUNO,15/06/2023
ENERO - DICIEMBRE,2020,08/01/2021,PUNO,PROVINCIAL,PENAL,PENAL,DENUNCIA,DELITOS DE CORRUPCION DE FUNCIONARIOS,384,306,210101,PUNO,PUNO,PUNO,15/06/2023
ENERO - DICIEMBRE,2020,08/01/2021,PUNO,PROVINCIAL,PENAL,PENAL,INVESTIGACION PREVENTIVA,DELITOS ADUANEROS Y CONTRA LA PROPIEDAD INTELECTUAL,2,2,210101,PUNO,PUNO,PUNO,15/06/2023
ENERO - DICIEMBRE,2020,08/01/2021,PUNO,PROVINCIAL,PENAL,PENAL,DENUNCIA,,16341,13767,210101,PUNO,PUNO,PUNO,15/06/2023
ENERO - DICIEMBRE,2020,08/01/2021,PUNO,PROVINCIAL,PENAL,PENAL,EXPEDIENTE,,2,2,210101,PUNO,PUNO,PUNO,15/06/2023
ENERO - DICIEMBRE,2020,08/01/2021,PUNO,PROVINCIAL,PENAL,PENAL,INVESTIGACION PREVENTIVA,,425,394,210101,PUNO,PUNO,PUNO,15/06/2023
ENERO - DICIEMBRE,2020,08/01/2021,PUNO,PROVINCIAL,PENAL,PENAL,DENUNCIA,LAVADO DE ACTIVOS Y PERDIDA DE DOMINIO,61,59,210101,PUNO,PUNO,PUNO,15/06/2023
ENERO - DICIEMBRE,2020,08/01/2021,PUNO,PROVINCIAL,PENAL,PENAL,DENUNCIA,DELITOS ADUANEROS Y CONTRA LA PROPIEDAD INTELECTUAL,159,143,210101,PUNO,PUNO,PUNO,15/06/2023
ENERO - DICIEMBRE,2020,08/01/2021,PUNO,PROVINCIAL,PENAL,PENAL,DENUNCIA,DELITOS DE TRATA DE PERSONAS,56,51,210101,PUNO,PUNO,PUNO,15/06/2023
ENERO - DICIEMBRE,2020,08/01/2021,PUNO,PROVINCIAL,PENAL,PENAL,DENUNCIA,MATERIA AMBIENTAL,104,97,210101,PUNO,PUNO,PUNO,15/06/2023
ENERO - DICIEMBRE,2020,08/01/2021,PUNO,PROVINCIAL,PENAL,PENAL,INVESTIGACION PREVENTIVA,MATERIA AMBIENTAL,27,25,210101,PUNO,PUNO,PUNO,15/06/2023
ENERO - DICIEMBRE,2020,08/01/2021,PUNO,PROVINCIAL,PENAL,PENAL,DENUNCIA,DELITOS DE TRAFICO ILICITO DE DROGAS,91,91,210101,PUNO,PUNO,PUNO,15/06/2023
ENERO - DICIEMBRE,2020,08/01/2021,PUNO,PROVINCIAL,PENAL,PENAL,EXPEDIENTE,DELITOS DE TRAFICO ILICITO DE DROGAS,6,1,210101,PUNO,PUNO,PUNO,15/06/2023
ENERO - DICIEMBRE,2020,08/01/2021,PUNO,SUPERIOR,CIVIL,CIVIL,EXPEDIENTE,,1,1,210101,PUNO,PUNO,PUNO,15/06/2023
ENERO - DICIEMBRE,2020,08/01/2021,PUNO,SUPERIOR,FAMILIA,FAMILIA CIVIL,EXPEDIENTE,,65,63,210101,PUNO,PUNO,PUNO,15/06/2023
ENERO - DICIEMBRE,2020,08/01/2021,PUNO,SUPERIOR,FAMILIA,FAMILIA CIVIL,INCIDENTE,,1,1,210101,PUNO,PUNO,PUNO,15/06/2023
ENERO - DICIEMBRE,2020,08/01/2021,PUNO,SUPERIOR,FAMILIA,FAMILIA PENAL,EXPEDIENTE,,29,27,210101,PUNO,PUNO,PUNO,15/06/2023
ENERO - DICIEMBRE,2020,08/01/2021,PUNO,SUPERIOR,FAMILIA,FAMILIA PENAL,INCIDENTE,,8,8,210101,PUNO,PUNO,PUNO,15/06/2023
ENERO - DICIEMBRE,2020,08/01/2021,PUNO,SUPERIOR,FAMILIA,FAMILIA TUTELAR,EXPEDIENTE,,22,22,210101,PUNO,PUNO,PUNO,15/06/2023
ENERO - DICIEMBRE,2020,08/01/2021,PUNO,SUPERIOR,FAMILIA,VIOLENCIA FAMILIAR,EXPEDIENTE,,16,16,210101,PUNO,PUNO,PUNO,15/06/2023
ENERO - DICIEMBRE,2020,08/01/2021,PUNO,SUPERIOR,FAMILIA,VIOLENCIA FAMILIAR,INCIDENTE,,44,41,210101,PUNO,PUNO,PUNO,15/06/2023
ENERO - DICIEMBRE,2020,08/01/2021,PUNO,SUPERIOR,PENAL,PENAL,APELACION DENUNCIA,,729,724,210101,PUNO,PUNO,PUNO,15/06/2023
ENERO - DICIEMBRE,2020,08/01/2021,PUNO,SUPERIOR,PENAL,PENAL,CONSULTAS,,95,92,210101,PUNO,PUNO,PUNO,15/06/2023
ENERO - DICIEMBRE,2020,08/01/2021,PUNO,SUPERIOR,PENAL,PENAL,EXCLUSION FISCAL,,13,12,210101,PUNO,PUNO,PUNO,15/06/2023
ENERO - DICIEMBRE,2020,08/01/2021,PUNO,SUPERIOR,PENAL,PENAL,EXPEDIENTE,,61,38,210101,PUNO,PUNO,PUNO,15/06/2023
ENERO - DICIEMBRE,2020,08/01/2021,PUNO,SUPERIOR,PENAL,PENAL,INCIDENTE-EXPEDIENTE,,2,2,210101,PUNO,PUNO,PUNO,15/06/2023
ENERO - DICIEMBRE,2020,08/01/2021,PUNO,SUPERIOR,PENAL,PENAL,QUEJAS,,528,511,210101,PUNO,PUNO,PUNO,15/06/2023
ENERO - DICIEMBRE,2020,08/01/2021,SAN MARTIN,PROVINCIAL,CIVIL,CIVIL,EXPEDIENTE,,19,16,220101,SAN MARTIN,MOYOBAMBA,MOYOBAMBA,15/06/2023
ENERO - DICIEMBRE,2020,08/01/2021,SAN MARTIN,PROVINCIAL,FAMILIA,ACTOS CONTRA LA LIBERTAD SEXUAL,DENUNCIA,,12,5,220101,SAN MARTIN,MOYOBAMBA,MOYOBAMBA,15/06/2023
ENERO - DICIEMBRE,2020,08/01/2021,SAN MARTIN,PROVINCIAL,FAMILIA,FAMILIA CIVIL,EXPEDIENTE,,121,113,220101,SAN MARTIN,MOYOBAMBA,MOYOBAMBA,15/06/2023
ENERO - DICIEMBRE,2020,08/01/2021,SAN MARTIN,PROVINCIAL,FAMILIA,FAMILIA PENAL,DENUNCIA,,208,76,220101,SAN MARTIN,MOYOBAMBA,MOYOBAMBA,15/06/2023
ENERO - DICIEMBRE,2020,08/01/2021,SAN MARTIN,PROVINCIAL,FAMILIA,FAMILIA PENAL,EXPEDIENTE,,67,64,220101,SAN MARTIN,MOYOBAMBA,MOYOBAMBA,15/06/2023
ENERO - DICIEMBRE,2020,08/01/2021,SAN MARTIN,PROVINCIAL,FAMILIA,FAMILIA TUTELAR,DENUNCIA,,227,136,220101,SAN MARTIN,MOYOBAMBA,MOYOBAMBA,15/06/2023
ENERO - DICIEMBRE,2020,08/01/2021,SAN MARTIN,PROVINCIAL,FAMILIA,FAMILIA TUTELAR,EXPEDIENTE,,49,43,220101,SAN MARTIN,MOYOBAMBA,MOYOBAMBA,15/06/2023
ENERO - DICIEMBRE,2020,08/01/2021,SAN MARTIN,PROVINCIAL,FAMILIA,VIOLENCIA FAMILIAR,DENUNCIA,,65,26,220101,SAN MARTIN,MOYOBAMBA,MOYOBAMBA,15/06/2023
ENERO - DICIEMBRE,2020,08/01/2021,SAN MARTIN,PROVINCIAL,PENAL,PENAL,DENUNCIA,CRIMINALIDAD ORGANIZADA,13,9,220101,SAN MARTIN,MOYOBAMBA,MOYOBAMBA,15/06/2023
ENERO - DICIEMBRE,2020,08/01/2021,SAN MARTIN,PROVINCIAL,PENAL,PENAL,INVESTIGACION PREVENTIVA,,121,115,220101,SAN MARTIN,MOYOBAMBA,MOYOBAMBA,15/06/2023
ENERO - DICIEMBRE,2020,08/01/2021,SAN MARTIN,PROVINCIAL,PENAL,PENAL,DENUNCIA,,8213,6224,220101,SAN MARTIN,MOYOBAMBA,MOYOBAMBA,15/06/2023
ENERO - DICIEMBRE,2020,08/01/2021,SAN MARTIN,PROVINCIAL,PENAL,PENAL,DENUNCIA,MATERIA AMBIENTAL,392,366,220101,SAN MARTIN,MOYOBAMBA,MOYOBAMBA,15/06/2023
ENERO - DICIEMBRE,2020,08/01/2021,SAN MARTIN,PROVINCIAL,PENAL,PENAL,INVESTIGACION PREVENTIVA,MATERIA AMBIENTAL,51,51,220101,SAN MARTIN,MOYOBAMBA,MOYOBAMBA,15/06/2023
ENERO - DICIEMBRE,2020,08/01/2021,SAN MARTIN,PROVINCIAL,PENAL,PENAL,DENUNCIA,DELITOS DE CORRUPCION DE FUNCIONARIOS,266,246,220101,SAN MARTIN,MOYOBAMBA,MOYOBAMBA,15/06/2023
ENERO - DICIEMBRE,2020,08/01/2021,SAN MARTIN,PROVINCIAL,PENAL,PENAL,EXPEDIENTE,,3,3,220101,SAN MARTIN,MOYOBAMBA,MOYOBAMBA,15/06/2023
ENERO - DICIEMBRE,2020,08/01/2021,SAN MARTIN,PROVINCIAL,PENAL,PENAL,DENUNCIA,DELITOS DE TRAFICO ILICITO DE DROGAS,79,79,220101,SAN MARTIN,MOYOBAMBA,MOYOBAMBA,15/06/2023
ENERO - DICIEMBRE,2020,08/01/2021,SAN MARTIN,PROVINCIAL,PENAL,PENAL,DENUNCIA,,16,16,220101,SAN MARTIN,MOYOBAMBA,MOYOBAMBA,15/06/2023
ENERO - DICIEMBRE,2020,08/01/2021,SAN MARTIN,SUPERIOR,CIVIL,CIVIL,EXPEDIENTE,,5,3,220101,SAN MARTIN,MOYOBAMBA,MOYOBAMBA,15/06/2023
ENERO - DICIEMBRE,2020,08/01/2021,SAN MARTIN,SUPERIOR,FAMILIA,FAMILIA CIVIL,EXPEDIENTE,,15,14,220101,SAN MARTIN,MOYOBAMBA,MOYOBAMBA,15/06/2023
ENERO - DICIEMBRE,2020,08/01/2021,SAN MARTIN,SUPERIOR,FAMILIA,FAMILIA CIVIL,INCIDENTE,,5,5,220101,SAN MARTIN,MOYOBAMBA,MOYOBAMBA,15/06/2023
ENERO - DICIEMBRE,2020,08/01/2021,SAN MARTIN,SUPERIOR,FAMILIA,FAMILIA PENAL,EXPEDIENTE,,13,13,220101,SAN MARTIN,MOYOBAMBA,MOYOBAMBA,15/06/2023
ENERO - DICIEMBRE,2020,08/01/2021,SAN MARTIN,SUPERIOR,FAMILIA,FAMILIA PENAL,INCIDENTE,,7,7,220101,SAN MARTIN,MOYOBAMBA,MOYOBAMBA,15/06/2023
ENERO - DICIEMBRE,2020,08/01/2021,SAN MARTIN,SUPERIOR,FAMILIA,FAMILIA TUTELAR,EXPEDIENTE,,4,4,220101,SAN MARTIN,MOYOBAMBA,MOYOBAMBA,15/06/2023
ENERO - DICIEMBRE,2020,08/01/2021,SAN MARTIN,SUPERIOR,FAMILIA,VIOLENCIA FAMILIAR,EXPEDIENTE,,45,39,220101,SAN MARTIN,MOYOBAMBA,MOYOBAMBA,15/06/2023
ENERO - DICIEMBRE,2020,08/01/2021,SAN MARTIN,SUPERIOR,FAMILIA,VIOLENCIA FAMILIAR,INCIDENTE,,10,10,220101,SAN MARTIN,MOYOBAMBA,MOYOBAMBA,15/06/2023
ENERO - DICIEMBRE,2020,08/01/2021,SAN MARTIN,SUPERIOR,PENAL,PENAL,APELACION DENUNCIA,,287,252,220101,SAN MARTIN,MOYOBAMBA,MOYOBAMBA,15/06/2023
ENERO - DICIEMBRE,2020,08/01/2021,SAN MARTIN,SUPERIOR,PENAL,PENAL,APELACION EXPEDIENTE,,145,142,220101,SAN MARTIN,MOYOBAMBA,MOYOBAMBA,15/06/2023
ENERO - DICIEMBRE,2020,08/01/2021,SAN MARTIN,SUPERIOR,PENAL,PENAL,CONSULTAS,,78,70,220101,SAN MARTIN,MOYOBAMBA,MOYOBAMBA,15/06/2023
ENERO - DICIEMBRE,2020,08/01/2021,SAN MARTIN,SUPERIOR,PENAL,PENAL,EXCLUSION FISCAL,,8,8,220101,SAN MARTIN,MOYOBAMBA,MOYOBAMBA,15/06/2023
ENERO - DICIEMBRE,2020,08/01/2021,SAN MARTIN,SUPERIOR,PENAL,PENAL,EXPEDIENTE,,26,18,220101,SAN MARTIN,MOYOBAMBA,MOYOBAMBA,15/06/2023
ENERO - DICIEMBRE,2020,08/01/2021,SAN MARTIN,SUPERIOR,PENAL,PENAL,QUEJAS,,249,235,220101,SAN MARTIN,MOYOBAMBA,MOYOBAMBA,15/06/2023
ENERO - DICIEMBRE,2020,08/01/2021,SANTA,PROVINCIAL,CIVIL,CIVIL,EXPEDIENTE,,15,12,021801,ANCASH,SANTA,CHIMBOTE,15/06/2023
ENERO - DICIEMBRE,2020,08/01/2021,SANTA,PROVINCIAL,FAMILIA,ACTOS CONTRA LA LIBERTAD SEXUAL,DENUNCIA,,21,18,021801,ANCASH,SANTA,CHIMBOTE,15/06/2023
ENERO - DICIEMBRE,2020,08/01/2021,SANTA,PROVINCIAL,FAMILIA,FAMILIA CIVIL,EXPEDIENTE,,312,246,021801,ANCASH,SANTA,CHIMBOTE,15/06/2023
ENERO - DICIEMBRE,2020,08/01/2021,SANTA,PROVINCIAL,FAMILIA,FAMILIA PENAL,DENUNCIA,,254,197,021801,ANCASH,SANTA,CHIMBOTE,15/06/2023
ENERO - DICIEMBRE,2020,08/01/2021,SANTA,PROVINCIAL,FAMILIA,FAMILIA PENAL,EXPEDIENTE,,29,24,021801,ANCASH,SANTA,CHIMBOTE,15/06/2023
ENERO - DICIEMBRE,2020,08/01/2021,SANTA,PROVINCIAL,FAMILIA,FAMILIA TUTELAR,DENUNCIA,,146,128,021801,ANCASH,SANTA,CHIMBOTE,15/06/2023
ENERO - DICIEMBRE,2020,08/01/2021,SANTA,PROVINCIAL,FAMILIA,FAMILIA TUTELAR,EXPEDIENTE,,24,18,021801,ANCASH,SANTA,CHIMBOTE,15/06/2023
ENERO - DICIEMBRE,2020,08/01/2021,SANTA,PROVINCIAL,FAMILIA,VIOLENCIA FAMILIAR,DENUNCIA,,30,29,021801,ANCASH,SANTA,CHIMBOTE,15/06/2023
ENERO - DICIEMBRE,2020,08/01/2021,SANTA,PROVINCIAL,PENAL,PENAL,DENUNCIA,CRIMINALIDAD ORGANIZADA,20,19,021801,ANCASH,SANTA,CHIMBOTE,15/06/2023
ENERO - DICIEMBRE,2020,08/01/2021,SANTA,PROVINCIAL,PENAL,PENAL,INVESTIGACION PREVENTIVA,,136,136,021801,ANCASH,SANTA,CHIMBOTE,15/06/2023
ENERO - DICIEMBRE,2020,08/01/2021,SANTA,PROVINCIAL,PENAL,PENAL,DENUNCIA,DELITOS DE CORRUPCION DE FUNCIONARIOS,254,236,021801,ANCASH,SANTA,CHIMBOTE,15/06/2023
ENERO - DICIEMBRE,2020,08/01/2021,SANTA,PROVINCIAL,PENAL,PENAL,DENUNCIA,,14965,11677,021801,ANCASH,SANTA,CHIMBOTE,15/06/2023
ENERO - DICIEMBRE,2020,08/01/2021,SANTA,PROVINCIAL,PENAL,PENAL,EXPEDIENTE,,8,3,021801,ANCASH,SANTA,CHIMBOTE,15/06/2023
ENERO - DICIEMBRE,2020,08/01/2021,SANTA,PROVINCIAL,PENAL,PENAL,DENUNCIA,DELITOS DE TRAFICO ILICITO DE DROGAS,81,81,021801,ANCASH,SANTA,CHIMBOTE,15/06/2023
ENERO - DICIEMBRE,2020,08/01/2021,SANTA,PROVINCIAL,PENAL,PENAL,DENUNCIA,LAVADO DE ACTIVOS Y PERDIDA DE DOMINIO,9,7,021801,ANCASH,SANTA,CHIMBOTE,15/06/2023
ENERO - DICIEMBRE,2020,08/01/2021,SANTA,PROVINCIAL,PENAL,PENAL,DENUNCIA,MATERIA AMBIENTAL,206,156,021801,ANCASH,SANTA,CHIMBOTE,15/06/2023
ENERO - DICIEMBRE,2020,08/01/2021,SANTA,PROVINCIAL,PENAL,PENAL,INVESTIGACION PREVENTIVA,MATERIA AMBIENTAL,10,8,021801,ANCASH,SANTA,CHIMBOTE,15/06/2023
ENERO - DICIEMBRE,2020,08/01/2021,SANTA,PROVINCIAL,PENAL,PENAL,DENUNCIA,,19,19,021801,ANCASH,SANTA,CHIMBOTE,15/06/2023
ENERO - DICIEMBRE,2020,08/01/2021,SANTA,SUPERIOR,CIVIL,CIVIL,EXPEDIENTE,,1,1,021801,ANCASH,SANTA,CHIMBOTE,15/06/2023
ENERO - DICIEMBRE,2020,08/01/2021,SANTA,SUPERIOR,FAMILIA,FAMILIA CIVIL,EXPEDIENTE,,10,10,021801,ANCASH,SANTA,CHIMBOTE,15/06/2023
ENERO - DICIEMBRE,2020,08/01/2021,SANTA,SUPERIOR,FAMILIA,FAMILIA PENAL,EXPEDIENTE,,10,10,021801,ANCASH,SANTA,CHIMBOTE,15/06/2023
ENERO - DICIEMBRE,2020,08/01/2021,SANTA,SUPERIOR,FAMILIA,FAMILIA TUTELAR,EXPEDIENTE,,4,4,021801,ANCASH,SANTA,CHIMBOTE,15/06/2023
ENERO - DICIEMBRE,2020,08/01/2021,SANTA,SUPERIOR,FAMILIA,VIOLENCIA FAMILIAR,EXPEDIENTE,,134,134,021801,ANCASH,SANTA,CHIMBOTE,15/06/2023
ENERO - DICIEMBRE,2020,08/01/2021,SANTA,SUPERIOR,PENAL,PENAL,APELACION DENUNCIA,DELITOS DE CORRUPCION DE FUNCIONARIOS,32,32,021801,ANCASH,SANTA,CHIMBOTE,15/06/2023
ENERO - DICIEMBRE,2020,08/01/2021,SANTA,SUPERIOR,PENAL,PENAL,APELACION EXPEDIENTE,DELITOS DE CORRUPCION DE FUNCIONARIOS,1,1,021801,ANCASH,SANTA,CHIMBOTE,15/06/2023
ENERO - DICIEMBRE,2020,08/01/2021,SANTA,SUPERIOR,PENAL,PENAL,CONSULTAS,DELITOS DE CORRUPCION DE FUNCIONARIOS,4,4,021801,ANCASH,SANTA,CHIMBOTE,15/06/2023
ENERO - DICIEMBRE,2020,08/01/2021,SANTA,SUPERIOR,PENAL,PENAL,EXCLUSION FISCAL,DELITOS DE CORRUPCION DE FUNCIONARIOS,1,1,021801,ANCASH,SANTA,CHIMBOTE,15/06/2023
ENERO - DICIEMBRE,2020,08/01/2021,SANTA,SUPERIOR,PENAL,PENAL,QUEJAS,DELITOS DE CORRUPCION DE FUNCIONARIOS,49,49,021801,ANCASH,SANTA,CHIMBOTE,15/06/2023
ENERO - DICIEMBRE,2020,08/01/2021,SANTA,SUPERIOR,PENAL,PENAL,APELACION DENUNCIA,,541,541,021801,ANCASH,SANTA,CHIMBOTE,15/06/2023
ENERO - DICIEMBRE,2020,08/01/2021,SANTA,SUPERIOR,PENAL,PENAL,APELACION EXPEDIENTE,,14,5,021801,ANCASH,SANTA,CHIMBOTE,15/06/2023
ENERO - DICIEMBRE,2020,08/01/2021,SANTA,SUPERIOR,PENAL,PENAL,CONSULTAS,,20,19,021801,ANCASH,SANTA,CHIMBOTE,15/06/2023
ENERO - DICIEMBRE,2020,08/01/2021,SANTA,SUPERIOR,PENAL,PENAL,EXCLUSION FISCAL,,14,14,021801,ANCASH,SANTA,CHIMBOTE,15/06/2023
ENERO - DICIEMBRE,2020,08/01/2021,SANTA,SUPERIOR,PENAL,PENAL,EXPEDIENTE,,22,14,021801,ANCASH,SANTA,CHIMBOTE,15/06/2023
ENERO - DICIEMBRE,2020,08/01/2021,SANTA,SUPERIOR,PENAL,PENAL,INCIDENTE-EXPEDIENTE,,9,8,021801,ANCASH,SANTA,CHIMBOTE,15/06/2023
ENERO - DICIEMBRE,2020,08/01/2021,SANTA,SUPERIOR,PENAL,PENAL,QUEJAS,,329,281,021801,ANCASH,SANTA,CHIMBOTE,15/06/2023
ENERO - DICIEMBRE,2020,08/01/2021,SELVA CENTRAL,PROVINCIAL,CIVIL,CIVIL,EXPEDIENTE,,3,2,120301,JUNIN,CHANCHAMAYO,CHANCHAMAYO,15/06/2023
ENERO - DICIEMBRE,2020,08/01/2021,SELVA CENTRAL,PROVINCIAL,FAMILIA,ACTOS CONTRA LA LIBERTAD SEXUAL,DENUNCIA,,1,0,120301,JUNIN,CHANCHAMAYO,CHANCHAMAYO,15/06/2023
ENERO - DICIEMBRE,2020,08/01/2021,SELVA CENTRAL,PROVINCIAL,FAMILIA,FAMILIA CIVIL,EXPEDIENTE,,108,89,120301,JUNIN,CHANCHAMAYO,CHANCHAMAYO,15/06/2023
ENERO - DICIEMBRE,2020,08/01/2021,SELVA CENTRAL,PROVINCIAL,FAMILIA,FAMILIA PENAL,DENUNCIA,,357,237,120301,JUNIN,CHANCHAMAYO,CHANCHAMAYO,15/06/2023
ENERO - DICIEMBRE,2020,08/01/2021,SELVA CENTRAL,PROVINCIAL,FAMILIA,FAMILIA PENAL,EXPEDIENTE,,83,66,120301,JUNIN,CHANCHAMAYO,CHANCHAMAYO,15/06/2023
ENERO - DICIEMBRE,2020,08/01/2021,SELVA CENTRAL,PROVINCIAL,FAMILIA,FAMILIA TUTELAR,DENUNCIA,,61,44,120301,JUNIN,CHANCHAMAYO,CHANCHAMAYO,15/06/2023
ENERO - DICIEMBRE,2020,08/01/2021,SELVA CENTRAL,PROVINCIAL,FAMILIA,FAMILIA TUTELAR,EXPEDIENTE,,25,16,120301,JUNIN,CHANCHAMAYO,CHANCHAMAYO,15/06/2023
ENERO - DICIEMBRE,2020,08/01/2021,SELVA CENTRAL,PROVINCIAL,FAMILIA,VIOLENCIA FAMILIAR,DENUNCIA,,7,5,120301,JUNIN,CHANCHAMAYO,CHANCHAMAYO,15/06/2023
ENERO - DICIEMBRE,2020,08/01/2021,SELVA CENTRAL,PROVINCIAL,FAMILIA,VIOLENCIA FAMILIAR,EXPEDIENTE,,1,1,120301,JUNIN,CHANCHAMAYO,CHANCHAMAYO,15/06/2023
ENERO - DICIEMBRE,2020,08/01/2021,SELVA CENTRAL,PROVINCIAL,PENAL,PENAL,INVESTIGACION PREVENTIVA,,84,84,120301,JUNIN,CHANCHAMAYO,CHANCHAMAYO,15/06/2023
ENERO - DICIEMBRE,2020,08/01/2021,SELVA CENTRAL,PROVINCIAL,PENAL,PENAL,DENUNCIA,DELITOS DE CORRUPCION DE FUNCIONARIOS,186,186,120301,JUNIN,CHANCHAMAYO,CHANCHAMAYO,15/06/2023
ENERO - DICIEMBRE,2020,08/01/2021,SELVA CENTRAL,PROVINCIAL,PENAL,PENAL,DENUNCIA,,11342,8219,120301,JUNIN,CHANCHAMAYO,CHANCHAMAYO,15/06/2023
ENERO - DICIEMBRE,2020,08/01/2021,SELVA CENTRAL,PROVINCIAL,PENAL,PENAL,EXPEDIENTE,,2,1,120301,JUNIN,CHANCHAMAYO,CHANCHAMAYO,15/06/2023
ENERO - DICIEMBRE,2020,08/01/2021,SELVA CENTRAL,PROVINCIAL,PENAL,PENAL,INVESTIGACION PREVENTIVA,,114,94,120301,JUNIN,CHANCHAMAYO,CHANCHAMAYO,15/06/2023
ENERO - DICIEMBRE,2020,08/01/2021,SELVA CENTRAL,PROVINCIAL,PENAL,PENAL,DENUNCIA,DELITOS DE TRAFICO ILICITO DE DROGAS,103,99,120301,JUNIN,CHANCHAMAYO,CHANCHAMAYO,15/06/2023
ENERO - DICIEMBRE,2020,08/01/2021,SELVA CENTRAL,PROVINCIAL,PENAL,PENAL,DENUNCIA,MATERIA AMBIENTAL,138,105,120301,JUNIN,CHANCHAMAYO,CHANCHAMAYO,15/06/2023
ENERO - DICIEMBRE,2020,08/01/2021,SELVA CENTRAL,PROVINCIAL,PENAL,PENAL,INVESTIGACION PREVENTIVA,MATERIA AMBIENTAL,3,3,120301,JUNIN,CHANCHAMAYO,CHANCHAMAYO,15/06/2023
ENERO - DICIEMBRE,2020,08/01/2021,SELVA CENTRAL,SUPERIOR,FAMILIA,FAMILIA CIVIL,EXPEDIENTE,,13,13,120301,JUNIN,CHANCHAMAYO,CHANCHAMAYO,15/06/2023
ENERO - DICIEMBRE,2020,08/01/2021,SELVA CENTRAL,SUPERIOR,FAMILIA,FAMILIA CIVIL,INCIDENTE,,1,1,120301,JUNIN,CHANCHAMAYO,CHANCHAMAYO,15/06/2023
ENERO - DICIEMBRE,2020,08/01/2021,SELVA CENTRAL,SUPERIOR,FAMILIA,FAMILIA PENAL,EXPEDIENTE,,2,2,120301,JUNIN,CHANCHAMAYO,CHANCHAMAYO,15/06/2023
ENERO - DICIEMBRE,2020,08/01/2021,SELVA CENTRAL,SUPERIOR,FAMILIA,FAMILIA PENAL,INCIDENTE,,5,5,120301,JUNIN,CHANCHAMAYO,CHANCHAMAYO,15/06/2023
ENERO - DICIEMBRE,2020,08/01/2021,SELVA CENTRAL,SUPERIOR,FAMILIA,FAMILIA TUTELAR,EXPEDIENTE,,2,2,120301,JUNIN,CHANCHAMAYO,CHANCHAMAYO,15/06/2023
ENERO - DICIEMBRE,2020,08/01/2021,SELVA CENTRAL,SUPERIOR,FAMILIA,VIOLENCIA FAMILIAR,EXPEDIENTE,,14,14,120301,JUNIN,CHANCHAMAYO,CHANCHAMAYO,15/06/2023
ENERO - DICIEMBRE,2020,08/01/2021,SELVA CENTRAL,SUPERIOR,FAMILIA,VIOLENCIA FAMILIAR,INCIDENTE,,6,6,120301,JUNIN,CHANCHAMAYO,CHANCHAMAYO,15/06/2023
ENERO - DICIEMBRE,2020,08/01/2021,SELVA CENTRAL,SUPERIOR,PENAL,PENAL,APELACION DENUNCIA,,242,242,120301,JUNIN,CHANCHAMAYO,CHANCHAMAYO,15/06/2023
ENERO - DICIEMBRE,2020,08/01/2021,SELVA CENTRAL,SUPERIOR,PENAL,PENAL,APELACION EXPEDIENTE,,10,10,120301,JUNIN,CHANCHAMAYO,CHANCHAMAYO,15/06/2023
ENERO - DICIEMBRE,2020,08/01/2021,SELVA CENTRAL,SUPERIOR,PENAL,PENAL,CONSULTAS,,25,24,120301,JUNIN,CHANCHAMAYO,CHANCHAMAYO,15/06/2023
ENERO - DICIEMBRE,2020,08/01/2021,SELVA CENTRAL,SUPERIOR,PENAL,PENAL,EXCLUSION FISCAL,,8,8,120301,JUNIN,CHANCHAMAYO,CHANCHAMAYO,15/06/2023
ENERO - DICIEMBRE,2020,08/01/2021,SELVA CENTRAL,SUPERIOR,PENAL,PENAL,EXPEDIENTE,,67,63,120301,JUNIN,CHANCHAMAYO,CHANCHAMAYO,15/06/2023
ENERO - DICIEMBRE,2020,08/01/2021,SELVA CENTRAL,SUPERIOR,PENAL,PENAL,INCIDENTE-EXPEDIENTE,,3,2,120301,JUNIN,CHANCHAMAYO,CHANCHAMAYO,15/06/2023
ENERO - DICIEMBRE,2020,08/01/2021,SELVA CENTRAL,SUPERIOR,PENAL,PENAL,QUEJAS,,149,146,120301,JUNIN,CHANCHAMAYO,CHANCHAMAYO,15/06/2023
ENERO - DICIEMBRE,2020,08/01/2021,SULLANA,PROVINCIAL,CIVIL,CIVIL,EXPEDIENTE,,2,1,200601,PIURA,SULLANA,SULLANA,15/06/2023
ENERO - DICIEMBRE,2020,08/01/2021,SULLANA,PROVINCIAL,FAMILIA,ACTOS CONTRA LA LIBERTAD SEXUAL,DENUNCIA,,40,40,200601,PIURA,SULLANA,SULLANA,15/06/2023
ENERO - DICIEMBRE,2020,08/01/2021,SULLANA,PROVINCIAL,FAMILIA,FAMILIA CIVIL,EXPEDIENTE,,139,138,200601,PIURA,SULLANA,SULLANA,15/06/2023
ENERO - DICIEMBRE,2020,08/01/2021,SULLANA,PROVINCIAL,FAMILIA,FAMILIA PENAL,DENUNCIA,,147,134,200601,PIURA,SULLANA,SULLANA,15/06/2023
ENERO - DICIEMBRE,2020,08/01/2021,SULLANA,PROVINCIAL,FAMILIA,FAMILIA PENAL,EXPEDIENTE,,58,55,200601,PIURA,SULLANA,SULLANA,15/06/2023
ENERO - DICIEMBRE,2020,08/01/2021,SULLANA,PROVINCIAL,FAMILIA,FAMILIA TUTELAR,DENUNCIA,,34,31,200601,PIURA,SULLANA,SULLANA,15/06/2023
ENERO - DICIEMBRE,2020,08/01/2021,SULLANA,PROVINCIAL,FAMILIA,FAMILIA TUTELAR,EXPEDIENTE,,13,13,200601,PIURA,SULLANA,SULLANA,15/06/2023
ENERO - DICIEMBRE,2020,08/01/2021,SULLANA,PROVINCIAL,FAMILIA,VIOLENCIA FAMILIAR,DENUNCIA,,139,136,200601,PIURA,SULLANA,SULLANA,15/06/2023
ENERO - DICIEMBRE,2020,08/01/2021,SULLANA,PROVINCIAL,FAMILIA,VIOLENCIA FAMILIAR,EXPEDIENTE,,8,6,200601,PIURA,SULLANA,SULLANA,15/06/2023
ENERO - DICIEMBRE,2020,08/01/2021,SULLANA,PROVINCIAL,PENAL,PENAL,INVESTIGACION PREVENTIVA,,70,70,200601,PIURA,SULLANA,SULLANA,15/06/2023
ENERO - DICIEMBRE,2020,08/01/2021,SULLANA,PROVINCIAL,PENAL,PENAL,DENUNCIA,MATERIA AMBIENTAL,145,144,200601,PIURA,SULLANA,SULLANA,15/06/2023
ENERO - DICIEMBRE,2020,08/01/2021,SULLANA,PROVINCIAL,PENAL,PENAL,DENUNCIA,DELITOS DE CORRUPCION DE FUNCIONARIOS,135,106,200601,PIURA,SULLANA,SULLANA,15/06/2023
ENERO - DICIEMBRE,2020,08/01/2021,SULLANA,PROVINCIAL,PENAL,PENAL,DENUNCIA,,8101,7032,200601,PIURA,SULLANA,SULLANA,15/06/2023
ENERO - DICIEMBRE,2020,08/01/2021,SULLANA,PROVINCIAL,PENAL,PENAL,EXPEDIENTE,,8,7,200601,PIURA,SULLANA,SULLANA,15/06/2023
ENERO - DICIEMBRE,2020,08/01/2021,SULLANA,PROVINCIAL,PENAL,PENAL,INVESTIGACION PREVENTIVA,,5,5,200601,PIURA,SULLANA,SULLANA,15/06/2023
ENERO - DICIEMBRE,2020,08/01/2021,SULLANA,SUPERIOR,FAMILIA,FAMILIA CIVIL,EXPEDIENTE,,4,3,200601,PIURA,SULLANA,SULLANA,15/06/2023
ENERO - DICIEMBRE,2020,08/01/2021,SULLANA,SUPERIOR,FAMILIA,FAMILIA PENAL,EXPEDIENTE,,8,8,200601,PIURA,SULLANA,SULLANA,15/06/2023
ENERO - DICIEMBRE,2020,08/01/2021,SULLANA,SUPERIOR,FAMILIA,FAMILIA PENAL,INCIDENTE,,6,6,200601,PIURA,SULLANA,SULLANA,15/06/2023
ENERO - DICIEMBRE,2020,08/01/2021,SULLANA,SUPERIOR,FAMILIA,VIOLENCIA FAMILIAR,EXPEDIENTE,,42,42,200601,PIURA,SULLANA,SULLANA,15/06/2023
ENERO - DICIEMBRE,2020,08/01/2021,SULLANA,SUPERIOR,PENAL,PENAL,APELACION DENUNCIA,,1169,1169,200601,PIURA,SULLANA,SULLANA,15/06/2023
ENERO - DICIEMBRE,2020,08/01/2021,SULLANA,SUPERIOR,PENAL,PENAL,APELACION EXPEDIENTE,,5,5,200601,PIURA,SULLANA,SULLANA,15/06/2023
ENERO - DICIEMBRE,2020,08/01/2021,SULLANA,SUPERIOR,PENAL,PENAL,CONSULTAS,,28,28,200601,PIURA,SULLANA,SULLANA,15/06/2023
ENERO - DICIEMBRE,2020,08/01/2021,SULLANA,SUPERIOR,PENAL,PENAL,EXCLUSION FISCAL,,3,3,200601,PIURA,SULLANA,SULLANA,15/06/2023
ENERO - DICIEMBRE,2020,08/01/2021,SULLANA,SUPERIOR,PENAL,PENAL,EXPEDIENTE,,6,6,200601,PIURA,SULLANA,SULLANA,15/06/2023
ENERO - DICIEMBRE,2020,08/01/2021,SULLANA,SUPERIOR,PENAL,PENAL,INCIDENTE-EXPEDIENTE,,36,35,200601,PIURA,SULLANA,SULLANA,15/06/2023
ENERO - DICIEMBRE,2020,08/01/2021,SULLANA,SUPERIOR,PENAL,PENAL,QUEJAS,,365,365,200601,PIURA,SULLANA,SULLANA,15/06/2023
ENERO - DICIEMBRE,2020,08/01/2021,TACNA,PROVINCIAL,CIVIL,CIVIL,EXPEDIENTE,,21,20,230101,TACNA,TACNA,TACNA,15/06/2023
ENERO - DICIEMBRE,2020,08/01/2021,TACNA,PROVINCIAL,FAMILIA,FAMILIA CIVIL,EXPEDIENTE,,233,226,230101,TACNA,TACNA,TACNA,15/06/2023
ENERO - DICIEMBRE,2020,08/01/2021,TACNA,PROVINCIAL,FAMILIA,FAMILIA PENAL,DENUNCIA,,105,94,230101,TACNA,TACNA,TACNA,15/06/2023
ENERO - DICIEMBRE,2020,08/01/2021,TACNA,PROVINCIAL,FAMILIA,FAMILIA PENAL,EXPEDIENTE,,18,18,230101,TACNA,TACNA,TACNA,15/06/2023
ENERO - DICIEMBRE,2020,08/01/2021,TACNA,PROVINCIAL,FAMILIA,FAMILIA TUTELAR,DENUNCIA,,23,22,230101,TACNA,TACNA,TACNA,15/06/2023
ENERO - DICIEMBRE,2020,08/01/2021,TACNA,PROVINCIAL,FAMILIA,FAMILIA TUTELAR,EXPEDIENTE,,38,37,230101,TACNA,TACNA,TACNA,15/06/2023
ENERO - DICIEMBRE,2020,08/01/2021,TACNA,PROVINCIAL,FAMILIA,VIOLENCIA FAMILIAR,DENUNCIA,,1,1,230101,TACNA,TACNA,TACNA,15/06/2023
ENERO - DICIEMBRE,2020,08/01/2021,TACNA,PROVINCIAL,PENAL,PENAL,INVESTIGACION PREVENTIVA,,428,424,230101,TACNA,TACNA,TACNA,15/06/2023
ENERO - DICIEMBRE,2020,08/01/2021,TACNA,PROVINCIAL,PENAL,PENAL,DENUNCIA,DELITOS DE CORRUPCION DE FUNCIONARIOS,271,247,230101,TACNA,TACNA,TACNA,15/06/2023
ENERO - DICIEMBRE,2020,08/01/2021,TACNA,PROVINCIAL,PENAL,PENAL,INVESTIGACION PREVENTIVA,DELITOS DE CORRUPCION DE FUNCIONARIOS,29,29,230101,TACNA,TACNA,TACNA,15/06/2023
ENERO - DICIEMBRE,2020,08/01/2021,TACNA,PROVINCIAL,PENAL,PENAL,DENUNCIA,,7436,6644,230101,TACNA,TACNA,TACNA,15/06/2023
ENERO - DICIEMBRE,2020,08/01/2021,TACNA,PROVINCIAL,PENAL,PENAL,EXPEDIENTE,,9,4,230101,TACNA,TACNA,TACNA,15/06/2023
ENERO - DICIEMBRE,2020,08/01/2021,TACNA,PROVINCIAL,PENAL,PENAL,DENUNCIA,VIOLENCIA CONTRA LA MUJER Y LOS INTEGRANTES DEL GRUPO FAMILIAR,1042,1034,230101,TACNA,TACNA,TACNA,15/06/2023
ENERO - DICIEMBRE,2020,08/01/2021,TACNA,PROVINCIAL,PENAL,PENAL,INVESTIGACION PREVENTIVA,,1,1,230101,TACNA,TACNA,TACNA,15/06/2023
ENERO - DICIEMBRE,2020,08/01/2021,TACNA,PROVINCIAL,PENAL,PENAL,DENUNCIA,DELITOS DE TRAFICO ILICITO DE DROGAS,37,37,230101,TACNA,TACNA,TACNA,15/06/2023
ENERO - DICIEMBRE,2020,08/01/2021,TACNA,PROVINCIAL,PENAL,PENAL,DENUNCIA,LAVADO DE ACTIVOS Y PERDIDA DE DOMINIO,26,25,230101,TACNA,TACNA,TACNA,15/06/2023
ENERO - DICIEMBRE,2020,08/01/2021,TACNA,PROVINCIAL,PENAL,PENAL,DENUNCIA,DELITOS DE TRATA DE PERSONAS,76,76,230101,TACNA,TACNA,TACNA,15/06/2023
ENERO - DICIEMBRE,2020,08/01/2021,TACNA,PROVINCIAL,PENAL,PENAL,DENUNCIA,MATERIA AMBIENTAL,76,69,230101,TACNA,TACNA,TACNA,15/06/2023
ENERO - DICIEMBRE,2020,08/01/2021,TACNA,PROVINCIAL,PENAL,PENAL,INVESTIGACION PREVENTIVA,MATERIA AMBIENTAL,45,45,230101,TACNA,TACNA,TACNA,15/06/2023
ENERO - DICIEMBRE,2020,08/01/2021,TACNA,SUPERIOR,CIVIL,CIVIL,EXPEDIENTE,,3,3,230101,TACNA,TACNA,TACNA,15/06/2023
ENERO - DICIEMBRE,2020,08/01/2021,TACNA,SUPERIOR,FAMILIA,FAMILIA CIVIL,EXPEDIENTE,,35,35,230101,TACNA,TACNA,TACNA,15/06/2023
ENERO - DICIEMBRE,2020,08/01/2021,TACNA,SUPERIOR,FAMILIA,FAMILIA PENAL,EXPEDIENTE,,11,11,230101,TACNA,TACNA,TACNA,15/06/2023
ENERO - DICIEMBRE,2020,08/01/2021,TACNA,SUPERIOR,FAMILIA,VIOLENCIA FAMILIAR,EXPEDIENTE,,51,51,230101,TACNA,TACNA,TACNA,15/06/2023
ENERO - DICIEMBRE,2020,08/01/2021,TACNA,SUPERIOR,PENAL,PENAL,APELACION DENUNCIA,,437,437,230101,TACNA,TACNA,TACNA,15/06/2023
ENERO - DICIEMBRE,2020,08/01/2021,TACNA,SUPERIOR,PENAL,PENAL,CONSULTAS,,58,58,230101,TACNA,TACNA,TACNA,15/06/2023
ENERO - DICIEMBRE,2020,08/01/2021,TACNA,SUPERIOR,PENAL,PENAL,EXCLUSION FISCAL,,5,5,230101,TACNA,TACNA,TACNA,15/06/2023
ENERO - DICIEMBRE,2020,08/01/2021,TACNA,SUPERIOR,PENAL,PENAL,EXPEDIENTE,,10,10,230101,TACNA,TACNA,TACNA,15/06/2023
ENERO - DICIEMBRE,2020,08/01/2021,TACNA,SUPERIOR,PENAL,PENAL,INCIDENTE-EXPEDIENTE,,3,3,230101,TACNA,TACNA,TACNA,15/06/2023
ENERO - DICIEMBRE,2020,08/01/2021,TACNA,SUPERIOR,PENAL,PENAL,QUEJAS,,453,453,230101,TACNA,TACNA,TACNA,15/06/2023
ENERO - DICIEMBRE,2020,08/01/2021,TUMBES,PROVINCIAL,CIVIL,CIVIL,EXPEDIENTE,,1,0,240101,TUMBES,TUMBES,TUMBES,15/06/2023
ENERO - DICIEMBRE,2020,08/01/2021,TUMBES,PROVINCIAL,FAMILIA,ACTOS CONTRA LA LIBERTAD SEXUAL,DENUNCIA,,3,2,240101,TUMBES,TUMBES,TUMBES,15/06/2023
ENERO - DICIEMBRE,2020,08/01/2021,TUMBES,PROVINCIAL,FAMILIA,FAMILIA CIVIL,EXPEDIENTE,,110,100,240101,TUMBES,TUMBES,TUMBES,15/06/2023
ENERO - DICIEMBRE,2020,08/01/2021,TUMBES,PROVINCIAL,FAMILIA,FAMILIA PENAL,DENUNCIA,,162,135,240101,TUMBES,TUMBES,TUMBES,15/06/2023
ENERO - DICIEMBRE,2020,08/01/2021,TUMBES,PROVINCIAL,FAMILIA,FAMILIA PENAL,EXPEDIENTE,,49,49,240101,TUMBES,TUMBES,TUMBES,15/06/2023
ENERO - DICIEMBRE,2020,08/01/2021,TUMBES,PROVINCIAL,FAMILIA,FAMILIA TUTELAR,DENUNCIA,,11,11,240101,TUMBES,TUMBES,TUMBES,15/06/2023
ENERO - DICIEMBRE,2020,08/01/2021,TUMBES,PROVINCIAL,FAMILIA,FAMILIA TUTELAR,EXPEDIENTE,,3,3,240101,TUMBES,TUMBES,TUMBES,15/06/2023
ENERO - DICIEMBRE,2020,08/01/2021,TUMBES,PROVINCIAL,PENAL,PENAL,DENUNCIA,CRIMINALIDAD ORGANIZADA,7,7,240101,TUMBES,TUMBES,TUMBES,15/06/2023
ENERO - DICIEMBRE,2020,08/01/2021,TUMBES,PROVINCIAL,PENAL,PENAL,DENUNCIA,,12,12,240101,TUMBES,TUMBES,TUMBES,15/06/2023
ENERO - DICIEMBRE,2020,08/01/2021,TUMBES,PROVINCIAL,PENAL,PENAL,DENUNCIA,DELITOS DE CORRUPCION DE FUNCIONARIOS,159,144,240101,TUMBES,TUMBES,TUMBES,15/06/2023
ENERO - DICIEMBRE,2020,08/01/2021,TUMBES,PROVINCIAL,PENAL,PENAL,DENUNCIA,MATERIA AMBIENTAL,182,163,240101,TUMBES,TUMBES,TUMBES,15/06/2023
ENERO - DICIEMBRE,2020,08/01/2021,TUMBES,PROVINCIAL,PENAL,PENAL,DENUNCIA,DELITOS ADUANEROS Y CONTRA LA PROPIEDAD INTELECTUAL,314,278,240101,TUMBES,TUMBES,TUMBES,15/06/2023
ENERO - DICIEMBRE,2020,08/01/2021,TUMBES,PROVINCIAL,PENAL,PENAL,DENUNCIA,LAVADO DE ACTIVOS Y PERDIDA DE DOMINIO,5,4,240101,TUMBES,TUMBES,TUMBES,15/06/2023
ENERO - DICIEMBRE,2020,08/01/2021,TUMBES,PROVINCIAL,PENAL,PENAL,DENUNCIA,,5146,4592,240101,TUMBES,TUMBES,TUMBES,15/06/2023
ENERO - DICIEMBRE,2020,08/01/2021,TUMBES,PROVINCIAL,PENAL,PENAL,EXPEDIENTE,,1,1,240101,TUMBES,TUMBES,TUMBES,15/06/2023
ENERO - DICIEMBRE,2020,08/01/2021,TUMBES,PROVINCIAL,PENAL,PENAL,INVESTIGACION PREVENTIVA,,208,207,240101,TUMBES,TUMBES,TUMBES,15/06/2023
ENERO - DICIEMBRE,2020,08/01/2021,TUMBES,PROVINCIAL,PENAL,PENAL,DENUNCIA,VIOLENCIA CONTRA LA MUJER Y LOS INTEGRANTES DEL GRUPO FAMILIAR,1904,1599,240101,TUMBES,TUMBES,TUMBES,15/06/2023
ENERO - DICIEMBRE,2020,08/01/2021,TUMBES,PROVINCIAL,PENAL,PENAL,INVESTIGACION PREVENTIVA,MATERIA AMBIENTAL,33,31,240101,TUMBES,TUMBES,TUMBES,15/06/2023
ENERO - DICIEMBRE,2020,08/01/2021,TUMBES,PROVINCIAL,PENAL,PENAL,DENUNCIA,DELITOS DE TRATA DE PERSONAS,57,57,240101,TUMBES,TUMBES,TUMBES,15/06/2023
ENERO - DICIEMBRE,2020,08/01/2021,TUMBES,PROVINCIAL,PENAL,PENAL,DENUNCIA,DELITOS DE TRAFICO ILICITO DE DROGAS,68,68,240101,TUMBES,TUMBES,TUMBES,15/06/2023
ENERO - DICIEMBRE,2020,08/01/2021,TUMBES,SUPERIOR,CIVIL,CIVIL,EXPEDIENTE,,3,3,240101,TUMBES,TUMBES,TUMBES,15/06/2023
ENERO - DICIEMBRE,2020,08/01/2021,TUMBES,SUPERIOR,FAMILIA,FAMILIA CIVIL,EXPEDIENTE,,4,4,240101,TUMBES,TUMBES,TUMBES,15/06/2023
ENERO - DICIEMBRE,2020,08/01/2021,TUMBES,SUPERIOR,FAMILIA,FAMILIA PENAL,EXPEDIENTE,,6,6,240101,TUMBES,TUMBES,TUMBES,15/06/2023
ENERO - DICIEMBRE,2020,08/01/2021,TUMBES,SUPERIOR,FAMILIA,VIOLENCIA FAMILIAR,EXPEDIENTE,,20,20,240101,TUMBES,TUMBES,TUMBES,15/06/2023
ENERO - DICIEMBRE,2020,08/01/2021,TUMBES,SUPERIOR,FAMILIA,VIOLENCIA FAMILIAR,INCIDENTE,,1,1,240101,TUMBES,TUMBES,TUMBES,15/06/2023
ENERO - DICIEMBRE,2020,08/01/2021,TUMBES,SUPERIOR,PENAL,PENAL,EXCLUSION FISCAL,,2,2,240101,TUMBES,TUMBES,TUMBES,15/06/2023
ENERO - DICIEMBRE,2020,08/01/2021,TUMBES,SUPERIOR,PENAL,PENAL,APELACION DENUNCIA,,386,384,240101,TUMBES,TUMBES,TUMBES,15/06/2023
ENERO - DICIEMBRE,2020,08/01/2021,TUMBES,SUPERIOR,PENAL,PENAL,APELACION EXPEDIENTE,,1,1,240101,TUMBES,TUMBES,TUMBES,15/06/2023
ENERO - DICIEMBRE,2020,08/01/2021,TUMBES,SUPERIOR,PENAL,PENAL,CONSULTAS,,36,36,240101,TUMBES,TUMBES,TUMBES,15/06/2023
ENERO - DICIEMBRE,2020,08/01/2021,TUMBES,SUPERIOR,PENAL,PENAL,EXPEDIENTE,,6,3,240101,TUMBES,TUMBES,TUMBES,15/06/2023
ENERO - DICIEMBRE,2020,08/01/2021,TUMBES,SUPERIOR,PENAL,PENAL,QUEJAS,,165,165,240101,TUMBES,TUMBES,TUMBES,15/06/2023
ENERO - DICIEMBRE,2020,08/01/2021,UCAYALI,PROVINCIAL,CIVIL,CIVIL,EXPEDIENTE,,7,7,250101,UCAYALI,CORONEL PORTILLO,CALLERIA,15/06/2023
ENERO - DICIEMBRE,2020,08/01/2021,UCAYALI,PROVINCIAL,FAMILIA,ACTOS CONTRA LA LIBERTAD SEXUAL,DENUNCIA,,4,3,250101,UCAYALI,CORONEL PORTILLO,CALLERIA,15/06/2023
ENERO - DICIEMBRE,2020,08/01/2021,UCAYALI,PROVINCIAL,FAMILIA,FAMILIA CIVIL,EXPEDIENTE,,177,158,250101,UCAYALI,CORONEL PORTILLO,CALLERIA,15/06/2023
ENERO - DICIEMBRE,2020,08/01/2021,UCAYALI,PROVINCIAL,FAMILIA,FAMILIA PENAL,DENUNCIA,,389,312,250101,UCAYALI,CORONEL PORTILLO,CALLERIA,15/06/2023
ENERO - DICIEMBRE,2020,08/01/2021,UCAYALI,PROVINCIAL,FAMILIA,FAMILIA PENAL,EXPEDIENTE,,60,50,250101,UCAYALI,CORONEL PORTILLO,CALLERIA,15/06/2023
ENERO - DICIEMBRE,2020,08/01/2021,UCAYALI,PROVINCIAL,FAMILIA,FAMILIA TUTELAR,DENUNCIA,,132,51,250101,UCAYALI,CORONEL PORTILLO,CALLERIA,15/06/2023
ENERO - DICIEMBRE,2020,08/01/2021,UCAYALI,PROVINCIAL,FAMILIA,FAMILIA TUTELAR,EXPEDIENTE,,20,14,250101,UCAYALI,CORONEL PORTILLO,CALLERIA,15/06/2023
ENERO - DICIEMBRE,2020,08/01/2021,UCAYALI,PROVINCIAL,FAMILIA,VIOLENCIA FAMILIAR,DENUNCIA,,8,6,250101,UCAYALI,CORONEL PORTILLO,CALLERIA,15/06/2023
ENERO - DICIEMBRE,2020,08/01/2021,UCAYALI,PROVINCIAL,PENAL,PENAL,DENUNCIA,CRIMINALIDAD ORGANIZADA,45,40,250101,UCAYALI,CORONEL PORTILLO,CALLERIA,15/06/2023
ENERO - DICIEMBRE,2020,08/01/2021,UCAYALI,PROVINCIAL,PENAL,PENAL,INVESTIGACION PREVENTIVA,,204,202,250101,UCAYALI,CORONEL PORTILLO,CALLERIA,15/06/2023
ENERO - DICIEMBRE,2020,08/01/2021,UCAYALI,PROVINCIAL,PENAL,PENAL,INVESTIGACION PREVENTIVA,MATERIA AMBIENTAL,4,4,250101,UCAYALI,CORONEL PORTILLO,CALLERIA,15/06/2023
ENERO - DICIEMBRE,2020,08/01/2021,UCAYALI,PROVINCIAL,PENAL,PENAL,DENUNCIA,,11109,8683,250101,UCAYALI,CORONEL PORTILLO,CALLERIA,15/06/2023
ENERO - DICIEMBRE,2020,08/01/2021,UCAYALI,PROVINCIAL,PENAL,PENAL,EXPEDIENTE,,1,0,250101,UCAYALI,CORONEL PORTILLO,CALLERIA,15/06/2023
ENERO - DICIEMBRE,2020,08/01/2021,UCAYALI,PROVINCIAL,PENAL,PENAL,DENUNCIA,DELITOS DE TRAFICO ILICITO DE DROGAS,416,363,250101,UCAYALI,CORONEL PORTILLO,CALLERIA,15/06/2023
ENERO - DICIEMBRE,2020,08/01/2021,UCAYALI,PROVINCIAL,PENAL,PENAL,DENUNCIA,DELITOS DE CORRUPCION DE FUNCIONARIOS,322,288,250101,UCAYALI,CORONEL PORTILLO,CALLERIA,15/06/2023
ENERO - DICIEMBRE,2020,08/01/2021,UCAYALI,PROVINCIAL,PENAL,PENAL,DENUNCIA,MATERIA AMBIENTAL,644,510,250101,UCAYALI,CORONEL PORTILLO,CALLERIA,15/06/2023
ENERO - DICIEMBRE,2020,08/01/2021,UCAYALI,PROVINCIAL,PENAL,PENAL,DENUNCIA,,3,3,250101,UCAYALI,CORONEL PORTILLO,CALLERIA,15/06/2023
ENERO - DICIEMBRE,2020,08/01/2021,UCAYALI,PROVINCIAL,PENAL,PENAL,INVESTIGACION PREVENTIVA,,11,6,250101,UCAYALI,CORONEL PORTILLO,CALLERIA,15/06/2023
ENERO - DICIEMBRE,2020,08/01/2021,UCAYALI,SUPERIOR,CIVIL,CIVIL,EXPEDIENTE,,17,17,250101,UCAYALI,CORONEL PORTILLO,CALLERIA,15/06/2023
ENERO - DICIEMBRE,2020,08/01/2021,UCAYALI,SUPERIOR,FAMILIA,FAMILIA CIVIL,EXPEDIENTE,,18,18,250101,UCAYALI,CORONEL PORTILLO,CALLERIA,15/06/2023
ENERO - DICIEMBRE,2020,08/01/2021,UCAYALI,SUPERIOR,FAMILIA,FAMILIA PENAL,EXPEDIENTE,,25,25,250101,UCAYALI,CORONEL PORTILLO,CALLERIA,15/06/2023
ENERO - DICIEMBRE,2020,08/01/2021,UCAYALI,SUPERIOR,FAMILIA,FAMILIA PENAL,INCIDENTE,,2,2,250101,UCAYALI,CORONEL PORTILLO,CALLERIA,15/06/2023
ENERO - DICIEMBRE,2020,08/01/2021,UCAYALI,SUPERIOR,FAMILIA,FAMILIA TUTELAR,EXPEDIENTE,,16,16,250101,UCAYALI,CORONEL PORTILLO,CALLERIA,15/06/2023
ENERO - DICIEMBRE,2020,08/01/2021,UCAYALI,SUPERIOR,FAMILIA,VIOLENCIA FAMILIAR,EXPEDIENTE,,13,13,250101,UCAYALI,CORONEL PORTILLO,CALLERIA,15/06/2023
ENERO - DICIEMBRE,2020,08/01/2021,UCAYALI,SUPERIOR,FAMILIA,VIOLENCIA FAMILIAR,INCIDENTE,,2,2,250101,UCAYALI,CORONEL PORTILLO,CALLERIA,15/06/2023
ENERO - DICIEMBRE,2020,08/01/2021,UCAYALI,SUPERIOR,PENAL,PENAL,APELACION DENUNCIA,,645,632,250101,UCAYALI,CORONEL PORTILLO,CALLERIA,15/06/2023
ENERO - DICIEMBRE,2020,08/01/2021,UCAYALI,SUPERIOR,PENAL,PENAL,CONSULTAS,,129,112,250101,UCAYALI,CORONEL PORTILLO,CALLERIA,15/06/2023
ENERO - DICIEMBRE,2020,08/01/2021,UCAYALI,SUPERIOR,PENAL,PENAL,EXCLUSION FISCAL,,14,13,250101,UCAYALI,CORONEL PORTILLO,CALLERIA,15/06/2023
ENERO - DICIEMBRE,2020,08/01/2021,UCAYALI,SUPERIOR,PENAL,PENAL,EXPEDIENTE,,40,39,250101,UCAYALI,CORONEL PORTILLO,CALLERIA,15/06/2023
ENERO - DICIEMBRE,2020,08/01/2021,UCAYALI,SUPERIOR,PENAL,PENAL,INCIDENTE-EXPEDIENTE,,27,27,250101,UCAYALI,CORONEL PORTILLO,CALLERIA,15/06/2023
ENERO - DICIEMBRE,2020,08/01/2021,UCAYALI,SUPERIOR,PENAL,PENAL,QUEJAS,,340,310,250101,UCAYALI,CORONEL PORTILLO,CALLERIA,15/06/2023
ENERO - DICIEMBRE,2020,08/01/2021,UCAYALI,SUPERIOR,PENAL,PENAL,QUEJAS,DELITOS DE CORRUPCION DE FUNCIONARIOS,25,25,250101,UCAYALI,CORONEL PORTILLO,CALLERIA,15/06/2023
ENERO - DICIEMBRE,2020,08/01/2021,UCAYALI,SUPERIOR,PENAL,PENAL,APELACION DENUNCIA,DELITOS DE CORRUPCION DE FUNCIONARIOS,17,8,250101,UCAYALI,CORONEL PORTILLO,CALLERIA,15/06/2023
ENERO - DICIEMBRE,2020,08/01/2021,UCAYALI,SUPERIOR,PENAL,PENAL,CONSULTAS,DELITOS DE CORRUPCION DE FUNCIONARIOS,14,14,250101,UCAYALI,CORONEL PORTILLO,CALLERIA,15/06/2023
ENERO - DICIEMBRE,2020,08/01/2021,UCAYALI,SUPERIOR,PENAL,PENAL,APELACION EXPEDIENTE,,1,1,250101,UCAYALI,CORONEL PORTILLO,CALLERIA,15/06/2023
