periodo,anio,fecha_descarga,distrito_fiscal,tipo_fiscalia,materia,especialidad,tipo_caso,especializada,ingresado,atendido,ubigeo_pjfs,dpto_pjfs,prov_pjfs,dist_pjfs,fecha_corte
ENERO - DICIEMBRE,2021,11/01/2022,AMAZONAS,PROVINCIAL,CIVIL,CIVIL,EXPEDIENTE,,78,49,010101,AMAZONAS,CHACHAPOYAS,CHACHAPOYAS,15/06/2023
ENERO - DICIEMBRE,2021,11/01/2022,AMAZONAS,PROVINCIAL,FAMILIA,ACTOS CONTRA LA LIBERTAD SEXUAL,DENUNCIA,,12,10,010101,AMAZONAS,CHACHAPOYAS,CHACHAPOYAS,15/06/2023
ENERO - DICIEMBRE,2021,11/01/2022,AMAZONAS,PROVINCIAL,FAMILIA,FAMILIA CIVIL,EXPEDIENTE,,530,509,010101,AMAZONAS,CHACHAPOYAS,CHACHAPOYAS,15/06/2023
ENERO - DICIEMBRE,2021,11/01/2022,AMAZONAS,PROVINCIAL,FAMILIA,FAMILIA PENAL,DENUNCIA,,353,328,010101,AMAZONAS,CHACHAPOYAS,CHACHAPOYAS,15/06/2023
ENERO - DICIEMBRE,2021,11/01/2022,AMAZONAS,PROVINCIAL,FAMILIA,FAMILIA PENAL,EXPEDIENTE,,112,106,010101,AMAZONAS,CHACHAPOYAS,CHACHAPOYAS,15/06/2023
ENERO - DICIEMBRE,2021,11/01/2022,AMAZONAS,PROVINCIAL,FAMILIA,FAMILIA TUTELAR,DENUNCIA,,468,453,010101,AMAZONAS,CHACHAPOYAS,CHACHAPOYAS,15/06/2023
ENERO - DICIEMBRE,2021,11/01/2022,AMAZONAS,PROVINCIAL,FAMILIA,FAMILIA TUTELAR,EXPEDIENTE,,57,55,010101,AMAZONAS,CHACHAPOYAS,CHACHAPOYAS,15/06/2023
ENERO - DICIEMBRE,2021,11/01/2022,AMAZONAS,PROVINCIAL,FAMILIA,VIOLENCIA FAMILIAR,DENUNCIA,,19,18,010101,AMAZONAS,CHACHAPOYAS,CHACHAPOYAS,15/06/2023
ENERO - DICIEMBRE,2021,11/01/2022,AMAZONAS,PROVINCIAL,FAMILIA,VIOLENCIA FAMILIAR,EXPEDIENTE,,4,4,010101,AMAZONAS,CHACHAPOYAS,CHACHAPOYAS,15/06/2023
ENERO - DICIEMBRE,2021,11/01/2022,AMAZONAS,PROVINCIAL,PENAL,PENAL,DENUNCIA,CRIMINALIDAD ORGANIZADA,21,20,010101,AMAZONAS,CHACHAPOYAS,CHACHAPOYAS,15/06/2023
ENERO - DICIEMBRE,2021,11/01/2022,AMAZONAS,PROVINCIAL,PENAL,PENAL,DENUNCIA,DELITOS DE CORRUPCION DE FUNCIONARIOS,296,280,010101,AMAZONAS,CHACHAPOYAS,CHACHAPOYAS,15/06/2023
ENERO - DICIEMBRE,2021,11/01/2022,AMAZONAS,PROVINCIAL,PENAL,PENAL,DENUNCIA,MATERIA AMBIENTAL,293,293,010101,AMAZONAS,CHACHAPOYAS,CHACHAPOYAS,15/06/2023
ENERO - DICIEMBRE,2021,11/01/2022,AMAZONAS,PROVINCIAL,PENAL,PENAL,DENUNCIA,DELITOS DE TRAFICO ILICITO DE DROGAS,45,45,010101,AMAZONAS,CHACHAPOYAS,CHACHAPOYAS,15/06/2023
ENERO - DICIEMBRE,2021,11/01/2022,AMAZONAS,PROVINCIAL,PENAL,PENAL,DENUNCIA,,2,2,010101,AMAZONAS,CHACHAPOYAS,CHACHAPOYAS,15/06/2023
ENERO - DICIEMBRE,2021,11/01/2022,AMAZONAS,PROVINCIAL,PENAL,PENAL,DENUNCIA,VIOLENCIA CONTRA LA MUJER Y LOS INTEGRANTES DEL GRUPO FAMILIAR,1532,1053,010101,AMAZONAS,CHACHAPOYAS,CHACHAPOYAS,15/06/2023
ENERO - DICIEMBRE,2021,11/01/2022,AMAZONAS,PROVINCIAL,PENAL,PENAL,DENUNCIA,,11195,10084,010101,AMAZONAS,CHACHAPOYAS,CHACHAPOYAS,15/06/2023
ENERO - DICIEMBRE,2021,11/01/2022,AMAZONAS,PROVINCIAL,PENAL,PENAL,EXPEDIENTE,,7,2,010101,AMAZONAS,CHACHAPOYAS,CHACHAPOYAS,15/06/2023
ENERO - DICIEMBRE,2021,11/01/2022,AMAZONAS,PROVINCIAL,PENAL,PENAL,INVESTIGACION PREVENTIVA,MATERIA AMBIENTAL,44,44,010101,AMAZONAS,CHACHAPOYAS,CHACHAPOYAS,15/06/2023
ENERO - DICIEMBRE,2021,11/01/2022,AMAZONAS,PROVINCIAL,PENAL,PENAL,INVESTIGACION PREVENTIVA,,108,104,010101,AMAZONAS,CHACHAPOYAS,CHACHAPOYAS,15/06/2023
ENERO - DICIEMBRE,2021,11/01/2022,AMAZONAS,PROVINCIAL,PENAL,PENAL,INVESTIGACION PREVENTIVA,,341,340,010101,AMAZONAS,CHACHAPOYAS,CHACHAPOYAS,15/06/2023
ENERO - DICIEMBRE,2021,11/01/2022,AMAZONAS,SUPERIOR,FAMILIA,FAMILIA CIVIL,EXPEDIENTE,,4,3,010101,AMAZONAS,CHACHAPOYAS,CHACHAPOYAS,15/06/2023
ENERO - DICIEMBRE,2021,11/01/2022,AMAZONAS,SUPERIOR,FAMILIA,FAMILIA PENAL,EXPEDIENTE,,7,6,010101,AMAZONAS,CHACHAPOYAS,CHACHAPOYAS,15/06/2023
ENERO - DICIEMBRE,2021,11/01/2022,AMAZONAS,SUPERIOR,FAMILIA,FAMILIA PENAL,INCIDENTE,,1,1,010101,AMAZONAS,CHACHAPOYAS,CHACHAPOYAS,15/06/2023
ENERO - DICIEMBRE,2021,11/01/2022,AMAZONAS,SUPERIOR,FAMILIA,FAMILIA TUTELAR,EXPEDIENTE,,2,0,010101,AMAZONAS,CHACHAPOYAS,CHACHAPOYAS,15/06/2023
ENERO - DICIEMBRE,2021,11/01/2022,AMAZONAS,SUPERIOR,FAMILIA,VIOLENCIA FAMILIAR,EXPEDIENTE,,24,13,010101,AMAZONAS,CHACHAPOYAS,CHACHAPOYAS,15/06/2023
ENERO - DICIEMBRE,2021,11/01/2022,AMAZONAS,SUPERIOR,FAMILIA,VIOLENCIA FAMILIAR,INCIDENTE,,69,59,010101,AMAZONAS,CHACHAPOYAS,CHACHAPOYAS,15/06/2023
ENERO - DICIEMBRE,2021,11/01/2022,AMAZONAS,SUPERIOR,PENAL,PENAL,APELACION DENUNCIA,,622,611,010101,AMAZONAS,CHACHAPOYAS,CHACHAPOYAS,15/06/2023
ENERO - DICIEMBRE,2021,11/01/2022,AMAZONAS,SUPERIOR,PENAL,PENAL,APELACION EXPEDIENTE,,1,1,010101,AMAZONAS,CHACHAPOYAS,CHACHAPOYAS,15/06/2023
ENERO - DICIEMBRE,2021,11/01/2022,AMAZONAS,SUPERIOR,PENAL,PENAL,CONSULTAS,,106,103,010101,AMAZONAS,CHACHAPOYAS,CHACHAPOYAS,15/06/2023
ENERO - DICIEMBRE,2021,11/01/2022,AMAZONAS,SUPERIOR,PENAL,PENAL,DENUNCIA,,103,102,010101,AMAZONAS,CHACHAPOYAS,CHACHAPOYAS,15/06/2023
ENERO - DICIEMBRE,2021,11/01/2022,AMAZONAS,SUPERIOR,PENAL,PENAL,EXCLUSION FISCAL,,17,16,010101,AMAZONAS,CHACHAPOYAS,CHACHAPOYAS,15/06/2023
ENERO - DICIEMBRE,2021,11/01/2022,AMAZONAS,SUPERIOR,PENAL,PENAL,EXPEDIENTE,,121,113,010101,AMAZONAS,CHACHAPOYAS,CHACHAPOYAS,15/06/2023
ENERO - DICIEMBRE,2021,11/01/2022,AMAZONAS,SUPERIOR,PENAL,PENAL,INCIDENTE-EXPEDIENTE,,10,8,010101,AMAZONAS,CHACHAPOYAS,CHACHAPOYAS,15/06/2023
ENERO - DICIEMBRE,2021,11/01/2022,AMAZONAS,SUPERIOR,PENAL,PENAL,QUEJAS,,489,472,010101,AMAZONAS,CHACHAPOYAS,CHACHAPOYAS,15/06/2023
ENERO - DICIEMBRE,2021,11/01/2022,ANCASH,PROVINCIAL,CIVIL,CIVIL,EXPEDIENTE,,64,64,020101,ANCASH,HUARAZ,HUARAZ,15/06/2023
ENERO - DICIEMBRE,2021,11/01/2022,ANCASH,PROVINCIAL,FAMILIA,ACTOS CONTRA LA LIBERTAD SEXUAL,DENUNCIA,,27,25,020101,ANCASH,HUARAZ,HUARAZ,15/06/2023
ENERO - DICIEMBRE,2021,11/01/2022,ANCASH,PROVINCIAL,FAMILIA,FAMILIA CIVIL,EXPEDIENTE,,574,553,020101,ANCASH,HUARAZ,HUARAZ,15/06/2023
ENERO - DICIEMBRE,2021,11/01/2022,ANCASH,PROVINCIAL,FAMILIA,FAMILIA PENAL,DENUNCIA,,394,378,020101,ANCASH,HUARAZ,HUARAZ,15/06/2023
ENERO - DICIEMBRE,2021,11/01/2022,ANCASH,PROVINCIAL,FAMILIA,FAMILIA PENAL,EXPEDIENTE,,210,199,020101,ANCASH,HUARAZ,HUARAZ,15/06/2023
ENERO - DICIEMBRE,2021,11/01/2022,ANCASH,PROVINCIAL,FAMILIA,FAMILIA TUTELAR,DENUNCIA,,278,258,020101,ANCASH,HUARAZ,HUARAZ,15/06/2023
ENERO - DICIEMBRE,2021,11/01/2022,ANCASH,PROVINCIAL,FAMILIA,FAMILIA TUTELAR,EXPEDIENTE,,90,89,020101,ANCASH,HUARAZ,HUARAZ,15/06/2023
ENERO - DICIEMBRE,2021,11/01/2022,ANCASH,PROVINCIAL,FAMILIA,VIOLENCIA FAMILIAR,DENUNCIA,,45,44,020101,ANCASH,HUARAZ,HUARAZ,15/06/2023
ENERO - DICIEMBRE,2021,11/01/2022,ANCASH,PROVINCIAL,FAMILIA,VIOLENCIA FAMILIAR,EXPEDIENTE,,19,18,020101,ANCASH,HUARAZ,HUARAZ,15/06/2023
ENERO - DICIEMBRE,2021,11/01/2022,ANCASH,PROVINCIAL,PENAL,PENAL,DENUNCIA,,1,1,020101,ANCASH,HUARAZ,HUARAZ,15/06/2023
ENERO - DICIEMBRE,2021,11/01/2022,ANCASH,PROVINCIAL,PENAL,PENAL,INVESTIGACION PREVENTIVA,,318,318,020101,ANCASH,HUARAZ,HUARAZ,15/06/2023
ENERO - DICIEMBRE,2021,11/01/2022,ANCASH,PROVINCIAL,PENAL,PENAL,DENUNCIA,DELITOS DE CORRUPCION DE FUNCIONARIOS,648,623,020101,ANCASH,HUARAZ,HUARAZ,15/06/2023
ENERO - DICIEMBRE,2021,11/01/2022,ANCASH,PROVINCIAL,PENAL,PENAL,DENUNCIA,MATERIA AMBIENTAL,150,150,020101,ANCASH,HUARAZ,HUARAZ,15/06/2023
ENERO - DICIEMBRE,2021,11/01/2022,ANCASH,PROVINCIAL,PENAL,PENAL,DENUNCIA,VIOLENCIA CONTRA LA MUJER Y LOS INTEGRANTES DEL GRUPO FAMILIAR,2946,2853,020101,ANCASH,HUARAZ,HUARAZ,15/06/2023
ENERO - DICIEMBRE,2021,11/01/2022,ANCASH,PROVINCIAL,PENAL,PENAL,DENUNCIA,,14612,13863,020101,ANCASH,HUARAZ,HUARAZ,15/06/2023
ENERO - DICIEMBRE,2021,11/01/2022,ANCASH,PROVINCIAL,PENAL,PENAL,EXPEDIENTE,,16,12,020101,ANCASH,HUARAZ,HUARAZ,15/06/2023
ENERO - DICIEMBRE,2021,11/01/2022,ANCASH,PROVINCIAL,PENAL,PENAL,INVESTIGACION PREVENTIVA,MATERIA AMBIENTAL,151,151,020101,ANCASH,HUARAZ,HUARAZ,15/06/2023
ENERO - DICIEMBRE,2021,11/01/2022,ANCASH,SUPERIOR,CIVIL,CIVIL,EXPEDIENTE,,12,11,020101,ANCASH,HUARAZ,HUARAZ,15/06/2023
ENERO - DICIEMBRE,2021,11/01/2022,ANCASH,SUPERIOR,FAMILIA,FAMILIA CIVIL,EXPEDIENTE,,95,94,020101,ANCASH,HUARAZ,HUARAZ,15/06/2023
ENERO - DICIEMBRE,2021,11/01/2022,ANCASH,SUPERIOR,FAMILIA,FAMILIA CIVIL,INCIDENTE,,4,4,020101,ANCASH,HUARAZ,HUARAZ,15/06/2023
ENERO - DICIEMBRE,2021,11/01/2022,ANCASH,SUPERIOR,FAMILIA,FAMILIA PENAL,EXPEDIENTE,,41,41,020101,ANCASH,HUARAZ,HUARAZ,15/06/2023
ENERO - DICIEMBRE,2021,11/01/2022,ANCASH,SUPERIOR,FAMILIA,FAMILIA TUTELAR,EXPEDIENTE,,14,14,020101,ANCASH,HUARAZ,HUARAZ,15/06/2023
ENERO - DICIEMBRE,2021,11/01/2022,ANCASH,SUPERIOR,FAMILIA,VIOLENCIA FAMILIAR,EXPEDIENTE,,357,357,020101,ANCASH,HUARAZ,HUARAZ,15/06/2023
ENERO - DICIEMBRE,2021,11/01/2022,ANCASH,SUPERIOR,FAMILIA,VIOLENCIA FAMILIAR,INCIDENTE,,41,41,020101,ANCASH,HUARAZ,HUARAZ,15/06/2023
ENERO - DICIEMBRE,2021,11/01/2022,ANCASH,SUPERIOR,PENAL,PENAL,APELACION DENUNCIA,DELITOS DE CORRUPCION DE FUNCIONARIOS,91,91,020101,ANCASH,HUARAZ,HUARAZ,15/06/2023
ENERO - DICIEMBRE,2021,11/01/2022,ANCASH,SUPERIOR,PENAL,PENAL,APELACION DENUNCIA,,655,598,020101,ANCASH,HUARAZ,HUARAZ,15/06/2023
ENERO - DICIEMBRE,2021,11/01/2022,ANCASH,SUPERIOR,PENAL,PENAL,APELACION EXPEDIENTE,,21,21,020101,ANCASH,HUARAZ,HUARAZ,15/06/2023
ENERO - DICIEMBRE,2021,11/01/2022,ANCASH,SUPERIOR,PENAL,PENAL,CONSULTAS,DELITOS DE CORRUPCION DE FUNCIONARIOS,89,89,020101,ANCASH,HUARAZ,HUARAZ,15/06/2023
ENERO - DICIEMBRE,2021,11/01/2022,ANCASH,SUPERIOR,PENAL,PENAL,CONSULTAS,,231,231,020101,ANCASH,HUARAZ,HUARAZ,15/06/2023
ENERO - DICIEMBRE,2021,11/01/2022,ANCASH,SUPERIOR,PENAL,PENAL,DENUNCIA,DELITOS DE CORRUPCION DE FUNCIONARIOS,51,51,020101,ANCASH,HUARAZ,HUARAZ,15/06/2023
ENERO - DICIEMBRE,2021,11/01/2022,ANCASH,SUPERIOR,PENAL,PENAL,DENUNCIA,,84,76,020101,ANCASH,HUARAZ,HUARAZ,15/06/2023
ENERO - DICIEMBRE,2021,11/01/2022,ANCASH,SUPERIOR,PENAL,PENAL,EXCLUSION FISCAL,DELITOS DE CORRUPCION DE FUNCIONARIOS,9,9,020101,ANCASH,HUARAZ,HUARAZ,15/06/2023
ENERO - DICIEMBRE,2021,11/01/2022,ANCASH,SUPERIOR,PENAL,PENAL,EXCLUSION FISCAL,,21,21,020101,ANCASH,HUARAZ,HUARAZ,15/06/2023
ENERO - DICIEMBRE,2021,11/01/2022,ANCASH,SUPERIOR,PENAL,PENAL,EXPEDIENTE,DELITOS DE CORRUPCION DE FUNCIONARIOS,8,7,020101,ANCASH,HUARAZ,HUARAZ,15/06/2023
ENERO - DICIEMBRE,2021,11/01/2022,ANCASH,SUPERIOR,PENAL,PENAL,EXPEDIENTE,,42,42,020101,ANCASH,HUARAZ,HUARAZ,15/06/2023
ENERO - DICIEMBRE,2021,11/01/2022,ANCASH,SUPERIOR,PENAL,PENAL,INCIDENTE-EXPEDIENTE,,12,12,020101,ANCASH,HUARAZ,HUARAZ,15/06/2023
ENERO - DICIEMBRE,2021,11/01/2022,ANCASH,SUPERIOR,PENAL,PENAL,QUEJAS,DELITOS DE CORRUPCION DE FUNCIONARIOS,75,75,020101,ANCASH,HUARAZ,HUARAZ,15/06/2023
ENERO - DICIEMBRE,2021,11/01/2022,ANCASH,SUPERIOR,PENAL,PENAL,QUEJAS,,1189,1189,020101,ANCASH,HUARAZ,HUARAZ,15/06/2023
ENERO - DICIEMBRE,2021,11/01/2022,APURIMAC,PROVINCIAL,CIVIL,CIVIL,EXPEDIENTE,,56,52,030101,APURIMAC,ABANCAY,ABANCAY,15/06/2023
ENERO - DICIEMBRE,2021,11/01/2022,APURIMAC,PROVINCIAL,FAMILIA,ACTOS CONTRA LA LIBERTAD SEXUAL,DENUNCIA,,87,84,030101,APURIMAC,ABANCAY,ABANCAY,15/06/2023
ENERO - DICIEMBRE,2021,11/01/2022,APURIMAC,PROVINCIAL,FAMILIA,FAMILIA CIVIL,EXPEDIENTE,,338,327,030101,APURIMAC,ABANCAY,ABANCAY,15/06/2023
ENERO - DICIEMBRE,2021,11/01/2022,APURIMAC,PROVINCIAL,FAMILIA,FAMILIA PENAL,DENUNCIA,,487,434,030101,APURIMAC,ABANCAY,ABANCAY,15/06/2023
ENERO - DICIEMBRE,2021,11/01/2022,APURIMAC,PROVINCIAL,FAMILIA,FAMILIA PENAL,EXPEDIENTE,,100,89,030101,APURIMAC,ABANCAY,ABANCAY,15/06/2023
ENERO - DICIEMBRE,2021,11/01/2022,APURIMAC,PROVINCIAL,FAMILIA,FAMILIA TUTELAR,DENUNCIA,,883,863,030101,APURIMAC,ABANCAY,ABANCAY,15/06/2023
ENERO - DICIEMBRE,2021,11/01/2022,APURIMAC,PROVINCIAL,FAMILIA,FAMILIA TUTELAR,EXPEDIENTE,,122,100,030101,APURIMAC,ABANCAY,ABANCAY,15/06/2023
ENERO - DICIEMBRE,2021,11/01/2022,APURIMAC,PROVINCIAL,FAMILIA,VIOLENCIA FAMILIAR,DENUNCIA,,210,196,030101,APURIMAC,ABANCAY,ABANCAY,15/06/2023
ENERO - DICIEMBRE,2021,11/01/2022,APURIMAC,PROVINCIAL,FAMILIA,VIOLENCIA FAMILIAR,EXPEDIENTE,,6,5,030101,APURIMAC,ABANCAY,ABANCAY,15/06/2023
ENERO - DICIEMBRE,2021,11/01/2022,APURIMAC,PROVINCIAL,PENAL,PENAL,DENUNCIA,CRIMINALIDAD ORGANIZADA,35,31,030101,APURIMAC,ABANCAY,ABANCAY,15/06/2023
ENERO - DICIEMBRE,2021,11/01/2022,APURIMAC,PROVINCIAL,PENAL,PENAL,INVESTIGACION PREVENTIVA,,352,352,030101,APURIMAC,ABANCAY,ABANCAY,15/06/2023
ENERO - DICIEMBRE,2021,11/01/2022,APURIMAC,PROVINCIAL,PENAL,PENAL,DENUNCIA,DELITOS DE CORRUPCION DE FUNCIONARIOS,247,233,030101,APURIMAC,ABANCAY,ABANCAY,15/06/2023
ENERO - DICIEMBRE,2021,11/01/2022,APURIMAC,PROVINCIAL,PENAL,PENAL,DENUNCIA,MATERIA AMBIENTAL,242,236,030101,APURIMAC,ABANCAY,ABANCAY,15/06/2023
ENERO - DICIEMBRE,2021,11/01/2022,APURIMAC,PROVINCIAL,PENAL,PENAL,DENUNCIA,DELITOS DE TRAFICO ILICITO DE DROGAS,41,41,030101,APURIMAC,ABANCAY,ABANCAY,15/06/2023
ENERO - DICIEMBRE,2021,11/01/2022,APURIMAC,PROVINCIAL,PENAL,PENAL,DENUNCIA,,96,88,030101,APURIMAC,ABANCAY,ABANCAY,15/06/2023
ENERO - DICIEMBRE,2021,11/01/2022,APURIMAC,PROVINCIAL,PENAL,PENAL,DENUNCIA,,16876,15988,030101,APURIMAC,ABANCAY,ABANCAY,15/06/2023
ENERO - DICIEMBRE,2021,11/01/2022,APURIMAC,PROVINCIAL,PENAL,PENAL,EXPEDIENTE,,10,5,030101,APURIMAC,ABANCAY,ABANCAY,15/06/2023
ENERO - DICIEMBRE,2021,11/01/2022,APURIMAC,PROVINCIAL,PENAL,PENAL,INVESTIGACION PREVENTIVA,MATERIA AMBIENTAL,39,37,030101,APURIMAC,ABANCAY,ABANCAY,15/06/2023
ENERO - DICIEMBRE,2021,11/01/2022,APURIMAC,PROVINCIAL,PENAL,PENAL,INVESTIGACION PREVENTIVA,,184,176,030101,APURIMAC,ABANCAY,ABANCAY,15/06/2023
ENERO - DICIEMBRE,2021,11/01/2022,APURIMAC,PROVINCIAL,PENAL,PENAL,DENUNCIA,,11,11,030101,APURIMAC,ABANCAY,ABANCAY,15/06/2023
ENERO - DICIEMBRE,2021,11/01/2022,APURIMAC,SUPERIOR,CIVIL,CIVIL,EXPEDIENTE,,9,9,030101,APURIMAC,ABANCAY,ABANCAY,15/06/2023
ENERO - DICIEMBRE,2021,11/01/2022,APURIMAC,SUPERIOR,FAMILIA,FAMILIA CIVIL,EXPEDIENTE,,17,17,030101,APURIMAC,ABANCAY,ABANCAY,15/06/2023
ENERO - DICIEMBRE,2021,11/01/2022,APURIMAC,SUPERIOR,FAMILIA,FAMILIA CIVIL,INCIDENTE,,1,1,030101,APURIMAC,ABANCAY,ABANCAY,15/06/2023
ENERO - DICIEMBRE,2021,11/01/2022,APURIMAC,SUPERIOR,FAMILIA,FAMILIA PENAL,EXPEDIENTE,,22,22,030101,APURIMAC,ABANCAY,ABANCAY,15/06/2023
ENERO - DICIEMBRE,2021,11/01/2022,APURIMAC,SUPERIOR,FAMILIA,FAMILIA PENAL,INCIDENTE,,3,3,030101,APURIMAC,ABANCAY,ABANCAY,15/06/2023
ENERO - DICIEMBRE,2021,11/01/2022,APURIMAC,SUPERIOR,FAMILIA,FAMILIA TUTELAR,EXPEDIENTE,,7,7,030101,APURIMAC,ABANCAY,ABANCAY,15/06/2023
ENERO - DICIEMBRE,2021,11/01/2022,APURIMAC,SUPERIOR,FAMILIA,VIOLENCIA FAMILIAR,EXPEDIENTE,,86,86,030101,APURIMAC,ABANCAY,ABANCAY,15/06/2023
ENERO - DICIEMBRE,2021,11/01/2022,APURIMAC,SUPERIOR,FAMILIA,VIOLENCIA FAMILIAR,INCIDENTE,,8,8,030101,APURIMAC,ABANCAY,ABANCAY,15/06/2023
ENERO - DICIEMBRE,2021,11/01/2022,APURIMAC,SUPERIOR,PENAL,PENAL,DENUNCIA,,28,28,030101,APURIMAC,ABANCAY,ABANCAY,15/06/2023
ENERO - DICIEMBRE,2021,11/01/2022,APURIMAC,SUPERIOR,PENAL,PENAL,EXCLUSION FISCAL,,3,2,030101,APURIMAC,ABANCAY,ABANCAY,15/06/2023
ENERO - DICIEMBRE,2021,11/01/2022,APURIMAC,SUPERIOR,PENAL,PENAL,EXPEDIENTE,,31,31,030101,APURIMAC,ABANCAY,ABANCAY,15/06/2023
ENERO - DICIEMBRE,2021,11/01/2022,APURIMAC,SUPERIOR,PENAL,PENAL,INCIDENTE-EXPEDIENTE,,23,23,030101,APURIMAC,ABANCAY,ABANCAY,15/06/2023
ENERO - DICIEMBRE,2021,11/01/2022,APURIMAC,SUPERIOR,PENAL,PENAL,QUEJAS,DELITOS DE CORRUPCION DE FUNCIONARIOS,43,43,030101,APURIMAC,ABANCAY,ABANCAY,15/06/2023
ENERO - DICIEMBRE,2021,11/01/2022,APURIMAC,SUPERIOR,PENAL,PENAL,QUEJAS,,617,613,030101,APURIMAC,ABANCAY,ABANCAY,15/06/2023
ENERO - DICIEMBRE,2021,11/01/2022,APURIMAC,SUPERIOR,PENAL,PENAL,APELACION DENUNCIA,DELITOS DE CORRUPCION DE FUNCIONARIOS,60,60,030101,APURIMAC,ABANCAY,ABANCAY,15/06/2023
ENERO - DICIEMBRE,2021,11/01/2022,APURIMAC,SUPERIOR,PENAL,PENAL,APELACION DENUNCIA,,396,386,030101,APURIMAC,ABANCAY,ABANCAY,15/06/2023
ENERO - DICIEMBRE,2021,11/01/2022,APURIMAC,SUPERIOR,PENAL,PENAL,CONSULTAS,DELITOS DE CORRUPCION DE FUNCIONARIOS,24,24,030101,APURIMAC,ABANCAY,ABANCAY,15/06/2023
ENERO - DICIEMBRE,2021,11/01/2022,APURIMAC,SUPERIOR,PENAL,PENAL,CONSULTAS,,67,66,030101,APURIMAC,ABANCAY,ABANCAY,15/06/2023
ENERO - DICIEMBRE,2021,11/01/2022,APURIMAC,SUPERIOR,PENAL,PENAL,DENUNCIA,DELITOS DE CORRUPCION DE FUNCIONARIOS,11,11,030101,APURIMAC,ABANCAY,ABANCAY,15/06/2023
ENERO - DICIEMBRE,2021,11/01/2022,AREQUIPA,PROVINCIAL,CIVIL,CIVIL,EXPEDIENTE,,39,37,040101,AREQUIPA,AREQUIPA,AREQUIPA,15/06/2023
ENERO - DICIEMBRE,2021,11/01/2022,AREQUIPA,PROVINCIAL,FAMILIA,ACTOS CONTRA LA LIBERTAD SEXUAL,DENUNCIA,,131,120,040101,AREQUIPA,AREQUIPA,AREQUIPA,15/06/2023
ENERO - DICIEMBRE,2021,11/01/2022,AREQUIPA,PROVINCIAL,FAMILIA,FAMILIA CIVIL,EXPEDIENTE,,1976,1848,040101,AREQUIPA,AREQUIPA,AREQUIPA,15/06/2023
ENERO - DICIEMBRE,2021,11/01/2022,AREQUIPA,PROVINCIAL,FAMILIA,FAMILIA PENAL,DENUNCIA,,820,787,040101,AREQUIPA,AREQUIPA,AREQUIPA,15/06/2023
ENERO - DICIEMBRE,2021,11/01/2022,AREQUIPA,PROVINCIAL,FAMILIA,FAMILIA PENAL,EXPEDIENTE,,232,227,040101,AREQUIPA,AREQUIPA,AREQUIPA,15/06/2023
ENERO - DICIEMBRE,2021,11/01/2022,AREQUIPA,PROVINCIAL,FAMILIA,FAMILIA TUTELAR,DENUNCIA,,597,556,040101,AREQUIPA,AREQUIPA,AREQUIPA,15/06/2023
ENERO - DICIEMBRE,2021,11/01/2022,AREQUIPA,PROVINCIAL,FAMILIA,FAMILIA TUTELAR,EXPEDIENTE,,243,235,040101,AREQUIPA,AREQUIPA,AREQUIPA,15/06/2023
ENERO - DICIEMBRE,2021,11/01/2022,AREQUIPA,PROVINCIAL,FAMILIA,VIOLENCIA FAMILIAR,DENUNCIA,,47,46,040101,AREQUIPA,AREQUIPA,AREQUIPA,15/06/2023
ENERO - DICIEMBRE,2021,11/01/2022,AREQUIPA,PROVINCIAL,PENAL,PENAL,DENUNCIA,CRIMINALIDAD ORGANIZADA,73,71,040101,AREQUIPA,AREQUIPA,AREQUIPA,15/06/2023
ENERO - DICIEMBRE,2021,11/01/2022,AREQUIPA,PROVINCIAL,PENAL,PENAL,DENUNCIA,DELITOS DE CORRUPCION DE FUNCIONARIOS,467,360,040101,AREQUIPA,AREQUIPA,AREQUIPA,15/06/2023
ENERO - DICIEMBRE,2021,11/01/2022,AREQUIPA,PROVINCIAL,PENAL,PENAL,DENUNCIA,LAVADO DE ACTIVOS Y PERDIDA DE DOMINIO,78,74,040101,AREQUIPA,AREQUIPA,AREQUIPA,15/06/2023
ENERO - DICIEMBRE,2021,11/01/2022,AREQUIPA,PROVINCIAL,PENAL,PENAL,DENUNCIA,MATERIA AMBIENTAL,285,276,040101,AREQUIPA,AREQUIPA,AREQUIPA,15/06/2023
ENERO - DICIEMBRE,2021,11/01/2022,AREQUIPA,PROVINCIAL,PENAL,PENAL,DENUNCIA,DELITOS DE TRATA DE PERSONAS,176,175,040101,AREQUIPA,AREQUIPA,AREQUIPA,15/06/2023
ENERO - DICIEMBRE,2021,11/01/2022,AREQUIPA,PROVINCIAL,PENAL,PENAL,DENUNCIA,VIOLENCIA CONTRA LA MUJER Y LOS INTEGRANTES DEL GRUPO FAMILIAR,33526,27086,040101,AREQUIPA,AREQUIPA,AREQUIPA,15/06/2023
ENERO - DICIEMBRE,2021,11/01/2022,AREQUIPA,PROVINCIAL,PENAL,PENAL,DENUNCIA,,43600,39544,040101,AREQUIPA,AREQUIPA,AREQUIPA,15/06/2023
ENERO - DICIEMBRE,2021,11/01/2022,AREQUIPA,PROVINCIAL,PENAL,PENAL,EXPEDIENTE,,13,13,040101,AREQUIPA,AREQUIPA,AREQUIPA,15/06/2023
ENERO - DICIEMBRE,2021,11/01/2022,AREQUIPA,PROVINCIAL,PENAL,PENAL,INVESTIGACION PREVENTIVA,MATERIA AMBIENTAL,56,55,040101,AREQUIPA,AREQUIPA,AREQUIPA,15/06/2023
ENERO - DICIEMBRE,2021,11/01/2022,AREQUIPA,PROVINCIAL,PENAL,PENAL,INVESTIGACION PREVENTIVA,,62,56,040101,AREQUIPA,AREQUIPA,AREQUIPA,15/06/2023
ENERO - DICIEMBRE,2021,11/01/2022,AREQUIPA,PROVINCIAL,PENAL,PENAL,INVESTIGACION PREVENTIVA,,853,853,040101,AREQUIPA,AREQUIPA,AREQUIPA,15/06/2023
ENERO - DICIEMBRE,2021,11/01/2022,AREQUIPA,SUPERIOR,CIVIL,CIVIL,EXPEDIENTE,,38,33,040101,AREQUIPA,AREQUIPA,AREQUIPA,15/06/2023
ENERO - DICIEMBRE,2021,11/01/2022,AREQUIPA,SUPERIOR,FAMILIA,FAMILIA CIVIL,EXPEDIENTE,,187,177,040101,AREQUIPA,AREQUIPA,AREQUIPA,15/06/2023
ENERO - DICIEMBRE,2021,11/01/2022,AREQUIPA,SUPERIOR,FAMILIA,FAMILIA CIVIL,INCIDENTE,,13,11,040101,AREQUIPA,AREQUIPA,AREQUIPA,15/06/2023
ENERO - DICIEMBRE,2021,11/01/2022,AREQUIPA,SUPERIOR,FAMILIA,FAMILIA PENAL,EXPEDIENTE,,60,57,040101,AREQUIPA,AREQUIPA,AREQUIPA,15/06/2023
ENERO - DICIEMBRE,2021,11/01/2022,AREQUIPA,SUPERIOR,FAMILIA,FAMILIA PENAL,INCIDENTE,,1,1,040101,AREQUIPA,AREQUIPA,AREQUIPA,15/06/2023
ENERO - DICIEMBRE,2021,11/01/2022,AREQUIPA,SUPERIOR,FAMILIA,FAMILIA TUTELAR,EXPEDIENTE,,38,37,040101,AREQUIPA,AREQUIPA,AREQUIPA,15/06/2023
ENERO - DICIEMBRE,2021,11/01/2022,AREQUIPA,SUPERIOR,FAMILIA,VIOLENCIA FAMILIAR,EXPEDIENTE,,139,130,040101,AREQUIPA,AREQUIPA,AREQUIPA,15/06/2023
ENERO - DICIEMBRE,2021,11/01/2022,AREQUIPA,SUPERIOR,FAMILIA,VIOLENCIA FAMILIAR,INCIDENTE,,1628,1558,040101,AREQUIPA,AREQUIPA,AREQUIPA,15/06/2023
ENERO - DICIEMBRE,2021,11/01/2022,AREQUIPA,SUPERIOR,PENAL,PENAL,APELACION DENUNCIA,,2168,2137,040101,AREQUIPA,AREQUIPA,AREQUIPA,15/06/2023
ENERO - DICIEMBRE,2021,11/01/2022,AREQUIPA,SUPERIOR,PENAL,PENAL,CONSULTAS,,364,357,040101,AREQUIPA,AREQUIPA,AREQUIPA,15/06/2023
ENERO - DICIEMBRE,2021,11/01/2022,AREQUIPA,SUPERIOR,PENAL,PENAL,DENUNCIA,,79,63,040101,AREQUIPA,AREQUIPA,AREQUIPA,15/06/2023
ENERO - DICIEMBRE,2021,11/01/2022,AREQUIPA,SUPERIOR,PENAL,PENAL,EXCLUSION FISCAL,,38,37,040101,AREQUIPA,AREQUIPA,AREQUIPA,15/06/2023
ENERO - DICIEMBRE,2021,11/01/2022,AREQUIPA,SUPERIOR,PENAL,PENAL,EXPEDIENTE,,73,73,040101,AREQUIPA,AREQUIPA,AREQUIPA,15/06/2023
ENERO - DICIEMBRE,2021,11/01/2022,AREQUIPA,SUPERIOR,PENAL,PENAL,INCIDENTE-EXPEDIENTE,,9,9,040101,AREQUIPA,AREQUIPA,AREQUIPA,15/06/2023
ENERO - DICIEMBRE,2021,11/01/2022,AREQUIPA,SUPERIOR,PENAL,PENAL,QUEJAS,,2616,2592,040101,AREQUIPA,AREQUIPA,AREQUIPA,15/06/2023
ENERO - DICIEMBRE,2021,11/01/2022,AYACUCHO,PROVINCIAL,CIVIL,CIVIL,EXPEDIENTE,,56,37,050110,AYACUCHO,HUAMANGA,SAN JUAN BAUTISTA,15/06/2023
ENERO - DICIEMBRE,2021,11/01/2022,AYACUCHO,PROVINCIAL,FAMILIA,ACTOS CONTRA LA LIBERTAD SEXUAL,DENUNCIA,,129,112,050110,AYACUCHO,HUAMANGA,SAN JUAN BAUTISTA,15/06/2023
ENERO - DICIEMBRE,2021,11/01/2022,AYACUCHO,PROVINCIAL,FAMILIA,FAMILIA CIVIL,EXPEDIENTE,,383,369,050110,AYACUCHO,HUAMANGA,SAN JUAN BAUTISTA,15/06/2023
ENERO - DICIEMBRE,2021,11/01/2022,AYACUCHO,PROVINCIAL,FAMILIA,FAMILIA PENAL,DENUNCIA,,410,318,050110,AYACUCHO,HUAMANGA,SAN JUAN BAUTISTA,15/06/2023
ENERO - DICIEMBRE,2021,11/01/2022,AYACUCHO,PROVINCIAL,FAMILIA,FAMILIA PENAL,EXPEDIENTE,,262,254,050110,AYACUCHO,HUAMANGA,SAN JUAN BAUTISTA,15/06/2023
ENERO - DICIEMBRE,2021,11/01/2022,AYACUCHO,PROVINCIAL,FAMILIA,FAMILIA TUTELAR,DENUNCIA,,936,876,050110,AYACUCHO,HUAMANGA,SAN JUAN BAUTISTA,15/06/2023
ENERO - DICIEMBRE,2021,11/01/2022,AYACUCHO,PROVINCIAL,FAMILIA,FAMILIA TUTELAR,EXPEDIENTE,,116,102,050110,AYACUCHO,HUAMANGA,SAN JUAN BAUTISTA,15/06/2023
ENERO - DICIEMBRE,2021,11/01/2022,AYACUCHO,PROVINCIAL,FAMILIA,VIOLENCIA FAMILIAR,DENUNCIA,,133,128,050110,AYACUCHO,HUAMANGA,SAN JUAN BAUTISTA,15/06/2023
ENERO - DICIEMBRE,2021,11/01/2022,AYACUCHO,PROVINCIAL,FAMILIA,VIOLENCIA FAMILIAR,EXPEDIENTE,,4,4,050110,AYACUCHO,HUAMANGA,SAN JUAN BAUTISTA,15/06/2023
ENERO - DICIEMBRE,2021,11/01/2022,AYACUCHO,PROVINCIAL,PENAL,PENAL,INVESTIGACION PREVENTIVA,,406,406,050110,AYACUCHO,HUAMANGA,SAN JUAN BAUTISTA,15/06/2023
ENERO - DICIEMBRE,2021,11/01/2022,AYACUCHO,PROVINCIAL,PENAL,PENAL,DENUNCIA,DELITOS DE CORRUPCION DE FUNCIONARIOS,1045,1033,050110,AYACUCHO,HUAMANGA,SAN JUAN BAUTISTA,15/06/2023
ENERO - DICIEMBRE,2021,11/01/2022,AYACUCHO,PROVINCIAL,PENAL,PENAL,DENUNCIA,MATERIA AMBIENTAL,278,276,050110,AYACUCHO,HUAMANGA,SAN JUAN BAUTISTA,15/06/2023
ENERO - DICIEMBRE,2021,11/01/2022,AYACUCHO,PROVINCIAL,PENAL,PENAL,DENUNCIA,DELITOS DE TRAFICO ILICITO DE DROGAS,439,436,050110,AYACUCHO,HUAMANGA,SAN JUAN BAUTISTA,15/06/2023
ENERO - DICIEMBRE,2021,11/01/2022,AYACUCHO,PROVINCIAL,PENAL,PENAL,DENUNCIA,,21993,18325,050110,AYACUCHO,HUAMANGA,SAN JUAN BAUTISTA,15/06/2023
ENERO - DICIEMBRE,2021,11/01/2022,AYACUCHO,PROVINCIAL,PENAL,PENAL,EXPEDIENTE,,2,1,050110,AYACUCHO,HUAMANGA,SAN JUAN BAUTISTA,15/06/2023
ENERO - DICIEMBRE,2021,11/01/2022,AYACUCHO,PROVINCIAL,PENAL,PENAL,INVESTIGACION PREVENTIVA,MATERIA AMBIENTAL,188,186,050110,AYACUCHO,HUAMANGA,SAN JUAN BAUTISTA,15/06/2023
ENERO - DICIEMBRE,2021,11/01/2022,AYACUCHO,PROVINCIAL,PENAL,PENAL,INVESTIGACION PREVENTIVA,,236,219,050110,AYACUCHO,HUAMANGA,SAN JUAN BAUTISTA,15/06/2023
ENERO - DICIEMBRE,2021,11/01/2022,AYACUCHO,PROVINCIAL,PENAL,PENAL,DENUNCIA,CRIMINALIDAD ORGANIZADA,57,53,050110,AYACUCHO,HUAMANGA,SAN JUAN BAUTISTA,15/06/2023
ENERO - DICIEMBRE,2021,11/01/2022,AYACUCHO,PROVINCIAL,PENAL,PENAL,DENUNCIA,,42,37,050110,AYACUCHO,HUAMANGA,SAN JUAN BAUTISTA,15/06/2023
ENERO - DICIEMBRE,2021,11/01/2022,AYACUCHO,PROVINCIAL,PENAL,PENAL,DENUNCIA,,232,231,050110,AYACUCHO,HUAMANGA,SAN JUAN BAUTISTA,15/06/2023
ENERO - DICIEMBRE,2021,11/01/2022,AYACUCHO,SUPERIOR,FAMILIA,FAMILIA CIVIL,EXPEDIENTE,,24,23,050110,AYACUCHO,HUAMANGA,SAN JUAN BAUTISTA,15/06/2023
ENERO - DICIEMBRE,2021,11/01/2022,AYACUCHO,SUPERIOR,FAMILIA,FAMILIA CIVIL,INCIDENTE,,1,1,050110,AYACUCHO,HUAMANGA,SAN JUAN BAUTISTA,15/06/2023
ENERO - DICIEMBRE,2021,11/01/2022,AYACUCHO,SUPERIOR,FAMILIA,FAMILIA PENAL,EXPEDIENTE,,15,15,050110,AYACUCHO,HUAMANGA,SAN JUAN BAUTISTA,15/06/2023
ENERO - DICIEMBRE,2021,11/01/2022,AYACUCHO,SUPERIOR,FAMILIA,FAMILIA PENAL,INCIDENTE,,1,1,050110,AYACUCHO,HUAMANGA,SAN JUAN BAUTISTA,15/06/2023
ENERO - DICIEMBRE,2021,11/01/2022,AYACUCHO,SUPERIOR,FAMILIA,FAMILIA TUTELAR,EXPEDIENTE,,5,5,050110,AYACUCHO,HUAMANGA,SAN JUAN BAUTISTA,15/06/2023
ENERO - DICIEMBRE,2021,11/01/2022,AYACUCHO,SUPERIOR,FAMILIA,VIOLENCIA FAMILIAR,EXPEDIENTE,,94,94,050110,AYACUCHO,HUAMANGA,SAN JUAN BAUTISTA,15/06/2023
ENERO - DICIEMBRE,2021,11/01/2022,AYACUCHO,SUPERIOR,PENAL,PENAL,APELACION DENUNCIA,DELITOS DE CORRUPCION DE FUNCIONARIOS,60,60,050110,AYACUCHO,HUAMANGA,SAN JUAN BAUTISTA,15/06/2023
ENERO - DICIEMBRE,2021,11/01/2022,AYACUCHO,SUPERIOR,PENAL,PENAL,APELACION DENUNCIA,,608,600,050110,AYACUCHO,HUAMANGA,SAN JUAN BAUTISTA,15/06/2023
ENERO - DICIEMBRE,2021,11/01/2022,AYACUCHO,SUPERIOR,PENAL,PENAL,APELACION EXPEDIENTE,,5,5,050110,AYACUCHO,HUAMANGA,SAN JUAN BAUTISTA,15/06/2023
ENERO - DICIEMBRE,2021,11/01/2022,AYACUCHO,SUPERIOR,PENAL,PENAL,CONSULTAS,DELITOS DE CORRUPCION DE FUNCIONARIOS,30,30,050110,AYACUCHO,HUAMANGA,SAN JUAN BAUTISTA,15/06/2023
ENERO - DICIEMBRE,2021,11/01/2022,AYACUCHO,SUPERIOR,PENAL,PENAL,CONSULTAS,,153,151,050110,AYACUCHO,HUAMANGA,SAN JUAN BAUTISTA,15/06/2023
ENERO - DICIEMBRE,2021,11/01/2022,AYACUCHO,SUPERIOR,PENAL,PENAL,DENUNCIA,DELITOS DE CORRUPCION DE FUNCIONARIOS,10,10,050110,AYACUCHO,HUAMANGA,SAN JUAN BAUTISTA,15/06/2023
ENERO - DICIEMBRE,2021,11/01/2022,AYACUCHO,SUPERIOR,PENAL,PENAL,DENUNCIA,,41,30,050110,AYACUCHO,HUAMANGA,SAN JUAN BAUTISTA,15/06/2023
ENERO - DICIEMBRE,2021,11/01/2022,AYACUCHO,SUPERIOR,PENAL,PENAL,EXCLUSION FISCAL,DELITOS DE CORRUPCION DE FUNCIONARIOS,1,1,050110,AYACUCHO,HUAMANGA,SAN JUAN BAUTISTA,15/06/2023
ENERO - DICIEMBRE,2021,11/01/2022,AYACUCHO,SUPERIOR,PENAL,PENAL,EXCLUSION FISCAL,,21,21,050110,AYACUCHO,HUAMANGA,SAN JUAN BAUTISTA,15/06/2023
ENERO - DICIEMBRE,2021,11/01/2022,AYACUCHO,SUPERIOR,PENAL,PENAL,EXPEDIENTE,,232,226,050110,AYACUCHO,HUAMANGA,SAN JUAN BAUTISTA,15/06/2023
ENERO - DICIEMBRE,2021,11/01/2022,AYACUCHO,SUPERIOR,PENAL,PENAL,INCIDENTE-EXPEDIENTE,,8,7,050110,AYACUCHO,HUAMANGA,SAN JUAN BAUTISTA,15/06/2023
ENERO - DICIEMBRE,2021,11/01/2022,AYACUCHO,SUPERIOR,PENAL,PENAL,QUEJAS,DELITOS DE CORRUPCION DE FUNCIONARIOS,49,49,050110,AYACUCHO,HUAMANGA,SAN JUAN BAUTISTA,15/06/2023
ENERO - DICIEMBRE,2021,11/01/2022,AYACUCHO,SUPERIOR,PENAL,PENAL,QUEJAS,,608,600,050110,AYACUCHO,HUAMANGA,SAN JUAN BAUTISTA,15/06/2023
ENERO - DICIEMBRE,2021,11/01/2022,CAJAMARCA,PROVINCIAL,CIVIL,CIVIL,EXPEDIENTE,,216,210,060101,CAJAMARCA,CAJAMARCA,CAJAMARCA,15/06/2023
ENERO - DICIEMBRE,2021,11/01/2022,CAJAMARCA,PROVINCIAL,FAMILIA,ACTOS CONTRA LA LIBERTAD SEXUAL,DENUNCIA,,120,97,060101,CAJAMARCA,CAJAMARCA,CAJAMARCA,15/06/2023
ENERO - DICIEMBRE,2021,11/01/2022,CAJAMARCA,PROVINCIAL,FAMILIA,FAMILIA CIVIL,EXPEDIENTE,,1076,1046,060101,CAJAMARCA,CAJAMARCA,CAJAMARCA,15/06/2023
ENERO - DICIEMBRE,2021,11/01/2022,CAJAMARCA,PROVINCIAL,FAMILIA,FAMILIA PENAL,DENUNCIA,,691,670,060101,CAJAMARCA,CAJAMARCA,CAJAMARCA,15/06/2023
ENERO - DICIEMBRE,2021,11/01/2022,CAJAMARCA,PROVINCIAL,FAMILIA,FAMILIA PENAL,EXPEDIENTE,,112,110,060101,CAJAMARCA,CAJAMARCA,CAJAMARCA,15/06/2023
ENERO - DICIEMBRE,2021,11/01/2022,CAJAMARCA,PROVINCIAL,FAMILIA,FAMILIA TUTELAR,DENUNCIA,,773,757,060101,CAJAMARCA,CAJAMARCA,CAJAMARCA,15/06/2023
ENERO - DICIEMBRE,2021,11/01/2022,CAJAMARCA,PROVINCIAL,FAMILIA,FAMILIA TUTELAR,EXPEDIENTE,,48,45,060101,CAJAMARCA,CAJAMARCA,CAJAMARCA,15/06/2023
ENERO - DICIEMBRE,2021,11/01/2022,CAJAMARCA,PROVINCIAL,FAMILIA,VIOLENCIA FAMILIAR,DENUNCIA,,121,115,060101,CAJAMARCA,CAJAMARCA,CAJAMARCA,15/06/2023
ENERO - DICIEMBRE,2021,11/01/2022,CAJAMARCA,PROVINCIAL,FAMILIA,VIOLENCIA FAMILIAR,EXPEDIENTE,,1,1,060101,CAJAMARCA,CAJAMARCA,CAJAMARCA,15/06/2023
ENERO - DICIEMBRE,2021,11/01/2022,CAJAMARCA,PROVINCIAL,PENAL,PENAL,DENUNCIA,DELITOS DE CORRUPCION DE FUNCIONARIOS,336,322,060101,CAJAMARCA,CAJAMARCA,CAJAMARCA,15/06/2023
ENERO - DICIEMBRE,2021,11/01/2022,CAJAMARCA,PROVINCIAL,PENAL,PENAL,DENUNCIA,MATERIA AMBIENTAL,89,89,060101,CAJAMARCA,CAJAMARCA,CAJAMARCA,15/06/2023
ENERO - DICIEMBRE,2021,11/01/2022,CAJAMARCA,PROVINCIAL,PENAL,PENAL,DENUNCIA,VIOLENCIA CONTRA LA MUJER Y LOS INTEGRANTES DEL GRUPO FAMILIAR,2558,2511,060101,CAJAMARCA,CAJAMARCA,CAJAMARCA,15/06/2023
ENERO - DICIEMBRE,2021,11/01/2022,CAJAMARCA,PROVINCIAL,PENAL,PENAL,DENUNCIA,,19883,18861,060101,CAJAMARCA,CAJAMARCA,CAJAMARCA,15/06/2023
ENERO - DICIEMBRE,2021,11/01/2022,CAJAMARCA,PROVINCIAL,PENAL,PENAL,EXPEDIENTE,,1,1,060101,CAJAMARCA,CAJAMARCA,CAJAMARCA,15/06/2023
ENERO - DICIEMBRE,2021,11/01/2022,CAJAMARCA,PROVINCIAL,PENAL,PENAL,INVESTIGACION PREVENTIVA,MATERIA AMBIENTAL,118,118,060101,CAJAMARCA,CAJAMARCA,CAJAMARCA,15/06/2023
ENERO - DICIEMBRE,2021,11/01/2022,CAJAMARCA,PROVINCIAL,PENAL,PENAL,INVESTIGACION PREVENTIVA,,296,293,060101,CAJAMARCA,CAJAMARCA,CAJAMARCA,15/06/2023
ENERO - DICIEMBRE,2021,11/01/2022,CAJAMARCA,PROVINCIAL,PENAL,PENAL,DENUNCIA,CRIMINALIDAD ORGANIZADA,32,31,060101,CAJAMARCA,CAJAMARCA,CAJAMARCA,15/06/2023
ENERO - DICIEMBRE,2021,11/01/2022,CAJAMARCA,PROVINCIAL,PENAL,PENAL,DENUNCIA,,3,3,060101,CAJAMARCA,CAJAMARCA,CAJAMARCA,15/06/2023
ENERO - DICIEMBRE,2021,11/01/2022,CAJAMARCA,PROVINCIAL,PENAL,PENAL,INVESTIGACION PREVENTIVA,,510,510,060101,CAJAMARCA,CAJAMARCA,CAJAMARCA,15/06/2023
ENERO - DICIEMBRE,2021,11/01/2022,CAJAMARCA,SUPERIOR,CIVIL,CIVIL,EXPEDIENTE,,8,7,060101,CAJAMARCA,CAJAMARCA,CAJAMARCA,15/06/2023
ENERO - DICIEMBRE,2021,11/01/2022,CAJAMARCA,SUPERIOR,FAMILIA,FAMILIA CIVIL,EXPEDIENTE,,23,23,060101,CAJAMARCA,CAJAMARCA,CAJAMARCA,15/06/2023
ENERO - DICIEMBRE,2021,11/01/2022,CAJAMARCA,SUPERIOR,FAMILIA,FAMILIA PENAL,EXPEDIENTE,,13,12,060101,CAJAMARCA,CAJAMARCA,CAJAMARCA,15/06/2023
ENERO - DICIEMBRE,2021,11/01/2022,CAJAMARCA,SUPERIOR,FAMILIA,FAMILIA TUTELAR,EXPEDIENTE,,5,5,060101,CAJAMARCA,CAJAMARCA,CAJAMARCA,15/06/2023
ENERO - DICIEMBRE,2021,11/01/2022,CAJAMARCA,SUPERIOR,FAMILIA,VIOLENCIA FAMILIAR,EXPEDIENTE,,248,247,060101,CAJAMARCA,CAJAMARCA,CAJAMARCA,15/06/2023
ENERO - DICIEMBRE,2021,11/01/2022,CAJAMARCA,SUPERIOR,FAMILIA,VIOLENCIA FAMILIAR,INCIDENTE,,6,5,060101,CAJAMARCA,CAJAMARCA,CAJAMARCA,15/06/2023
ENERO - DICIEMBRE,2021,11/01/2022,CAJAMARCA,SUPERIOR,PENAL,PENAL,APELACION DENUNCIA,,671,671,060101,CAJAMARCA,CAJAMARCA,CAJAMARCA,15/06/2023
ENERO - DICIEMBRE,2021,11/01/2022,CAJAMARCA,SUPERIOR,PENAL,PENAL,APELACION EXPEDIENTE,,55,55,060101,CAJAMARCA,CAJAMARCA,CAJAMARCA,15/06/2023
ENERO - DICIEMBRE,2021,11/01/2022,CAJAMARCA,SUPERIOR,PENAL,PENAL,CONSULTAS,,209,204,060101,CAJAMARCA,CAJAMARCA,CAJAMARCA,15/06/2023
ENERO - DICIEMBRE,2021,11/01/2022,CAJAMARCA,SUPERIOR,PENAL,PENAL,DENUNCIA,,27,26,060101,CAJAMARCA,CAJAMARCA,CAJAMARCA,15/06/2023
ENERO - DICIEMBRE,2021,11/01/2022,CAJAMARCA,SUPERIOR,PENAL,PENAL,EXCLUSION FISCAL,,12,12,060101,CAJAMARCA,CAJAMARCA,CAJAMARCA,15/06/2023
ENERO - DICIEMBRE,2021,11/01/2022,CAJAMARCA,SUPERIOR,PENAL,PENAL,EXPEDIENTE,,26,24,060101,CAJAMARCA,CAJAMARCA,CAJAMARCA,15/06/2023
ENERO - DICIEMBRE,2021,11/01/2022,CAJAMARCA,SUPERIOR,PENAL,PENAL,INCIDENTE-EXPEDIENTE,,1,1,060101,CAJAMARCA,CAJAMARCA,CAJAMARCA,15/06/2023
ENERO - DICIEMBRE,2021,11/01/2022,CAJAMARCA,SUPERIOR,PENAL,PENAL,QUEJAS,,1286,1255,060101,CAJAMARCA,CAJAMARCA,CAJAMARCA,15/06/2023
ENERO - DICIEMBRE,2021,11/01/2022,CALLAO,PROVINCIAL,CIVIL,CIVIL,EXPEDIENTE,,1,1,070101,CALLAO,CALLAO,CALLAO,15/06/2023
ENERO - DICIEMBRE,2021,11/01/2022,CALLAO,PROVINCIAL,FAMILIA,ACTOS CONTRA LA LIBERTAD SEXUAL,DENUNCIA,,77,76,070101,CALLAO,CALLAO,CALLAO,15/06/2023
ENERO - DICIEMBRE,2021,11/01/2022,CALLAO,PROVINCIAL,FAMILIA,FAMILIA CIVIL,EXPEDIENTE,,752,712,070101,CALLAO,CALLAO,CALLAO,15/06/2023
ENERO - DICIEMBRE,2021,11/01/2022,CALLAO,PROVINCIAL,FAMILIA,FAMILIA PENAL,DENUNCIA,,421,402,070101,CALLAO,CALLAO,CALLAO,15/06/2023
ENERO - DICIEMBRE,2021,11/01/2022,CALLAO,PROVINCIAL,FAMILIA,FAMILIA PENAL,EXPEDIENTE,,277,266,070101,CALLAO,CALLAO,CALLAO,15/06/2023
ENERO - DICIEMBRE,2021,11/01/2022,CALLAO,PROVINCIAL,FAMILIA,FAMILIA TUTELAR,DENUNCIA,,132,126,070101,CALLAO,CALLAO,CALLAO,15/06/2023
ENERO - DICIEMBRE,2021,11/01/2022,CALLAO,PROVINCIAL,FAMILIA,FAMILIA TUTELAR,EXPEDIENTE,,21,21,070101,CALLAO,CALLAO,CALLAO,15/06/2023
ENERO - DICIEMBRE,2021,11/01/2022,CALLAO,PROVINCIAL,FAMILIA,VIOLENCIA FAMILIAR,DENUNCIA,,50,38,070101,CALLAO,CALLAO,CALLAO,15/06/2023
ENERO - DICIEMBRE,2021,11/01/2022,CALLAO,PROVINCIAL,FAMILIA,VIOLENCIA FAMILIAR,EXPEDIENTE,,3,3,070101,CALLAO,CALLAO,CALLAO,15/06/2023
ENERO - DICIEMBRE,2021,11/01/2022,CALLAO,PROVINCIAL,PENAL,PENAL,DENUNCIA,CRIMINALIDAD ORGANIZADA,41,41,070101,CALLAO,CALLAO,CALLAO,15/06/2023
ENERO - DICIEMBRE,2021,11/01/2022,CALLAO,PROVINCIAL,PENAL,PENAL,DENUNCIA,DELITOS DE CORRUPCION DE FUNCIONARIOS,181,176,070101,CALLAO,CALLAO,CALLAO,15/06/2023
ENERO - DICIEMBRE,2021,11/01/2022,CALLAO,PROVINCIAL,PENAL,PENAL,DENUNCIA,DELITOS ADUANEROS Y CONTRA LA PROPIEDAD INTELECTUAL,225,215,070101,CALLAO,CALLAO,CALLAO,15/06/2023
ENERO - DICIEMBRE,2021,11/01/2022,CALLAO,PROVINCIAL,PENAL,PENAL,DENUNCIA,LAVADO DE ACTIVOS Y PERDIDA DE DOMINIO,34,31,070101,CALLAO,CALLAO,CALLAO,15/06/2023
ENERO - DICIEMBRE,2021,11/01/2022,CALLAO,PROVINCIAL,PENAL,PENAL,DENUNCIA,MATERIA AMBIENTAL,84,84,070101,CALLAO,CALLAO,CALLAO,15/06/2023
ENERO - DICIEMBRE,2021,11/01/2022,CALLAO,PROVINCIAL,PENAL,PENAL,DENUNCIA,DELITOS DE TRAFICO ILICITO DE DROGAS,249,245,070101,CALLAO,CALLAO,CALLAO,15/06/2023
ENERO - DICIEMBRE,2021,11/01/2022,CALLAO,PROVINCIAL,PENAL,PENAL,DENUNCIA,DELITOS DE TRATA DE PERSONAS,33,33,070101,CALLAO,CALLAO,CALLAO,15/06/2023
ENERO - DICIEMBRE,2021,11/01/2022,CALLAO,PROVINCIAL,PENAL,PENAL,DENUNCIA,TRANSITO Y SEGURIDAD VIAL,1762,1721,070101,CALLAO,CALLAO,CALLAO,15/06/2023
ENERO - DICIEMBRE,2021,11/01/2022,CALLAO,PROVINCIAL,PENAL,PENAL,DENUNCIA,VIOLENCIA CONTRA LA MUJER Y LOS INTEGRANTES DEL GRUPO FAMILIAR,10921,7309,070101,CALLAO,CALLAO,CALLAO,15/06/2023
ENERO - DICIEMBRE,2021,11/01/2022,CALLAO,PROVINCIAL,PENAL,PENAL,DENUNCIA,,12485,11934,070101,CALLAO,CALLAO,CALLAO,15/06/2023
ENERO - DICIEMBRE,2021,11/01/2022,CALLAO,PROVINCIAL,PENAL,PENAL,EXPEDIENTE,DELITOS ADUANEROS Y CONTRA LA PROPIEDAD INTELECTUAL,21,16,070101,CALLAO,CALLAO,CALLAO,15/06/2023
ENERO - DICIEMBRE,2021,11/01/2022,CALLAO,PROVINCIAL,PENAL,PENAL,EXPEDIENTE,MATERIA AMBIENTAL,1,0,070101,CALLAO,CALLAO,CALLAO,15/06/2023
ENERO - DICIEMBRE,2021,11/01/2022,CALLAO,PROVINCIAL,PENAL,PENAL,EXPEDIENTE,DELITOS DE TRAFICO ILICITO DE DROGAS,13,9,070101,CALLAO,CALLAO,CALLAO,15/06/2023
ENERO - DICIEMBRE,2021,11/01/2022,CALLAO,PROVINCIAL,PENAL,PENAL,EXPEDIENTE,,188,126,070101,CALLAO,CALLAO,CALLAO,15/06/2023
ENERO - DICIEMBRE,2021,11/01/2022,CALLAO,PROVINCIAL,PENAL,PENAL,INVESTIGACION PREVENTIVA,DELITOS ADUANEROS Y CONTRA LA PROPIEDAD INTELECTUAL,90,90,070101,CALLAO,CALLAO,CALLAO,15/06/2023
ENERO - DICIEMBRE,2021,11/01/2022,CALLAO,PROVINCIAL,PENAL,PENAL,INVESTIGACION PREVENTIVA,MATERIA AMBIENTAL,72,72,070101,CALLAO,CALLAO,CALLAO,15/06/2023
ENERO - DICIEMBRE,2021,11/01/2022,CALLAO,PROVINCIAL,PENAL,PENAL,INVESTIGACION PREVENTIVA,,1163,1163,070101,CALLAO,CALLAO,CALLAO,15/06/2023
ENERO - DICIEMBRE,2021,11/01/2022,CALLAO,SUPERIOR,CIVIL,CIVIL,EXPEDIENTE,,1,1,070101,CALLAO,CALLAO,CALLAO,15/06/2023
ENERO - DICIEMBRE,2021,11/01/2022,CALLAO,SUPERIOR,FAMILIA,FAMILIA CIVIL,EXPEDIENTE,,53,52,070101,CALLAO,CALLAO,CALLAO,15/06/2023
ENERO - DICIEMBRE,2021,11/01/2022,CALLAO,SUPERIOR,FAMILIA,FAMILIA CIVIL,INCIDENTE,,1,1,070101,CALLAO,CALLAO,CALLAO,15/06/2023
ENERO - DICIEMBRE,2021,11/01/2022,CALLAO,SUPERIOR,FAMILIA,FAMILIA PENAL,EXPEDIENTE,,21,21,070101,CALLAO,CALLAO,CALLAO,15/06/2023
ENERO - DICIEMBRE,2021,11/01/2022,CALLAO,SUPERIOR,FAMILIA,FAMILIA TUTELAR,EXPEDIENTE,,1,1,070101,CALLAO,CALLAO,CALLAO,15/06/2023
ENERO - DICIEMBRE,2021,11/01/2022,CALLAO,SUPERIOR,FAMILIA,VIOLENCIA FAMILIAR,EXPEDIENTE,,217,217,070101,CALLAO,CALLAO,CALLAO,15/06/2023
ENERO - DICIEMBRE,2021,11/01/2022,CALLAO,SUPERIOR,FAMILIA,VIOLENCIA FAMILIAR,INCIDENTE,,106,106,070101,CALLAO,CALLAO,CALLAO,15/06/2023
ENERO - DICIEMBRE,2021,11/01/2022,CALLAO,SUPERIOR,PENAL,PENAL,DENUNCIA,,11,11,070101,CALLAO,CALLAO,CALLAO,15/06/2023
ENERO - DICIEMBRE,2021,11/01/2022,CALLAO,SUPERIOR,PENAL,PENAL,APELACION DENUNCIA,DELITOS DE CORRUPCION DE FUNCIONARIOS,108,108,070101,CALLAO,CALLAO,CALLAO,15/06/2023
ENERO - DICIEMBRE,2021,11/01/2022,CALLAO,SUPERIOR,PENAL,PENAL,APELACION DENUNCIA,,325,325,070101,CALLAO,CALLAO,CALLAO,15/06/2023
ENERO - DICIEMBRE,2021,11/01/2022,CALLAO,SUPERIOR,PENAL,PENAL,APELACION EXPEDIENTE,,233,223,070101,CALLAO,CALLAO,CALLAO,15/06/2023
ENERO - DICIEMBRE,2021,11/01/2022,CALLAO,SUPERIOR,PENAL,PENAL,CONSULTAS,DELITOS DE CORRUPCION DE FUNCIONARIOS,6,6,070101,CALLAO,CALLAO,CALLAO,15/06/2023
ENERO - DICIEMBRE,2021,11/01/2022,CALLAO,SUPERIOR,PENAL,PENAL,CONSULTAS,,131,129,070101,CALLAO,CALLAO,CALLAO,15/06/2023
ENERO - DICIEMBRE,2021,11/01/2022,CALLAO,SUPERIOR,PENAL,PENAL,DENUNCIA,DELITOS DE CORRUPCION DE FUNCIONARIOS,4,4,070101,CALLAO,CALLAO,CALLAO,15/06/2023
ENERO - DICIEMBRE,2021,11/01/2022,CALLAO,SUPERIOR,PENAL,PENAL,DENUNCIA,,27,27,070101,CALLAO,CALLAO,CALLAO,15/06/2023
ENERO - DICIEMBRE,2021,11/01/2022,CALLAO,SUPERIOR,PENAL,PENAL,EXCLUSION FISCAL,DELITOS DE CORRUPCION DE FUNCIONARIOS,1,1,070101,CALLAO,CALLAO,CALLAO,15/06/2023
ENERO - DICIEMBRE,2021,11/01/2022,CALLAO,SUPERIOR,PENAL,PENAL,EXCLUSION FISCAL,,6,6,070101,CALLAO,CALLAO,CALLAO,15/06/2023
ENERO - DICIEMBRE,2021,11/01/2022,CALLAO,SUPERIOR,PENAL,PENAL,EXPEDIENTE,,126,110,070101,CALLAO,CALLAO,CALLAO,15/06/2023
ENERO - DICIEMBRE,2021,11/01/2022,CALLAO,SUPERIOR,PENAL,PENAL,INCIDENTE-EXPEDIENTE,,11,10,070101,CALLAO,CALLAO,CALLAO,15/06/2023
ENERO - DICIEMBRE,2021,11/01/2022,CALLAO,SUPERIOR,PENAL,PENAL,QUEJAS,DELITOS DE CORRUPCION DE FUNCIONARIOS,22,22,070101,CALLAO,CALLAO,CALLAO,15/06/2023
ENERO - DICIEMBRE,2021,11/01/2022,CALLAO,SUPERIOR,PENAL,PENAL,QUEJAS,,811,791,070101,CALLAO,CALLAO,CALLAO,15/06/2023
ENERO - DICIEMBRE,2021,11/01/2022,CAÑETE,PROVINCIAL,CIVIL,CIVIL,EXPEDIENTE,,18,16,150501,LIMA,CAÑETE,SAN VICENTE DE CAÑETE,15/06/2023
ENERO - DICIEMBRE,2021,11/01/2022,CAÑETE,PROVINCIAL,FAMILIA,FAMILIA CIVIL,EXPEDIENTE,,185,183,150501,LIMA,CAÑETE,SAN VICENTE DE CAÑETE,15/06/2023
ENERO - DICIEMBRE,2021,11/01/2022,CAÑETE,PROVINCIAL,FAMILIA,FAMILIA PENAL,DENUNCIA,,212,203,150501,LIMA,CAÑETE,SAN VICENTE DE CAÑETE,15/06/2023
ENERO - DICIEMBRE,2021,11/01/2022,CAÑETE,PROVINCIAL,FAMILIA,FAMILIA PENAL,EXPEDIENTE,,142,141,150501,LIMA,CAÑETE,SAN VICENTE DE CAÑETE,15/06/2023
ENERO - DICIEMBRE,2021,11/01/2022,CAÑETE,PROVINCIAL,FAMILIA,FAMILIA TUTELAR,DENUNCIA,,183,179,150501,LIMA,CAÑETE,SAN VICENTE DE CAÑETE,15/06/2023
ENERO - DICIEMBRE,2021,11/01/2022,CAÑETE,PROVINCIAL,FAMILIA,FAMILIA TUTELAR,EXPEDIENTE,,36,34,150501,LIMA,CAÑETE,SAN VICENTE DE CAÑETE,15/06/2023
ENERO - DICIEMBRE,2021,11/01/2022,CAÑETE,PROVINCIAL,FAMILIA,VIOLENCIA FAMILIAR,DENUNCIA,,49,47,150501,LIMA,CAÑETE,SAN VICENTE DE CAÑETE,15/06/2023
ENERO - DICIEMBRE,2021,11/01/2022,CAÑETE,PROVINCIAL,FAMILIA,VIOLENCIA FAMILIAR,EXPEDIENTE,,7,7,150501,LIMA,CAÑETE,SAN VICENTE DE CAÑETE,15/06/2023
ENERO - DICIEMBRE,2021,11/01/2022,CAÑETE,PROVINCIAL,PENAL,PENAL,DENUNCIA,,38,37,150501,LIMA,CAÑETE,SAN VICENTE DE CAÑETE,15/06/2023
ENERO - DICIEMBRE,2021,11/01/2022,CAÑETE,PROVINCIAL,PENAL,PENAL,INVESTIGACION PREVENTIVA,,392,392,150501,LIMA,CAÑETE,SAN VICENTE DE CAÑETE,15/06/2023
ENERO - DICIEMBRE,2021,11/01/2022,CAÑETE,PROVINCIAL,PENAL,PENAL,DENUNCIA,DELITOS DE CORRUPCION DE FUNCIONARIOS,97,97,150501,LIMA,CAÑETE,SAN VICENTE DE CAÑETE,15/06/2023
ENERO - DICIEMBRE,2021,11/01/2022,CAÑETE,PROVINCIAL,PENAL,PENAL,DENUNCIA,,12287,8805,150501,LIMA,CAÑETE,SAN VICENTE DE CAÑETE,15/06/2023
ENERO - DICIEMBRE,2021,11/01/2022,CAÑETE,PROVINCIAL,PENAL,PENAL,EXPEDIENTE,,5,1,150501,LIMA,CAÑETE,SAN VICENTE DE CAÑETE,15/06/2023
ENERO - DICIEMBRE,2021,11/01/2022,CAÑETE,SUPERIOR,CIVIL,CIVIL,EXPEDIENTE,,2,2,150501,LIMA,CAÑETE,SAN VICENTE DE CAÑETE,15/06/2023
ENERO - DICIEMBRE,2021,11/01/2022,CAÑETE,SUPERIOR,FAMILIA,FAMILIA CIVIL,EXPEDIENTE,,12,12,150501,LIMA,CAÑETE,SAN VICENTE DE CAÑETE,15/06/2023
ENERO - DICIEMBRE,2021,11/01/2022,CAÑETE,SUPERIOR,FAMILIA,FAMILIA PENAL,EXPEDIENTE,,12,12,150501,LIMA,CAÑETE,SAN VICENTE DE CAÑETE,15/06/2023
ENERO - DICIEMBRE,2021,11/01/2022,CAÑETE,SUPERIOR,FAMILIA,FAMILIA TUTELAR,EXPEDIENTE,,1,1,150501,LIMA,CAÑETE,SAN VICENTE DE CAÑETE,15/06/2023
ENERO - DICIEMBRE,2021,11/01/2022,CAÑETE,SUPERIOR,FAMILIA,VIOLENCIA FAMILIAR,EXPEDIENTE,,5,5,150501,LIMA,CAÑETE,SAN VICENTE DE CAÑETE,15/06/2023
ENERO - DICIEMBRE,2021,11/01/2022,CAÑETE,SUPERIOR,FAMILIA,VIOLENCIA FAMILIAR,INCIDENTE,,35,35,150501,LIMA,CAÑETE,SAN VICENTE DE CAÑETE,15/06/2023
ENERO - DICIEMBRE,2021,11/01/2022,CAÑETE,SUPERIOR,PENAL,PENAL,APELACION DENUNCIA,,360,329,150501,LIMA,CAÑETE,SAN VICENTE DE CAÑETE,15/06/2023
ENERO - DICIEMBRE,2021,11/01/2022,CAÑETE,SUPERIOR,PENAL,PENAL,APELACION EXPEDIENTE,,1,1,150501,LIMA,CAÑETE,SAN VICENTE DE CAÑETE,15/06/2023
ENERO - DICIEMBRE,2021,11/01/2022,CAÑETE,SUPERIOR,PENAL,PENAL,CONSULTAS,,45,45,150501,LIMA,CAÑETE,SAN VICENTE DE CAÑETE,15/06/2023
ENERO - DICIEMBRE,2021,11/01/2022,CAÑETE,SUPERIOR,PENAL,PENAL,DENUNCIA,,20,20,150501,LIMA,CAÑETE,SAN VICENTE DE CAÑETE,15/06/2023
ENERO - DICIEMBRE,2021,11/01/2022,CAÑETE,SUPERIOR,PENAL,PENAL,EXCLUSION FISCAL,,7,7,150501,LIMA,CAÑETE,SAN VICENTE DE CAÑETE,15/06/2023
ENERO - DICIEMBRE,2021,11/01/2022,CAÑETE,SUPERIOR,PENAL,PENAL,INCIDENTE-EXPEDIENTE,,22,22,150501,LIMA,CAÑETE,SAN VICENTE DE CAÑETE,15/06/2023
ENERO - DICIEMBRE,2021,11/01/2022,CAÑETE,SUPERIOR,PENAL,PENAL,QUEJAS,,159,159,150501,LIMA,CAÑETE,SAN VICENTE DE CAÑETE,15/06/2023
ENERO - DICIEMBRE,2021,11/01/2022,CUSCO,PROVINCIAL,CIVIL,CIVIL,EXPEDIENTE,,321,262,080108,CUSCO,CUSCO,WANCHAQ,15/06/2023
ENERO - DICIEMBRE,2021,11/01/2022,CUSCO,PROVINCIAL,FAMILIA,ACTOS CONTRA LA LIBERTAD SEXUAL,DENUNCIA,,69,44,080108,CUSCO,CUSCO,WANCHAQ,15/06/2023
ENERO - DICIEMBRE,2021,11/01/2022,CUSCO,PROVINCIAL,FAMILIA,FAMILIA CIVIL,EXPEDIENTE,,1153,1003,080108,CUSCO,CUSCO,WANCHAQ,15/06/2023
ENERO - DICIEMBRE,2021,11/01/2022,CUSCO,PROVINCIAL,FAMILIA,FAMILIA PENAL,DENUNCIA,,833,679,080108,CUSCO,CUSCO,WANCHAQ,15/06/2023
ENERO - DICIEMBRE,2021,11/01/2022,CUSCO,PROVINCIAL,FAMILIA,FAMILIA PENAL,EXPEDIENTE,,426,387,080108,CUSCO,CUSCO,WANCHAQ,15/06/2023
ENERO - DICIEMBRE,2021,11/01/2022,CUSCO,PROVINCIAL,FAMILIA,FAMILIA TUTELAR,DENUNCIA,,443,409,080108,CUSCO,CUSCO,WANCHAQ,15/06/2023
ENERO - DICIEMBRE,2021,11/01/2022,CUSCO,PROVINCIAL,FAMILIA,FAMILIA TUTELAR,EXPEDIENTE,,89,69,080108,CUSCO,CUSCO,WANCHAQ,15/06/2023
ENERO - DICIEMBRE,2021,11/01/2022,CUSCO,PROVINCIAL,FAMILIA,VIOLENCIA FAMILIAR,DENUNCIA,,139,121,080108,CUSCO,CUSCO,WANCHAQ,15/06/2023
ENERO - DICIEMBRE,2021,11/01/2022,CUSCO,PROVINCIAL,PENAL,PENAL,DENUNCIA,,1,1,080108,CUSCO,CUSCO,WANCHAQ,15/06/2023
ENERO - DICIEMBRE,2021,11/01/2022,CUSCO,PROVINCIAL,PENAL,PENAL,INVESTIGACION PREVENTIVA,,1159,1156,080108,CUSCO,CUSCO,WANCHAQ,15/06/2023
ENERO - DICIEMBRE,2021,11/01/2022,CUSCO,PROVINCIAL,PENAL,PENAL,DENUNCIA,DELITOS DE CORRUPCION DE FUNCIONARIOS,818,749,080108,CUSCO,CUSCO,WANCHAQ,15/06/2023
ENERO - DICIEMBRE,2021,11/01/2022,CUSCO,PROVINCIAL,PENAL,PENAL,DENUNCIA,MATERIA AMBIENTAL,318,300,080108,CUSCO,CUSCO,WANCHAQ,15/06/2023
ENERO - DICIEMBRE,2021,11/01/2022,CUSCO,PROVINCIAL,PENAL,PENAL,DENUNCIA,DELITOS DE TRAFICO ILICITO DE DROGAS,120,120,080108,CUSCO,CUSCO,WANCHAQ,15/06/2023
ENERO - DICIEMBRE,2021,11/01/2022,CUSCO,PROVINCIAL,PENAL,PENAL,DENUNCIA,DELITOS DE TRATA DE PERSONAS,54,51,080108,CUSCO,CUSCO,WANCHAQ,15/06/2023
ENERO - DICIEMBRE,2021,11/01/2022,CUSCO,PROVINCIAL,PENAL,PENAL,DENUNCIA,TURISMO,173,172,080108,CUSCO,CUSCO,WANCHAQ,15/06/2023
ENERO - DICIEMBRE,2021,11/01/2022,CUSCO,PROVINCIAL,PENAL,PENAL,DENUNCIA,VIOLENCIA CONTRA LA MUJER Y LOS INTEGRANTES DEL GRUPO FAMILIAR,4303,3737,080108,CUSCO,CUSCO,WANCHAQ,15/06/2023
ENERO - DICIEMBRE,2021,11/01/2022,CUSCO,PROVINCIAL,PENAL,PENAL,DENUNCIA,,35789,32422,080108,CUSCO,CUSCO,WANCHAQ,15/06/2023
ENERO - DICIEMBRE,2021,11/01/2022,CUSCO,PROVINCIAL,PENAL,PENAL,EXPEDIENTE,DELITOS DE TRAFICO ILICITO DE DROGAS,17,15,080108,CUSCO,CUSCO,WANCHAQ,15/06/2023
ENERO - DICIEMBRE,2021,11/01/2022,CUSCO,PROVINCIAL,PENAL,PENAL,EXPEDIENTE,,20,11,080108,CUSCO,CUSCO,WANCHAQ,15/06/2023
ENERO - DICIEMBRE,2021,11/01/2022,CUSCO,PROVINCIAL,PENAL,PENAL,INVESTIGACION PREVENTIVA,MATERIA AMBIENTAL,4,4,080108,CUSCO,CUSCO,WANCHAQ,15/06/2023
ENERO - DICIEMBRE,2021,11/01/2022,CUSCO,PROVINCIAL,PENAL,PENAL,INVESTIGACION PREVENTIVA,,686,649,080108,CUSCO,CUSCO,WANCHAQ,15/06/2023
ENERO - DICIEMBRE,2021,11/01/2022,CUSCO,SUPERIOR,CIVIL,CIVIL,EXPEDIENTE,,3,3,080108,CUSCO,CUSCO,WANCHAQ,15/06/2023
ENERO - DICIEMBRE,2021,11/01/2022,CUSCO,SUPERIOR,FAMILIA,FAMILIA CIVIL,EXPEDIENTE,,150,144,080108,CUSCO,CUSCO,WANCHAQ,15/06/2023
ENERO - DICIEMBRE,2021,11/01/2022,CUSCO,SUPERIOR,FAMILIA,FAMILIA CIVIL,INCIDENTE,,3,3,080108,CUSCO,CUSCO,WANCHAQ,15/06/2023
ENERO - DICIEMBRE,2021,11/01/2022,CUSCO,SUPERIOR,FAMILIA,FAMILIA PENAL,EXPEDIENTE,,57,55,080108,CUSCO,CUSCO,WANCHAQ,15/06/2023
ENERO - DICIEMBRE,2021,11/01/2022,CUSCO,SUPERIOR,FAMILIA,FAMILIA PENAL,INCIDENTE,,3,3,080108,CUSCO,CUSCO,WANCHAQ,15/06/2023
ENERO - DICIEMBRE,2021,11/01/2022,CUSCO,SUPERIOR,FAMILIA,FAMILIA TUTELAR,EXPEDIENTE,,68,66,080108,CUSCO,CUSCO,WANCHAQ,15/06/2023
ENERO - DICIEMBRE,2021,11/01/2022,CUSCO,SUPERIOR,FAMILIA,VIOLENCIA FAMILIAR,EXPEDIENTE,,440,423,080108,CUSCO,CUSCO,WANCHAQ,15/06/2023
ENERO - DICIEMBRE,2021,11/01/2022,CUSCO,SUPERIOR,FAMILIA,VIOLENCIA FAMILIAR,INCIDENTE,,51,51,080108,CUSCO,CUSCO,WANCHAQ,15/06/2023
ENERO - DICIEMBRE,2021,11/01/2022,CUSCO,SUPERIOR,PENAL,PENAL,INCIDENTE-EXPEDIENTE,,35,29,080108,CUSCO,CUSCO,WANCHAQ,15/06/2023
ENERO - DICIEMBRE,2021,11/01/2022,CUSCO,SUPERIOR,PENAL,PENAL,APELACION DENUNCIA,,1449,1385,080108,CUSCO,CUSCO,WANCHAQ,15/06/2023
ENERO - DICIEMBRE,2021,11/01/2022,CUSCO,SUPERIOR,PENAL,PENAL,APELACION EXPEDIENTE,,186,162,080108,CUSCO,CUSCO,WANCHAQ,15/06/2023
ENERO - DICIEMBRE,2021,11/01/2022,CUSCO,SUPERIOR,PENAL,PENAL,CONSULTAS,,282,250,080108,CUSCO,CUSCO,WANCHAQ,15/06/2023
ENERO - DICIEMBRE,2021,11/01/2022,CUSCO,SUPERIOR,PENAL,PENAL,DENUNCIA,,168,167,080108,CUSCO,CUSCO,WANCHAQ,15/06/2023
ENERO - DICIEMBRE,2021,11/01/2022,CUSCO,SUPERIOR,PENAL,PENAL,EXCLUSION FISCAL,,9,8,080108,CUSCO,CUSCO,WANCHAQ,15/06/2023
ENERO - DICIEMBRE,2021,11/01/2022,CUSCO,SUPERIOR,PENAL,PENAL,EXPEDIENTE,,79,71,080108,CUSCO,CUSCO,WANCHAQ,15/06/2023
ENERO - DICIEMBRE,2021,11/01/2022,CUSCO,SUPERIOR,PENAL,PENAL,QUEJAS,,1564,1400,080108,CUSCO,CUSCO,WANCHAQ,15/06/2023
ENERO - DICIEMBRE,2021,11/01/2022,HUANCAVELICA,PROVINCIAL,CIVIL,CIVIL,EXPEDIENTE,,58,58,090101,HUANCAVELICA,HUANCAVELICA,HUANCAVELICA,15/06/2023
ENERO - DICIEMBRE,2021,11/01/2022,HUANCAVELICA,PROVINCIAL,FAMILIA,ACTOS CONTRA LA LIBERTAD SEXUAL,DENUNCIA,,1,1,090101,HUANCAVELICA,HUANCAVELICA,HUANCAVELICA,15/06/2023
ENERO - DICIEMBRE,2021,11/01/2022,HUANCAVELICA,PROVINCIAL,FAMILIA,FAMILIA CIVIL,EXPEDIENTE,,237,234,090101,HUANCAVELICA,HUANCAVELICA,HUANCAVELICA,15/06/2023
ENERO - DICIEMBRE,2021,11/01/2022,HUANCAVELICA,PROVINCIAL,FAMILIA,FAMILIA PENAL,DENUNCIA,,139,135,090101,HUANCAVELICA,HUANCAVELICA,HUANCAVELICA,15/06/2023
ENERO - DICIEMBRE,2021,11/01/2022,HUANCAVELICA,PROVINCIAL,FAMILIA,FAMILIA PENAL,EXPEDIENTE,,52,52,090101,HUANCAVELICA,HUANCAVELICA,HUANCAVELICA,15/06/2023
ENERO - DICIEMBRE,2021,11/01/2022,HUANCAVELICA,PROVINCIAL,FAMILIA,FAMILIA TUTELAR,DENUNCIA,,55,53,090101,HUANCAVELICA,HUANCAVELICA,HUANCAVELICA,15/06/2023
ENERO - DICIEMBRE,2021,11/01/2022,HUANCAVELICA,PROVINCIAL,FAMILIA,FAMILIA TUTELAR,EXPEDIENTE,,15,15,090101,HUANCAVELICA,HUANCAVELICA,HUANCAVELICA,15/06/2023
ENERO - DICIEMBRE,2021,11/01/2022,HUANCAVELICA,PROVINCIAL,FAMILIA,VIOLENCIA FAMILIAR,DENUNCIA,,2,2,090101,HUANCAVELICA,HUANCAVELICA,HUANCAVELICA,15/06/2023
ENERO - DICIEMBRE,2021,11/01/2022,HUANCAVELICA,PROVINCIAL,FAMILIA,VIOLENCIA FAMILIAR,EXPEDIENTE,,6,6,090101,HUANCAVELICA,HUANCAVELICA,HUANCAVELICA,15/06/2023
ENERO - DICIEMBRE,2021,11/01/2022,HUANCAVELICA,PROVINCIAL,PENAL,PENAL,DENUNCIA,CRIMINALIDAD ORGANIZADA,25,25,090101,HUANCAVELICA,HUANCAVELICA,HUANCAVELICA,15/06/2023
ENERO - DICIEMBRE,2021,11/01/2022,HUANCAVELICA,PROVINCIAL,PENAL,PENAL,DENUNCIA,DELITOS DE CORRUPCION DE FUNCIONARIOS,196,196,090101,HUANCAVELICA,HUANCAVELICA,HUANCAVELICA,15/06/2023
ENERO - DICIEMBRE,2021,11/01/2022,HUANCAVELICA,PROVINCIAL,PENAL,PENAL,DENUNCIA,MATERIA AMBIENTAL,93,93,090101,HUANCAVELICA,HUANCAVELICA,HUANCAVELICA,15/06/2023
ENERO - DICIEMBRE,2021,11/01/2022,HUANCAVELICA,PROVINCIAL,PENAL,PENAL,DENUNCIA,VIOLENCIA CONTRA LA MUJER Y LOS INTEGRANTES DEL GRUPO FAMILIAR,649,648,090101,HUANCAVELICA,HUANCAVELICA,HUANCAVELICA,15/06/2023
ENERO - DICIEMBRE,2021,11/01/2022,HUANCAVELICA,PROVINCIAL,PENAL,PENAL,DENUNCIA,,5193,5129,090101,HUANCAVELICA,HUANCAVELICA,HUANCAVELICA,15/06/2023
ENERO - DICIEMBRE,2021,11/01/2022,HUANCAVELICA,PROVINCIAL,PENAL,PENAL,INVESTIGACION PREVENTIVA,MATERIA AMBIENTAL,6,6,090101,HUANCAVELICA,HUANCAVELICA,HUANCAVELICA,15/06/2023
ENERO - DICIEMBRE,2021,11/01/2022,HUANCAVELICA,PROVINCIAL,PENAL,PENAL,INVESTIGACION PREVENTIVA,,27,25,090101,HUANCAVELICA,HUANCAVELICA,HUANCAVELICA,15/06/2023
ENERO - DICIEMBRE,2021,11/01/2022,HUANCAVELICA,PROVINCIAL,PENAL,PENAL,INVESTIGACION PREVENTIVA,,380,380,090101,HUANCAVELICA,HUANCAVELICA,HUANCAVELICA,15/06/2023
ENERO - DICIEMBRE,2021,11/01/2022,HUANCAVELICA,PROVINCIAL,PENAL,PENAL,DENUNCIA,,18,17,090101,HUANCAVELICA,HUANCAVELICA,HUANCAVELICA,15/06/2023
ENERO - DICIEMBRE,2021,11/01/2022,HUANCAVELICA,SUPERIOR,FAMILIA,FAMILIA CIVIL,EXPEDIENTE,,4,4,090101,HUANCAVELICA,HUANCAVELICA,HUANCAVELICA,15/06/2023
ENERO - DICIEMBRE,2021,11/01/2022,HUANCAVELICA,SUPERIOR,FAMILIA,FAMILIA PENAL,EXPEDIENTE,,11,11,090101,HUANCAVELICA,HUANCAVELICA,HUANCAVELICA,15/06/2023
ENERO - DICIEMBRE,2021,11/01/2022,HUANCAVELICA,SUPERIOR,FAMILIA,FAMILIA PENAL,INCIDENTE,,1,1,090101,HUANCAVELICA,HUANCAVELICA,HUANCAVELICA,15/06/2023
ENERO - DICIEMBRE,2021,11/01/2022,HUANCAVELICA,SUPERIOR,FAMILIA,FAMILIA TUTELAR,EXPEDIENTE,,2,2,090101,HUANCAVELICA,HUANCAVELICA,HUANCAVELICA,15/06/2023
ENERO - DICIEMBRE,2021,11/01/2022,HUANCAVELICA,SUPERIOR,FAMILIA,VIOLENCIA FAMILIAR,EXPEDIENTE,,1,1,090101,HUANCAVELICA,HUANCAVELICA,HUANCAVELICA,15/06/2023
ENERO - DICIEMBRE,2021,11/01/2022,HUANCAVELICA,SUPERIOR,FAMILIA,VIOLENCIA FAMILIAR,INCIDENTE,,12,12,090101,HUANCAVELICA,HUANCAVELICA,HUANCAVELICA,15/06/2023
ENERO - DICIEMBRE,2021,11/01/2022,HUANCAVELICA,SUPERIOR,PENAL,PENAL,APELACION DENUNCIA,DELITOS DE CORRUPCION DE FUNCIONARIOS,65,65,090101,HUANCAVELICA,HUANCAVELICA,HUANCAVELICA,15/06/2023
ENERO - DICIEMBRE,2021,11/01/2022,HUANCAVELICA,SUPERIOR,PENAL,PENAL,APELACION DENUNCIA,,202,202,090101,HUANCAVELICA,HUANCAVELICA,HUANCAVELICA,15/06/2023
ENERO - DICIEMBRE,2021,11/01/2022,HUANCAVELICA,SUPERIOR,PENAL,PENAL,APELACION EXPEDIENTE,,2,2,090101,HUANCAVELICA,HUANCAVELICA,HUANCAVELICA,15/06/2023
ENERO - DICIEMBRE,2021,11/01/2022,HUANCAVELICA,SUPERIOR,PENAL,PENAL,CONSULTAS,DELITOS DE CORRUPCION DE FUNCIONARIOS,7,7,090101,HUANCAVELICA,HUANCAVELICA,HUANCAVELICA,15/06/2023
ENERO - DICIEMBRE,2021,11/01/2022,HUANCAVELICA,SUPERIOR,PENAL,PENAL,CONSULTAS,,49,49,090101,HUANCAVELICA,HUANCAVELICA,HUANCAVELICA,15/06/2023
ENERO - DICIEMBRE,2021,11/01/2022,HUANCAVELICA,SUPERIOR,PENAL,PENAL,DENUNCIA,DELITOS DE CORRUPCION DE FUNCIONARIOS,7,7,090101,HUANCAVELICA,HUANCAVELICA,HUANCAVELICA,15/06/2023
ENERO - DICIEMBRE,2021,11/01/2022,HUANCAVELICA,SUPERIOR,PENAL,PENAL,DENUNCIA,,8,8,090101,HUANCAVELICA,HUANCAVELICA,HUANCAVELICA,15/06/2023
ENERO - DICIEMBRE,2021,11/01/2022,HUANCAVELICA,SUPERIOR,PENAL,PENAL,EXCLUSION FISCAL,,5,5,090101,HUANCAVELICA,HUANCAVELICA,HUANCAVELICA,15/06/2023
ENERO - DICIEMBRE,2021,11/01/2022,HUANCAVELICA,SUPERIOR,PENAL,PENAL,EXPEDIENTE,,11,10,090101,HUANCAVELICA,HUANCAVELICA,HUANCAVELICA,15/06/2023
ENERO - DICIEMBRE,2021,11/01/2022,HUANCAVELICA,SUPERIOR,PENAL,PENAL,INCIDENTE-EXPEDIENTE,,7,7,090101,HUANCAVELICA,HUANCAVELICA,HUANCAVELICA,15/06/2023
ENERO - DICIEMBRE,2021,11/01/2022,HUANCAVELICA,SUPERIOR,PENAL,PENAL,QUEJAS,DELITOS DE CORRUPCION DE FUNCIONARIOS,9,9,090101,HUANCAVELICA,HUANCAVELICA,HUANCAVELICA,15/06/2023
ENERO - DICIEMBRE,2021,11/01/2022,HUANCAVELICA,SUPERIOR,PENAL,PENAL,QUEJAS,,260,260,090101,HUANCAVELICA,HUANCAVELICA,HUANCAVELICA,15/06/2023
ENERO - DICIEMBRE,2021,11/01/2022,HUANUCO,PROVINCIAL,CIVIL,CIVIL,EXPEDIENTE,,72,67,100101,HUANUCO,HUANUCO,HUANUCO,15/06/2023
ENERO - DICIEMBRE,2021,11/01/2022,HUANUCO,PROVINCIAL,FAMILIA,ACTOS CONTRA LA LIBERTAD SEXUAL,DENUNCIA,,445,391,100101,HUANUCO,HUANUCO,HUANUCO,15/06/2023
ENERO - DICIEMBRE,2021,11/01/2022,HUANUCO,PROVINCIAL,FAMILIA,FAMILIA CIVIL,EXPEDIENTE,,608,588,100101,HUANUCO,HUANUCO,HUANUCO,15/06/2023
ENERO - DICIEMBRE,2021,11/01/2022,HUANUCO,PROVINCIAL,FAMILIA,FAMILIA PENAL,DENUNCIA,,800,696,100101,HUANUCO,HUANUCO,HUANUCO,15/06/2023
ENERO - DICIEMBRE,2021,11/01/2022,HUANUCO,PROVINCIAL,FAMILIA,FAMILIA PENAL,EXPEDIENTE,,373,356,100101,HUANUCO,HUANUCO,HUANUCO,15/06/2023
ENERO - DICIEMBRE,2021,11/01/2022,HUANUCO,PROVINCIAL,FAMILIA,FAMILIA TUTELAR,DENUNCIA,,970,928,100101,HUANUCO,HUANUCO,HUANUCO,15/06/2023
ENERO - DICIEMBRE,2021,11/01/2022,HUANUCO,PROVINCIAL,FAMILIA,FAMILIA TUTELAR,EXPEDIENTE,,158,152,100101,HUANUCO,HUANUCO,HUANUCO,15/06/2023
ENERO - DICIEMBRE,2021,11/01/2022,HUANUCO,PROVINCIAL,FAMILIA,VIOLENCIA FAMILIAR,DENUNCIA,,473,458,100101,HUANUCO,HUANUCO,HUANUCO,15/06/2023
ENERO - DICIEMBRE,2021,11/01/2022,HUANUCO,PROVINCIAL,FAMILIA,VIOLENCIA FAMILIAR,EXPEDIENTE,,1,1,100101,HUANUCO,HUANUCO,HUANUCO,15/06/2023
ENERO - DICIEMBRE,2021,11/01/2022,HUANUCO,PROVINCIAL,PENAL,PENAL,DENUNCIA,,3,3,100101,HUANUCO,HUANUCO,HUANUCO,15/06/2023
ENERO - DICIEMBRE,2021,11/01/2022,HUANUCO,PROVINCIAL,PENAL,PENAL,INVESTIGACION PREVENTIVA,,254,254,100101,HUANUCO,HUANUCO,HUANUCO,15/06/2023
ENERO - DICIEMBRE,2021,11/01/2022,HUANUCO,PROVINCIAL,PENAL,PENAL,DENUNCIA,DELITOS DE CORRUPCION DE FUNCIONARIOS,403,331,100101,HUANUCO,HUANUCO,HUANUCO,15/06/2023
ENERO - DICIEMBRE,2021,11/01/2022,HUANUCO,PROVINCIAL,PENAL,PENAL,DENUNCIA,MATERIA AMBIENTAL,397,394,100101,HUANUCO,HUANUCO,HUANUCO,15/06/2023
ENERO - DICIEMBRE,2021,11/01/2022,HUANUCO,PROVINCIAL,PENAL,PENAL,DENUNCIA,DELITOS DE TRAFICO ILICITO DE DROGAS,301,300,100101,HUANUCO,HUANUCO,HUANUCO,15/06/2023
ENERO - DICIEMBRE,2021,11/01/2022,HUANUCO,PROVINCIAL,PENAL,PENAL,DENUNCIA,DELITOS DE TRATA DE PERSONAS,53,51,100101,HUANUCO,HUANUCO,HUANUCO,15/06/2023
ENERO - DICIEMBRE,2021,11/01/2022,HUANUCO,PROVINCIAL,PENAL,PENAL,DENUNCIA,,247,245,100101,HUANUCO,HUANUCO,HUANUCO,15/06/2023
ENERO - DICIEMBRE,2021,11/01/2022,HUANUCO,PROVINCIAL,PENAL,PENAL,DENUNCIA,,26446,24028,100101,HUANUCO,HUANUCO,HUANUCO,15/06/2023
ENERO - DICIEMBRE,2021,11/01/2022,HUANUCO,PROVINCIAL,PENAL,PENAL,EXPEDIENTE,,5,4,100101,HUANUCO,HUANUCO,HUANUCO,15/06/2023
ENERO - DICIEMBRE,2021,11/01/2022,HUANUCO,PROVINCIAL,PENAL,PENAL,INVESTIGACION PREVENTIVA,MATERIA AMBIENTAL,166,166,100101,HUANUCO,HUANUCO,HUANUCO,15/06/2023
ENERO - DICIEMBRE,2021,11/01/2022,HUANUCO,PROVINCIAL,PENAL,PENAL,INVESTIGACION PREVENTIVA,,719,704,100101,HUANUCO,HUANUCO,HUANUCO,15/06/2023
ENERO - DICIEMBRE,2021,11/01/2022,HUANUCO,SUPERIOR,CIVIL,CIVIL,EXPEDIENTE,,6,6,100101,HUANUCO,HUANUCO,HUANUCO,15/06/2023
ENERO - DICIEMBRE,2021,11/01/2022,HUANUCO,SUPERIOR,FAMILIA,FAMILIA CIVIL,EXPEDIENTE,,25,25,100101,HUANUCO,HUANUCO,HUANUCO,15/06/2023
ENERO - DICIEMBRE,2021,11/01/2022,HUANUCO,SUPERIOR,FAMILIA,FAMILIA CIVIL,INCIDENTE,,3,2,100101,HUANUCO,HUANUCO,HUANUCO,15/06/2023
ENERO - DICIEMBRE,2021,11/01/2022,HUANUCO,SUPERIOR,FAMILIA,FAMILIA PENAL,EXPEDIENTE,,41,40,100101,HUANUCO,HUANUCO,HUANUCO,15/06/2023
ENERO - DICIEMBRE,2021,11/01/2022,HUANUCO,SUPERIOR,FAMILIA,FAMILIA PENAL,INCIDENTE,,3,2,100101,HUANUCO,HUANUCO,HUANUCO,15/06/2023
ENERO - DICIEMBRE,2021,11/01/2022,HUANUCO,SUPERIOR,FAMILIA,FAMILIA TUTELAR,EXPEDIENTE,,39,38,100101,HUANUCO,HUANUCO,HUANUCO,15/06/2023
ENERO - DICIEMBRE,2021,11/01/2022,HUANUCO,SUPERIOR,FAMILIA,VIOLENCIA FAMILIAR,EXPEDIENTE,,47,47,100101,HUANUCO,HUANUCO,HUANUCO,15/06/2023
ENERO - DICIEMBRE,2021,11/01/2022,HUANUCO,SUPERIOR,FAMILIA,VIOLENCIA FAMILIAR,INCIDENTE,,58,58,100101,HUANUCO,HUANUCO,HUANUCO,15/06/2023
ENERO - DICIEMBRE,2021,11/01/2022,HUANUCO,SUPERIOR,PENAL,PENAL,APELACION DENUNCIA,DELITOS DE CORRUPCION DE FUNCIONARIOS,83,67,100101,HUANUCO,HUANUCO,HUANUCO,15/06/2023
ENERO - DICIEMBRE,2021,11/01/2022,HUANUCO,SUPERIOR,PENAL,PENAL,APELACION DENUNCIA,,978,977,100101,HUANUCO,HUANUCO,HUANUCO,15/06/2023
ENERO - DICIEMBRE,2021,11/01/2022,HUANUCO,SUPERIOR,PENAL,PENAL,APELACION EXPEDIENTE,DELITOS DE CORRUPCION DE FUNCIONARIOS,1,1,100101,HUANUCO,HUANUCO,HUANUCO,15/06/2023
ENERO - DICIEMBRE,2021,11/01/2022,HUANUCO,SUPERIOR,PENAL,PENAL,CONSULTAS,DELITOS DE CORRUPCION DE FUNCIONARIOS,21,17,100101,HUANUCO,HUANUCO,HUANUCO,15/06/2023
ENERO - DICIEMBRE,2021,11/01/2022,HUANUCO,SUPERIOR,PENAL,PENAL,CONSULTAS,,309,302,100101,HUANUCO,HUANUCO,HUANUCO,15/06/2023
ENERO - DICIEMBRE,2021,11/01/2022,HUANUCO,SUPERIOR,PENAL,PENAL,DENUNCIA,DELITOS DE CORRUPCION DE FUNCIONARIOS,7,6,100101,HUANUCO,HUANUCO,HUANUCO,15/06/2023
ENERO - DICIEMBRE,2021,11/01/2022,HUANUCO,SUPERIOR,PENAL,PENAL,DENUNCIA,,51,51,100101,HUANUCO,HUANUCO,HUANUCO,15/06/2023
ENERO - DICIEMBRE,2021,11/01/2022,HUANUCO,SUPERIOR,PENAL,PENAL,EXCLUSION FISCAL,DELITOS DE CORRUPCION DE FUNCIONARIOS,5,5,100101,HUANUCO,HUANUCO,HUANUCO,15/06/2023
ENERO - DICIEMBRE,2021,11/01/2022,HUANUCO,SUPERIOR,PENAL,PENAL,EXCLUSION FISCAL,,45,45,100101,HUANUCO,HUANUCO,HUANUCO,15/06/2023
ENERO - DICIEMBRE,2021,11/01/2022,HUANUCO,SUPERIOR,PENAL,PENAL,EXPEDIENTE,,192,185,100101,HUANUCO,HUANUCO,HUANUCO,15/06/2023
ENERO - DICIEMBRE,2021,11/01/2022,HUANUCO,SUPERIOR,PENAL,PENAL,INCIDENTE-EXPEDIENTE,,11,11,100101,HUANUCO,HUANUCO,HUANUCO,15/06/2023
ENERO - DICIEMBRE,2021,11/01/2022,HUANUCO,SUPERIOR,PENAL,PENAL,QUEJAS,DELITOS DE CORRUPCION DE FUNCIONARIOS,47,47,100101,HUANUCO,HUANUCO,HUANUCO,15/06/2023
ENERO - DICIEMBRE,2021,11/01/2022,HUANUCO,SUPERIOR,PENAL,PENAL,QUEJAS,,1079,1052,100101,HUANUCO,HUANUCO,HUANUCO,15/06/2023
ENERO - DICIEMBRE,2021,11/01/2022,HUAURA,PROVINCIAL,CIVIL,CIVIL,EXPEDIENTE,,14,12,150801,LIMA,HUAURA,HUACHO,15/06/2023
ENERO - DICIEMBRE,2021,11/01/2022,HUAURA,PROVINCIAL,FAMILIA,ACTOS CONTRA LA LIBERTAD SEXUAL,DENUNCIA,,5,4,150801,LIMA,HUAURA,HUACHO,15/06/2023
ENERO - DICIEMBRE,2021,11/01/2022,HUAURA,PROVINCIAL,FAMILIA,FAMILIA CIVIL,EXPEDIENTE,,924,916,150801,LIMA,HUAURA,HUACHO,15/06/2023
ENERO - DICIEMBRE,2021,11/01/2022,HUAURA,PROVINCIAL,FAMILIA,FAMILIA PENAL,DENUNCIA,,314,299,150801,LIMA,HUAURA,HUACHO,15/06/2023
ENERO - DICIEMBRE,2021,11/01/2022,HUAURA,PROVINCIAL,FAMILIA,FAMILIA PENAL,EXPEDIENTE,,104,101,150801,LIMA,HUAURA,HUACHO,15/06/2023
ENERO - DICIEMBRE,2021,11/01/2022,HUAURA,PROVINCIAL,FAMILIA,FAMILIA TUTELAR,DENUNCIA,,81,70,150801,LIMA,HUAURA,HUACHO,15/06/2023
ENERO - DICIEMBRE,2021,11/01/2022,HUAURA,PROVINCIAL,FAMILIA,FAMILIA TUTELAR,EXPEDIENTE,,23,23,150801,LIMA,HUAURA,HUACHO,15/06/2023
ENERO - DICIEMBRE,2021,11/01/2022,HUAURA,PROVINCIAL,FAMILIA,VIOLENCIA FAMILIAR,DENUNCIA,,53,53,150801,LIMA,HUAURA,HUACHO,15/06/2023
ENERO - DICIEMBRE,2021,11/01/2022,HUAURA,PROVINCIAL,FAMILIA,VIOLENCIA FAMILIAR,EXPEDIENTE,,11,11,150801,LIMA,HUAURA,HUACHO,15/06/2023
ENERO - DICIEMBRE,2021,11/01/2022,HUAURA,PROVINCIAL,PENAL,PENAL,DENUNCIA,CRIMINALIDAD ORGANIZADA,39,37,150801,LIMA,HUAURA,HUACHO,15/06/2023
ENERO - DICIEMBRE,2021,11/01/2022,HUAURA,PROVINCIAL,PENAL,PENAL,DENUNCIA,DELITOS DE CORRUPCION DE FUNCIONARIOS,267,250,150801,LIMA,HUAURA,HUACHO,15/06/2023
ENERO - DICIEMBRE,2021,11/01/2022,HUAURA,PROVINCIAL,PENAL,PENAL,DENUNCIA,VIOLENCIA CONTRA LA MUJER Y LOS INTEGRANTES DEL GRUPO FAMILIAR,2297,2291,150801,LIMA,HUAURA,HUACHO,15/06/2023
ENERO - DICIEMBRE,2021,11/01/2022,HUAURA,PROVINCIAL,PENAL,PENAL,DENUNCIA,,16671,16401,150801,LIMA,HUAURA,HUACHO,15/06/2023
ENERO - DICIEMBRE,2021,11/01/2022,HUAURA,PROVINCIAL,PENAL,PENAL,DENUNCIA,,34,34,150801,LIMA,HUAURA,HUACHO,15/06/2023
ENERO - DICIEMBRE,2021,11/01/2022,HUAURA,PROVINCIAL,PENAL,PENAL,INVESTIGACION PREVENTIVA,,367,366,150801,LIMA,HUAURA,HUACHO,15/06/2023
ENERO - DICIEMBRE,2021,11/01/2022,HUAURA,SUPERIOR,FAMILIA,FAMILIA CIVIL,EXPEDIENTE,,18,14,150801,LIMA,HUAURA,HUACHO,15/06/2023
ENERO - DICIEMBRE,2021,11/01/2022,HUAURA,SUPERIOR,FAMILIA,FAMILIA PENAL,EXPEDIENTE,,21,20,150801,LIMA,HUAURA,HUACHO,15/06/2023
ENERO - DICIEMBRE,2021,11/01/2022,HUAURA,SUPERIOR,FAMILIA,VIOLENCIA FAMILIAR,EXPEDIENTE,,3,2,150801,LIMA,HUAURA,HUACHO,15/06/2023
ENERO - DICIEMBRE,2021,11/01/2022,HUAURA,SUPERIOR,FAMILIA,VIOLENCIA FAMILIAR,INCIDENTE,,116,111,150801,LIMA,HUAURA,HUACHO,15/06/2023
ENERO - DICIEMBRE,2021,11/01/2022,HUAURA,SUPERIOR,PENAL,PENAL,APELACION DENUNCIA,,797,797,150801,LIMA,HUAURA,HUACHO,15/06/2023
ENERO - DICIEMBRE,2021,11/01/2022,HUAURA,SUPERIOR,PENAL,PENAL,CONSULTAS,,75,75,150801,LIMA,HUAURA,HUACHO,15/06/2023
ENERO - DICIEMBRE,2021,11/01/2022,HUAURA,SUPERIOR,PENAL,PENAL,DENUNCIA,,34,34,150801,LIMA,HUAURA,HUACHO,15/06/2023
ENERO - DICIEMBRE,2021,11/01/2022,HUAURA,SUPERIOR,PENAL,PENAL,EXCLUSION FISCAL,,8,8,150801,LIMA,HUAURA,HUACHO,15/06/2023
ENERO - DICIEMBRE,2021,11/01/2022,HUAURA,SUPERIOR,PENAL,PENAL,EXPEDIENTE,,16,16,150801,LIMA,HUAURA,HUACHO,15/06/2023
ENERO - DICIEMBRE,2021,11/01/2022,HUAURA,SUPERIOR,PENAL,PENAL,QUEJAS,,402,402,150801,LIMA,HUAURA,HUACHO,15/06/2023
ENERO - DICIEMBRE,2021,11/01/2022,ICA,PROVINCIAL,CIVIL,CIVIL,EXPEDIENTE,,24,19,110101,ICA,ICA,ICA,15/06/2023
ENERO - DICIEMBRE,2021,11/01/2022,ICA,PROVINCIAL,FAMILIA,ACTOS CONTRA LA LIBERTAD SEXUAL,DENUNCIA,,18,17,110101,ICA,ICA,ICA,15/06/2023
ENERO - DICIEMBRE,2021,11/01/2022,ICA,PROVINCIAL,FAMILIA,FAMILIA CIVIL,EXPEDIENTE,,1635,1564,110101,ICA,ICA,ICA,15/06/2023
ENERO - DICIEMBRE,2021,11/01/2022,ICA,PROVINCIAL,FAMILIA,FAMILIA PENAL,DENUNCIA,,549,492,110101,ICA,ICA,ICA,15/06/2023
ENERO - DICIEMBRE,2021,11/01/2022,ICA,PROVINCIAL,FAMILIA,FAMILIA PENAL,EXPEDIENTE,,258,253,110101,ICA,ICA,ICA,15/06/2023
ENERO - DICIEMBRE,2021,11/01/2022,ICA,PROVINCIAL,FAMILIA,FAMILIA TUTELAR,DENUNCIA,,384,344,110101,ICA,ICA,ICA,15/06/2023
ENERO - DICIEMBRE,2021,11/01/2022,ICA,PROVINCIAL,FAMILIA,FAMILIA TUTELAR,EXPEDIENTE,,270,263,110101,ICA,ICA,ICA,15/06/2023
ENERO - DICIEMBRE,2021,11/01/2022,ICA,PROVINCIAL,FAMILIA,VIOLENCIA FAMILIAR,DENUNCIA,,134,129,110101,ICA,ICA,ICA,15/06/2023
ENERO - DICIEMBRE,2021,11/01/2022,ICA,PROVINCIAL,FAMILIA,VIOLENCIA FAMILIAR,EXPEDIENTE,,3,3,110101,ICA,ICA,ICA,15/06/2023
ENERO - DICIEMBRE,2021,11/01/2022,ICA,PROVINCIAL,PENAL,PENAL,DENUNCIA,CRIMINALIDAD ORGANIZADA,89,76,110101,ICA,ICA,ICA,15/06/2023
ENERO - DICIEMBRE,2021,11/01/2022,ICA,PROVINCIAL,PENAL,PENAL,INVESTIGACION PREVENTIVA,,368,368,110101,ICA,ICA,ICA,15/06/2023
ENERO - DICIEMBRE,2021,11/01/2022,ICA,PROVINCIAL,PENAL,PENAL,DENUNCIA,DELITOS DE CORRUPCION DE FUNCIONARIOS,506,381,110101,ICA,ICA,ICA,15/06/2023
ENERO - DICIEMBRE,2021,11/01/2022,ICA,PROVINCIAL,PENAL,PENAL,DENUNCIA,MATERIA AMBIENTAL,234,217,110101,ICA,ICA,ICA,15/06/2023
ENERO - DICIEMBRE,2021,11/01/2022,ICA,PROVINCIAL,PENAL,PENAL,DENUNCIA,,40810,26137,110101,ICA,ICA,ICA,15/06/2023
ENERO - DICIEMBRE,2021,11/01/2022,ICA,PROVINCIAL,PENAL,PENAL,EXPEDIENTE,,4,2,110101,ICA,ICA,ICA,15/06/2023
ENERO - DICIEMBRE,2021,11/01/2022,ICA,PROVINCIAL,PENAL,PENAL,INVESTIGACION PREVENTIVA,MATERIA AMBIENTAL,11,11,110101,ICA,ICA,ICA,15/06/2023
ENERO - DICIEMBRE,2021,11/01/2022,ICA,PROVINCIAL,PENAL,PENAL,INVESTIGACION PREVENTIVA,,41,25,110101,ICA,ICA,ICA,15/06/2023
ENERO - DICIEMBRE,2021,11/01/2022,ICA,SUPERIOR,CIVIL,CIVIL,EXPEDIENTE,,26,25,110101,ICA,ICA,ICA,15/06/2023
ENERO - DICIEMBRE,2021,11/01/2022,ICA,SUPERIOR,FAMILIA,FAMILIA CIVIL,EXPEDIENTE,,63,62,110101,ICA,ICA,ICA,15/06/2023
ENERO - DICIEMBRE,2021,11/01/2022,ICA,SUPERIOR,FAMILIA,FAMILIA CIVIL,INCIDENTE,,5,5,110101,ICA,ICA,ICA,15/06/2023
ENERO - DICIEMBRE,2021,11/01/2022,ICA,SUPERIOR,FAMILIA,FAMILIA PENAL,EXPEDIENTE,,28,27,110101,ICA,ICA,ICA,15/06/2023
ENERO - DICIEMBRE,2021,11/01/2022,ICA,SUPERIOR,FAMILIA,FAMILIA PENAL,INCIDENTE,,4,4,110101,ICA,ICA,ICA,15/06/2023
ENERO - DICIEMBRE,2021,11/01/2022,ICA,SUPERIOR,FAMILIA,FAMILIA TUTELAR,EXPEDIENTE,,6,6,110101,ICA,ICA,ICA,15/06/2023
ENERO - DICIEMBRE,2021,11/01/2022,ICA,SUPERIOR,FAMILIA,VIOLENCIA FAMILIAR,EXPEDIENTE,,155,154,110101,ICA,ICA,ICA,15/06/2023
ENERO - DICIEMBRE,2021,11/01/2022,ICA,SUPERIOR,FAMILIA,VIOLENCIA FAMILIAR,INCIDENTE,,261,251,110101,ICA,ICA,ICA,15/06/2023
ENERO - DICIEMBRE,2021,11/01/2022,ICA,SUPERIOR,PENAL,PENAL,APELACION DENUNCIA,,1386,1315,110101,ICA,ICA,ICA,15/06/2023
ENERO - DICIEMBRE,2021,11/01/2022,ICA,SUPERIOR,PENAL,PENAL,APELACION EXPEDIENTE,,198,198,110101,ICA,ICA,ICA,15/06/2023
ENERO - DICIEMBRE,2021,11/01/2022,ICA,SUPERIOR,PENAL,PENAL,CONSULTAS,,255,240,110101,ICA,ICA,ICA,15/06/2023
ENERO - DICIEMBRE,2021,11/01/2022,ICA,SUPERIOR,PENAL,PENAL,DENUNCIA,,63,63,110101,ICA,ICA,ICA,15/06/2023
ENERO - DICIEMBRE,2021,11/01/2022,ICA,SUPERIOR,PENAL,PENAL,EXCLUSION FISCAL,,23,23,110101,ICA,ICA,ICA,15/06/2023
ENERO - DICIEMBRE,2021,11/01/2022,ICA,SUPERIOR,PENAL,PENAL,EXPEDIENTE,,37,30,110101,ICA,ICA,ICA,15/06/2023
ENERO - DICIEMBRE,2021,11/01/2022,ICA,SUPERIOR,PENAL,PENAL,QUEJAS,,780,743,110101,ICA,ICA,ICA,15/06/2023
ENERO - DICIEMBRE,2021,11/01/2022,JUNIN,PROVINCIAL,CIVIL,CIVIL,EXPEDIENTE,,65,62,120114,JUNIN,HUANCAYO,EL TAMBO,15/06/2023
ENERO - DICIEMBRE,2021,11/01/2022,JUNIN,PROVINCIAL,FAMILIA,ACTOS CONTRA LA LIBERTAD SEXUAL,DENUNCIA,,29,27,120114,JUNIN,HUANCAYO,EL TAMBO,15/06/2023
ENERO - DICIEMBRE,2021,11/01/2022,JUNIN,PROVINCIAL,FAMILIA,FAMILIA CIVIL,EXPEDIENTE,,1271,1158,120114,JUNIN,HUANCAYO,EL TAMBO,15/06/2023
ENERO - DICIEMBRE,2021,11/01/2022,JUNIN,PROVINCIAL,FAMILIA,FAMILIA PENAL,DENUNCIA,,622,543,120114,JUNIN,HUANCAYO,EL TAMBO,15/06/2023
ENERO - DICIEMBRE,2021,11/01/2022,JUNIN,PROVINCIAL,FAMILIA,FAMILIA PENAL,EXPEDIENTE,,172,162,120114,JUNIN,HUANCAYO,EL TAMBO,15/06/2023
ENERO - DICIEMBRE,2021,11/01/2022,JUNIN,PROVINCIAL,FAMILIA,FAMILIA TUTELAR,DENUNCIA,,455,430,120114,JUNIN,HUANCAYO,EL TAMBO,15/06/2023
ENERO - DICIEMBRE,2021,11/01/2022,JUNIN,PROVINCIAL,FAMILIA,FAMILIA TUTELAR,EXPEDIENTE,,107,103,120114,JUNIN,HUANCAYO,EL TAMBO,15/06/2023
ENERO - DICIEMBRE,2021,11/01/2022,JUNIN,PROVINCIAL,FAMILIA,VIOLENCIA FAMILIAR,DENUNCIA,,64,60,120114,JUNIN,HUANCAYO,EL TAMBO,15/06/2023
ENERO - DICIEMBRE,2021,11/01/2022,JUNIN,PROVINCIAL,FAMILIA,VIOLENCIA FAMILIAR,EXPEDIENTE,,5,4,120114,JUNIN,HUANCAYO,EL TAMBO,15/06/2023
ENERO - DICIEMBRE,2021,11/01/2022,JUNIN,PROVINCIAL,PENAL,PENAL,DENUNCIA,CRIMINALIDAD ORGANIZADA,43,43,120114,JUNIN,HUANCAYO,EL TAMBO,15/06/2023
ENERO - DICIEMBRE,2021,11/01/2022,JUNIN,PROVINCIAL,PENAL,PENAL,INVESTIGACION PREVENTIVA,,247,247,120114,JUNIN,HUANCAYO,EL TAMBO,15/06/2023
ENERO - DICIEMBRE,2021,11/01/2022,JUNIN,PROVINCIAL,PENAL,PENAL,DENUNCIA,DELITOS DE CORRUPCION DE FUNCIONARIOS,455,445,120114,JUNIN,HUANCAYO,EL TAMBO,15/06/2023
ENERO - DICIEMBRE,2021,11/01/2022,JUNIN,PROVINCIAL,PENAL,PENAL,DENUNCIA,MATERIA AMBIENTAL,155,155,120114,JUNIN,HUANCAYO,EL TAMBO,15/06/2023
ENERO - DICIEMBRE,2021,11/01/2022,JUNIN,PROVINCIAL,PENAL,PENAL,DENUNCIA,DELITOS DE TRAFICO ILICITO DE DROGAS,58,57,120114,JUNIN,HUANCAYO,EL TAMBO,15/06/2023
ENERO - DICIEMBRE,2021,11/01/2022,JUNIN,PROVINCIAL,PENAL,PENAL,DENUNCIA,,208,208,120114,JUNIN,HUANCAYO,EL TAMBO,15/06/2023
ENERO - DICIEMBRE,2021,11/01/2022,JUNIN,PROVINCIAL,PENAL,PENAL,DENUNCIA,,32728,29571,120114,JUNIN,HUANCAYO,EL TAMBO,15/06/2023
ENERO - DICIEMBRE,2021,11/01/2022,JUNIN,PROVINCIAL,PENAL,PENAL,EXPEDIENTE,,8,2,120114,JUNIN,HUANCAYO,EL TAMBO,15/06/2023
ENERO - DICIEMBRE,2021,11/01/2022,JUNIN,PROVINCIAL,PENAL,PENAL,INVESTIGACION PREVENTIVA,MATERIA AMBIENTAL,259,259,120114,JUNIN,HUANCAYO,EL TAMBO,15/06/2023
ENERO - DICIEMBRE,2021,11/01/2022,JUNIN,PROVINCIAL,PENAL,PENAL,INVESTIGACION PREVENTIVA,,63,59,120114,JUNIN,HUANCAYO,EL TAMBO,15/06/2023
ENERO - DICIEMBRE,2021,11/01/2022,JUNIN,PROVINCIAL,PENAL,PENAL,DENUNCIA,,3,3,120114,JUNIN,HUANCAYO,EL TAMBO,15/06/2023
ENERO - DICIEMBRE,2021,11/01/2022,JUNIN,SUPERIOR,CIVIL,CIVIL,EXPEDIENTE,,26,26,120114,JUNIN,HUANCAYO,EL TAMBO,15/06/2023
ENERO - DICIEMBRE,2021,11/01/2022,JUNIN,SUPERIOR,FAMILIA,FAMILIA CIVIL,EXPEDIENTE,,76,76,120114,JUNIN,HUANCAYO,EL TAMBO,15/06/2023
ENERO - DICIEMBRE,2021,11/01/2022,JUNIN,SUPERIOR,FAMILIA,FAMILIA PENAL,EXPEDIENTE,,35,35,120114,JUNIN,HUANCAYO,EL TAMBO,15/06/2023
ENERO - DICIEMBRE,2021,11/01/2022,JUNIN,SUPERIOR,FAMILIA,FAMILIA PENAL,INCIDENTE,,2,2,120114,JUNIN,HUANCAYO,EL TAMBO,15/06/2023
ENERO - DICIEMBRE,2021,11/01/2022,JUNIN,SUPERIOR,FAMILIA,FAMILIA TUTELAR,EXPEDIENTE,,4,4,120114,JUNIN,HUANCAYO,EL TAMBO,15/06/2023
ENERO - DICIEMBRE,2021,11/01/2022,JUNIN,SUPERIOR,FAMILIA,VIOLENCIA FAMILIAR,EXPEDIENTE,,177,177,120114,JUNIN,HUANCAYO,EL TAMBO,15/06/2023
ENERO - DICIEMBRE,2021,11/01/2022,JUNIN,SUPERIOR,FAMILIA,VIOLENCIA FAMILIAR,INCIDENTE,,5,5,120114,JUNIN,HUANCAYO,EL TAMBO,15/06/2023
ENERO - DICIEMBRE,2021,11/01/2022,JUNIN,SUPERIOR,PENAL,PENAL,APELACION DENUNCIA,DELITOS DE CORRUPCION DE FUNCIONARIOS,133,130,120114,JUNIN,HUANCAYO,EL TAMBO,15/06/2023
ENERO - DICIEMBRE,2021,11/01/2022,JUNIN,SUPERIOR,PENAL,PENAL,APELACION DENUNCIA,,1053,1050,120114,JUNIN,HUANCAYO,EL TAMBO,15/06/2023
ENERO - DICIEMBRE,2021,11/01/2022,JUNIN,SUPERIOR,PENAL,PENAL,APELACION EXPEDIENTE,,650,647,120114,JUNIN,HUANCAYO,EL TAMBO,15/06/2023
ENERO - DICIEMBRE,2021,11/01/2022,JUNIN,SUPERIOR,PENAL,PENAL,CONSULTAS,DELITOS DE CORRUPCION DE FUNCIONARIOS,9,9,120114,JUNIN,HUANCAYO,EL TAMBO,15/06/2023
ENERO - DICIEMBRE,2021,11/01/2022,JUNIN,SUPERIOR,PENAL,PENAL,CONSULTAS,,208,206,120114,JUNIN,HUANCAYO,EL TAMBO,15/06/2023
ENERO - DICIEMBRE,2021,11/01/2022,JUNIN,SUPERIOR,PENAL,PENAL,DENUNCIA,DELITOS DE CORRUPCION DE FUNCIONARIOS,21,21,120114,JUNIN,HUANCAYO,EL TAMBO,15/06/2023
ENERO - DICIEMBRE,2021,11/01/2022,JUNIN,SUPERIOR,PENAL,PENAL,DENUNCIA,,109,109,120114,JUNIN,HUANCAYO,EL TAMBO,15/06/2023
ENERO - DICIEMBRE,2021,11/01/2022,JUNIN,SUPERIOR,PENAL,PENAL,EXCLUSION FISCAL,DELITOS DE CORRUPCION DE FUNCIONARIOS,2,2,120114,JUNIN,HUANCAYO,EL TAMBO,15/06/2023
ENERO - DICIEMBRE,2021,11/01/2022,JUNIN,SUPERIOR,PENAL,PENAL,EXCLUSION FISCAL,,33,33,120114,JUNIN,HUANCAYO,EL TAMBO,15/06/2023
ENERO - DICIEMBRE,2021,11/01/2022,JUNIN,SUPERIOR,PENAL,PENAL,EXPEDIENTE,,161,138,120114,JUNIN,HUANCAYO,EL TAMBO,15/06/2023
ENERO - DICIEMBRE,2021,11/01/2022,JUNIN,SUPERIOR,PENAL,PENAL,INCIDENTE-EXPEDIENTE,,10,10,120114,JUNIN,HUANCAYO,EL TAMBO,15/06/2023
ENERO - DICIEMBRE,2021,11/01/2022,JUNIN,SUPERIOR,PENAL,PENAL,QUEJAS,DELITOS DE CORRUPCION DE FUNCIONARIOS,32,32,120114,JUNIN,HUANCAYO,EL TAMBO,15/06/2023
ENERO - DICIEMBRE,2021,11/01/2022,JUNIN,SUPERIOR,PENAL,PENAL,QUEJAS,,967,967,120114,JUNIN,HUANCAYO,EL TAMBO,15/06/2023
ENERO - DICIEMBRE,2021,11/01/2022,LA LIBERTAD,PROVINCIAL,CIVIL,CIVIL,EXPEDIENTE,,97,33,130101,LA LIBERTAD,TRUJILLO,TRUJILLO,15/06/2023
ENERO - DICIEMBRE,2021,11/01/2022,LA LIBERTAD,PROVINCIAL,FAMILIA,ACTOS CONTRA LA LIBERTAD SEXUAL,DENUNCIA,,324,289,130101,LA LIBERTAD,TRUJILLO,TRUJILLO,15/06/2023
ENERO - DICIEMBRE,2021,11/01/2022,LA LIBERTAD,PROVINCIAL,FAMILIA,FAMILIA CIVIL,EXPEDIENTE,,779,666,130101,LA LIBERTAD,TRUJILLO,TRUJILLO,15/06/2023
ENERO - DICIEMBRE,2021,11/01/2022,LA LIBERTAD,PROVINCIAL,FAMILIA,FAMILIA PENAL,DENUNCIA,,1036,571,130101,LA LIBERTAD,TRUJILLO,TRUJILLO,15/06/2023
ENERO - DICIEMBRE,2021,11/01/2022,LA LIBERTAD,PROVINCIAL,FAMILIA,FAMILIA PENAL,EXPEDIENTE,,264,237,130101,LA LIBERTAD,TRUJILLO,TRUJILLO,15/06/2023
ENERO - DICIEMBRE,2021,11/01/2022,LA LIBERTAD,PROVINCIAL,FAMILIA,FAMILIA TUTELAR,DENUNCIA,,664,483,130101,LA LIBERTAD,TRUJILLO,TRUJILLO,15/06/2023
ENERO - DICIEMBRE,2021,11/01/2022,LA LIBERTAD,PROVINCIAL,FAMILIA,FAMILIA TUTELAR,EXPEDIENTE,,145,127,130101,LA LIBERTAD,TRUJILLO,TRUJILLO,15/06/2023
ENERO - DICIEMBRE,2021,11/01/2022,LA LIBERTAD,PROVINCIAL,FAMILIA,VIOLENCIA FAMILIAR,DENUNCIA,,54,44,130101,LA LIBERTAD,TRUJILLO,TRUJILLO,15/06/2023
ENERO - DICIEMBRE,2021,11/01/2022,LA LIBERTAD,PROVINCIAL,FAMILIA,VIOLENCIA FAMILIAR,EXPEDIENTE,,13,11,130101,LA LIBERTAD,TRUJILLO,TRUJILLO,15/06/2023
ENERO - DICIEMBRE,2021,11/01/2022,LA LIBERTAD,PROVINCIAL,PENAL,PENAL,DENUNCIA,CRIMINALIDAD ORGANIZADA,34,31,130101,LA LIBERTAD,TRUJILLO,TRUJILLO,15/06/2023
ENERO - DICIEMBRE,2021,11/01/2022,LA LIBERTAD,PROVINCIAL,PENAL,PENAL,DENUNCIA,DELITOS DE CORRUPCION DE FUNCIONARIOS,590,483,130101,LA LIBERTAD,TRUJILLO,TRUJILLO,15/06/2023
ENERO - DICIEMBRE,2021,11/01/2022,LA LIBERTAD,PROVINCIAL,PENAL,PENAL,DENUNCIA,MATERIA AMBIENTAL,256,233,130101,LA LIBERTAD,TRUJILLO,TRUJILLO,15/06/2023
ENERO - DICIEMBRE,2021,11/01/2022,LA LIBERTAD,PROVINCIAL,PENAL,PENAL,DENUNCIA,DELITOS DE TRAFICO ILICITO DE DROGAS,286,286,130101,LA LIBERTAD,TRUJILLO,TRUJILLO,15/06/2023
ENERO - DICIEMBRE,2021,11/01/2022,LA LIBERTAD,PROVINCIAL,PENAL,PENAL,DENUNCIA,DELITOS DE TRATA DE PERSONAS,60,60,130101,LA LIBERTAD,TRUJILLO,TRUJILLO,15/06/2023
ENERO - DICIEMBRE,2021,11/01/2022,LA LIBERTAD,PROVINCIAL,PENAL,PENAL,DENUNCIA,VIOLENCIA CONTRA LA MUJER Y LOS INTEGRANTES DEL GRUPO FAMILIAR,3337,3009,130101,LA LIBERTAD,TRUJILLO,TRUJILLO,15/06/2023
ENERO - DICIEMBRE,2021,11/01/2022,LA LIBERTAD,PROVINCIAL,PENAL,PENAL,DENUNCIA,,50400,46185,130101,LA LIBERTAD,TRUJILLO,TRUJILLO,15/06/2023
ENERO - DICIEMBRE,2021,11/01/2022,LA LIBERTAD,PROVINCIAL,PENAL,PENAL,EXPEDIENTE,,19,15,130101,LA LIBERTAD,TRUJILLO,TRUJILLO,15/06/2023
ENERO - DICIEMBRE,2021,11/01/2022,LA LIBERTAD,PROVINCIAL,PENAL,PENAL,INVESTIGACION PREVENTIVA,MATERIA AMBIENTAL,13,13,130101,LA LIBERTAD,TRUJILLO,TRUJILLO,15/06/2023
ENERO - DICIEMBRE,2021,11/01/2022,LA LIBERTAD,PROVINCIAL,PENAL,PENAL,INVESTIGACION PREVENTIVA,,84,73,130101,LA LIBERTAD,TRUJILLO,TRUJILLO,15/06/2023
ENERO - DICIEMBRE,2021,11/01/2022,LA LIBERTAD,PROVINCIAL,PENAL,PENAL,INVESTIGACION PREVENTIVA,,204,204,130101,LA LIBERTAD,TRUJILLO,TRUJILLO,15/06/2023
ENERO - DICIEMBRE,2021,11/01/2022,LA LIBERTAD,SUPERIOR,CIVIL,CIVIL,EXPEDIENTE,,19,19,130101,LA LIBERTAD,TRUJILLO,TRUJILLO,15/06/2023
ENERO - DICIEMBRE,2021,11/01/2022,LA LIBERTAD,SUPERIOR,FAMILIA,FAMILIA CIVIL,EXPEDIENTE,,33,33,130101,LA LIBERTAD,TRUJILLO,TRUJILLO,15/06/2023
ENERO - DICIEMBRE,2021,11/01/2022,LA LIBERTAD,SUPERIOR,FAMILIA,FAMILIA CIVIL,INCIDENTE,,12,12,130101,LA LIBERTAD,TRUJILLO,TRUJILLO,15/06/2023
ENERO - DICIEMBRE,2021,11/01/2022,LA LIBERTAD,SUPERIOR,FAMILIA,FAMILIA PENAL,EXPEDIENTE,,59,59,130101,LA LIBERTAD,TRUJILLO,TRUJILLO,15/06/2023
ENERO - DICIEMBRE,2021,11/01/2022,LA LIBERTAD,SUPERIOR,FAMILIA,FAMILIA PENAL,INCIDENTE,,8,8,130101,LA LIBERTAD,TRUJILLO,TRUJILLO,15/06/2023
ENERO - DICIEMBRE,2021,11/01/2022,LA LIBERTAD,SUPERIOR,FAMILIA,FAMILIA TUTELAR,EXPEDIENTE,,7,7,130101,LA LIBERTAD,TRUJILLO,TRUJILLO,15/06/2023
ENERO - DICIEMBRE,2021,11/01/2022,LA LIBERTAD,SUPERIOR,FAMILIA,VIOLENCIA FAMILIAR,EXPEDIENTE,,190,190,130101,LA LIBERTAD,TRUJILLO,TRUJILLO,15/06/2023
ENERO - DICIEMBRE,2021,11/01/2022,LA LIBERTAD,SUPERIOR,FAMILIA,VIOLENCIA FAMILIAR,INCIDENTE,,345,345,130101,LA LIBERTAD,TRUJILLO,TRUJILLO,15/06/2023
ENERO - DICIEMBRE,2021,11/01/2022,LA LIBERTAD,SUPERIOR,PENAL,PENAL,APELACION DENUNCIA,,2353,2352,130101,LA LIBERTAD,TRUJILLO,TRUJILLO,15/06/2023
ENERO - DICIEMBRE,2021,11/01/2022,LA LIBERTAD,SUPERIOR,PENAL,PENAL,CONSULTAS,,158,149,130101,LA LIBERTAD,TRUJILLO,TRUJILLO,15/06/2023
ENERO - DICIEMBRE,2021,11/01/2022,LA LIBERTAD,SUPERIOR,PENAL,PENAL,DENUNCIA,,103,103,130101,LA LIBERTAD,TRUJILLO,TRUJILLO,15/06/2023
ENERO - DICIEMBRE,2021,11/01/2022,LA LIBERTAD,SUPERIOR,PENAL,PENAL,EXCLUSION FISCAL,,33,32,130101,LA LIBERTAD,TRUJILLO,TRUJILLO,15/06/2023
ENERO - DICIEMBRE,2021,11/01/2022,LA LIBERTAD,SUPERIOR,PENAL,PENAL,EXPEDIENTE,,53,53,130101,LA LIBERTAD,TRUJILLO,TRUJILLO,15/06/2023
ENERO - DICIEMBRE,2021,11/01/2022,LA LIBERTAD,SUPERIOR,PENAL,PENAL,INCIDENTE-EXPEDIENTE,,2,2,130101,LA LIBERTAD,TRUJILLO,TRUJILLO,15/06/2023
ENERO - DICIEMBRE,2021,11/01/2022,LA LIBERTAD,SUPERIOR,PENAL,PENAL,QUEJAS,,2213,2169,130101,LA LIBERTAD,TRUJILLO,TRUJILLO,15/06/2023
ENERO - DICIEMBRE,2021,11/01/2022,LAMBAYEQUE,PROVINCIAL,CIVIL,CIVIL,EXPEDIENTE,,73,46,140101,LAMBAYEQUE,CHICLAYO,CHICLAYO,15/06/2023
ENERO - DICIEMBRE,2021,11/01/2022,LAMBAYEQUE,PROVINCIAL,FAMILIA,ACTOS CONTRA LA LIBERTAD SEXUAL,DENUNCIA,,170,160,140101,LAMBAYEQUE,CHICLAYO,CHICLAYO,15/06/2023
ENERO - DICIEMBRE,2021,11/01/2022,LAMBAYEQUE,PROVINCIAL,FAMILIA,FAMILIA CIVIL,EXPEDIENTE,,2343,1711,140101,LAMBAYEQUE,CHICLAYO,CHICLAYO,15/06/2023
ENERO - DICIEMBRE,2021,11/01/2022,LAMBAYEQUE,PROVINCIAL,FAMILIA,FAMILIA PENAL,DENUNCIA,,1441,930,140101,LAMBAYEQUE,CHICLAYO,CHICLAYO,15/06/2023
ENERO - DICIEMBRE,2021,11/01/2022,LAMBAYEQUE,PROVINCIAL,FAMILIA,FAMILIA PENAL,EXPEDIENTE,,374,266,140101,LAMBAYEQUE,CHICLAYO,CHICLAYO,15/06/2023
ENERO - DICIEMBRE,2021,11/01/2022,LAMBAYEQUE,PROVINCIAL,FAMILIA,FAMILIA TUTELAR,DENUNCIA,,485,411,140101,LAMBAYEQUE,CHICLAYO,CHICLAYO,15/06/2023
ENERO - DICIEMBRE,2021,11/01/2022,LAMBAYEQUE,PROVINCIAL,FAMILIA,FAMILIA TUTELAR,EXPEDIENTE,,102,86,140101,LAMBAYEQUE,CHICLAYO,CHICLAYO,15/06/2023
ENERO - DICIEMBRE,2021,11/01/2022,LAMBAYEQUE,PROVINCIAL,FAMILIA,VIOLENCIA FAMILIAR,DENUNCIA,,304,291,140101,LAMBAYEQUE,CHICLAYO,CHICLAYO,15/06/2023
ENERO - DICIEMBRE,2021,11/01/2022,LAMBAYEQUE,PROVINCIAL,FAMILIA,VIOLENCIA FAMILIAR,EXPEDIENTE,,6,4,140101,LAMBAYEQUE,CHICLAYO,CHICLAYO,15/06/2023
ENERO - DICIEMBRE,2021,11/01/2022,LAMBAYEQUE,PROVINCIAL,PENAL,PENAL,DENUNCIA,CRIMINALIDAD ORGANIZADA,68,51,140101,LAMBAYEQUE,CHICLAYO,CHICLAYO,15/06/2023
ENERO - DICIEMBRE,2021,11/01/2022,LAMBAYEQUE,PROVINCIAL,PENAL,PENAL,DENUNCIA,DELITOS DE CORRUPCION DE FUNCIONARIOS,524,503,140101,LAMBAYEQUE,CHICLAYO,CHICLAYO,15/06/2023
ENERO - DICIEMBRE,2021,11/01/2022,LAMBAYEQUE,PROVINCIAL,PENAL,PENAL,DENUNCIA,MATERIA AMBIENTAL,417,417,140101,LAMBAYEQUE,CHICLAYO,CHICLAYO,15/06/2023
ENERO - DICIEMBRE,2021,11/01/2022,LAMBAYEQUE,PROVINCIAL,PENAL,PENAL,DENUNCIA,DELITOS DE TRAFICO ILICITO DE DROGAS,125,124,140101,LAMBAYEQUE,CHICLAYO,CHICLAYO,15/06/2023
ENERO - DICIEMBRE,2021,11/01/2022,LAMBAYEQUE,PROVINCIAL,PENAL,PENAL,DENUNCIA,VIOLENCIA CONTRA LA MUJER Y LOS INTEGRANTES DEL GRUPO FAMILIAR,7976,7403,140101,LAMBAYEQUE,CHICLAYO,CHICLAYO,15/06/2023
ENERO - DICIEMBRE,2021,11/01/2022,LAMBAYEQUE,PROVINCIAL,PENAL,PENAL,DENUNCIA,,54786,46849,140101,LAMBAYEQUE,CHICLAYO,CHICLAYO,15/06/2023
ENERO - DICIEMBRE,2021,11/01/2022,LAMBAYEQUE,PROVINCIAL,PENAL,PENAL,EXPEDIENTE,DELITOS DE TRAFICO ILICITO DE DROGAS,1,0,140101,LAMBAYEQUE,CHICLAYO,CHICLAYO,15/06/2023
ENERO - DICIEMBRE,2021,11/01/2022,LAMBAYEQUE,PROVINCIAL,PENAL,PENAL,EXPEDIENTE,,10,4,140101,LAMBAYEQUE,CHICLAYO,CHICLAYO,15/06/2023
ENERO - DICIEMBRE,2021,11/01/2022,LAMBAYEQUE,PROVINCIAL,PENAL,PENAL,INVESTIGACION PREVENTIVA,MATERIA AMBIENTAL,18,18,140101,LAMBAYEQUE,CHICLAYO,CHICLAYO,15/06/2023
ENERO - DICIEMBRE,2021,11/01/2022,LAMBAYEQUE,PROVINCIAL,PENAL,PENAL,INVESTIGACION PREVENTIVA,,98,95,140101,LAMBAYEQUE,CHICLAYO,CHICLAYO,15/06/2023
ENERO - DICIEMBRE,2021,11/01/2022,LAMBAYEQUE,PROVINCIAL,PENAL,PENAL,INVESTIGACION PREVENTIVA,,445,440,140101,LAMBAYEQUE,CHICLAYO,CHICLAYO,15/06/2023
ENERO - DICIEMBRE,2021,11/01/2022,LAMBAYEQUE,SUPERIOR,CIVIL,CIVIL,EXPEDIENTE,,3,3,140101,LAMBAYEQUE,CHICLAYO,CHICLAYO,15/06/2023
ENERO - DICIEMBRE,2021,11/01/2022,LAMBAYEQUE,SUPERIOR,FAMILIA,FAMILIA CIVIL,EXPEDIENTE,,104,95,140101,LAMBAYEQUE,CHICLAYO,CHICLAYO,15/06/2023
ENERO - DICIEMBRE,2021,11/01/2022,LAMBAYEQUE,SUPERIOR,FAMILIA,FAMILIA CIVIL,INCIDENTE,,2,2,140101,LAMBAYEQUE,CHICLAYO,CHICLAYO,15/06/2023
ENERO - DICIEMBRE,2021,11/01/2022,LAMBAYEQUE,SUPERIOR,FAMILIA,FAMILIA PENAL,EXPEDIENTE,,51,44,140101,LAMBAYEQUE,CHICLAYO,CHICLAYO,15/06/2023
ENERO - DICIEMBRE,2021,11/01/2022,LAMBAYEQUE,SUPERIOR,FAMILIA,FAMILIA TUTELAR,EXPEDIENTE,,8,7,140101,LAMBAYEQUE,CHICLAYO,CHICLAYO,15/06/2023
ENERO - DICIEMBRE,2021,11/01/2022,LAMBAYEQUE,SUPERIOR,FAMILIA,VIOLENCIA FAMILIAR,EXPEDIENTE,,362,342,140101,LAMBAYEQUE,CHICLAYO,CHICLAYO,15/06/2023
ENERO - DICIEMBRE,2021,11/01/2022,LAMBAYEQUE,SUPERIOR,FAMILIA,VIOLENCIA FAMILIAR,INCIDENTE,,1,1,140101,LAMBAYEQUE,CHICLAYO,CHICLAYO,15/06/2023
ENERO - DICIEMBRE,2021,11/01/2022,LAMBAYEQUE,SUPERIOR,PENAL,PENAL,APELACION DENUNCIA,,1621,1618,140101,LAMBAYEQUE,CHICLAYO,CHICLAYO,15/06/2023
ENERO - DICIEMBRE,2021,11/01/2022,LAMBAYEQUE,SUPERIOR,PENAL,PENAL,APELACION EXPEDIENTE,,1,1,140101,LAMBAYEQUE,CHICLAYO,CHICLAYO,15/06/2023
ENERO - DICIEMBRE,2021,11/01/2022,LAMBAYEQUE,SUPERIOR,PENAL,PENAL,CONSULTAS,,431,417,140101,LAMBAYEQUE,CHICLAYO,CHICLAYO,15/06/2023
ENERO - DICIEMBRE,2021,11/01/2022,LAMBAYEQUE,SUPERIOR,PENAL,PENAL,DENUNCIA,,67,61,140101,LAMBAYEQUE,CHICLAYO,CHICLAYO,15/06/2023
ENERO - DICIEMBRE,2021,11/01/2022,LAMBAYEQUE,SUPERIOR,PENAL,PENAL,EXCLUSION FISCAL,,47,47,140101,LAMBAYEQUE,CHICLAYO,CHICLAYO,15/06/2023
ENERO - DICIEMBRE,2021,11/01/2022,LAMBAYEQUE,SUPERIOR,PENAL,PENAL,EXPEDIENTE,,270,144,140101,LAMBAYEQUE,CHICLAYO,CHICLAYO,15/06/2023
ENERO - DICIEMBRE,2021,11/01/2022,LAMBAYEQUE,SUPERIOR,PENAL,PENAL,INCIDENTE-EXPEDIENTE,,15,12,140101,LAMBAYEQUE,CHICLAYO,CHICLAYO,15/06/2023
ENERO - DICIEMBRE,2021,11/01/2022,LAMBAYEQUE,SUPERIOR,PENAL,PENAL,QUEJAS,,1818,1737,140101,LAMBAYEQUE,CHICLAYO,CHICLAYO,15/06/2023
ENERO - DICIEMBRE,2021,11/01/2022,LIMA CENTRO,PROVINCIAL,CIVIL,CIVIL,EXPEDIENTE,,1144,1036,150101,LIMA,LIMA,LIMA,15/06/2023
ENERO - DICIEMBRE,2021,11/01/2022,LIMA CENTRO,PROVINCIAL,FAMILIA,ACTOS CONTRA LA LIBERTAD SEXUAL,DENUNCIA,,296,280,150101,LIMA,LIMA,LIMA,15/06/2023
ENERO - DICIEMBRE,2021,11/01/2022,LIMA CENTRO,PROVINCIAL,FAMILIA,FAMILIA CIVIL,EXPEDIENTE,,2502,2463,150101,LIMA,LIMA,LIMA,15/06/2023
ENERO - DICIEMBRE,2021,11/01/2022,LIMA CENTRO,PROVINCIAL,FAMILIA,FAMILIA PENAL,DENUNCIA,,1025,889,150101,LIMA,LIMA,LIMA,15/06/2023
ENERO - DICIEMBRE,2021,11/01/2022,LIMA CENTRO,PROVINCIAL,FAMILIA,FAMILIA PENAL,EXPEDIENTE,,611,568,150101,LIMA,LIMA,LIMA,15/06/2023
ENERO - DICIEMBRE,2021,11/01/2022,LIMA CENTRO,PROVINCIAL,FAMILIA,FAMILIA TUTELAR,DENUNCIA,,2649,2352,150101,LIMA,LIMA,LIMA,15/06/2023
ENERO - DICIEMBRE,2021,11/01/2022,LIMA CENTRO,PROVINCIAL,FAMILIA,FAMILIA TUTELAR,EXPEDIENTE,,59,59,150101,LIMA,LIMA,LIMA,15/06/2023
ENERO - DICIEMBRE,2021,11/01/2022,LIMA CENTRO,PROVINCIAL,FAMILIA,VIOLENCIA FAMILIAR,DENUNCIA,,166,165,150101,LIMA,LIMA,LIMA,15/06/2023
ENERO - DICIEMBRE,2021,11/01/2022,LIMA CENTRO,PROVINCIAL,FAMILIA,VIOLENCIA FAMILIAR,EXPEDIENTE,,1,1,150101,LIMA,LIMA,LIMA,15/06/2023
ENERO - DICIEMBRE,2021,11/01/2022,LIMA CENTRO,PROVINCIAL,PENAL,PENAL,DENUNCIA,CRIMINALIDAD ORGANIZADA,234,195,150101,LIMA,LIMA,LIMA,15/06/2023
ENERO - DICIEMBRE,2021,11/01/2022,LIMA CENTRO,PROVINCIAL,PENAL,PENAL,DENUNCIA,,1786,1775,150101,LIMA,LIMA,LIMA,15/06/2023
ENERO - DICIEMBRE,2021,11/01/2022,LIMA CENTRO,PROVINCIAL,PENAL,PENAL,DENUNCIA,DELITOS DE CORRUPCION DE FUNCIONARIOS,1044,933,150101,LIMA,LIMA,LIMA,15/06/2023
ENERO - DICIEMBRE,2021,11/01/2022,LIMA CENTRO,PROVINCIAL,PENAL,PENAL,DENUNCIA,DELITOS DE CORRUPCION DE FUNCIONARIOS,24,21,150101,LIMA,LIMA,LIMA,15/06/2023
ENERO - DICIEMBRE,2021,11/01/2022,LIMA CENTRO,PROVINCIAL,PENAL,PENAL,DENUNCIA,LAVADO DE ACTIVOS Y PERDIDA DE DOMINIO,256,240,150101,LIMA,LIMA,LIMA,15/06/2023
ENERO - DICIEMBRE,2021,11/01/2022,LIMA CENTRO,PROVINCIAL,PENAL,PENAL,DENUNCIA,DELITOS ADUANEROS Y CONTRA LA PROPIEDAD INTELECTUAL,528,510,150101,LIMA,LIMA,LIMA,15/06/2023
ENERO - DICIEMBRE,2021,11/01/2022,LIMA CENTRO,PROVINCIAL,PENAL,PENAL,DENUNCIA,DELITOS TRIBUTARIOS,34,34,150101,LIMA,LIMA,LIMA,15/06/2023
ENERO - DICIEMBRE,2021,11/01/2022,LIMA CENTRO,PROVINCIAL,PENAL,PENAL,DENUNCIA,LAVADO DE ACTIVOS Y PERDIDA DE DOMINIO,132,109,150101,LIMA,LIMA,LIMA,15/06/2023
ENERO - DICIEMBRE,2021,11/01/2022,LIMA CENTRO,PROVINCIAL,PENAL,PENAL,DENUNCIA,MATERIA AMBIENTAL,85,73,150101,LIMA,LIMA,LIMA,15/06/2023
ENERO - DICIEMBRE,2021,11/01/2022,LIMA CENTRO,PROVINCIAL,PENAL,PENAL,DENUNCIA,DELITOS DE TRATA DE PERSONAS,192,188,150101,LIMA,LIMA,LIMA,15/06/2023
ENERO - DICIEMBRE,2021,11/01/2022,LIMA CENTRO,PROVINCIAL,PENAL,PENAL,DENUNCIA,TRANSITO Y SEGURIDAD VIAL,553,539,150101,LIMA,LIMA,LIMA,15/06/2023
ENERO - DICIEMBRE,2021,11/01/2022,LIMA CENTRO,PROVINCIAL,PENAL,PENAL,DENUNCIA,VIOLENCIA CONTRA LA MUJER Y LOS INTEGRANTES DEL GRUPO FAMILIAR,20252,16554,150101,LIMA,LIMA,LIMA,15/06/2023
ENERO - DICIEMBRE,2021,11/01/2022,LIMA CENTRO,PROVINCIAL,PENAL,PENAL,DENUNCIA,,623,581,150101,LIMA,LIMA,LIMA,15/06/2023
ENERO - DICIEMBRE,2021,11/01/2022,LIMA CENTRO,PROVINCIAL,PENAL,PENAL,DENUNCIA,,20512,19730,150101,LIMA,LIMA,LIMA,15/06/2023
ENERO - DICIEMBRE,2021,11/01/2022,LIMA CENTRO,PROVINCIAL,PENAL,PENAL,DENUNCIA,DELITOS ADUANEROS Y CONTRA LA PROPIEDAD INTELECTUAL,426,305,150101,LIMA,LIMA,LIMA,15/06/2023
ENERO - DICIEMBRE,2021,11/01/2022,LIMA CENTRO,PROVINCIAL,PENAL,PENAL,DENUNCIA,DELITOS TRIBUTARIOS,70,60,150101,LIMA,LIMA,LIMA,15/06/2023
ENERO - DICIEMBRE,2021,11/01/2022,LIMA CENTRO,PROVINCIAL,PENAL,PENAL,DENUNCIA,MATERIA AMBIENTAL,174,115,150101,LIMA,LIMA,LIMA,15/06/2023
ENERO - DICIEMBRE,2021,11/01/2022,LIMA CENTRO,PROVINCIAL,PENAL,PENAL,DENUNCIA,DELITOS DE TRATA DE PERSONAS,181,107,150101,LIMA,LIMA,LIMA,15/06/2023
ENERO - DICIEMBRE,2021,11/01/2022,LIMA CENTRO,PROVINCIAL,PENAL,PENAL,DENUNCIA,VIOLENCIA CONTRA LA MUJER Y LOS INTEGRANTES DEL GRUPO FAMILIAR,19356,12043,150101,LIMA,LIMA,LIMA,15/06/2023
ENERO - DICIEMBRE,2021,11/01/2022,LIMA CENTRO,PROVINCIAL,PENAL,PENAL,DENUNCIA,DELITOS DE CIBERDELINCUENCIA,3299,2444,150101,LIMA,LIMA,LIMA,15/06/2023
ENERO - DICIEMBRE,2021,11/01/2022,LIMA CENTRO,PROVINCIAL,PENAL,PENAL,DENUNCIA,,27704,21623,150101,LIMA,LIMA,LIMA,15/06/2023
ENERO - DICIEMBRE,2021,11/01/2022,LIMA CENTRO,PROVINCIAL,PENAL,PENAL,EXPEDIENTE,DELITOS ADUANEROS Y CONTRA LA PROPIEDAD INTELECTUAL,334,322,150101,LIMA,LIMA,LIMA,15/06/2023
ENERO - DICIEMBRE,2021,11/01/2022,LIMA CENTRO,PROVINCIAL,PENAL,PENAL,EXPEDIENTE,DELITOS TRIBUTARIOS,1,1,150101,LIMA,LIMA,LIMA,15/06/2023
ENERO - DICIEMBRE,2021,11/01/2022,LIMA CENTRO,PROVINCIAL,PENAL,PENAL,EXPEDIENTE,LAVADO DE ACTIVOS Y PERDIDA DE DOMINIO,2,0,150101,LIMA,LIMA,LIMA,15/06/2023
ENERO - DICIEMBRE,2021,11/01/2022,LIMA CENTRO,PROVINCIAL,PENAL,PENAL,EXPEDIENTE,MATERIA AMBIENTAL,15,10,150101,LIMA,LIMA,LIMA,15/06/2023
ENERO - DICIEMBRE,2021,11/01/2022,LIMA CENTRO,PROVINCIAL,PENAL,PENAL,EXPEDIENTE,TRANSITO Y SEGURIDAD VIAL,971,778,150101,LIMA,LIMA,LIMA,15/06/2023
ENERO - DICIEMBRE,2021,11/01/2022,LIMA CENTRO,PROVINCIAL,PENAL,PENAL,EXPEDIENTE,VIOLENCIA CONTRA LA MUJER Y LOS INTEGRANTES DEL GRUPO FAMILIAR,372,343,150101,LIMA,LIMA,LIMA,15/06/2023
ENERO - DICIEMBRE,2021,11/01/2022,LIMA CENTRO,PROVINCIAL,PENAL,PENAL,EXPEDIENTE,,5819,4879,150101,LIMA,LIMA,LIMA,15/06/2023
ENERO - DICIEMBRE,2021,11/01/2022,LIMA CENTRO,PROVINCIAL,PENAL,PENAL,DENUNCIA,,275,254,150101,LIMA,LIMA,LIMA,15/06/2023
ENERO - DICIEMBRE,2021,11/01/2022,LIMA CENTRO,PROVINCIAL,PENAL,PENAL,DENUNCIA,,213,168,150101,LIMA,LIMA,LIMA,15/06/2023
ENERO - DICIEMBRE,2021,11/01/2022,LIMA CENTRO,SUPERIOR,CIVIL,CIVIL,EXPEDIENTE,,9,7,150101,LIMA,LIMA,LIMA,15/06/2023
ENERO - DICIEMBRE,2021,11/01/2022,LIMA CENTRO,SUPERIOR,FAMILIA,FAMILIA CIVIL,EXPEDIENTE,,595,493,150101,LIMA,LIMA,LIMA,15/06/2023
ENERO - DICIEMBRE,2021,11/01/2022,LIMA CENTRO,SUPERIOR,FAMILIA,FAMILIA CIVIL,INCIDENTE,,24,15,150101,LIMA,LIMA,LIMA,15/06/2023
ENERO - DICIEMBRE,2021,11/01/2022,LIMA CENTRO,SUPERIOR,FAMILIA,FAMILIA PENAL,EXPEDIENTE,,35,29,150101,LIMA,LIMA,LIMA,15/06/2023
ENERO - DICIEMBRE,2021,11/01/2022,LIMA CENTRO,SUPERIOR,FAMILIA,FAMILIA PENAL,INCIDENTE,,3,3,150101,LIMA,LIMA,LIMA,15/06/2023
ENERO - DICIEMBRE,2021,11/01/2022,LIMA CENTRO,SUPERIOR,FAMILIA,FAMILIA TUTELAR,EXPEDIENTE,,31,30,150101,LIMA,LIMA,LIMA,15/06/2023
ENERO - DICIEMBRE,2021,11/01/2022,LIMA CENTRO,SUPERIOR,FAMILIA,VIOLENCIA FAMILIAR,EXPEDIENTE,,663,590,150101,LIMA,LIMA,LIMA,15/06/2023
ENERO - DICIEMBRE,2021,11/01/2022,LIMA CENTRO,SUPERIOR,FAMILIA,VIOLENCIA FAMILIAR,INCIDENTE,,547,408,150101,LIMA,LIMA,LIMA,15/06/2023
ENERO - DICIEMBRE,2021,11/01/2022,LIMA CENTRO,SUPERIOR,PENAL,PENAL,APELACION DENUNCIA,CRIMINALIDAD ORGANIZADA,119,118,150101,LIMA,LIMA,LIMA,15/06/2023
ENERO - DICIEMBRE,2021,11/01/2022,LIMA CENTRO,SUPERIOR,PENAL,PENAL,APELACION EXPEDIENTE,CRIMINALIDAD ORGANIZADA,42,42,150101,LIMA,LIMA,LIMA,15/06/2023
ENERO - DICIEMBRE,2021,11/01/2022,LIMA CENTRO,SUPERIOR,PENAL,PENAL,CONSULTAS,CRIMINALIDAD ORGANIZADA,5,5,150101,LIMA,LIMA,LIMA,15/06/2023
ENERO - DICIEMBRE,2021,11/01/2022,LIMA CENTRO,SUPERIOR,PENAL,PENAL,EXCLUSION FISCAL,CRIMINALIDAD ORGANIZADA,1,1,150101,LIMA,LIMA,LIMA,15/06/2023
ENERO - DICIEMBRE,2021,11/01/2022,LIMA CENTRO,SUPERIOR,PENAL,PENAL,EXPEDIENTE,CRIMINALIDAD ORGANIZADA,73,72,150101,LIMA,LIMA,LIMA,15/06/2023
ENERO - DICIEMBRE,2021,11/01/2022,LIMA CENTRO,SUPERIOR,PENAL,PENAL,INCIDENTE-EXPEDIENTE,CRIMINALIDAD ORGANIZADA,1,1,150101,LIMA,LIMA,LIMA,15/06/2023
ENERO - DICIEMBRE,2021,11/01/2022,LIMA CENTRO,SUPERIOR,PENAL,PENAL,QUEJAS,CRIMINALIDAD ORGANIZADA,56,56,150101,LIMA,LIMA,LIMA,15/06/2023
ENERO - DICIEMBRE,2021,11/01/2022,LIMA CENTRO,SUPERIOR,PENAL,PENAL,APELACION DENUNCIA,DELITOS DE CORRUPCION DE FUNCIONARIOS,262,261,150101,LIMA,LIMA,LIMA,15/06/2023
ENERO - DICIEMBRE,2021,11/01/2022,LIMA CENTRO,SUPERIOR,PENAL,PENAL,APELACION DENUNCIA,DELITOS DE CORRUPCION DE FUNCIONARIOS,24,24,150101,LIMA,LIMA,LIMA,15/06/2023
ENERO - DICIEMBRE,2021,11/01/2022,LIMA CENTRO,SUPERIOR,PENAL,PENAL,APELACION DENUNCIA,LAVADO DE ACTIVOS Y PERDIDA DE DOMINIO,71,71,150101,LIMA,LIMA,LIMA,15/06/2023
ENERO - DICIEMBRE,2021,11/01/2022,LIMA CENTRO,SUPERIOR,PENAL,PENAL,APELACION EXPEDIENTE,DELITOS DE CORRUPCION DE FUNCIONARIOS,128,128,150101,LIMA,LIMA,LIMA,15/06/2023
ENERO - DICIEMBRE,2021,11/01/2022,LIMA CENTRO,SUPERIOR,PENAL,PENAL,APELACION EXPEDIENTE,DELITOS DE CORRUPCION DE FUNCIONARIOS,1,1,150101,LIMA,LIMA,LIMA,15/06/2023
ENERO - DICIEMBRE,2021,11/01/2022,LIMA CENTRO,SUPERIOR,PENAL,PENAL,APELACION EXPEDIENTE,LAVADO DE ACTIVOS Y PERDIDA DE DOMINIO,24,24,150101,LIMA,LIMA,LIMA,15/06/2023
ENERO - DICIEMBRE,2021,11/01/2022,LIMA CENTRO,SUPERIOR,PENAL,PENAL,CONSULTAS,DELITOS DE CORRUPCION DE FUNCIONARIOS,39,37,150101,LIMA,LIMA,LIMA,15/06/2023
ENERO - DICIEMBRE,2021,11/01/2022,LIMA CENTRO,SUPERIOR,PENAL,PENAL,CONSULTAS,LAVADO DE ACTIVOS Y PERDIDA DE DOMINIO,117,117,150101,LIMA,LIMA,LIMA,15/06/2023
ENERO - DICIEMBRE,2021,11/01/2022,LIMA CENTRO,SUPERIOR,PENAL,PENAL,DENUNCIA,DELITOS DE CORRUPCION DE FUNCIONARIOS,51,50,150101,LIMA,LIMA,LIMA,15/06/2023
ENERO - DICIEMBRE,2021,11/01/2022,LIMA CENTRO,SUPERIOR,PENAL,PENAL,EXCLUSION FISCAL,LAVADO DE ACTIVOS Y PERDIDA DE DOMINIO,1,1,150101,LIMA,LIMA,LIMA,15/06/2023
ENERO - DICIEMBRE,2021,11/01/2022,LIMA CENTRO,SUPERIOR,PENAL,PENAL,EXPEDIENTE,DELITOS DE CORRUPCION DE FUNCIONARIOS,50,37,150101,LIMA,LIMA,LIMA,15/06/2023
ENERO - DICIEMBRE,2021,11/01/2022,LIMA CENTRO,SUPERIOR,PENAL,PENAL,EXPEDIENTE,LAVADO DE ACTIVOS Y PERDIDA DE DOMINIO,28,23,150101,LIMA,LIMA,LIMA,15/06/2023
ENERO - DICIEMBRE,2021,11/01/2022,LIMA CENTRO,SUPERIOR,PENAL,PENAL,EXPEDIENTE,DELITOS DE TRATA DE PERSONAS,19,15,150101,LIMA,LIMA,LIMA,15/06/2023
ENERO - DICIEMBRE,2021,11/01/2022,LIMA CENTRO,SUPERIOR,PENAL,PENAL,EXPEDIENTE,VIOLENCIA CONTRA LA MUJER Y LOS INTEGRANTES DEL GRUPO FAMILIAR,28,28,150101,LIMA,LIMA,LIMA,15/06/2023
ENERO - DICIEMBRE,2021,11/01/2022,LIMA CENTRO,SUPERIOR,PENAL,PENAL,EXPEDIENTE,,1957,1593,150101,LIMA,LIMA,LIMA,15/06/2023
ENERO - DICIEMBRE,2021,11/01/2022,LIMA CENTRO,SUPERIOR,PENAL,PENAL,INCIDENTE-EXPEDIENTE,DELITOS DE CORRUPCION DE FUNCIONARIOS,6,4,150101,LIMA,LIMA,LIMA,15/06/2023
ENERO - DICIEMBRE,2021,11/01/2022,LIMA CENTRO,SUPERIOR,PENAL,PENAL,EXPEDIENTE,,134,76,150101,LIMA,LIMA,LIMA,15/06/2023
ENERO - DICIEMBRE,2021,11/01/2022,LIMA CENTRO,SUPERIOR,PENAL,PENAL,INCIDENTE-EXPEDIENTE,LAVADO DE ACTIVOS Y PERDIDA DE DOMINIO,5,4,150101,LIMA,LIMA,LIMA,15/06/2023
ENERO - DICIEMBRE,2021,11/01/2022,LIMA CENTRO,SUPERIOR,PENAL,PENAL,INCIDENTE-EXPEDIENTE,DELITOS DE CIBERDELINCUENCIA,14,14,150101,LIMA,LIMA,LIMA,15/06/2023
ENERO - DICIEMBRE,2021,11/01/2022,LIMA CENTRO,SUPERIOR,PENAL,PENAL,INCIDENTE-EXPEDIENTE,,64,62,150101,LIMA,LIMA,LIMA,15/06/2023
ENERO - DICIEMBRE,2021,11/01/2022,LIMA CENTRO,SUPERIOR,PENAL,PENAL,QUEJAS,DELITOS DE CORRUPCION DE FUNCIONARIOS,232,226,150101,LIMA,LIMA,LIMA,15/06/2023
ENERO - DICIEMBRE,2021,11/01/2022,LIMA CENTRO,SUPERIOR,PENAL,PENAL,QUEJAS,LAVADO DE ACTIVOS Y PERDIDA DE DOMINIO,205,201,150101,LIMA,LIMA,LIMA,15/06/2023
ENERO - DICIEMBRE,2021,11/01/2022,LIMA CENTRO,SUPERIOR,PENAL,PENAL,QUEJAS,DELITOS DE TRATA DE PERSONAS,11,11,150101,LIMA,LIMA,LIMA,15/06/2023
ENERO - DICIEMBRE,2021,11/01/2022,LIMA CENTRO,SUPERIOR,PENAL,PENAL,QUEJAS,VIOLENCIA CONTRA LA MUJER Y LOS INTEGRANTES DEL GRUPO FAMILIAR,151,151,150101,LIMA,LIMA,LIMA,15/06/2023
ENERO - DICIEMBRE,2021,11/01/2022,LIMA CENTRO,SUPERIOR,PENAL,PENAL,QUEJAS,,3514,3341,150101,LIMA,LIMA,LIMA,15/06/2023
ENERO - DICIEMBRE,2021,11/01/2022,LIMA CENTRO,SUPERIOR,PENAL,PENAL,QUEJAS,DELITOS DE CIBERDELINCUENCIA,6,6,150101,LIMA,LIMA,LIMA,15/06/2023
ENERO - DICIEMBRE,2021,11/01/2022,LIMA CENTRO,SUPERIOR,PENAL,PENAL,QUEJAS,,625,611,150101,LIMA,LIMA,LIMA,15/06/2023
ENERO - DICIEMBRE,2021,11/01/2022,LIMA CENTRO,SUPERIOR,PENAL,PENAL,CONTIENDA,DELITOS DE CIBERDELINCUENCIA,155,124,150101,LIMA,LIMA,LIMA,15/06/2023
ENERO - DICIEMBRE,2021,11/01/2022,LIMA CENTRO,SUPERIOR,PENAL,PENAL,CONTIENDA,,153,141,150101,LIMA,LIMA,LIMA,15/06/2023
ENERO - DICIEMBRE,2021,11/01/2022,LIMA CENTRO,SUPERIOR,PENAL,PENAL,QUEJAS,,6,6,150101,LIMA,LIMA,LIMA,15/06/2023
ENERO - DICIEMBRE,2021,11/01/2022,LIMA CENTRO,SUPERIOR,PENAL,PENAL,CONTIENDA,,4,1,150101,LIMA,LIMA,LIMA,15/06/2023
ENERO - DICIEMBRE,2021,11/01/2022,LIMA CENTRO,SUPERIOR,PENAL,PENAL,QUEJAS,,143,107,150101,LIMA,LIMA,LIMA,15/06/2023
ENERO - DICIEMBRE,2021,11/01/2022,LIMA CENTRO,SUPREMA,CONTENCIOSO ADMINISTRATIVO,CONTENCIOSO ADMINISTRATIVO,PROCESO CONTENCIOSO,,531,408,150101,LIMA,LIMA,LIMA,15/06/2023
ENERO - DICIEMBRE,2021,11/01/2022,LIMA CENTRO,SUPREMA,CONTROL INTERNO,CONTROL INTERNO,QUEJAS,,13263,10779,150101,LIMA,LIMA,LIMA,15/06/2023
ENERO - DICIEMBRE,2021,11/01/2022,LIMA CENTRO,SUPREMA,FAMILIA,FAMILIA,PROCESO FAMILIA,,58,30,150101,LIMA,LIMA,LIMA,15/06/2023
ENERO - DICIEMBRE,2021,11/01/2022,LIMA CENTRO,SUPREMA,PENAL,PENAL,PROCESO PENAL,,1754,1809,150101,LIMA,LIMA,LIMA,15/06/2023
ENERO - DICIEMBRE,2021,11/01/2022,LIMA CENTRO,SUPREMA,PENAL,PENAL,PROCESO PENAL,DELITOS DE CORRUPCION DE FUNCIONARIOS,82,27,150101,LIMA,LIMA,LIMA,15/06/2023
ENERO - DICIEMBRE,2021,11/01/2022,LIMA ESTE,PROVINCIAL,CIVIL,CIVIL,EXPEDIENTE,,49,45,150137,LIMA,LIMA,SANTA ANITA,15/06/2023
ENERO - DICIEMBRE,2021,11/01/2022,LIMA ESTE,PROVINCIAL,FAMILIA,ACTOS CONTRA LA LIBERTAD SEXUAL,DENUNCIA,,51,50,150137,LIMA,LIMA,SANTA ANITA,15/06/2023
ENERO - DICIEMBRE,2021,11/01/2022,LIMA ESTE,PROVINCIAL,FAMILIA,FAMILIA CIVIL,EXPEDIENTE,,1810,1658,150137,LIMA,LIMA,SANTA ANITA,15/06/2023
ENERO - DICIEMBRE,2021,11/01/2022,LIMA ESTE,PROVINCIAL,FAMILIA,FAMILIA PENAL,DENUNCIA,,898,767,150137,LIMA,LIMA,SANTA ANITA,15/06/2023
ENERO - DICIEMBRE,2021,11/01/2022,LIMA ESTE,PROVINCIAL,FAMILIA,FAMILIA PENAL,EXPEDIENTE,,366,353,150137,LIMA,LIMA,SANTA ANITA,15/06/2023
ENERO - DICIEMBRE,2021,11/01/2022,LIMA ESTE,PROVINCIAL,FAMILIA,FAMILIA TUTELAR,DENUNCIA,,423,393,150137,LIMA,LIMA,SANTA ANITA,15/06/2023
ENERO - DICIEMBRE,2021,11/01/2022,LIMA ESTE,PROVINCIAL,FAMILIA,FAMILIA TUTELAR,EXPEDIENTE,,39,37,150137,LIMA,LIMA,SANTA ANITA,15/06/2023
ENERO - DICIEMBRE,2021,11/01/2022,LIMA ESTE,PROVINCIAL,FAMILIA,VIOLENCIA FAMILIAR,DENUNCIA,,16,12,150137,LIMA,LIMA,SANTA ANITA,15/06/2023
ENERO - DICIEMBRE,2021,11/01/2022,LIMA ESTE,PROVINCIAL,FAMILIA,VIOLENCIA FAMILIAR,EXPEDIENTE,,5,5,150137,LIMA,LIMA,SANTA ANITA,15/06/2023
ENERO - DICIEMBRE,2021,11/01/2022,LIMA ESTE,PROVINCIAL,PENAL,PENAL,DENUNCIA,DELITOS DE CORRUPCION DE FUNCIONARIOS,236,219,150137,LIMA,LIMA,SANTA ANITA,15/06/2023
ENERO - DICIEMBRE,2021,11/01/2022,LIMA ESTE,PROVINCIAL,PENAL,PENAL,DENUNCIA,VIOLENCIA CONTRA LA MUJER Y LOS INTEGRANTES DEL GRUPO FAMILIAR,31832,20498,150137,LIMA,LIMA,SANTA ANITA,15/06/2023
ENERO - DICIEMBRE,2021,11/01/2022,LIMA ESTE,PROVINCIAL,PENAL,PENAL,DENUNCIA,,65603,52005,150137,LIMA,LIMA,SANTA ANITA,15/06/2023
ENERO - DICIEMBRE,2021,11/01/2022,LIMA ESTE,PROVINCIAL,PENAL,PENAL,EXPEDIENTE,VIOLENCIA CONTRA LA MUJER Y LOS INTEGRANTES DEL GRUPO FAMILIAR,34,32,150137,LIMA,LIMA,SANTA ANITA,15/06/2023
ENERO - DICIEMBRE,2021,11/01/2022,LIMA ESTE,PROVINCIAL,PENAL,PENAL,EXPEDIENTE,,2930,2387,150137,LIMA,LIMA,SANTA ANITA,15/06/2023
ENERO - DICIEMBRE,2021,11/01/2022,LIMA ESTE,PROVINCIAL,PENAL,PENAL,DENUNCIA,,581,43,150137,LIMA,LIMA,SANTA ANITA,15/06/2023
ENERO - DICIEMBRE,2021,11/01/2022,LIMA ESTE,SUPERIOR,CIVIL,CIVIL,EXPEDIENTE,,16,16,150137,LIMA,LIMA,SANTA ANITA,15/06/2023
ENERO - DICIEMBRE,2021,11/01/2022,LIMA ESTE,SUPERIOR,FAMILIA,FAMILIA CIVIL,EXPEDIENTE,,107,105,150137,LIMA,LIMA,SANTA ANITA,15/06/2023
ENERO - DICIEMBRE,2021,11/01/2022,LIMA ESTE,SUPERIOR,FAMILIA,FAMILIA PENAL,INCIDENTE,,3,2,150137,LIMA,LIMA,SANTA ANITA,15/06/2023
ENERO - DICIEMBRE,2021,11/01/2022,LIMA ESTE,SUPERIOR,FAMILIA,FAMILIA PENAL,EXPEDIENTE,,32,31,150137,LIMA,LIMA,SANTA ANITA,15/06/2023
ENERO - DICIEMBRE,2021,11/01/2022,LIMA ESTE,SUPERIOR,FAMILIA,VIOLENCIA FAMILIAR,EXPEDIENTE,,83,83,150137,LIMA,LIMA,SANTA ANITA,15/06/2023
ENERO - DICIEMBRE,2021,11/01/2022,LIMA ESTE,SUPERIOR,FAMILIA,VIOLENCIA FAMILIAR,INCIDENTE,,1129,1129,150137,LIMA,LIMA,SANTA ANITA,15/06/2023
ENERO - DICIEMBRE,2021,11/01/2022,LIMA ESTE,SUPERIOR,PENAL,PENAL,APELACION DENUNCIA,,15,15,150137,LIMA,LIMA,SANTA ANITA,15/06/2023
ENERO - DICIEMBRE,2021,11/01/2022,LIMA ESTE,SUPERIOR,PENAL,PENAL,APELACION EXPEDIENTE,VIOLENCIA CONTRA LA MUJER Y LOS INTEGRANTES DEL GRUPO FAMILIAR,165,162,150137,LIMA,LIMA,SANTA ANITA,15/06/2023
ENERO - DICIEMBRE,2021,11/01/2022,LIMA ESTE,SUPERIOR,PENAL,PENAL,APELACION EXPEDIENTE,,272,271,150137,LIMA,LIMA,SANTA ANITA,15/06/2023
ENERO - DICIEMBRE,2021,11/01/2022,LIMA ESTE,SUPERIOR,PENAL,PENAL,CONSULTAS,VIOLENCIA CONTRA LA MUJER Y LOS INTEGRANTES DEL GRUPO FAMILIAR,7,7,150137,LIMA,LIMA,SANTA ANITA,15/06/2023
ENERO - DICIEMBRE,2021,11/01/2022,LIMA ESTE,SUPERIOR,PENAL,PENAL,CONSULTAS,,46,39,150137,LIMA,LIMA,SANTA ANITA,15/06/2023
ENERO - DICIEMBRE,2021,11/01/2022,LIMA ESTE,SUPERIOR,PENAL,PENAL,DENUNCIA,,69,65,150137,LIMA,LIMA,SANTA ANITA,15/06/2023
ENERO - DICIEMBRE,2021,11/01/2022,LIMA ESTE,SUPERIOR,PENAL,PENAL,EXCLUSION FISCAL,VIOLENCIA CONTRA LA MUJER Y LOS INTEGRANTES DEL GRUPO FAMILIAR,2,2,150137,LIMA,LIMA,SANTA ANITA,15/06/2023
ENERO - DICIEMBRE,2021,11/01/2022,LIMA ESTE,SUPERIOR,PENAL,PENAL,EXCLUSION FISCAL,,2,2,150137,LIMA,LIMA,SANTA ANITA,15/06/2023
ENERO - DICIEMBRE,2021,11/01/2022,LIMA ESTE,SUPERIOR,PENAL,PENAL,EXPEDIENTE,VIOLENCIA CONTRA LA MUJER Y LOS INTEGRANTES DEL GRUPO FAMILIAR,45,45,150137,LIMA,LIMA,SANTA ANITA,15/06/2023
ENERO - DICIEMBRE,2021,11/01/2022,LIMA ESTE,SUPERIOR,PENAL,PENAL,EXPEDIENTE,,238,184,150137,LIMA,LIMA,SANTA ANITA,15/06/2023
ENERO - DICIEMBRE,2021,11/01/2022,LIMA ESTE,SUPERIOR,PENAL,PENAL,INCIDENTE-EXPEDIENTE,,9,6,150137,LIMA,LIMA,SANTA ANITA,15/06/2023
ENERO - DICIEMBRE,2021,11/01/2022,LIMA ESTE,SUPERIOR,PENAL,PENAL,QUEJAS,VIOLENCIA CONTRA LA MUJER Y LOS INTEGRANTES DEL GRUPO FAMILIAR,265,265,150137,LIMA,LIMA,SANTA ANITA,15/06/2023
ENERO - DICIEMBRE,2021,11/01/2022,LIMA ESTE,SUPERIOR,PENAL,PENAL,QUEJAS,,1052,872,150137,LIMA,LIMA,SANTA ANITA,15/06/2023
ENERO - DICIEMBRE,2021,11/01/2022,LIMA NOROESTE,PROVINCIAL,CIVIL,CIVIL,EXPEDIENTE,,412,400,070106,CALLAO,CALLAO,VENTANILLA,15/06/2023
ENERO - DICIEMBRE,2021,11/01/2022,LIMA NOROESTE,PROVINCIAL,FAMILIA,ACTOS CONTRA LA LIBERTAD SEXUAL,DENUNCIA,,1,1,070106,CALLAO,CALLAO,VENTANILLA,15/06/2023
ENERO - DICIEMBRE,2021,11/01/2022,LIMA NOROESTE,PROVINCIAL,FAMILIA,FAMILIA CIVIL,EXPEDIENTE,,658,617,070106,CALLAO,CALLAO,VENTANILLA,15/06/2023
ENERO - DICIEMBRE,2021,11/01/2022,LIMA NOROESTE,PROVINCIAL,FAMILIA,FAMILIA PENAL,DENUNCIA,,320,281,070106,CALLAO,CALLAO,VENTANILLA,15/06/2023
ENERO - DICIEMBRE,2021,11/01/2022,LIMA NOROESTE,PROVINCIAL,FAMILIA,FAMILIA PENAL,EXPEDIENTE,,92,85,070106,CALLAO,CALLAO,VENTANILLA,15/06/2023
ENERO - DICIEMBRE,2021,11/01/2022,LIMA NOROESTE,PROVINCIAL,FAMILIA,FAMILIA TUTELAR,DENUNCIA,,267,252,070106,CALLAO,CALLAO,VENTANILLA,15/06/2023
ENERO - DICIEMBRE,2021,11/01/2022,LIMA NOROESTE,PROVINCIAL,FAMILIA,FAMILIA TUTELAR,EXPEDIENTE,,6,5,070106,CALLAO,CALLAO,VENTANILLA,15/06/2023
ENERO - DICIEMBRE,2021,11/01/2022,LIMA NOROESTE,PROVINCIAL,FAMILIA,VIOLENCIA FAMILIAR,EXPEDIENTE,,1,0,070106,CALLAO,CALLAO,VENTANILLA,15/06/2023
ENERO - DICIEMBRE,2021,11/01/2022,LIMA NOROESTE,PROVINCIAL,PENAL,PENAL,DENUNCIA,CRIMINALIDAD ORGANIZADA,18,18,070106,CALLAO,CALLAO,VENTANILLA,15/06/2023
ENERO - DICIEMBRE,2021,11/01/2022,LIMA NOROESTE,PROVINCIAL,PENAL,PENAL,DENUNCIA,,2,2,070106,CALLAO,CALLAO,VENTANILLA,15/06/2023
ENERO - DICIEMBRE,2021,11/01/2022,LIMA NOROESTE,PROVINCIAL,PENAL,PENAL,INVESTIGACION PREVENTIVA,,125,125,070106,CALLAO,CALLAO,VENTANILLA,15/06/2023
ENERO - DICIEMBRE,2021,11/01/2022,LIMA NOROESTE,PROVINCIAL,PENAL,PENAL,DENUNCIA,DELITOS DE CORRUPCION DE FUNCIONARIOS,109,104,070106,CALLAO,CALLAO,VENTANILLA,15/06/2023
ENERO - DICIEMBRE,2021,11/01/2022,LIMA NOROESTE,PROVINCIAL,PENAL,PENAL,DENUNCIA,DELITOS ADUANEROS Y CONTRA LA PROPIEDAD INTELECTUAL,90,90,070106,CALLAO,CALLAO,VENTANILLA,15/06/2023
ENERO - DICIEMBRE,2021,11/01/2022,LIMA NOROESTE,PROVINCIAL,PENAL,PENAL,DENUNCIA,MATERIA AMBIENTAL,94,94,070106,CALLAO,CALLAO,VENTANILLA,15/06/2023
ENERO - DICIEMBRE,2021,11/01/2022,LIMA NOROESTE,PROVINCIAL,PENAL,PENAL,DENUNCIA,DELITOS DE TRAFICO ILICITO DE DROGAS,102,102,070106,CALLAO,CALLAO,VENTANILLA,15/06/2023
ENERO - DICIEMBRE,2021,11/01/2022,LIMA NOROESTE,PROVINCIAL,PENAL,PENAL,DENUNCIA,VIOLENCIA CONTRA LA MUJER Y LOS INTEGRANTES DEL GRUPO FAMILIAR,12692,11520,070106,CALLAO,CALLAO,VENTANILLA,15/06/2023
ENERO - DICIEMBRE,2021,11/01/2022,LIMA NOROESTE,PROVINCIAL,PENAL,PENAL,DENUNCIA,,11255,10611,070106,CALLAO,CALLAO,VENTANILLA,15/06/2023
ENERO - DICIEMBRE,2021,11/01/2022,LIMA NOROESTE,PROVINCIAL,PENAL,PENAL,EXPEDIENTE,,3,1,070106,CALLAO,CALLAO,VENTANILLA,15/06/2023
ENERO - DICIEMBRE,2021,11/01/2022,LIMA NOROESTE,PROVINCIAL,PENAL,PENAL,INVESTIGACION PREVENTIVA,MATERIA AMBIENTAL,57,57,070106,CALLAO,CALLAO,VENTANILLA,15/06/2023
ENERO - DICIEMBRE,2021,11/01/2022,LIMA NOROESTE,SUPERIOR,CIVIL,CIVIL,EXPEDIENTE,,3,3,070106,CALLAO,CALLAO,VENTANILLA,15/06/2023
ENERO - DICIEMBRE,2021,11/01/2022,LIMA NOROESTE,SUPERIOR,FAMILIA,FAMILIA CIVIL,EXPEDIENTE,,46,46,070106,CALLAO,CALLAO,VENTANILLA,15/06/2023
ENERO - DICIEMBRE,2021,11/01/2022,LIMA NOROESTE,SUPERIOR,FAMILIA,FAMILIA CIVIL,INCIDENTE,,9,9,070106,CALLAO,CALLAO,VENTANILLA,15/06/2023
ENERO - DICIEMBRE,2021,11/01/2022,LIMA NOROESTE,SUPERIOR,FAMILIA,FAMILIA PENAL,EXPEDIENTE,,4,4,070106,CALLAO,CALLAO,VENTANILLA,15/06/2023
ENERO - DICIEMBRE,2021,11/01/2022,LIMA NOROESTE,SUPERIOR,FAMILIA,VIOLENCIA FAMILIAR,EXPEDIENTE,,10,10,070106,CALLAO,CALLAO,VENTANILLA,15/06/2023
ENERO - DICIEMBRE,2021,11/01/2022,LIMA NOROESTE,SUPERIOR,FAMILIA,VIOLENCIA FAMILIAR,INCIDENTE,,100,100,070106,CALLAO,CALLAO,VENTANILLA,15/06/2023
ENERO - DICIEMBRE,2021,11/01/2022,LIMA NOROESTE,SUPERIOR,PENAL,PENAL,APELACION DENUNCIA,,482,477,070106,CALLAO,CALLAO,VENTANILLA,15/06/2023
ENERO - DICIEMBRE,2021,11/01/2022,LIMA NOROESTE,SUPERIOR,PENAL,PENAL,APELACION EXPEDIENTE,,11,8,070106,CALLAO,CALLAO,VENTANILLA,15/06/2023
ENERO - DICIEMBRE,2021,11/01/2022,LIMA NOROESTE,SUPERIOR,PENAL,PENAL,CONSULTAS,,56,56,070106,CALLAO,CALLAO,VENTANILLA,15/06/2023
ENERO - DICIEMBRE,2021,11/01/2022,LIMA NOROESTE,SUPERIOR,PENAL,PENAL,DENUNCIA,,17,15,070106,CALLAO,CALLAO,VENTANILLA,15/06/2023
ENERO - DICIEMBRE,2021,11/01/2022,LIMA NOROESTE,SUPERIOR,PENAL,PENAL,EXCLUSION FISCAL,,10,9,070106,CALLAO,CALLAO,VENTANILLA,15/06/2023
ENERO - DICIEMBRE,2021,11/01/2022,LIMA NOROESTE,SUPERIOR,PENAL,PENAL,EXPEDIENTE,,31,31,070106,CALLAO,CALLAO,VENTANILLA,15/06/2023
ENERO - DICIEMBRE,2021,11/01/2022,LIMA NOROESTE,SUPERIOR,PENAL,PENAL,QUEJAS,,454,412,070106,CALLAO,CALLAO,VENTANILLA,15/06/2023
ENERO - DICIEMBRE,2021,11/01/2022,LIMA NORTE,PROVINCIAL,CIVIL,CIVIL,EXPEDIENTE,,350,344,150112,LIMA,LIMA,INDEPENDENCIA,15/06/2023
ENERO - DICIEMBRE,2021,11/01/2022,LIMA NORTE,PROVINCIAL,FAMILIA,ACTOS CONTRA LA LIBERTAD SEXUAL,DENUNCIA,,41,41,150112,LIMA,LIMA,INDEPENDENCIA,15/06/2023
ENERO - DICIEMBRE,2021,11/01/2022,LIMA NORTE,PROVINCIAL,FAMILIA,FAMILIA CIVIL,EXPEDIENTE,,2521,2485,150112,LIMA,LIMA,INDEPENDENCIA,15/06/2023
ENERO - DICIEMBRE,2021,11/01/2022,LIMA NORTE,PROVINCIAL,FAMILIA,FAMILIA PENAL,DENUNCIA,,1189,1160,150112,LIMA,LIMA,INDEPENDENCIA,15/06/2023
ENERO - DICIEMBRE,2021,11/01/2022,LIMA NORTE,PROVINCIAL,FAMILIA,FAMILIA PENAL,EXPEDIENTE,,303,301,150112,LIMA,LIMA,INDEPENDENCIA,15/06/2023
ENERO - DICIEMBRE,2021,11/01/2022,LIMA NORTE,PROVINCIAL,FAMILIA,FAMILIA TUTELAR,DENUNCIA,,1258,1197,150112,LIMA,LIMA,INDEPENDENCIA,15/06/2023
ENERO - DICIEMBRE,2021,11/01/2022,LIMA NORTE,PROVINCIAL,FAMILIA,FAMILIA TUTELAR,EXPEDIENTE,,25,25,150112,LIMA,LIMA,INDEPENDENCIA,15/06/2023
ENERO - DICIEMBRE,2021,11/01/2022,LIMA NORTE,PROVINCIAL,FAMILIA,VIOLENCIA FAMILIAR,DENUNCIA,,166,163,150112,LIMA,LIMA,INDEPENDENCIA,15/06/2023
ENERO - DICIEMBRE,2021,11/01/2022,LIMA NORTE,PROVINCIAL,FAMILIA,VIOLENCIA FAMILIAR,EXPEDIENTE,,3,3,150112,LIMA,LIMA,INDEPENDENCIA,15/06/2023
ENERO - DICIEMBRE,2021,11/01/2022,LIMA NORTE,PROVINCIAL,PENAL,PENAL,DENUNCIA,,10,10,150112,LIMA,LIMA,INDEPENDENCIA,15/06/2023
ENERO - DICIEMBRE,2021,11/01/2022,LIMA NORTE,PROVINCIAL,PENAL,PENAL,INVESTIGACION PREVENTIVA,,405,404,150112,LIMA,LIMA,INDEPENDENCIA,15/06/2023
ENERO - DICIEMBRE,2021,11/01/2022,LIMA NORTE,PROVINCIAL,PENAL,PENAL,DENUNCIA,DELITOS DE CORRUPCION DE FUNCIONARIOS,259,251,150112,LIMA,LIMA,INDEPENDENCIA,15/06/2023
ENERO - DICIEMBRE,2021,11/01/2022,LIMA NORTE,PROVINCIAL,PENAL,PENAL,DENUNCIA,DELITOS ADUANEROS Y CONTRA LA PROPIEDAD INTELECTUAL,82,82,150112,LIMA,LIMA,INDEPENDENCIA,15/06/2023
ENERO - DICIEMBRE,2021,11/01/2022,LIMA NORTE,PROVINCIAL,PENAL,PENAL,DENUNCIA,LAVADO DE ACTIVOS Y PERDIDA DE DOMINIO,44,44,150112,LIMA,LIMA,INDEPENDENCIA,15/06/2023
ENERO - DICIEMBRE,2021,11/01/2022,LIMA NORTE,PROVINCIAL,PENAL,PENAL,DENUNCIA,MATERIA AMBIENTAL,62,62,150112,LIMA,LIMA,INDEPENDENCIA,15/06/2023
ENERO - DICIEMBRE,2021,11/01/2022,LIMA NORTE,PROVINCIAL,PENAL,PENAL,DENUNCIA,DELITOS DE TRAFICO ILICITO DE DROGAS,237,237,150112,LIMA,LIMA,INDEPENDENCIA,15/06/2023
ENERO - DICIEMBRE,2021,11/01/2022,LIMA NORTE,PROVINCIAL,PENAL,PENAL,DENUNCIA,DELITOS DE TRATA DE PERSONAS,137,127,150112,LIMA,LIMA,INDEPENDENCIA,15/06/2023
ENERO - DICIEMBRE,2021,11/01/2022,LIMA NORTE,PROVINCIAL,PENAL,PENAL,DENUNCIA,TRANSITO Y SEGURIDAD VIAL,3640,3366,150112,LIMA,LIMA,INDEPENDENCIA,15/06/2023
ENERO - DICIEMBRE,2021,11/01/2022,LIMA NORTE,PROVINCIAL,PENAL,PENAL,DENUNCIA,VIOLENCIA CONTRA LA MUJER Y LOS INTEGRANTES DEL GRUPO FAMILIAR,40445,37704,150112,LIMA,LIMA,INDEPENDENCIA,15/06/2023
ENERO - DICIEMBRE,2021,11/01/2022,LIMA NORTE,PROVINCIAL,PENAL,PENAL,DENUNCIA,,30502,27421,150112,LIMA,LIMA,INDEPENDENCIA,15/06/2023
ENERO - DICIEMBRE,2021,11/01/2022,LIMA NORTE,PROVINCIAL,PENAL,PENAL,EXPEDIENTE,LAVADO DE ACTIVOS Y PERDIDA DE DOMINIO,1,1,150112,LIMA,LIMA,INDEPENDENCIA,15/06/2023
ENERO - DICIEMBRE,2021,11/01/2022,LIMA NORTE,PROVINCIAL,PENAL,PENAL,EXPEDIENTE,TRANSITO Y SEGURIDAD VIAL,8,3,150112,LIMA,LIMA,INDEPENDENCIA,15/06/2023
ENERO - DICIEMBRE,2021,11/01/2022,LIMA NORTE,PROVINCIAL,PENAL,PENAL,EXPEDIENTE,,50,39,150112,LIMA,LIMA,INDEPENDENCIA,15/06/2023
ENERO - DICIEMBRE,2021,11/01/2022,LIMA NORTE,PROVINCIAL,PENAL,PENAL,INVESTIGACION PREVENTIVA,MATERIA AMBIENTAL,56,56,150112,LIMA,LIMA,INDEPENDENCIA,15/06/2023
ENERO - DICIEMBRE,2021,11/01/2022,LIMA NORTE,SUPERIOR,CIVIL,CIVIL,EXPEDIENTE,,71,64,150112,LIMA,LIMA,INDEPENDENCIA,15/06/2023
ENERO - DICIEMBRE,2021,11/01/2022,LIMA NORTE,SUPERIOR,FAMILIA,FAMILIA CIVIL,EXPEDIENTE,,244,225,150112,LIMA,LIMA,INDEPENDENCIA,15/06/2023
ENERO - DICIEMBRE,2021,11/01/2022,LIMA NORTE,SUPERIOR,FAMILIA,FAMILIA PENAL,EXPEDIENTE,,15,15,150112,LIMA,LIMA,INDEPENDENCIA,15/06/2023
ENERO - DICIEMBRE,2021,11/01/2022,LIMA NORTE,SUPERIOR,FAMILIA,FAMILIA TUTELAR,EXPEDIENTE,,2,2,150112,LIMA,LIMA,INDEPENDENCIA,15/06/2023
ENERO - DICIEMBRE,2021,11/01/2022,LIMA NORTE,SUPERIOR,FAMILIA,VIOLENCIA FAMILIAR,EXPEDIENTE,,1452,1236,150112,LIMA,LIMA,INDEPENDENCIA,15/06/2023
ENERO - DICIEMBRE,2021,11/01/2022,LIMA NORTE,SUPERIOR,PENAL,PENAL,APELACION DENUNCIA,DELITOS DE CORRUPCION DE FUNCIONARIOS,54,52,150112,LIMA,LIMA,INDEPENDENCIA,15/06/2023
ENERO - DICIEMBRE,2021,11/01/2022,LIMA NORTE,SUPERIOR,PENAL,PENAL,APELACION DENUNCIA,VIOLENCIA CONTRA LA MUJER Y LOS INTEGRANTES DEL GRUPO FAMILIAR,171,171,150112,LIMA,LIMA,INDEPENDENCIA,15/06/2023
ENERO - DICIEMBRE,2021,11/01/2022,LIMA NORTE,SUPERIOR,PENAL,PENAL,APELACION DENUNCIA,,864,864,150112,LIMA,LIMA,INDEPENDENCIA,15/06/2023
ENERO - DICIEMBRE,2021,11/01/2022,LIMA NORTE,SUPERIOR,PENAL,PENAL,APELACION EXPEDIENTE,,220,217,150112,LIMA,LIMA,INDEPENDENCIA,15/06/2023
ENERO - DICIEMBRE,2021,11/01/2022,LIMA NORTE,SUPERIOR,PENAL,PENAL,CONSULTAS,DELITOS DE CORRUPCION DE FUNCIONARIOS,4,4,150112,LIMA,LIMA,INDEPENDENCIA,15/06/2023
ENERO - DICIEMBRE,2021,11/01/2022,LIMA NORTE,SUPERIOR,PENAL,PENAL,CONSULTAS,VIOLENCIA CONTRA LA MUJER Y LOS INTEGRANTES DEL GRUPO FAMILIAR,19,19,150112,LIMA,LIMA,INDEPENDENCIA,15/06/2023
ENERO - DICIEMBRE,2021,11/01/2022,LIMA NORTE,SUPERIOR,PENAL,PENAL,CONSULTAS,,157,157,150112,LIMA,LIMA,INDEPENDENCIA,15/06/2023
ENERO - DICIEMBRE,2021,11/01/2022,LIMA NORTE,SUPERIOR,PENAL,PENAL,DENUNCIA,DELITOS DE CORRUPCION DE FUNCIONARIOS,10,10,150112,LIMA,LIMA,INDEPENDENCIA,15/06/2023
ENERO - DICIEMBRE,2021,11/01/2022,LIMA NORTE,SUPERIOR,PENAL,PENAL,DENUNCIA,,55,55,150112,LIMA,LIMA,INDEPENDENCIA,15/06/2023
ENERO - DICIEMBRE,2021,11/01/2022,LIMA NORTE,SUPERIOR,PENAL,PENAL,EXCLUSION FISCAL,VIOLENCIA CONTRA LA MUJER Y LOS INTEGRANTES DEL GRUPO FAMILIAR,1,1,150112,LIMA,LIMA,INDEPENDENCIA,15/06/2023
ENERO - DICIEMBRE,2021,11/01/2022,LIMA NORTE,SUPERIOR,PENAL,PENAL,EXCLUSION FISCAL,,7,7,150112,LIMA,LIMA,INDEPENDENCIA,15/06/2023
ENERO - DICIEMBRE,2021,11/01/2022,LIMA NORTE,SUPERIOR,PENAL,PENAL,EXPEDIENTE,,177,162,150112,LIMA,LIMA,INDEPENDENCIA,15/06/2023
ENERO - DICIEMBRE,2021,11/01/2022,LIMA NORTE,SUPERIOR,PENAL,PENAL,INCIDENTE-EXPEDIENTE,,66,52,150112,LIMA,LIMA,INDEPENDENCIA,15/06/2023
ENERO - DICIEMBRE,2021,11/01/2022,LIMA NORTE,SUPERIOR,PENAL,PENAL,QUEJAS,DELITOS DE CORRUPCION DE FUNCIONARIOS,50,48,150112,LIMA,LIMA,INDEPENDENCIA,15/06/2023
ENERO - DICIEMBRE,2021,11/01/2022,LIMA NORTE,SUPERIOR,PENAL,PENAL,QUEJAS,VIOLENCIA CONTRA LA MUJER Y LOS INTEGRANTES DEL GRUPO FAMILIAR,218,218,150112,LIMA,LIMA,INDEPENDENCIA,15/06/2023
ENERO - DICIEMBRE,2021,11/01/2022,LIMA NORTE,SUPERIOR,PENAL,PENAL,QUEJAS,,1253,1244,150112,LIMA,LIMA,INDEPENDENCIA,15/06/2023
ENERO - DICIEMBRE,2021,11/01/2022,LIMA SUR,PROVINCIAL,CIVIL,CIVIL,EXPEDIENTE,,10,10,150142,LIMA,LIMA,VILLA EL SALVADOR,15/06/2023
ENERO - DICIEMBRE,2021,11/01/2022,LIMA SUR,PROVINCIAL,FAMILIA,ACTOS CONTRA LA LIBERTAD SEXUAL,DENUNCIA,,1,1,150142,LIMA,LIMA,VILLA EL SALVADOR,15/06/2023
ENERO - DICIEMBRE,2021,11/01/2022,LIMA SUR,PROVINCIAL,FAMILIA,FAMILIA CIVIL,EXPEDIENTE,,1120,1059,150142,LIMA,LIMA,VILLA EL SALVADOR,15/06/2023
ENERO - DICIEMBRE,2021,11/01/2022,LIMA SUR,PROVINCIAL,FAMILIA,FAMILIA PENAL,DENUNCIA,,1058,1025,150142,LIMA,LIMA,VILLA EL SALVADOR,15/06/2023
ENERO - DICIEMBRE,2021,11/01/2022,LIMA SUR,PROVINCIAL,FAMILIA,FAMILIA PENAL,EXPEDIENTE,,311,270,150142,LIMA,LIMA,VILLA EL SALVADOR,15/06/2023
ENERO - DICIEMBRE,2021,11/01/2022,LIMA SUR,PROVINCIAL,FAMILIA,FAMILIA TUTELAR,DENUNCIA,,647,609,150142,LIMA,LIMA,VILLA EL SALVADOR,15/06/2023
ENERO - DICIEMBRE,2021,11/01/2022,LIMA SUR,PROVINCIAL,FAMILIA,FAMILIA TUTELAR,EXPEDIENTE,,102,90,150142,LIMA,LIMA,VILLA EL SALVADOR,15/06/2023
ENERO - DICIEMBRE,2021,11/01/2022,LIMA SUR,PROVINCIAL,FAMILIA,VIOLENCIA FAMILIAR,DENUNCIA,,492,489,150142,LIMA,LIMA,VILLA EL SALVADOR,15/06/2023
ENERO - DICIEMBRE,2021,11/01/2022,LIMA SUR,PROVINCIAL,FAMILIA,VIOLENCIA FAMILIAR,EXPEDIENTE,,12,12,150142,LIMA,LIMA,VILLA EL SALVADOR,15/06/2023
ENERO - DICIEMBRE,2021,11/01/2022,LIMA SUR,PROVINCIAL,PENAL,PENAL,DENUNCIA,,6,6,150142,LIMA,LIMA,VILLA EL SALVADOR,15/06/2023
ENERO - DICIEMBRE,2021,11/01/2022,LIMA SUR,PROVINCIAL,PENAL,PENAL,DENUNCIA,,57,57,150142,LIMA,LIMA,VILLA EL SALVADOR,15/06/2023
ENERO - DICIEMBRE,2021,11/01/2022,LIMA SUR,PROVINCIAL,PENAL,PENAL,DENUNCIA,DELITOS DE CORRUPCION DE FUNCIONARIOS,253,242,150142,LIMA,LIMA,VILLA EL SALVADOR,15/06/2023
ENERO - DICIEMBRE,2021,11/01/2022,LIMA SUR,PROVINCIAL,PENAL,PENAL,DENUNCIA,VIOLENCIA CONTRA LA MUJER Y LOS INTEGRANTES DEL GRUPO FAMILIAR,27441,24564,150142,LIMA,LIMA,VILLA EL SALVADOR,15/06/2023
ENERO - DICIEMBRE,2021,11/01/2022,LIMA SUR,PROVINCIAL,PENAL,PENAL,DENUNCIA,,23668,22380,150142,LIMA,LIMA,VILLA EL SALVADOR,15/06/2023
ENERO - DICIEMBRE,2021,11/01/2022,LIMA SUR,PROVINCIAL,PENAL,PENAL,DENUNCIA,TRANSITO Y SEGURIDAD VIAL,226,226,150142,LIMA,LIMA,VILLA EL SALVADOR,15/06/2023
ENERO - DICIEMBRE,2021,11/01/2022,LIMA SUR,PROVINCIAL,PENAL,PENAL,DENUNCIA,VIOLENCIA CONTRA LA MUJER Y LOS INTEGRANTES DEL GRUPO FAMILIAR,6961,6961,150142,LIMA,LIMA,VILLA EL SALVADOR,15/06/2023
ENERO - DICIEMBRE,2021,11/01/2022,LIMA SUR,PROVINCIAL,PENAL,PENAL,DENUNCIA,,8559,8559,150142,LIMA,LIMA,VILLA EL SALVADOR,15/06/2023
ENERO - DICIEMBRE,2021,11/01/2022,LIMA SUR,PROVINCIAL,PENAL,PENAL,EXPEDIENTE,VIOLENCIA CONTRA LA MUJER Y LOS INTEGRANTES DEL GRUPO FAMILIAR,250,188,150142,LIMA,LIMA,VILLA EL SALVADOR,15/06/2023
ENERO - DICIEMBRE,2021,11/01/2022,LIMA SUR,PROVINCIAL,PENAL,PENAL,EXPEDIENTE,,1804,1510,150142,LIMA,LIMA,VILLA EL SALVADOR,15/06/2023
ENERO - DICIEMBRE,2021,11/01/2022,LIMA SUR,PROVINCIAL,PENAL,PENAL,EXPEDIENTE,TRANSITO Y SEGURIDAD VIAL,2,2,150142,LIMA,LIMA,VILLA EL SALVADOR,15/06/2023
ENERO - DICIEMBRE,2021,11/01/2022,LIMA SUR,PROVINCIAL,PENAL,PENAL,EXPEDIENTE,VIOLENCIA CONTRA LA MUJER Y LOS INTEGRANTES DEL GRUPO FAMILIAR,47,47,150142,LIMA,LIMA,VILLA EL SALVADOR,15/06/2023
ENERO - DICIEMBRE,2021,11/01/2022,LIMA SUR,PROVINCIAL,PENAL,PENAL,EXPEDIENTE,,685,685,150142,LIMA,LIMA,VILLA EL SALVADOR,15/06/2023
ENERO - DICIEMBRE,2021,11/01/2022,LIMA SUR,SUPERIOR,CIVIL,CIVIL,EXPEDIENTE,,2,2,150142,LIMA,LIMA,VILLA EL SALVADOR,15/06/2023
ENERO - DICIEMBRE,2021,11/01/2022,LIMA SUR,SUPERIOR,FAMILIA,FAMILIA CIVIL,EXPEDIENTE,,247,247,150142,LIMA,LIMA,VILLA EL SALVADOR,15/06/2023
ENERO - DICIEMBRE,2021,11/01/2022,LIMA SUR,SUPERIOR,FAMILIA,FAMILIA PENAL,EXPEDIENTE,,29,29,150142,LIMA,LIMA,VILLA EL SALVADOR,15/06/2023
ENERO - DICIEMBRE,2021,11/01/2022,LIMA SUR,SUPERIOR,FAMILIA,VIOLENCIA FAMILIAR,EXPEDIENTE,,359,359,150142,LIMA,LIMA,VILLA EL SALVADOR,15/06/2023
ENERO - DICIEMBRE,2021,11/01/2022,LIMA SUR,SUPERIOR,PENAL,PENAL,APELACION DENUNCIA,DELITOS DE CORRUPCION DE FUNCIONARIOS,18,18,150142,LIMA,LIMA,VILLA EL SALVADOR,15/06/2023
ENERO - DICIEMBRE,2021,11/01/2022,LIMA SUR,SUPERIOR,PENAL,PENAL,APELACION DENUNCIA,,71,71,150142,LIMA,LIMA,VILLA EL SALVADOR,15/06/2023
ENERO - DICIEMBRE,2021,11/01/2022,LIMA SUR,SUPERIOR,PENAL,PENAL,CONSULTAS,DELITOS DE CORRUPCION DE FUNCIONARIOS,1,1,150142,LIMA,LIMA,VILLA EL SALVADOR,15/06/2023
ENERO - DICIEMBRE,2021,11/01/2022,LIMA SUR,SUPERIOR,PENAL,PENAL,CONSULTAS,,45,43,150142,LIMA,LIMA,VILLA EL SALVADOR,15/06/2023
ENERO - DICIEMBRE,2021,11/01/2022,LIMA SUR,SUPERIOR,PENAL,PENAL,DENUNCIA,DELITOS DE CORRUPCION DE FUNCIONARIOS,18,18,150142,LIMA,LIMA,VILLA EL SALVADOR,15/06/2023
ENERO - DICIEMBRE,2021,11/01/2022,LIMA SUR,SUPERIOR,PENAL,PENAL,DENUNCIA,,76,76,150142,LIMA,LIMA,VILLA EL SALVADOR,15/06/2023
ENERO - DICIEMBRE,2021,11/01/2022,LIMA SUR,SUPERIOR,PENAL,PENAL,EXCLUSION FISCAL,DELITOS DE CORRUPCION DE FUNCIONARIOS,1,1,150142,LIMA,LIMA,VILLA EL SALVADOR,15/06/2023
ENERO - DICIEMBRE,2021,11/01/2022,LIMA SUR,SUPERIOR,PENAL,PENAL,EXPEDIENTE,,628,577,150142,LIMA,LIMA,VILLA EL SALVADOR,15/06/2023
ENERO - DICIEMBRE,2021,11/01/2022,LIMA SUR,SUPERIOR,PENAL,PENAL,EXPEDIENTE,,156,156,150142,LIMA,LIMA,VILLA EL SALVADOR,15/06/2023
ENERO - DICIEMBRE,2021,11/01/2022,LIMA SUR,SUPERIOR,PENAL,PENAL,INCIDENTE-EXPEDIENTE,,1,1,150142,LIMA,LIMA,VILLA EL SALVADOR,15/06/2023
ENERO - DICIEMBRE,2021,11/01/2022,LIMA SUR,SUPERIOR,PENAL,PENAL,QUEJAS,DELITOS DE CORRUPCION DE FUNCIONARIOS,35,35,150142,LIMA,LIMA,VILLA EL SALVADOR,15/06/2023
ENERO - DICIEMBRE,2021,11/01/2022,LIMA SUR,SUPERIOR,PENAL,PENAL,QUEJAS,,1238,1236,150142,LIMA,LIMA,VILLA EL SALVADOR,15/06/2023
ENERO - DICIEMBRE,2021,11/01/2022,LIMA SUR,SUPERIOR,PENAL,PENAL,QUEJAS,,648,648,150142,LIMA,LIMA,VILLA EL SALVADOR,15/06/2023
ENERO - DICIEMBRE,2021,11/01/2022,LORETO,PROVINCIAL,CIVIL,CIVIL,EXPEDIENTE,,10,7,160101,LORETO,MAYNAS,IQUITOS,15/06/2023
ENERO - DICIEMBRE,2021,11/01/2022,LORETO,PROVINCIAL,FAMILIA,ACTOS CONTRA LA LIBERTAD SEXUAL,DENUNCIA,,6,6,160101,LORETO,MAYNAS,IQUITOS,15/06/2023
ENERO - DICIEMBRE,2021,11/01/2022,LORETO,PROVINCIAL,FAMILIA,FAMILIA CIVIL,EXPEDIENTE,,376,357,160101,LORETO,MAYNAS,IQUITOS,15/06/2023
ENERO - DICIEMBRE,2021,11/01/2022,LORETO,PROVINCIAL,FAMILIA,FAMILIA PENAL,DENUNCIA,,455,442,160101,LORETO,MAYNAS,IQUITOS,15/06/2023
ENERO - DICIEMBRE,2021,11/01/2022,LORETO,PROVINCIAL,FAMILIA,FAMILIA PENAL,EXPEDIENTE,,119,112,160101,LORETO,MAYNAS,IQUITOS,15/06/2023
ENERO - DICIEMBRE,2021,11/01/2022,LORETO,PROVINCIAL,FAMILIA,FAMILIA TUTELAR,DENUNCIA,,182,180,160101,LORETO,MAYNAS,IQUITOS,15/06/2023
ENERO - DICIEMBRE,2021,11/01/2022,LORETO,PROVINCIAL,FAMILIA,FAMILIA TUTELAR,EXPEDIENTE,,70,68,160101,LORETO,MAYNAS,IQUITOS,15/06/2023
ENERO - DICIEMBRE,2021,11/01/2022,LORETO,PROVINCIAL,FAMILIA,VIOLENCIA FAMILIAR,DENUNCIA,,78,78,160101,LORETO,MAYNAS,IQUITOS,15/06/2023
ENERO - DICIEMBRE,2021,11/01/2022,LORETO,PROVINCIAL,FAMILIA,VIOLENCIA FAMILIAR,EXPEDIENTE,,3,3,160101,LORETO,MAYNAS,IQUITOS,15/06/2023
ENERO - DICIEMBRE,2021,11/01/2022,LORETO,PROVINCIAL,PENAL,PENAL,DENUNCIA,,17,15,160101,LORETO,MAYNAS,IQUITOS,15/06/2023
ENERO - DICIEMBRE,2021,11/01/2022,LORETO,PROVINCIAL,PENAL,PENAL,INVESTIGACION PREVENTIVA,,310,307,160101,LORETO,MAYNAS,IQUITOS,15/06/2023
ENERO - DICIEMBRE,2021,11/01/2022,LORETO,PROVINCIAL,PENAL,PENAL,DENUNCIA,DELITOS DE CORRUPCION DE FUNCIONARIOS,372,346,160101,LORETO,MAYNAS,IQUITOS,15/06/2023
ENERO - DICIEMBRE,2021,11/01/2022,LORETO,PROVINCIAL,PENAL,PENAL,DENUNCIA,MATERIA AMBIENTAL,586,538,160101,LORETO,MAYNAS,IQUITOS,15/06/2023
ENERO - DICIEMBRE,2021,11/01/2022,LORETO,PROVINCIAL,PENAL,PENAL,DENUNCIA,DELITOS DE TRAFICO ILICITO DE DROGAS,97,96,160101,LORETO,MAYNAS,IQUITOS,15/06/2023
ENERO - DICIEMBRE,2021,11/01/2022,LORETO,PROVINCIAL,PENAL,PENAL,DENUNCIA,DELITOS DE TRATA DE PERSONAS,82,82,160101,LORETO,MAYNAS,IQUITOS,15/06/2023
ENERO - DICIEMBRE,2021,11/01/2022,LORETO,PROVINCIAL,PENAL,PENAL,DENUNCIA,VIOLENCIA CONTRA LA MUJER Y LOS INTEGRANTES DEL GRUPO FAMILIAR,4140,3536,160101,LORETO,MAYNAS,IQUITOS,15/06/2023
ENERO - DICIEMBRE,2021,11/01/2022,LORETO,PROVINCIAL,PENAL,PENAL,DENUNCIA,,12291,10889,160101,LORETO,MAYNAS,IQUITOS,15/06/2023
ENERO - DICIEMBRE,2021,11/01/2022,LORETO,PROVINCIAL,PENAL,PENAL,EXPEDIENTE,MATERIA AMBIENTAL,2,2,160101,LORETO,MAYNAS,IQUITOS,15/06/2023
ENERO - DICIEMBRE,2021,11/01/2022,LORETO,PROVINCIAL,PENAL,PENAL,EXPEDIENTE,DELITOS DE TRAFICO ILICITO DE DROGAS,2,0,160101,LORETO,MAYNAS,IQUITOS,15/06/2023
ENERO - DICIEMBRE,2021,11/01/2022,LORETO,PROVINCIAL,PENAL,PENAL,EXPEDIENTE,,25,8,160101,LORETO,MAYNAS,IQUITOS,15/06/2023
ENERO - DICIEMBRE,2021,11/01/2022,LORETO,PROVINCIAL,PENAL,PENAL,INVESTIGACION PREVENTIVA,MATERIA AMBIENTAL,20,19,160101,LORETO,MAYNAS,IQUITOS,15/06/2023
ENERO - DICIEMBRE,2021,11/01/2022,LORETO,PROVINCIAL,PENAL,PENAL,INVESTIGACION PREVENTIVA,,9,9,160101,LORETO,MAYNAS,IQUITOS,15/06/2023
ENERO - DICIEMBRE,2021,11/01/2022,LORETO,SUPERIOR,CIVIL,CIVIL,EXPEDIENTE,,3,3,160101,LORETO,MAYNAS,IQUITOS,15/06/2023
ENERO - DICIEMBRE,2021,11/01/2022,LORETO,SUPERIOR,FAMILIA,FAMILIA CIVIL,EXPEDIENTE,,57,57,160101,LORETO,MAYNAS,IQUITOS,15/06/2023
ENERO - DICIEMBRE,2021,11/01/2022,LORETO,SUPERIOR,FAMILIA,FAMILIA CIVIL,INCIDENTE,,1,1,160101,LORETO,MAYNAS,IQUITOS,15/06/2023
ENERO - DICIEMBRE,2021,11/01/2022,LORETO,SUPERIOR,FAMILIA,FAMILIA PENAL,EXPEDIENTE,,27,27,160101,LORETO,MAYNAS,IQUITOS,15/06/2023
ENERO - DICIEMBRE,2021,11/01/2022,LORETO,SUPERIOR,FAMILIA,FAMILIA TUTELAR,EXPEDIENTE,,5,5,160101,LORETO,MAYNAS,IQUITOS,15/06/2023
ENERO - DICIEMBRE,2021,11/01/2022,LORETO,SUPERIOR,FAMILIA,VIOLENCIA FAMILIAR,EXPEDIENTE,,48,48,160101,LORETO,MAYNAS,IQUITOS,15/06/2023
ENERO - DICIEMBRE,2021,11/01/2022,LORETO,SUPERIOR,FAMILIA,VIOLENCIA FAMILIAR,INCIDENTE,,6,6,160101,LORETO,MAYNAS,IQUITOS,15/06/2023
ENERO - DICIEMBRE,2021,11/01/2022,LORETO,SUPERIOR,PENAL,PENAL,APELACION DENUNCIA,DELITOS DE CORRUPCION DE FUNCIONARIOS,1,1,160101,LORETO,MAYNAS,IQUITOS,15/06/2023
ENERO - DICIEMBRE,2021,11/01/2022,LORETO,SUPERIOR,PENAL,PENAL,APELACION DENUNCIA,,506,506,160101,LORETO,MAYNAS,IQUITOS,15/06/2023
ENERO - DICIEMBRE,2021,11/01/2022,LORETO,SUPERIOR,PENAL,PENAL,APELACION EXPEDIENTE,,67,67,160101,LORETO,MAYNAS,IQUITOS,15/06/2023
ENERO - DICIEMBRE,2021,11/01/2022,LORETO,SUPERIOR,PENAL,PENAL,CONSULTAS,DELITOS DE CORRUPCION DE FUNCIONARIOS,34,34,160101,LORETO,MAYNAS,IQUITOS,15/06/2023
ENERO - DICIEMBRE,2021,11/01/2022,LORETO,SUPERIOR,PENAL,PENAL,CONSULTAS,,106,106,160101,LORETO,MAYNAS,IQUITOS,15/06/2023
ENERO - DICIEMBRE,2021,11/01/2022,LORETO,SUPERIOR,PENAL,PENAL,DENUNCIA,DELITOS DE CORRUPCION DE FUNCIONARIOS,14,12,160101,LORETO,MAYNAS,IQUITOS,15/06/2023
ENERO - DICIEMBRE,2021,11/01/2022,LORETO,SUPERIOR,PENAL,PENAL,DENUNCIA,,43,43,160101,LORETO,MAYNAS,IQUITOS,15/06/2023
ENERO - DICIEMBRE,2021,11/01/2022,LORETO,SUPERIOR,PENAL,PENAL,EXCLUSION FISCAL,DELITOS DE CORRUPCION DE FUNCIONARIOS,5,5,160101,LORETO,MAYNAS,IQUITOS,15/06/2023
ENERO - DICIEMBRE,2021,11/01/2022,LORETO,SUPERIOR,PENAL,PENAL,EXCLUSION FISCAL,,36,36,160101,LORETO,MAYNAS,IQUITOS,15/06/2023
ENERO - DICIEMBRE,2021,11/01/2022,LORETO,SUPERIOR,PENAL,PENAL,EXPEDIENTE,,204,145,160101,LORETO,MAYNAS,IQUITOS,15/06/2023
ENERO - DICIEMBRE,2021,11/01/2022,LORETO,SUPERIOR,PENAL,PENAL,INCIDENTE-EXPEDIENTE,,18,8,160101,LORETO,MAYNAS,IQUITOS,15/06/2023
ENERO - DICIEMBRE,2021,11/01/2022,LORETO,SUPERIOR,PENAL,PENAL,QUEJAS,DELITOS DE CORRUPCION DE FUNCIONARIOS,17,17,160101,LORETO,MAYNAS,IQUITOS,15/06/2023
ENERO - DICIEMBRE,2021,11/01/2022,LORETO,SUPERIOR,PENAL,PENAL,QUEJAS,,335,335,160101,LORETO,MAYNAS,IQUITOS,15/06/2023
ENERO - DICIEMBRE,2021,11/01/2022,MADRE DE DIOS,PROVINCIAL,CIVIL,CIVIL,EXPEDIENTE,,12,5,170101,MADRE DE DIOS,TAMBOPATA,TAMBOPATA,15/06/2023
ENERO - DICIEMBRE,2021,11/01/2022,MADRE DE DIOS,PROVINCIAL,FAMILIA,ACTOS CONTRA LA LIBERTAD SEXUAL,DENUNCIA,,5,5,170101,MADRE DE DIOS,TAMBOPATA,TAMBOPATA,15/06/2023
ENERO - DICIEMBRE,2021,11/01/2022,MADRE DE DIOS,PROVINCIAL,FAMILIA,FAMILIA CIVIL,EXPEDIENTE,,138,135,170101,MADRE DE DIOS,TAMBOPATA,TAMBOPATA,15/06/2023
ENERO - DICIEMBRE,2021,11/01/2022,MADRE DE DIOS,PROVINCIAL,FAMILIA,FAMILIA PENAL,DENUNCIA,,222,170,170101,MADRE DE DIOS,TAMBOPATA,TAMBOPATA,15/06/2023
ENERO - DICIEMBRE,2021,11/01/2022,MADRE DE DIOS,PROVINCIAL,FAMILIA,FAMILIA PENAL,EXPEDIENTE,,94,93,170101,MADRE DE DIOS,TAMBOPATA,TAMBOPATA,15/06/2023
ENERO - DICIEMBRE,2021,11/01/2022,MADRE DE DIOS,PROVINCIAL,FAMILIA,FAMILIA TUTELAR,DENUNCIA,,48,42,170101,MADRE DE DIOS,TAMBOPATA,TAMBOPATA,15/06/2023
ENERO - DICIEMBRE,2021,11/01/2022,MADRE DE DIOS,PROVINCIAL,FAMILIA,FAMILIA TUTELAR,EXPEDIENTE,,112,111,170101,MADRE DE DIOS,TAMBOPATA,TAMBOPATA,15/06/2023
ENERO - DICIEMBRE,2021,11/01/2022,MADRE DE DIOS,PROVINCIAL,FAMILIA,VIOLENCIA FAMILIAR,DENUNCIA,,37,37,170101,MADRE DE DIOS,TAMBOPATA,TAMBOPATA,15/06/2023
ENERO - DICIEMBRE,2021,11/01/2022,MADRE DE DIOS,PROVINCIAL,PENAL,PENAL,DENUNCIA,CRIMINALIDAD ORGANIZADA,10,10,170101,MADRE DE DIOS,TAMBOPATA,TAMBOPATA,15/06/2023
ENERO - DICIEMBRE,2021,11/01/2022,MADRE DE DIOS,PROVINCIAL,PENAL,PENAL,INVESTIGACION PREVENTIVA,,196,196,170101,MADRE DE DIOS,TAMBOPATA,TAMBOPATA,15/06/2023
ENERO - DICIEMBRE,2021,11/01/2022,MADRE DE DIOS,PROVINCIAL,PENAL,PENAL,DENUNCIA,DELITOS DE CORRUPCION DE FUNCIONARIOS,189,189,170101,MADRE DE DIOS,TAMBOPATA,TAMBOPATA,15/06/2023
ENERO - DICIEMBRE,2021,11/01/2022,MADRE DE DIOS,PROVINCIAL,PENAL,PENAL,DENUNCIA,MATERIA AMBIENTAL,1074,1021,170101,MADRE DE DIOS,TAMBOPATA,TAMBOPATA,15/06/2023
ENERO - DICIEMBRE,2021,11/01/2022,MADRE DE DIOS,PROVINCIAL,PENAL,PENAL,DENUNCIA,DELITOS DE TRAFICO ILICITO DE DROGAS,60,60,170101,MADRE DE DIOS,TAMBOPATA,TAMBOPATA,15/06/2023
ENERO - DICIEMBRE,2021,11/01/2022,MADRE DE DIOS,PROVINCIAL,PENAL,PENAL,DENUNCIA,DELITOS DE TRATA DE PERSONAS,131,131,170101,MADRE DE DIOS,TAMBOPATA,TAMBOPATA,15/06/2023
ENERO - DICIEMBRE,2021,11/01/2022,MADRE DE DIOS,PROVINCIAL,PENAL,PENAL,DENUNCIA,,11923,11670,170101,MADRE DE DIOS,TAMBOPATA,TAMBOPATA,15/06/2023
ENERO - DICIEMBRE,2021,11/01/2022,MADRE DE DIOS,PROVINCIAL,PENAL,PENAL,EXPEDIENTE,,19,8,170101,MADRE DE DIOS,TAMBOPATA,TAMBOPATA,15/06/2023
ENERO - DICIEMBRE,2021,11/01/2022,MADRE DE DIOS,PROVINCIAL,PENAL,PENAL,INVESTIGACION PREVENTIVA,,11,10,170101,MADRE DE DIOS,TAMBOPATA,TAMBOPATA,15/06/2023
ENERO - DICIEMBRE,2021,11/01/2022,MADRE DE DIOS,PROVINCIAL,PENAL,PENAL,DENUNCIA,,5,5,170101,MADRE DE DIOS,TAMBOPATA,TAMBOPATA,15/06/2023
ENERO - DICIEMBRE,2021,11/01/2022,MADRE DE DIOS,SUPERIOR,CIVIL,CIVIL,EXPEDIENTE,,1,1,170101,MADRE DE DIOS,TAMBOPATA,TAMBOPATA,15/06/2023
ENERO - DICIEMBRE,2021,11/01/2022,MADRE DE DIOS,SUPERIOR,FAMILIA,FAMILIA CIVIL,EXPEDIENTE,,38,38,170101,MADRE DE DIOS,TAMBOPATA,TAMBOPATA,15/06/2023
ENERO - DICIEMBRE,2021,11/01/2022,MADRE DE DIOS,SUPERIOR,FAMILIA,FAMILIA CIVIL,INCIDENTE,,3,3,170101,MADRE DE DIOS,TAMBOPATA,TAMBOPATA,15/06/2023
ENERO - DICIEMBRE,2021,11/01/2022,MADRE DE DIOS,SUPERIOR,FAMILIA,FAMILIA PENAL,EXPEDIENTE,,23,23,170101,MADRE DE DIOS,TAMBOPATA,TAMBOPATA,15/06/2023
ENERO - DICIEMBRE,2021,11/01/2022,MADRE DE DIOS,SUPERIOR,FAMILIA,FAMILIA PENAL,INCIDENTE,,3,3,170101,MADRE DE DIOS,TAMBOPATA,TAMBOPATA,15/06/2023
ENERO - DICIEMBRE,2021,11/01/2022,MADRE DE DIOS,SUPERIOR,FAMILIA,FAMILIA TUTELAR,EXPEDIENTE,,1,1,170101,MADRE DE DIOS,TAMBOPATA,TAMBOPATA,15/06/2023
ENERO - DICIEMBRE,2021,11/01/2022,MADRE DE DIOS,SUPERIOR,FAMILIA,VIOLENCIA FAMILIAR,EXPEDIENTE,,63,63,170101,MADRE DE DIOS,TAMBOPATA,TAMBOPATA,15/06/2023
ENERO - DICIEMBRE,2021,11/01/2022,MADRE DE DIOS,SUPERIOR,FAMILIA,VIOLENCIA FAMILIAR,INCIDENTE,,24,24,170101,MADRE DE DIOS,TAMBOPATA,TAMBOPATA,15/06/2023
ENERO - DICIEMBRE,2021,11/01/2022,MADRE DE DIOS,SUPERIOR,PENAL,PENAL,APELACION DENUNCIA,,572,559,170101,MADRE DE DIOS,TAMBOPATA,TAMBOPATA,15/06/2023
ENERO - DICIEMBRE,2021,11/01/2022,MADRE DE DIOS,SUPERIOR,PENAL,PENAL,CONSULTAS,,19,19,170101,MADRE DE DIOS,TAMBOPATA,TAMBOPATA,15/06/2023
ENERO - DICIEMBRE,2021,11/01/2022,MADRE DE DIOS,SUPERIOR,PENAL,PENAL,DENUNCIA,,83,83,170101,MADRE DE DIOS,TAMBOPATA,TAMBOPATA,15/06/2023
ENERO - DICIEMBRE,2021,11/01/2022,MADRE DE DIOS,SUPERIOR,PENAL,PENAL,EXCLUSION FISCAL,,9,9,170101,MADRE DE DIOS,TAMBOPATA,TAMBOPATA,15/06/2023
ENERO - DICIEMBRE,2021,11/01/2022,MADRE DE DIOS,SUPERIOR,PENAL,PENAL,EXPEDIENTE,,98,97,170101,MADRE DE DIOS,TAMBOPATA,TAMBOPATA,15/06/2023
ENERO - DICIEMBRE,2021,11/01/2022,MADRE DE DIOS,SUPERIOR,PENAL,PENAL,INCIDENTE-EXPEDIENTE,,10,8,170101,MADRE DE DIOS,TAMBOPATA,TAMBOPATA,15/06/2023
ENERO - DICIEMBRE,2021,11/01/2022,MADRE DE DIOS,SUPERIOR,PENAL,PENAL,QUEJAS,,170,169,170101,MADRE DE DIOS,TAMBOPATA,TAMBOPATA,15/06/2023
ENERO - DICIEMBRE,2021,11/01/2022,MOQUEGUA,PROVINCIAL,CIVIL,CIVIL,EXPEDIENTE,,23,16,180101,MOQUEGUA,MARISCAL NIETO,MOQUEGUA,15/06/2023
ENERO - DICIEMBRE,2021,11/01/2022,MOQUEGUA,PROVINCIAL,FAMILIA,ACTOS CONTRA LA LIBERTAD SEXUAL,DENUNCIA,,4,4,180101,MOQUEGUA,MARISCAL NIETO,MOQUEGUA,15/06/2023
ENERO - DICIEMBRE,2021,11/01/2022,MOQUEGUA,PROVINCIAL,FAMILIA,FAMILIA CIVIL,EXPEDIENTE,,361,345,180101,MOQUEGUA,MARISCAL NIETO,MOQUEGUA,15/06/2023
ENERO - DICIEMBRE,2021,11/01/2022,MOQUEGUA,PROVINCIAL,FAMILIA,FAMILIA PENAL,DENUNCIA,,73,63,180101,MOQUEGUA,MARISCAL NIETO,MOQUEGUA,15/06/2023
ENERO - DICIEMBRE,2021,11/01/2022,MOQUEGUA,PROVINCIAL,FAMILIA,FAMILIA PENAL,EXPEDIENTE,,7,6,180101,MOQUEGUA,MARISCAL NIETO,MOQUEGUA,15/06/2023
ENERO - DICIEMBRE,2021,11/01/2022,MOQUEGUA,PROVINCIAL,FAMILIA,FAMILIA TUTELAR,DENUNCIA,,50,46,180101,MOQUEGUA,MARISCAL NIETO,MOQUEGUA,15/06/2023
ENERO - DICIEMBRE,2021,11/01/2022,MOQUEGUA,PROVINCIAL,FAMILIA,FAMILIA TUTELAR,EXPEDIENTE,,10,10,180101,MOQUEGUA,MARISCAL NIETO,MOQUEGUA,15/06/2023
ENERO - DICIEMBRE,2021,11/01/2022,MOQUEGUA,PROVINCIAL,FAMILIA,VIOLENCIA FAMILIAR,DENUNCIA,,2,0,180101,MOQUEGUA,MARISCAL NIETO,MOQUEGUA,15/06/2023
ENERO - DICIEMBRE,2021,11/01/2022,MOQUEGUA,PROVINCIAL,PENAL,PENAL,DENUNCIA,,65,65,180101,MOQUEGUA,MARISCAL NIETO,MOQUEGUA,15/06/2023
ENERO - DICIEMBRE,2021,11/01/2022,MOQUEGUA,PROVINCIAL,PENAL,PENAL,INVESTIGACION PREVENTIVA,,443,443,180101,MOQUEGUA,MARISCAL NIETO,MOQUEGUA,15/06/2023
ENERO - DICIEMBRE,2021,11/01/2022,MOQUEGUA,PROVINCIAL,PENAL,PENAL,DENUNCIA,DELITOS DE CORRUPCION DE FUNCIONARIOS,261,254,180101,MOQUEGUA,MARISCAL NIETO,MOQUEGUA,15/06/2023
ENERO - DICIEMBRE,2021,11/01/2022,MOQUEGUA,PROVINCIAL,PENAL,PENAL,DENUNCIA,VIOLENCIA CONTRA LA MUJER Y LOS INTEGRANTES DEL GRUPO FAMILIAR,2824,2795,180101,MOQUEGUA,MARISCAL NIETO,MOQUEGUA,15/06/2023
ENERO - DICIEMBRE,2021,11/01/2022,MOQUEGUA,PROVINCIAL,PENAL,PENAL,DENUNCIA,,6104,5798,180101,MOQUEGUA,MARISCAL NIETO,MOQUEGUA,15/06/2023
ENERO - DICIEMBRE,2021,11/01/2022,MOQUEGUA,PROVINCIAL,PENAL,PENAL,INVESTIGACION PREVENTIVA,DELITOS DE CORRUPCION DE FUNCIONARIOS,1,1,180101,MOQUEGUA,MARISCAL NIETO,MOQUEGUA,15/06/2023
ENERO - DICIEMBRE,2021,11/01/2022,MOQUEGUA,PROVINCIAL,PENAL,PENAL,INVESTIGACION PREVENTIVA,,31,26,180101,MOQUEGUA,MARISCAL NIETO,MOQUEGUA,15/06/2023
ENERO - DICIEMBRE,2021,11/01/2022,MOQUEGUA,SUPERIOR,CIVIL,CIVIL,EXPEDIENTE,,2,1,180101,MOQUEGUA,MARISCAL NIETO,MOQUEGUA,15/06/2023
ENERO - DICIEMBRE,2021,11/01/2022,MOQUEGUA,SUPERIOR,FAMILIA,FAMILIA CIVIL,EXPEDIENTE,,40,40,180101,MOQUEGUA,MARISCAL NIETO,MOQUEGUA,15/06/2023
ENERO - DICIEMBRE,2021,11/01/2022,MOQUEGUA,SUPERIOR,FAMILIA,FAMILIA PENAL,EXPEDIENTE,,7,7,180101,MOQUEGUA,MARISCAL NIETO,MOQUEGUA,15/06/2023
ENERO - DICIEMBRE,2021,11/01/2022,MOQUEGUA,SUPERIOR,FAMILIA,FAMILIA TUTELAR,EXPEDIENTE,,6,6,180101,MOQUEGUA,MARISCAL NIETO,MOQUEGUA,15/06/2023
ENERO - DICIEMBRE,2021,11/01/2022,MOQUEGUA,SUPERIOR,FAMILIA,VIOLENCIA FAMILIAR,EXPEDIENTE,,89,89,180101,MOQUEGUA,MARISCAL NIETO,MOQUEGUA,15/06/2023
ENERO - DICIEMBRE,2021,11/01/2022,MOQUEGUA,SUPERIOR,PENAL,PENAL,APELACION DENUNCIA,,311,290,180101,MOQUEGUA,MARISCAL NIETO,MOQUEGUA,15/06/2023
ENERO - DICIEMBRE,2021,11/01/2022,MOQUEGUA,SUPERIOR,PENAL,PENAL,CONSULTAS,,41,41,180101,MOQUEGUA,MARISCAL NIETO,MOQUEGUA,15/06/2023
ENERO - DICIEMBRE,2021,11/01/2022,MOQUEGUA,SUPERIOR,PENAL,PENAL,DENUNCIA,,17,17,180101,MOQUEGUA,MARISCAL NIETO,MOQUEGUA,15/06/2023
ENERO - DICIEMBRE,2021,11/01/2022,MOQUEGUA,SUPERIOR,PENAL,PENAL,EXCLUSION FISCAL,,5,5,180101,MOQUEGUA,MARISCAL NIETO,MOQUEGUA,15/06/2023
ENERO - DICIEMBRE,2021,11/01/2022,MOQUEGUA,SUPERIOR,PENAL,PENAL,INCIDENTE-EXPEDIENTE,,1,1,180101,MOQUEGUA,MARISCAL NIETO,MOQUEGUA,15/06/2023
ENERO - DICIEMBRE,2021,11/01/2022,MOQUEGUA,SUPERIOR,PENAL,PENAL,QUEJAS,,581,581,180101,MOQUEGUA,MARISCAL NIETO,MOQUEGUA,15/06/2023
ENERO - DICIEMBRE,2021,11/01/2022,PASCO,PROVINCIAL,FAMILIA,ACTOS CONTRA LA LIBERTAD SEXUAL,DENUNCIA,,3,3,190113,PASCO,PASCO,YANACANCHA,15/06/2023
ENERO - DICIEMBRE,2021,11/01/2022,PASCO,PROVINCIAL,FAMILIA,FAMILIA CIVIL,EXPEDIENTE,,253,245,190113,PASCO,PASCO,YANACANCHA,15/06/2023
ENERO - DICIEMBRE,2021,11/01/2022,PASCO,PROVINCIAL,FAMILIA,FAMILIA PENAL,DENUNCIA,,105,101,190113,PASCO,PASCO,YANACANCHA,15/06/2023
ENERO - DICIEMBRE,2021,11/01/2022,PASCO,PROVINCIAL,FAMILIA,FAMILIA PENAL,EXPEDIENTE,,20,17,190113,PASCO,PASCO,YANACANCHA,15/06/2023
ENERO - DICIEMBRE,2021,11/01/2022,PASCO,PROVINCIAL,FAMILIA,FAMILIA TUTELAR,DENUNCIA,,279,269,190113,PASCO,PASCO,YANACANCHA,15/06/2023
ENERO - DICIEMBRE,2021,11/01/2022,PASCO,PROVINCIAL,FAMILIA,FAMILIA TUTELAR,EXPEDIENTE,,3,2,190113,PASCO,PASCO,YANACANCHA,15/06/2023
ENERO - DICIEMBRE,2021,11/01/2022,PASCO,PROVINCIAL,FAMILIA,VIOLENCIA FAMILIAR,DENUNCIA,,3,3,190113,PASCO,PASCO,YANACANCHA,15/06/2023
ENERO - DICIEMBRE,2021,11/01/2022,PASCO,PROVINCIAL,FAMILIA,VIOLENCIA FAMILIAR,EXPEDIENTE,,39,36,190113,PASCO,PASCO,YANACANCHA,15/06/2023
ENERO - DICIEMBRE,2021,11/01/2022,PASCO,PROVINCIAL,PENAL,PENAL,INVESTIGACION PREVENTIVA,,141,141,190113,PASCO,PASCO,YANACANCHA,15/06/2023
ENERO - DICIEMBRE,2021,11/01/2022,PASCO,PROVINCIAL,PENAL,PENAL,DENUNCIA,DELITOS DE CORRUPCION DE FUNCIONARIOS,231,209,190113,PASCO,PASCO,YANACANCHA,15/06/2023
ENERO - DICIEMBRE,2021,11/01/2022,PASCO,PROVINCIAL,PENAL,PENAL,DENUNCIA,MATERIA AMBIENTAL,105,104,190113,PASCO,PASCO,YANACANCHA,15/06/2023
ENERO - DICIEMBRE,2021,11/01/2022,PASCO,PROVINCIAL,PENAL,PENAL,DENUNCIA,,4554,4192,190113,PASCO,PASCO,YANACANCHA,15/06/2023
ENERO - DICIEMBRE,2021,11/01/2022,PASCO,PROVINCIAL,PENAL,PENAL,INVESTIGACION PREVENTIVA,MATERIA AMBIENTAL,17,17,190113,PASCO,PASCO,YANACANCHA,15/06/2023
ENERO - DICIEMBRE,2021,11/01/2022,PASCO,PROVINCIAL,PENAL,PENAL,INVESTIGACION PREVENTIVA,,47,47,190113,PASCO,PASCO,YANACANCHA,15/06/2023
ENERO - DICIEMBRE,2021,11/01/2022,PASCO,SUPERIOR,FAMILIA,FAMILIA CIVIL,EXPEDIENTE,,2,2,190113,PASCO,PASCO,YANACANCHA,15/06/2023
ENERO - DICIEMBRE,2021,11/01/2022,PASCO,SUPERIOR,FAMILIA,FAMILIA PENAL,EXPEDIENTE,,4,4,190113,PASCO,PASCO,YANACANCHA,15/06/2023
ENERO - DICIEMBRE,2021,11/01/2022,PASCO,SUPERIOR,FAMILIA,FAMILIA TUTELAR,EXPEDIENTE,,1,1,190113,PASCO,PASCO,YANACANCHA,15/06/2023
ENERO - DICIEMBRE,2021,11/01/2022,PASCO,SUPERIOR,FAMILIA,VIOLENCIA FAMILIAR,EXPEDIENTE,,35,34,190113,PASCO,PASCO,YANACANCHA,15/06/2023
ENERO - DICIEMBRE,2021,11/01/2022,PASCO,SUPERIOR,FAMILIA,VIOLENCIA FAMILIAR,INCIDENTE,,6,6,190113,PASCO,PASCO,YANACANCHA,15/06/2023
ENERO - DICIEMBRE,2021,11/01/2022,PASCO,SUPERIOR,PENAL,PENAL,APELACION DENUNCIA,DELITOS DE CORRUPCION DE FUNCIONARIOS,17,17,190113,PASCO,PASCO,YANACANCHA,15/06/2023
ENERO - DICIEMBRE,2021,11/01/2022,PASCO,SUPERIOR,PENAL,PENAL,APELACION DENUNCIA,,136,136,190113,PASCO,PASCO,YANACANCHA,15/06/2023
ENERO - DICIEMBRE,2021,11/01/2022,PASCO,SUPERIOR,PENAL,PENAL,APELACION EXPEDIENTE,DELITOS DE CORRUPCION DE FUNCIONARIOS,11,11,190113,PASCO,PASCO,YANACANCHA,15/06/2023
ENERO - DICIEMBRE,2021,11/01/2022,PASCO,SUPERIOR,PENAL,PENAL,APELACION EXPEDIENTE,,2,2,190113,PASCO,PASCO,YANACANCHA,15/06/2023
ENERO - DICIEMBRE,2021,11/01/2022,PASCO,SUPERIOR,PENAL,PENAL,CONSULTAS,DELITOS DE CORRUPCION DE FUNCIONARIOS,9,9,190113,PASCO,PASCO,YANACANCHA,15/06/2023
ENERO - DICIEMBRE,2021,11/01/2022,PASCO,SUPERIOR,PENAL,PENAL,CONSULTAS,,70,70,190113,PASCO,PASCO,YANACANCHA,15/06/2023
ENERO - DICIEMBRE,2021,11/01/2022,PASCO,SUPERIOR,PENAL,PENAL,DENUNCIA,DELITOS DE CORRUPCION DE FUNCIONARIOS,14,14,190113,PASCO,PASCO,YANACANCHA,15/06/2023
ENERO - DICIEMBRE,2021,11/01/2022,PASCO,SUPERIOR,PENAL,PENAL,DENUNCIA,,19,19,190113,PASCO,PASCO,YANACANCHA,15/06/2023
ENERO - DICIEMBRE,2021,11/01/2022,PASCO,SUPERIOR,PENAL,PENAL,EXCLUSION FISCAL,DELITOS DE CORRUPCION DE FUNCIONARIOS,1,1,190113,PASCO,PASCO,YANACANCHA,15/06/2023
ENERO - DICIEMBRE,2021,11/01/2022,PASCO,SUPERIOR,PENAL,PENAL,EXCLUSION FISCAL,,9,9,190113,PASCO,PASCO,YANACANCHA,15/06/2023
ENERO - DICIEMBRE,2021,11/01/2022,PASCO,SUPERIOR,PENAL,PENAL,EXPEDIENTE,DELITOS DE CORRUPCION DE FUNCIONARIOS,5,5,190113,PASCO,PASCO,YANACANCHA,15/06/2023
ENERO - DICIEMBRE,2021,11/01/2022,PASCO,SUPERIOR,PENAL,PENAL,EXPEDIENTE,,7,7,190113,PASCO,PASCO,YANACANCHA,15/06/2023
ENERO - DICIEMBRE,2021,11/01/2022,PASCO,SUPERIOR,PENAL,PENAL,INCIDENTE-EXPEDIENTE,,1,1,190113,PASCO,PASCO,YANACANCHA,15/06/2023
ENERO - DICIEMBRE,2021,11/01/2022,PASCO,SUPERIOR,PENAL,PENAL,QUEJAS,DELITOS DE CORRUPCION DE FUNCIONARIOS,27,27,190113,PASCO,PASCO,YANACANCHA,15/06/2023
ENERO - DICIEMBRE,2021,11/01/2022,PASCO,SUPERIOR,PENAL,PENAL,QUEJAS,,333,333,190113,PASCO,PASCO,YANACANCHA,15/06/2023
ENERO - DICIEMBRE,2021,11/01/2022,PIURA,PROVINCIAL,CIVIL,CIVIL,EXPEDIENTE,,2,0,200101,PIURA,PIURA,PIURA,15/06/2023
ENERO - DICIEMBRE,2021,11/01/2022,PIURA,PROVINCIAL,FAMILIA,ACTOS CONTRA LA LIBERTAD SEXUAL,DENUNCIA,,12,12,200101,PIURA,PIURA,PIURA,15/06/2023
ENERO - DICIEMBRE,2021,11/01/2022,PIURA,PROVINCIAL,FAMILIA,FAMILIA CIVIL,EXPEDIENTE,,783,746,200101,PIURA,PIURA,PIURA,15/06/2023
ENERO - DICIEMBRE,2021,11/01/2022,PIURA,PROVINCIAL,FAMILIA,FAMILIA PENAL,DENUNCIA,,595,576,200101,PIURA,PIURA,PIURA,15/06/2023
ENERO - DICIEMBRE,2021,11/01/2022,PIURA,PROVINCIAL,FAMILIA,FAMILIA PENAL,EXPEDIENTE,,137,135,200101,PIURA,PIURA,PIURA,15/06/2023
ENERO - DICIEMBRE,2021,11/01/2022,PIURA,PROVINCIAL,FAMILIA,FAMILIA TUTELAR,DENUNCIA,,131,105,200101,PIURA,PIURA,PIURA,15/06/2023
ENERO - DICIEMBRE,2021,11/01/2022,PIURA,PROVINCIAL,FAMILIA,FAMILIA TUTELAR,EXPEDIENTE,,38,36,200101,PIURA,PIURA,PIURA,15/06/2023
ENERO - DICIEMBRE,2021,11/01/2022,PIURA,PROVINCIAL,FAMILIA,VIOLENCIA FAMILIAR,DENUNCIA,,26,26,200101,PIURA,PIURA,PIURA,15/06/2023
ENERO - DICIEMBRE,2021,11/01/2022,PIURA,PROVINCIAL,FAMILIA,VIOLENCIA FAMILIAR,EXPEDIENTE,,7,7,200101,PIURA,PIURA,PIURA,15/06/2023
ENERO - DICIEMBRE,2021,11/01/2022,PIURA,PROVINCIAL,PENAL,PENAL,DENUNCIA,CRIMINALIDAD ORGANIZADA,49,48,200101,PIURA,PIURA,PIURA,15/06/2023
ENERO - DICIEMBRE,2021,11/01/2022,PIURA,PROVINCIAL,PENAL,PENAL,DENUNCIA,DELITOS DE CORRUPCION DE FUNCIONARIOS,377,349,200101,PIURA,PIURA,PIURA,15/06/2023
ENERO - DICIEMBRE,2021,11/01/2022,PIURA,PROVINCIAL,PENAL,PENAL,DENUNCIA,MATERIA AMBIENTAL,178,177,200101,PIURA,PIURA,PIURA,15/06/2023
ENERO - DICIEMBRE,2021,11/01/2022,PIURA,PROVINCIAL,PENAL,PENAL,DENUNCIA,DELITOS DE TRAFICO ILICITO DE DROGAS,177,177,200101,PIURA,PIURA,PIURA,15/06/2023
ENERO - DICIEMBRE,2021,11/01/2022,PIURA,PROVINCIAL,PENAL,PENAL,DENUNCIA,DELITOS DE TRATA DE PERSONAS,93,93,200101,PIURA,PIURA,PIURA,15/06/2023
ENERO - DICIEMBRE,2021,11/01/2022,PIURA,PROVINCIAL,PENAL,PENAL,DENUNCIA,VIOLENCIA CONTRA LA MUJER Y LOS INTEGRANTES DEL GRUPO FAMILIAR,16181,15401,200101,PIURA,PIURA,PIURA,15/06/2023
ENERO - DICIEMBRE,2021,11/01/2022,PIURA,PROVINCIAL,PENAL,PENAL,DENUNCIA,,24578,22279,200101,PIURA,PIURA,PIURA,15/06/2023
ENERO - DICIEMBRE,2021,11/01/2022,PIURA,PROVINCIAL,PENAL,PENAL,INVESTIGACION PREVENTIVA,MATERIA AMBIENTAL,4,4,200101,PIURA,PIURA,PIURA,15/06/2023
ENERO - DICIEMBRE,2021,11/01/2022,PIURA,PROVINCIAL,PENAL,PENAL,INVESTIGACION PREVENTIVA,,175,175,200101,PIURA,PIURA,PIURA,15/06/2023
ENERO - DICIEMBRE,2021,11/01/2022,PIURA,SUPERIOR,CIVIL,CIVIL,EXPEDIENTE,,1,1,200101,PIURA,PIURA,PIURA,15/06/2023
ENERO - DICIEMBRE,2021,11/01/2022,PIURA,SUPERIOR,FAMILIA,FAMILIA CIVIL,EXPEDIENTE,,21,21,200101,PIURA,PIURA,PIURA,15/06/2023
ENERO - DICIEMBRE,2021,11/01/2022,PIURA,SUPERIOR,FAMILIA,FAMILIA CIVIL,INCIDENTE,,1,1,200101,PIURA,PIURA,PIURA,15/06/2023
ENERO - DICIEMBRE,2021,11/01/2022,PIURA,SUPERIOR,FAMILIA,FAMILIA PENAL,EXPEDIENTE,,35,35,200101,PIURA,PIURA,PIURA,15/06/2023
ENERO - DICIEMBRE,2021,11/01/2022,PIURA,SUPERIOR,FAMILIA,FAMILIA PENAL,INCIDENTE,,3,3,200101,PIURA,PIURA,PIURA,15/06/2023
ENERO - DICIEMBRE,2021,11/01/2022,PIURA,SUPERIOR,FAMILIA,FAMILIA TUTELAR,EXPEDIENTE,,1,1,200101,PIURA,PIURA,PIURA,15/06/2023
ENERO - DICIEMBRE,2021,11/01/2022,PIURA,SUPERIOR,FAMILIA,VIOLENCIA FAMILIAR,EXPEDIENTE,,327,327,200101,PIURA,PIURA,PIURA,15/06/2023
ENERO - DICIEMBRE,2021,11/01/2022,PIURA,SUPERIOR,FAMILIA,VIOLENCIA FAMILIAR,INCIDENTE,,36,36,200101,PIURA,PIURA,PIURA,15/06/2023
ENERO - DICIEMBRE,2021,11/01/2022,PIURA,SUPERIOR,PENAL,PENAL,APELACION DENUNCIA,,985,985,200101,PIURA,PIURA,PIURA,15/06/2023
ENERO - DICIEMBRE,2021,11/01/2022,PIURA,SUPERIOR,PENAL,PENAL,APELACION EXPEDIENTE,,340,340,200101,PIURA,PIURA,PIURA,15/06/2023
ENERO - DICIEMBRE,2021,11/01/2022,PIURA,SUPERIOR,PENAL,PENAL,CONSULTAS,,148,135,200101,PIURA,PIURA,PIURA,15/06/2023
ENERO - DICIEMBRE,2021,11/01/2022,PIURA,SUPERIOR,PENAL,PENAL,DENUNCIA,,46,46,200101,PIURA,PIURA,PIURA,15/06/2023
ENERO - DICIEMBRE,2021,11/01/2022,PIURA,SUPERIOR,PENAL,PENAL,EXCLUSION FISCAL,,14,12,200101,PIURA,PIURA,PIURA,15/06/2023
ENERO - DICIEMBRE,2021,11/01/2022,PIURA,SUPERIOR,PENAL,PENAL,EXPEDIENTE,,36,36,200101,PIURA,PIURA,PIURA,15/06/2023
ENERO - DICIEMBRE,2021,11/01/2022,PIURA,SUPERIOR,PENAL,PENAL,INCIDENTE-EXPEDIENTE,,2,2,200101,PIURA,PIURA,PIURA,15/06/2023
ENERO - DICIEMBRE,2021,11/01/2022,PIURA,SUPERIOR,PENAL,PENAL,QUEJAS,,812,749,200101,PIURA,PIURA,PIURA,15/06/2023
ENERO - DICIEMBRE,2021,11/01/2022,PUNO,PROVINCIAL,CIVIL,CIVIL,EXPEDIENTE,,33,26,210101,PUNO,PUNO,PUNO,15/06/2023
ENERO - DICIEMBRE,2021,11/01/2022,PUNO,PROVINCIAL,FAMILIA,ACTOS CONTRA LA LIBERTAD SEXUAL,DENUNCIA,,7,4,210101,PUNO,PUNO,PUNO,15/06/2023
ENERO - DICIEMBRE,2021,11/01/2022,PUNO,PROVINCIAL,FAMILIA,FAMILIA CIVIL,EXPEDIENTE,,875,805,210101,PUNO,PUNO,PUNO,15/06/2023
ENERO - DICIEMBRE,2021,11/01/2022,PUNO,PROVINCIAL,FAMILIA,FAMILIA PENAL,DENUNCIA,,364,316,210101,PUNO,PUNO,PUNO,15/06/2023
ENERO - DICIEMBRE,2021,11/01/2022,PUNO,PROVINCIAL,FAMILIA,FAMILIA PENAL,EXPEDIENTE,,91,85,210101,PUNO,PUNO,PUNO,15/06/2023
ENERO - DICIEMBRE,2021,11/01/2022,PUNO,PROVINCIAL,FAMILIA,FAMILIA TUTELAR,DENUNCIA,,270,252,210101,PUNO,PUNO,PUNO,15/06/2023
ENERO - DICIEMBRE,2021,11/01/2022,PUNO,PROVINCIAL,FAMILIA,FAMILIA TUTELAR,EXPEDIENTE,,119,104,210101,PUNO,PUNO,PUNO,15/06/2023
ENERO - DICIEMBRE,2021,11/01/2022,PUNO,PROVINCIAL,FAMILIA,VIOLENCIA FAMILIAR,DENUNCIA,,40,38,210101,PUNO,PUNO,PUNO,15/06/2023
ENERO - DICIEMBRE,2021,11/01/2022,PUNO,PROVINCIAL,FAMILIA,VIOLENCIA FAMILIAR,EXPEDIENTE,,1,1,210101,PUNO,PUNO,PUNO,15/06/2023
ENERO - DICIEMBRE,2021,11/01/2022,PUNO,PROVINCIAL,PENAL,PENAL,DENUNCIA,CRIMINALIDAD ORGANIZADA,7,7,210101,PUNO,PUNO,PUNO,15/06/2023
ENERO - DICIEMBRE,2021,11/01/2022,PUNO,PROVINCIAL,PENAL,PENAL,DENUNCIA,DELITOS DE CORRUPCION DE FUNCIONARIOS,625,503,210101,PUNO,PUNO,PUNO,15/06/2023
ENERO - DICIEMBRE,2021,11/01/2022,PUNO,PROVINCIAL,PENAL,PENAL,DENUNCIA,DELITOS ADUANEROS Y CONTRA LA PROPIEDAD INTELECTUAL,298,287,210101,PUNO,PUNO,PUNO,15/06/2023
ENERO - DICIEMBRE,2021,11/01/2022,PUNO,PROVINCIAL,PENAL,PENAL,DENUNCIA,LAVADO DE ACTIVOS Y PERDIDA DE DOMINIO,75,66,210101,PUNO,PUNO,PUNO,15/06/2023
ENERO - DICIEMBRE,2021,11/01/2022,PUNO,PROVINCIAL,PENAL,PENAL,DENUNCIA,MATERIA AMBIENTAL,263,223,210101,PUNO,PUNO,PUNO,15/06/2023
ENERO - DICIEMBRE,2021,11/01/2022,PUNO,PROVINCIAL,PENAL,PENAL,DENUNCIA,DELITOS DE TRAFICO ILICITO DE DROGAS,307,266,210101,PUNO,PUNO,PUNO,15/06/2023
ENERO - DICIEMBRE,2021,11/01/2022,PUNO,PROVINCIAL,PENAL,PENAL,DENUNCIA,DELITOS DE TRATA DE PERSONAS,105,96,210101,PUNO,PUNO,PUNO,15/06/2023
ENERO - DICIEMBRE,2021,11/01/2022,PUNO,PROVINCIAL,PENAL,PENAL,DENUNCIA,,26929,24157,210101,PUNO,PUNO,PUNO,15/06/2023
ENERO - DICIEMBRE,2021,11/01/2022,PUNO,PROVINCIAL,PENAL,PENAL,EXPEDIENTE,DELITOS ADUANEROS Y CONTRA LA PROPIEDAD INTELECTUAL,2,1,210101,PUNO,PUNO,PUNO,15/06/2023
ENERO - DICIEMBRE,2021,11/01/2022,PUNO,PROVINCIAL,PENAL,PENAL,EXPEDIENTE,DELITOS DE TRAFICO ILICITO DE DROGAS,1,1,210101,PUNO,PUNO,PUNO,15/06/2023
ENERO - DICIEMBRE,2021,11/01/2022,PUNO,PROVINCIAL,PENAL,PENAL,EXPEDIENTE,,6,2,210101,PUNO,PUNO,PUNO,15/06/2023
ENERO - DICIEMBRE,2021,11/01/2022,PUNO,PROVINCIAL,PENAL,PENAL,INVESTIGACION PREVENTIVA,DELITOS ADUANEROS Y CONTRA LA PROPIEDAD INTELECTUAL,7,7,210101,PUNO,PUNO,PUNO,15/06/2023
ENERO - DICIEMBRE,2021,11/01/2022,PUNO,PROVINCIAL,PENAL,PENAL,INVESTIGACION PREVENTIVA,MATERIA AMBIENTAL,39,28,210101,PUNO,PUNO,PUNO,15/06/2023
ENERO - DICIEMBRE,2021,11/01/2022,PUNO,PROVINCIAL,PENAL,PENAL,INVESTIGACION PREVENTIVA,,523,504,210101,PUNO,PUNO,PUNO,15/06/2023
ENERO - DICIEMBRE,2021,11/01/2022,PUNO,PROVINCIAL,PENAL,PENAL,INVESTIGACION PREVENTIVA,,680,680,210101,PUNO,PUNO,PUNO,15/06/2023
ENERO - DICIEMBRE,2021,11/01/2022,PUNO,SUPERIOR,CIVIL,CIVIL,EXPEDIENTE,,4,4,210101,PUNO,PUNO,PUNO,15/06/2023
ENERO - DICIEMBRE,2021,11/01/2022,PUNO,SUPERIOR,FAMILIA,FAMILIA CIVIL,EXPEDIENTE,,101,99,210101,PUNO,PUNO,PUNO,15/06/2023
ENERO - DICIEMBRE,2021,11/01/2022,PUNO,SUPERIOR,FAMILIA,FAMILIA CIVIL,INCIDENTE,,6,5,210101,PUNO,PUNO,PUNO,15/06/2023
ENERO - DICIEMBRE,2021,11/01/2022,PUNO,SUPERIOR,FAMILIA,FAMILIA PENAL,EXPEDIENTE,,29,29,210101,PUNO,PUNO,PUNO,15/06/2023
ENERO - DICIEMBRE,2021,11/01/2022,PUNO,SUPERIOR,FAMILIA,FAMILIA PENAL,INCIDENTE,,5,4,210101,PUNO,PUNO,PUNO,15/06/2023
ENERO - DICIEMBRE,2021,11/01/2022,PUNO,SUPERIOR,FAMILIA,FAMILIA TUTELAR,EXPEDIENTE,,54,54,210101,PUNO,PUNO,PUNO,15/06/2023
ENERO - DICIEMBRE,2021,11/01/2022,PUNO,SUPERIOR,FAMILIA,VIOLENCIA FAMILIAR,EXPEDIENTE,,53,52,210101,PUNO,PUNO,PUNO,15/06/2023
ENERO - DICIEMBRE,2021,11/01/2022,PUNO,SUPERIOR,FAMILIA,VIOLENCIA FAMILIAR,INCIDENTE,,109,103,210101,PUNO,PUNO,PUNO,15/06/2023
ENERO - DICIEMBRE,2021,11/01/2022,PUNO,SUPERIOR,PENAL,PENAL,APELACION DENUNCIA,,926,904,210101,PUNO,PUNO,PUNO,15/06/2023
ENERO - DICIEMBRE,2021,11/01/2022,PUNO,SUPERIOR,PENAL,PENAL,APELACION EXPEDIENTE,,17,17,210101,PUNO,PUNO,PUNO,15/06/2023
ENERO - DICIEMBRE,2021,11/01/2022,PUNO,SUPERIOR,PENAL,PENAL,CONSULTAS,,242,223,210101,PUNO,PUNO,PUNO,15/06/2023
ENERO - DICIEMBRE,2021,11/01/2022,PUNO,SUPERIOR,PENAL,PENAL,DENUNCIA,,59,59,210101,PUNO,PUNO,PUNO,15/06/2023
ENERO - DICIEMBRE,2021,11/01/2022,PUNO,SUPERIOR,PENAL,PENAL,EXCLUSION FISCAL,,37,34,210101,PUNO,PUNO,PUNO,15/06/2023
ENERO - DICIEMBRE,2021,11/01/2022,PUNO,SUPERIOR,PENAL,PENAL,EXPEDIENTE,,81,75,210101,PUNO,PUNO,PUNO,15/06/2023
ENERO - DICIEMBRE,2021,11/01/2022,PUNO,SUPERIOR,PENAL,PENAL,INCIDENTE-EXPEDIENTE,,11,11,210101,PUNO,PUNO,PUNO,15/06/2023
ENERO - DICIEMBRE,2021,11/01/2022,PUNO,SUPERIOR,PENAL,PENAL,QUEJAS,,1419,1391,210101,PUNO,PUNO,PUNO,15/06/2023
ENERO - DICIEMBRE,2021,11/01/2022,SAN MARTIN,PROVINCIAL,CIVIL,CIVIL,EXPEDIENTE,,43,35,220101,SAN MARTIN,MOYOBAMBA,MOYOBAMBA,15/06/2023
ENERO - DICIEMBRE,2021,11/01/2022,SAN MARTIN,PROVINCIAL,FAMILIA,ACTOS CONTRA LA LIBERTAD SEXUAL,DENUNCIA,,18,13,220101,SAN MARTIN,MOYOBAMBA,MOYOBAMBA,15/06/2023
ENERO - DICIEMBRE,2021,11/01/2022,SAN MARTIN,PROVINCIAL,FAMILIA,FAMILIA CIVIL,EXPEDIENTE,,355,326,220101,SAN MARTIN,MOYOBAMBA,MOYOBAMBA,15/06/2023
ENERO - DICIEMBRE,2021,11/01/2022,SAN MARTIN,PROVINCIAL,FAMILIA,FAMILIA PENAL,DENUNCIA,,259,147,220101,SAN MARTIN,MOYOBAMBA,MOYOBAMBA,15/06/2023
ENERO - DICIEMBRE,2021,11/01/2022,SAN MARTIN,PROVINCIAL,FAMILIA,FAMILIA PENAL,EXPEDIENTE,,105,98,220101,SAN MARTIN,MOYOBAMBA,MOYOBAMBA,15/06/2023
ENERO - DICIEMBRE,2021,11/01/2022,SAN MARTIN,PROVINCIAL,FAMILIA,FAMILIA TUTELAR,DENUNCIA,,461,187,220101,SAN MARTIN,MOYOBAMBA,MOYOBAMBA,15/06/2023
ENERO - DICIEMBRE,2021,11/01/2022,SAN MARTIN,PROVINCIAL,FAMILIA,FAMILIA TUTELAR,EXPEDIENTE,,89,85,220101,SAN MARTIN,MOYOBAMBA,MOYOBAMBA,15/06/2023
ENERO - DICIEMBRE,2021,11/01/2022,SAN MARTIN,PROVINCIAL,FAMILIA,VIOLENCIA FAMILIAR,DENUNCIA,,36,29,220101,SAN MARTIN,MOYOBAMBA,MOYOBAMBA,15/06/2023
ENERO - DICIEMBRE,2021,11/01/2022,SAN MARTIN,PROVINCIAL,PENAL,PENAL,DENUNCIA,CRIMINALIDAD ORGANIZADA,19,19,220101,SAN MARTIN,MOYOBAMBA,MOYOBAMBA,15/06/2023
ENERO - DICIEMBRE,2021,11/01/2022,SAN MARTIN,PROVINCIAL,PENAL,PENAL,INVESTIGACION PREVENTIVA,,371,371,220101,SAN MARTIN,MOYOBAMBA,MOYOBAMBA,15/06/2023
ENERO - DICIEMBRE,2021,11/01/2022,SAN MARTIN,PROVINCIAL,PENAL,PENAL,DENUNCIA,DELITOS DE CORRUPCION DE FUNCIONARIOS,271,250,220101,SAN MARTIN,MOYOBAMBA,MOYOBAMBA,15/06/2023
ENERO - DICIEMBRE,2021,11/01/2022,SAN MARTIN,PROVINCIAL,PENAL,PENAL,DENUNCIA,MATERIA AMBIENTAL,518,503,220101,SAN MARTIN,MOYOBAMBA,MOYOBAMBA,15/06/2023
ENERO - DICIEMBRE,2021,11/01/2022,SAN MARTIN,PROVINCIAL,PENAL,PENAL,DENUNCIA,DELITOS DE TRAFICO ILICITO DE DROGAS,101,101,220101,SAN MARTIN,MOYOBAMBA,MOYOBAMBA,15/06/2023
ENERO - DICIEMBRE,2021,11/01/2022,SAN MARTIN,PROVINCIAL,PENAL,PENAL,DENUNCIA,,10025,8608,220101,SAN MARTIN,MOYOBAMBA,MOYOBAMBA,15/06/2023
ENERO - DICIEMBRE,2021,11/01/2022,SAN MARTIN,PROVINCIAL,PENAL,PENAL,EXPEDIENTE,DELITOS DE TRAFICO ILICITO DE DROGAS,2,2,220101,SAN MARTIN,MOYOBAMBA,MOYOBAMBA,15/06/2023
ENERO - DICIEMBRE,2021,11/01/2022,SAN MARTIN,PROVINCIAL,PENAL,PENAL,EXPEDIENTE,,5,4,220101,SAN MARTIN,MOYOBAMBA,MOYOBAMBA,15/06/2023
ENERO - DICIEMBRE,2021,11/01/2022,SAN MARTIN,PROVINCIAL,PENAL,PENAL,INVESTIGACION PREVENTIVA,MATERIA AMBIENTAL,51,50,220101,SAN MARTIN,MOYOBAMBA,MOYOBAMBA,15/06/2023
ENERO - DICIEMBRE,2021,11/01/2022,SAN MARTIN,PROVINCIAL,PENAL,PENAL,DENUNCIA,,1,1,220101,SAN MARTIN,MOYOBAMBA,MOYOBAMBA,15/06/2023
ENERO - DICIEMBRE,2021,11/01/2022,SAN MARTIN,SUPERIOR,CIVIL,CIVIL,EXPEDIENTE,,3,3,220101,SAN MARTIN,MOYOBAMBA,MOYOBAMBA,15/06/2023
ENERO - DICIEMBRE,2021,11/01/2022,SAN MARTIN,SUPERIOR,FAMILIA,FAMILIA CIVIL,EXPEDIENTE,,23,23,220101,SAN MARTIN,MOYOBAMBA,MOYOBAMBA,15/06/2023
ENERO - DICIEMBRE,2021,11/01/2022,SAN MARTIN,SUPERIOR,FAMILIA,FAMILIA PENAL,EXPEDIENTE,,20,20,220101,SAN MARTIN,MOYOBAMBA,MOYOBAMBA,15/06/2023
ENERO - DICIEMBRE,2021,11/01/2022,SAN MARTIN,SUPERIOR,FAMILIA,FAMILIA PENAL,INCIDENTE,,1,1,220101,SAN MARTIN,MOYOBAMBA,MOYOBAMBA,15/06/2023
ENERO - DICIEMBRE,2021,11/01/2022,SAN MARTIN,SUPERIOR,FAMILIA,FAMILIA TUTELAR,EXPEDIENTE,,15,15,220101,SAN MARTIN,MOYOBAMBA,MOYOBAMBA,15/06/2023
ENERO - DICIEMBRE,2021,11/01/2022,SAN MARTIN,SUPERIOR,FAMILIA,VIOLENCIA FAMILIAR,EXPEDIENTE,,129,128,220101,SAN MARTIN,MOYOBAMBA,MOYOBAMBA,15/06/2023
ENERO - DICIEMBRE,2021,11/01/2022,SAN MARTIN,SUPERIOR,FAMILIA,VIOLENCIA FAMILIAR,INCIDENTE,,28,24,220101,SAN MARTIN,MOYOBAMBA,MOYOBAMBA,15/06/2023
ENERO - DICIEMBRE,2021,11/01/2022,SAN MARTIN,SUPERIOR,PENAL,PENAL,APELACION DENUNCIA,,497,455,220101,SAN MARTIN,MOYOBAMBA,MOYOBAMBA,15/06/2023
ENERO - DICIEMBRE,2021,11/01/2022,SAN MARTIN,SUPERIOR,PENAL,PENAL,APELACION EXPEDIENTE,,330,329,220101,SAN MARTIN,MOYOBAMBA,MOYOBAMBA,15/06/2023
ENERO - DICIEMBRE,2021,11/01/2022,SAN MARTIN,SUPERIOR,PENAL,PENAL,CONSULTAS,,147,141,220101,SAN MARTIN,MOYOBAMBA,MOYOBAMBA,15/06/2023
ENERO - DICIEMBRE,2021,11/01/2022,SAN MARTIN,SUPERIOR,PENAL,PENAL,DENUNCIA,,33,13,220101,SAN MARTIN,MOYOBAMBA,MOYOBAMBA,15/06/2023
ENERO - DICIEMBRE,2021,11/01/2022,SAN MARTIN,SUPERIOR,PENAL,PENAL,EXCLUSION FISCAL,,34,31,220101,SAN MARTIN,MOYOBAMBA,MOYOBAMBA,15/06/2023
ENERO - DICIEMBRE,2021,11/01/2022,SAN MARTIN,SUPERIOR,PENAL,PENAL,EXPEDIENTE,,38,35,220101,SAN MARTIN,MOYOBAMBA,MOYOBAMBA,15/06/2023
ENERO - DICIEMBRE,2021,11/01/2022,SAN MARTIN,SUPERIOR,PENAL,PENAL,QUEJAS,,728,693,220101,SAN MARTIN,MOYOBAMBA,MOYOBAMBA,15/06/2023
ENERO - DICIEMBRE,2021,11/01/2022,SANTA,PROVINCIAL,CIVIL,CIVIL,EXPEDIENTE,,60,48,021801,ANCASH,SANTA,CHIMBOTE,15/06/2023
ENERO - DICIEMBRE,2021,11/01/2022,SANTA,PROVINCIAL,FAMILIA,ACTOS CONTRA LA LIBERTAD SEXUAL,DENUNCIA,,35,35,021801,ANCASH,SANTA,CHIMBOTE,15/06/2023
ENERO - DICIEMBRE,2021,11/01/2022,SANTA,PROVINCIAL,FAMILIA,FAMILIA CIVIL,EXPEDIENTE,,872,769,021801,ANCASH,SANTA,CHIMBOTE,15/06/2023
ENERO - DICIEMBRE,2021,11/01/2022,SANTA,PROVINCIAL,FAMILIA,FAMILIA PENAL,DENUNCIA,,428,402,021801,ANCASH,SANTA,CHIMBOTE,15/06/2023
ENERO - DICIEMBRE,2021,11/01/2022,SANTA,PROVINCIAL,FAMILIA,FAMILIA PENAL,EXPEDIENTE,,50,50,021801,ANCASH,SANTA,CHIMBOTE,15/06/2023
ENERO - DICIEMBRE,2021,11/01/2022,SANTA,PROVINCIAL,FAMILIA,FAMILIA TUTELAR,DENUNCIA,,411,406,021801,ANCASH,SANTA,CHIMBOTE,15/06/2023
ENERO - DICIEMBRE,2021,11/01/2022,SANTA,PROVINCIAL,FAMILIA,FAMILIA TUTELAR,EXPEDIENTE,,38,36,021801,ANCASH,SANTA,CHIMBOTE,15/06/2023
ENERO - DICIEMBRE,2021,11/01/2022,SANTA,PROVINCIAL,FAMILIA,VIOLENCIA FAMILIAR,DENUNCIA,,48,48,021801,ANCASH,SANTA,CHIMBOTE,15/06/2023
ENERO - DICIEMBRE,2021,11/01/2022,SANTA,PROVINCIAL,FAMILIA,VIOLENCIA FAMILIAR,EXPEDIENTE,,1,1,021801,ANCASH,SANTA,CHIMBOTE,15/06/2023
ENERO - DICIEMBRE,2021,11/01/2022,SANTA,PROVINCIAL,PENAL,PENAL,DENUNCIA,CRIMINALIDAD ORGANIZADA,29,29,021801,ANCASH,SANTA,CHIMBOTE,15/06/2023
ENERO - DICIEMBRE,2021,11/01/2022,SANTA,PROVINCIAL,PENAL,PENAL,INVESTIGACION PREVENTIVA,,266,266,021801,ANCASH,SANTA,CHIMBOTE,15/06/2023
ENERO - DICIEMBRE,2021,11/01/2022,SANTA,PROVINCIAL,PENAL,PENAL,DENUNCIA,DELITOS DE CORRUPCION DE FUNCIONARIOS,327,303,021801,ANCASH,SANTA,CHIMBOTE,15/06/2023
ENERO - DICIEMBRE,2021,11/01/2022,SANTA,PROVINCIAL,PENAL,PENAL,DENUNCIA,LAVADO DE ACTIVOS Y PERDIDA DE DOMINIO,19,16,021801,ANCASH,SANTA,CHIMBOTE,15/06/2023
ENERO - DICIEMBRE,2021,11/01/2022,SANTA,PROVINCIAL,PENAL,PENAL,DENUNCIA,MATERIA AMBIENTAL,172,166,021801,ANCASH,SANTA,CHIMBOTE,15/06/2023
ENERO - DICIEMBRE,2021,11/01/2022,SANTA,PROVINCIAL,PENAL,PENAL,DENUNCIA,DELITOS DE TRAFICO ILICITO DE DROGAS,74,74,021801,ANCASH,SANTA,CHIMBOTE,15/06/2023
ENERO - DICIEMBRE,2021,11/01/2022,SANTA,PROVINCIAL,PENAL,PENAL,DENUNCIA,,20185,18095,021801,ANCASH,SANTA,CHIMBOTE,15/06/2023
ENERO - DICIEMBRE,2021,11/01/2022,SANTA,PROVINCIAL,PENAL,PENAL,EXPEDIENTE,,12,8,021801,ANCASH,SANTA,CHIMBOTE,15/06/2023
ENERO - DICIEMBRE,2021,11/01/2022,SANTA,PROVINCIAL,PENAL,PENAL,INVESTIGACION PREVENTIVA,DELITOS DE CORRUPCION DE FUNCIONARIOS,1,0,021801,ANCASH,SANTA,CHIMBOTE,15/06/2023
ENERO - DICIEMBRE,2021,11/01/2022,SANTA,PROVINCIAL,PENAL,PENAL,INVESTIGACION PREVENTIVA,MATERIA AMBIENTAL,18,18,021801,ANCASH,SANTA,CHIMBOTE,15/06/2023
ENERO - DICIEMBRE,2021,11/01/2022,SANTA,PROVINCIAL,PENAL,PENAL,DENUNCIA,,9,5,021801,ANCASH,SANTA,CHIMBOTE,15/06/2023
ENERO - DICIEMBRE,2021,11/01/2022,SANTA,SUPERIOR,FAMILIA,FAMILIA CIVIL,EXPEDIENTE,,41,41,021801,ANCASH,SANTA,CHIMBOTE,15/06/2023
ENERO - DICIEMBRE,2021,11/01/2022,SANTA,SUPERIOR,FAMILIA,FAMILIA PENAL,EXPEDIENTE,,11,11,021801,ANCASH,SANTA,CHIMBOTE,15/06/2023
ENERO - DICIEMBRE,2021,11/01/2022,SANTA,SUPERIOR,FAMILIA,FAMILIA TUTELAR,EXPEDIENTE,,7,7,021801,ANCASH,SANTA,CHIMBOTE,15/06/2023
ENERO - DICIEMBRE,2021,11/01/2022,SANTA,SUPERIOR,FAMILIA,VIOLENCIA FAMILIAR,EXPEDIENTE,,217,216,021801,ANCASH,SANTA,CHIMBOTE,15/06/2023
ENERO - DICIEMBRE,2021,11/01/2022,SANTA,SUPERIOR,PENAL,PENAL,APELACION DENUNCIA,DELITOS DE CORRUPCION DE FUNCIONARIOS,17,17,021801,ANCASH,SANTA,CHIMBOTE,15/06/2023
ENERO - DICIEMBRE,2021,11/01/2022,SANTA,SUPERIOR,PENAL,PENAL,APELACION DENUNCIA,,786,775,021801,ANCASH,SANTA,CHIMBOTE,15/06/2023
ENERO - DICIEMBRE,2021,11/01/2022,SANTA,SUPERIOR,PENAL,PENAL,APELACION EXPEDIENTE,DELITOS DE CORRUPCION DE FUNCIONARIOS,48,48,021801,ANCASH,SANTA,CHIMBOTE,15/06/2023
ENERO - DICIEMBRE,2021,11/01/2022,SANTA,SUPERIOR,PENAL,PENAL,APELACION EXPEDIENTE,,13,13,021801,ANCASH,SANTA,CHIMBOTE,15/06/2023
ENERO - DICIEMBRE,2021,11/01/2022,SANTA,SUPERIOR,PENAL,PENAL,CONSULTAS,DELITOS DE CORRUPCION DE FUNCIONARIOS,9,9,021801,ANCASH,SANTA,CHIMBOTE,15/06/2023
ENERO - DICIEMBRE,2021,11/01/2022,SANTA,SUPERIOR,PENAL,PENAL,CONSULTAS,,127,127,021801,ANCASH,SANTA,CHIMBOTE,15/06/2023
ENERO - DICIEMBRE,2021,11/01/2022,SANTA,SUPERIOR,PENAL,PENAL,DENUNCIA,DELITOS DE CORRUPCION DE FUNCIONARIOS,11,11,021801,ANCASH,SANTA,CHIMBOTE,15/06/2023
ENERO - DICIEMBRE,2021,11/01/2022,SANTA,SUPERIOR,PENAL,PENAL,DENUNCIA,,27,27,021801,ANCASH,SANTA,CHIMBOTE,15/06/2023
ENERO - DICIEMBRE,2021,11/01/2022,SANTA,SUPERIOR,PENAL,PENAL,EXCLUSION FISCAL,DELITOS DE CORRUPCION DE FUNCIONARIOS,1,1,021801,ANCASH,SANTA,CHIMBOTE,15/06/2023
ENERO - DICIEMBRE,2021,11/01/2022,SANTA,SUPERIOR,PENAL,PENAL,EXCLUSION FISCAL,,8,8,021801,ANCASH,SANTA,CHIMBOTE,15/06/2023
ENERO - DICIEMBRE,2021,11/01/2022,SANTA,SUPERIOR,PENAL,PENAL,EXPEDIENTE,,26,25,021801,ANCASH,SANTA,CHIMBOTE,15/06/2023
ENERO - DICIEMBRE,2021,11/01/2022,SANTA,SUPERIOR,PENAL,PENAL,INCIDENTE-EXPEDIENTE,,30,30,021801,ANCASH,SANTA,CHIMBOTE,15/06/2023
ENERO - DICIEMBRE,2021,11/01/2022,SANTA,SUPERIOR,PENAL,PENAL,QUEJAS,DELITOS DE CORRUPCION DE FUNCIONARIOS,74,74,021801,ANCASH,SANTA,CHIMBOTE,15/06/2023
ENERO - DICIEMBRE,2021,11/01/2022,SANTA,SUPERIOR,PENAL,PENAL,QUEJAS,,873,862,021801,ANCASH,SANTA,CHIMBOTE,15/06/2023
ENERO - DICIEMBRE,2021,11/01/2022,SELVA CENTRAL,PROVINCIAL,CIVIL,CIVIL,EXPEDIENTE,,3,1,120301,JUNIN,CHANCHAMAYO,CHANCHAMAYO,15/06/2023
ENERO - DICIEMBRE,2021,11/01/2022,SELVA CENTRAL,PROVINCIAL,FAMILIA,ACTOS CONTRA LA LIBERTAD SEXUAL,DENUNCIA,,6,5,120301,JUNIN,CHANCHAMAYO,CHANCHAMAYO,15/06/2023
ENERO - DICIEMBRE,2021,11/01/2022,SELVA CENTRAL,PROVINCIAL,FAMILIA,FAMILIA CIVIL,EXPEDIENTE,,299,271,120301,JUNIN,CHANCHAMAYO,CHANCHAMAYO,15/06/2023
ENERO - DICIEMBRE,2021,11/01/2022,SELVA CENTRAL,PROVINCIAL,FAMILIA,FAMILIA PENAL,DENUNCIA,,377,354,120301,JUNIN,CHANCHAMAYO,CHANCHAMAYO,15/06/2023
ENERO - DICIEMBRE,2021,11/01/2022,SELVA CENTRAL,PROVINCIAL,FAMILIA,FAMILIA PENAL,EXPEDIENTE,,123,87,120301,JUNIN,CHANCHAMAYO,CHANCHAMAYO,15/06/2023
ENERO - DICIEMBRE,2021,11/01/2022,SELVA CENTRAL,PROVINCIAL,FAMILIA,FAMILIA TUTELAR,DENUNCIA,,86,82,120301,JUNIN,CHANCHAMAYO,CHANCHAMAYO,15/06/2023
ENERO - DICIEMBRE,2021,11/01/2022,SELVA CENTRAL,PROVINCIAL,FAMILIA,FAMILIA TUTELAR,EXPEDIENTE,,34,30,120301,JUNIN,CHANCHAMAYO,CHANCHAMAYO,15/06/2023
ENERO - DICIEMBRE,2021,11/01/2022,SELVA CENTRAL,PROVINCIAL,FAMILIA,VIOLENCIA FAMILIAR,DENUNCIA,,17,17,120301,JUNIN,CHANCHAMAYO,CHANCHAMAYO,15/06/2023
ENERO - DICIEMBRE,2021,11/01/2022,SELVA CENTRAL,PROVINCIAL,FAMILIA,VIOLENCIA FAMILIAR,EXPEDIENTE,,3,3,120301,JUNIN,CHANCHAMAYO,CHANCHAMAYO,15/06/2023
ENERO - DICIEMBRE,2021,11/01/2022,SELVA CENTRAL,PROVINCIAL,PENAL,PENAL,INVESTIGACION PREVENTIVA,,515,515,120301,JUNIN,CHANCHAMAYO,CHANCHAMAYO,15/06/2023
ENERO - DICIEMBRE,2021,11/01/2022,SELVA CENTRAL,PROVINCIAL,PENAL,PENAL,DENUNCIA,DELITOS DE CORRUPCION DE FUNCIONARIOS,488,480,120301,JUNIN,CHANCHAMAYO,CHANCHAMAYO,15/06/2023
ENERO - DICIEMBRE,2021,11/01/2022,SELVA CENTRAL,PROVINCIAL,PENAL,PENAL,DENUNCIA,MATERIA AMBIENTAL,134,134,120301,JUNIN,CHANCHAMAYO,CHANCHAMAYO,15/06/2023
ENERO - DICIEMBRE,2021,11/01/2022,SELVA CENTRAL,PROVINCIAL,PENAL,PENAL,DENUNCIA,DELITOS DE TRAFICO ILICITO DE DROGAS,132,130,120301,JUNIN,CHANCHAMAYO,CHANCHAMAYO,15/06/2023
ENERO - DICIEMBRE,2021,11/01/2022,SELVA CENTRAL,PROVINCIAL,PENAL,PENAL,DENUNCIA,,13417,10535,120301,JUNIN,CHANCHAMAYO,CHANCHAMAYO,15/06/2023
ENERO - DICIEMBRE,2021,11/01/2022,SELVA CENTRAL,PROVINCIAL,PENAL,PENAL,INVESTIGACION PREVENTIVA,MATERIA AMBIENTAL,14,14,120301,JUNIN,CHANCHAMAYO,CHANCHAMAYO,15/06/2023
ENERO - DICIEMBRE,2021,11/01/2022,SELVA CENTRAL,PROVINCIAL,PENAL,PENAL,INVESTIGACION PREVENTIVA,,58,50,120301,JUNIN,CHANCHAMAYO,CHANCHAMAYO,15/06/2023
ENERO - DICIEMBRE,2021,11/01/2022,SELVA CENTRAL,SUPERIOR,CIVIL,CIVIL,EXPEDIENTE,,1,1,120301,JUNIN,CHANCHAMAYO,CHANCHAMAYO,15/06/2023
ENERO - DICIEMBRE,2021,11/01/2022,SELVA CENTRAL,SUPERIOR,FAMILIA,FAMILIA CIVIL,EXPEDIENTE,,19,19,120301,JUNIN,CHANCHAMAYO,CHANCHAMAYO,15/06/2023
ENERO - DICIEMBRE,2021,11/01/2022,SELVA CENTRAL,SUPERIOR,FAMILIA,FAMILIA CIVIL,INCIDENTE,,3,3,120301,JUNIN,CHANCHAMAYO,CHANCHAMAYO,15/06/2023
ENERO - DICIEMBRE,2021,11/01/2022,SELVA CENTRAL,SUPERIOR,FAMILIA,FAMILIA PENAL,EXPEDIENTE,,7,5,120301,JUNIN,CHANCHAMAYO,CHANCHAMAYO,15/06/2023
ENERO - DICIEMBRE,2021,11/01/2022,SELVA CENTRAL,SUPERIOR,FAMILIA,FAMILIA PENAL,INCIDENTE,,9,9,120301,JUNIN,CHANCHAMAYO,CHANCHAMAYO,15/06/2023
ENERO - DICIEMBRE,2021,11/01/2022,SELVA CENTRAL,SUPERIOR,FAMILIA,FAMILIA TUTELAR,EXPEDIENTE,,20,20,120301,JUNIN,CHANCHAMAYO,CHANCHAMAYO,15/06/2023
ENERO - DICIEMBRE,2021,11/01/2022,SELVA CENTRAL,SUPERIOR,FAMILIA,VIOLENCIA FAMILIAR,EXPEDIENTE,,44,44,120301,JUNIN,CHANCHAMAYO,CHANCHAMAYO,15/06/2023
ENERO - DICIEMBRE,2021,11/01/2022,SELVA CENTRAL,SUPERIOR,FAMILIA,VIOLENCIA FAMILIAR,INCIDENTE,,2,2,120301,JUNIN,CHANCHAMAYO,CHANCHAMAYO,15/06/2023
ENERO - DICIEMBRE,2021,11/01/2022,SELVA CENTRAL,SUPERIOR,PENAL,PENAL,APELACION DENUNCIA,,394,394,120301,JUNIN,CHANCHAMAYO,CHANCHAMAYO,15/06/2023
ENERO - DICIEMBRE,2021,11/01/2022,SELVA CENTRAL,SUPERIOR,PENAL,PENAL,APELACION EXPEDIENTE,,14,14,120301,JUNIN,CHANCHAMAYO,CHANCHAMAYO,15/06/2023
ENERO - DICIEMBRE,2021,11/01/2022,SELVA CENTRAL,SUPERIOR,PENAL,PENAL,CONSULTAS,,78,78,120301,JUNIN,CHANCHAMAYO,CHANCHAMAYO,15/06/2023
ENERO - DICIEMBRE,2021,11/01/2022,SELVA CENTRAL,SUPERIOR,PENAL,PENAL,DENUNCIA,,32,32,120301,JUNIN,CHANCHAMAYO,CHANCHAMAYO,15/06/2023
ENERO - DICIEMBRE,2021,11/01/2022,SELVA CENTRAL,SUPERIOR,PENAL,PENAL,EXCLUSION FISCAL,,15,14,120301,JUNIN,CHANCHAMAYO,CHANCHAMAYO,15/06/2023
ENERO - DICIEMBRE,2021,11/01/2022,SELVA CENTRAL,SUPERIOR,PENAL,PENAL,EXPEDIENTE,,77,65,120301,JUNIN,CHANCHAMAYO,CHANCHAMAYO,15/06/2023
ENERO - DICIEMBRE,2021,11/01/2022,SELVA CENTRAL,SUPERIOR,PENAL,PENAL,INCIDENTE-EXPEDIENTE,,49,41,120301,JUNIN,CHANCHAMAYO,CHANCHAMAYO,15/06/2023
ENERO - DICIEMBRE,2021,11/01/2022,SELVA CENTRAL,SUPERIOR,PENAL,PENAL,QUEJAS,,232,232,120301,JUNIN,CHANCHAMAYO,CHANCHAMAYO,15/06/2023
ENERO - DICIEMBRE,2021,11/01/2022,SULLANA,PROVINCIAL,CIVIL,CIVIL,EXPEDIENTE,,2,0,200601,PIURA,SULLANA,SULLANA,15/06/2023
ENERO - DICIEMBRE,2021,11/01/2022,SULLANA,PROVINCIAL,FAMILIA,ACTOS CONTRA LA LIBERTAD SEXUAL,DENUNCIA,,22,21,200601,PIURA,SULLANA,SULLANA,15/06/2023
ENERO - DICIEMBRE,2021,11/01/2022,SULLANA,PROVINCIAL,FAMILIA,FAMILIA CIVIL,EXPEDIENTE,,433,430,200601,PIURA,SULLANA,SULLANA,15/06/2023
ENERO - DICIEMBRE,2021,11/01/2022,SULLANA,PROVINCIAL,FAMILIA,FAMILIA PENAL,DENUNCIA,,194,173,200601,PIURA,SULLANA,SULLANA,15/06/2023
ENERO - DICIEMBRE,2021,11/01/2022,SULLANA,PROVINCIAL,FAMILIA,FAMILIA PENAL,EXPEDIENTE,,89,88,200601,PIURA,SULLANA,SULLANA,15/06/2023
ENERO - DICIEMBRE,2021,11/01/2022,SULLANA,PROVINCIAL,FAMILIA,FAMILIA TUTELAR,DENUNCIA,,40,37,200601,PIURA,SULLANA,SULLANA,15/06/2023
ENERO - DICIEMBRE,2021,11/01/2022,SULLANA,PROVINCIAL,FAMILIA,FAMILIA TUTELAR,EXPEDIENTE,,21,19,200601,PIURA,SULLANA,SULLANA,15/06/2023
ENERO - DICIEMBRE,2021,11/01/2022,SULLANA,PROVINCIAL,FAMILIA,VIOLENCIA FAMILIAR,EXPEDIENTE,,3,2,200601,PIURA,SULLANA,SULLANA,15/06/2023
ENERO - DICIEMBRE,2021,11/01/2022,SULLANA,PROVINCIAL,FAMILIA,VIOLENCIA FAMILIAR,DENUNCIA,,102,96,200601,PIURA,SULLANA,SULLANA,15/06/2023
ENERO - DICIEMBRE,2021,11/01/2022,SULLANA,PROVINCIAL,PENAL,PENAL,DENUNCIA,,13,13,200601,PIURA,SULLANA,SULLANA,15/06/2023
ENERO - DICIEMBRE,2021,11/01/2022,SULLANA,PROVINCIAL,PENAL,PENAL,INVESTIGACION PREVENTIVA,,381,376,200601,PIURA,SULLANA,SULLANA,15/06/2023
ENERO - DICIEMBRE,2021,11/01/2022,SULLANA,PROVINCIAL,PENAL,PENAL,DENUNCIA,DELITOS DE CORRUPCION DE FUNCIONARIOS,139,133,200601,PIURA,SULLANA,SULLANA,15/06/2023
ENERO - DICIEMBRE,2021,11/01/2022,SULLANA,PROVINCIAL,PENAL,PENAL,DENUNCIA,MATERIA AMBIENTAL,268,252,200601,PIURA,SULLANA,SULLANA,15/06/2023
ENERO - DICIEMBRE,2021,11/01/2022,SULLANA,PROVINCIAL,PENAL,PENAL,DENUNCIA,,12629,11462,200601,PIURA,SULLANA,SULLANA,15/06/2023
ENERO - DICIEMBRE,2021,11/01/2022,SULLANA,PROVINCIAL,PENAL,PENAL,EXPEDIENTE,,4,4,200601,PIURA,SULLANA,SULLANA,15/06/2023
ENERO - DICIEMBRE,2021,11/01/2022,SULLANA,PROVINCIAL,PENAL,PENAL,INVESTIGACION PREVENTIVA,,4,4,200601,PIURA,SULLANA,SULLANA,15/06/2023
ENERO - DICIEMBRE,2021,11/01/2022,SULLANA,SUPERIOR,FAMILIA,FAMILIA CIVIL,EXPEDIENTE,,14,14,200601,PIURA,SULLANA,SULLANA,15/06/2023
ENERO - DICIEMBRE,2021,11/01/2022,SULLANA,SUPERIOR,FAMILIA,FAMILIA PENAL,EXPEDIENTE,,22,22,200601,PIURA,SULLANA,SULLANA,15/06/2023
ENERO - DICIEMBRE,2021,11/01/2022,SULLANA,SUPERIOR,FAMILIA,VIOLENCIA FAMILIAR,EXPEDIENTE,,96,96,200601,PIURA,SULLANA,SULLANA,15/06/2023
ENERO - DICIEMBRE,2021,11/01/2022,SULLANA,SUPERIOR,FAMILIA,VIOLENCIA FAMILIAR,INCIDENTE,,1,1,200601,PIURA,SULLANA,SULLANA,15/06/2023
ENERO - DICIEMBRE,2021,11/01/2022,SULLANA,SUPERIOR,PENAL,PENAL,APELACION DENUNCIA,,1115,1115,200601,PIURA,SULLANA,SULLANA,15/06/2023
ENERO - DICIEMBRE,2021,11/01/2022,SULLANA,SUPERIOR,PENAL,PENAL,APELACION EXPEDIENTE,,4,4,200601,PIURA,SULLANA,SULLANA,15/06/2023
ENERO - DICIEMBRE,2021,11/01/2022,SULLANA,SUPERIOR,PENAL,PENAL,CONSULTAS,,54,54,200601,PIURA,SULLANA,SULLANA,15/06/2023
ENERO - DICIEMBRE,2021,11/01/2022,SULLANA,SUPERIOR,PENAL,PENAL,DENUNCIA,,68,68,200601,PIURA,SULLANA,SULLANA,15/06/2023
ENERO - DICIEMBRE,2021,11/01/2022,SULLANA,SUPERIOR,PENAL,PENAL,EXCLUSION FISCAL,,2,2,200601,PIURA,SULLANA,SULLANA,15/06/2023
ENERO - DICIEMBRE,2021,11/01/2022,SULLANA,SUPERIOR,PENAL,PENAL,EXPEDIENTE,,4,4,200601,PIURA,SULLANA,SULLANA,15/06/2023
ENERO - DICIEMBRE,2021,11/01/2022,SULLANA,SUPERIOR,PENAL,PENAL,INCIDENTE-EXPEDIENTE,,35,35,200601,PIURA,SULLANA,SULLANA,15/06/2023
ENERO - DICIEMBRE,2021,11/01/2022,SULLANA,SUPERIOR,PENAL,PENAL,QUEJAS,,511,511,200601,PIURA,SULLANA,SULLANA,15/06/2023
ENERO - DICIEMBRE,2021,11/01/2022,TACNA,PROVINCIAL,CIVIL,CIVIL,EXPEDIENTE,,29,27,230101,TACNA,TACNA,TACNA,15/06/2023
ENERO - DICIEMBRE,2021,11/01/2022,TACNA,PROVINCIAL,FAMILIA,FAMILIA CIVIL,EXPEDIENTE,,758,719,230101,TACNA,TACNA,TACNA,15/06/2023
ENERO - DICIEMBRE,2021,11/01/2022,TACNA,PROVINCIAL,FAMILIA,FAMILIA PENAL,DENUNCIA,,126,90,230101,TACNA,TACNA,TACNA,15/06/2023
ENERO - DICIEMBRE,2021,11/01/2022,TACNA,PROVINCIAL,FAMILIA,FAMILIA PENAL,EXPEDIENTE,,36,33,230101,TACNA,TACNA,TACNA,15/06/2023
ENERO - DICIEMBRE,2021,11/01/2022,TACNA,PROVINCIAL,FAMILIA,FAMILIA TUTELAR,DENUNCIA,,9,8,230101,TACNA,TACNA,TACNA,15/06/2023
ENERO - DICIEMBRE,2021,11/01/2022,TACNA,PROVINCIAL,FAMILIA,FAMILIA TUTELAR,EXPEDIENTE,,70,68,230101,TACNA,TACNA,TACNA,15/06/2023
ENERO - DICIEMBRE,2021,11/01/2022,TACNA,PROVINCIAL,PENAL,PENAL,INVESTIGACION PREVENTIVA,,755,751,230101,TACNA,TACNA,TACNA,15/06/2023
ENERO - DICIEMBRE,2021,11/01/2022,TACNA,PROVINCIAL,PENAL,PENAL,DENUNCIA,DELITOS DE CORRUPCION DE FUNCIONARIOS,288,251,230101,TACNA,TACNA,TACNA,15/06/2023
ENERO - DICIEMBRE,2021,11/01/2022,TACNA,PROVINCIAL,PENAL,PENAL,DENUNCIA,LAVADO DE ACTIVOS Y PERDIDA DE DOMINIO,42,38,230101,TACNA,TACNA,TACNA,15/06/2023
ENERO - DICIEMBRE,2021,11/01/2022,TACNA,PROVINCIAL,PENAL,PENAL,DENUNCIA,MATERIA AMBIENTAL,127,126,230101,TACNA,TACNA,TACNA,15/06/2023
ENERO - DICIEMBRE,2021,11/01/2022,TACNA,PROVINCIAL,PENAL,PENAL,DENUNCIA,DELITOS DE TRAFICO ILICITO DE DROGAS,55,55,230101,TACNA,TACNA,TACNA,15/06/2023
ENERO - DICIEMBRE,2021,11/01/2022,TACNA,PROVINCIAL,PENAL,PENAL,DENUNCIA,DELITOS DE TRATA DE PERSONAS,81,81,230101,TACNA,TACNA,TACNA,15/06/2023
ENERO - DICIEMBRE,2021,11/01/2022,TACNA,PROVINCIAL,PENAL,PENAL,DENUNCIA,VIOLENCIA CONTRA LA MUJER Y LOS INTEGRANTES DEL GRUPO FAMILIAR,1692,1491,230101,TACNA,TACNA,TACNA,15/06/2023
ENERO - DICIEMBRE,2021,11/01/2022,TACNA,PROVINCIAL,PENAL,PENAL,DENUNCIA,,12665,11581,230101,TACNA,TACNA,TACNA,15/06/2023
ENERO - DICIEMBRE,2021,11/01/2022,TACNA,PROVINCIAL,PENAL,PENAL,EXPEDIENTE,,3,1,230101,TACNA,TACNA,TACNA,15/06/2023
ENERO - DICIEMBRE,2021,11/01/2022,TACNA,PROVINCIAL,PENAL,PENAL,INVESTIGACION PREVENTIVA,DELITOS DE CORRUPCION DE FUNCIONARIOS,8,8,230101,TACNA,TACNA,TACNA,15/06/2023
ENERO - DICIEMBRE,2021,11/01/2022,TACNA,PROVINCIAL,PENAL,PENAL,INVESTIGACION PREVENTIVA,MATERIA AMBIENTAL,33,33,230101,TACNA,TACNA,TACNA,15/06/2023
ENERO - DICIEMBRE,2021,11/01/2022,TACNA,SUPERIOR,CIVIL,CIVIL,EXPEDIENTE,,22,22,230101,TACNA,TACNA,TACNA,15/06/2023
ENERO - DICIEMBRE,2021,11/01/2022,TACNA,SUPERIOR,FAMILIA,FAMILIA CIVIL,EXPEDIENTE,,133,133,230101,TACNA,TACNA,TACNA,15/06/2023
ENERO - DICIEMBRE,2021,11/01/2022,TACNA,SUPERIOR,FAMILIA,FAMILIA PENAL,EXPEDIENTE,,20,20,230101,TACNA,TACNA,TACNA,15/06/2023
ENERO - DICIEMBRE,2021,11/01/2022,TACNA,SUPERIOR,FAMILIA,FAMILIA TUTELAR,EXPEDIENTE,,3,3,230101,TACNA,TACNA,TACNA,15/06/2023
ENERO - DICIEMBRE,2021,11/01/2022,TACNA,SUPERIOR,FAMILIA,VIOLENCIA FAMILIAR,EXPEDIENTE,,148,148,230101,TACNA,TACNA,TACNA,15/06/2023
ENERO - DICIEMBRE,2021,11/01/2022,TACNA,SUPERIOR,PENAL,PENAL,QUEJAS,,1147,1147,230101,TACNA,TACNA,TACNA,15/06/2023
ENERO - DICIEMBRE,2021,11/01/2022,TACNA,SUPERIOR,PENAL,PENAL,APELACION DENUNCIA,,669,669,230101,TACNA,TACNA,TACNA,15/06/2023
ENERO - DICIEMBRE,2021,11/01/2022,TACNA,SUPERIOR,PENAL,PENAL,CONSULTAS,,153,153,230101,TACNA,TACNA,TACNA,15/06/2023
ENERO - DICIEMBRE,2021,11/01/2022,TACNA,SUPERIOR,PENAL,PENAL,DENUNCIA,,27,27,230101,TACNA,TACNA,TACNA,15/06/2023
ENERO - DICIEMBRE,2021,11/01/2022,TACNA,SUPERIOR,PENAL,PENAL,EXCLUSION FISCAL,,4,4,230101,TACNA,TACNA,TACNA,15/06/2023
ENERO - DICIEMBRE,2021,11/01/2022,TACNA,SUPERIOR,PENAL,PENAL,EXPEDIENTE,,23,23,230101,TACNA,TACNA,TACNA,15/06/2023
ENERO - DICIEMBRE,2021,11/01/2022,TACNA,SUPERIOR,PENAL,PENAL,INCIDENTE-EXPEDIENTE,,5,5,230101,TACNA,TACNA,TACNA,15/06/2023
ENERO - DICIEMBRE,2021,11/01/2022,TUMBES,PROVINCIAL,CIVIL,CIVIL,EXPEDIENTE,,3,3,240101,TUMBES,TUMBES,TUMBES,15/06/2023
ENERO - DICIEMBRE,2021,11/01/2022,TUMBES,PROVINCIAL,FAMILIA,ACTOS CONTRA LA LIBERTAD SEXUAL,DENUNCIA,,3,3,240101,TUMBES,TUMBES,TUMBES,15/06/2023
ENERO - DICIEMBRE,2021,11/01/2022,TUMBES,PROVINCIAL,FAMILIA,FAMILIA CIVIL,EXPEDIENTE,,313,282,240101,TUMBES,TUMBES,TUMBES,15/06/2023
ENERO - DICIEMBRE,2021,11/01/2022,TUMBES,PROVINCIAL,FAMILIA,FAMILIA PENAL,DENUNCIA,,239,231,240101,TUMBES,TUMBES,TUMBES,15/06/2023
ENERO - DICIEMBRE,2021,11/01/2022,TUMBES,PROVINCIAL,FAMILIA,FAMILIA PENAL,EXPEDIENTE,,80,80,240101,TUMBES,TUMBES,TUMBES,15/06/2023
ENERO - DICIEMBRE,2021,11/01/2022,TUMBES,PROVINCIAL,FAMILIA,FAMILIA TUTELAR,DENUNCIA,,14,13,240101,TUMBES,TUMBES,TUMBES,15/06/2023
ENERO - DICIEMBRE,2021,11/01/2022,TUMBES,PROVINCIAL,FAMILIA,FAMILIA TUTELAR,EXPEDIENTE,,18,18,240101,TUMBES,TUMBES,TUMBES,15/06/2023
ENERO - DICIEMBRE,2021,11/01/2022,TUMBES,PROVINCIAL,PENAL,PENAL,DENUNCIA,CRIMINALIDAD ORGANIZADA,9,9,240101,TUMBES,TUMBES,TUMBES,15/06/2023
ENERO - DICIEMBRE,2021,11/01/2022,TUMBES,PROVINCIAL,PENAL,PENAL,INVESTIGACION PREVENTIVA,,191,191,240101,TUMBES,TUMBES,TUMBES,15/06/2023
ENERO - DICIEMBRE,2021,11/01/2022,TUMBES,PROVINCIAL,PENAL,PENAL,DENUNCIA,DELITOS DE CORRUPCION DE FUNCIONARIOS,168,155,240101,TUMBES,TUMBES,TUMBES,15/06/2023
ENERO - DICIEMBRE,2021,11/01/2022,TUMBES,PROVINCIAL,PENAL,PENAL,DENUNCIA,DELITOS ADUANEROS Y CONTRA LA PROPIEDAD INTELECTUAL,284,268,240101,TUMBES,TUMBES,TUMBES,15/06/2023
ENERO - DICIEMBRE,2021,11/01/2022,TUMBES,PROVINCIAL,PENAL,PENAL,DENUNCIA,LAVADO DE ACTIVOS Y PERDIDA DE DOMINIO,18,16,240101,TUMBES,TUMBES,TUMBES,15/06/2023
ENERO - DICIEMBRE,2021,11/01/2022,TUMBES,PROVINCIAL,PENAL,PENAL,DENUNCIA,MATERIA AMBIENTAL,171,171,240101,TUMBES,TUMBES,TUMBES,15/06/2023
ENERO - DICIEMBRE,2021,11/01/2022,TUMBES,PROVINCIAL,PENAL,PENAL,DENUNCIA,DELITOS DE TRAFICO ILICITO DE DROGAS,111,111,240101,TUMBES,TUMBES,TUMBES,15/06/2023
ENERO - DICIEMBRE,2021,11/01/2022,TUMBES,PROVINCIAL,PENAL,PENAL,DENUNCIA,DELITOS DE TRATA DE PERSONAS,99,98,240101,TUMBES,TUMBES,TUMBES,15/06/2023
ENERO - DICIEMBRE,2021,11/01/2022,TUMBES,PROVINCIAL,PENAL,PENAL,DENUNCIA,VIOLENCIA CONTRA LA MUJER Y LOS INTEGRANTES DEL GRUPO FAMILIAR,2161,2074,240101,TUMBES,TUMBES,TUMBES,15/06/2023
ENERO - DICIEMBRE,2021,11/01/2022,TUMBES,PROVINCIAL,PENAL,PENAL,DENUNCIA,,6476,5860,240101,TUMBES,TUMBES,TUMBES,15/06/2023
ENERO - DICIEMBRE,2021,11/01/2022,TUMBES,PROVINCIAL,PENAL,PENAL,EXPEDIENTE,,2,0,240101,TUMBES,TUMBES,TUMBES,15/06/2023
ENERO - DICIEMBRE,2021,11/01/2022,TUMBES,PROVINCIAL,PENAL,PENAL,INVESTIGACION PREVENTIVA,MATERIA AMBIENTAL,25,25,240101,TUMBES,TUMBES,TUMBES,15/06/2023
ENERO - DICIEMBRE,2021,11/01/2022,TUMBES,SUPERIOR,CIVIL,CIVIL,EXPEDIENTE,,11,11,240101,TUMBES,TUMBES,TUMBES,15/06/2023
ENERO - DICIEMBRE,2021,11/01/2022,TUMBES,SUPERIOR,FAMILIA,FAMILIA CIVIL,EXPEDIENTE,,7,7,240101,TUMBES,TUMBES,TUMBES,15/06/2023
ENERO - DICIEMBRE,2021,11/01/2022,TUMBES,SUPERIOR,FAMILIA,FAMILIA PENAL,EXPEDIENTE,,10,10,240101,TUMBES,TUMBES,TUMBES,15/06/2023
ENERO - DICIEMBRE,2021,11/01/2022,TUMBES,SUPERIOR,FAMILIA,FAMILIA PENAL,INCIDENTE,,1,1,240101,TUMBES,TUMBES,TUMBES,15/06/2023
ENERO - DICIEMBRE,2021,11/01/2022,TUMBES,SUPERIOR,FAMILIA,FAMILIA TUTELAR,EXPEDIENTE,,2,2,240101,TUMBES,TUMBES,TUMBES,15/06/2023
ENERO - DICIEMBRE,2021,11/01/2022,TUMBES,SUPERIOR,FAMILIA,VIOLENCIA FAMILIAR,EXPEDIENTE,,34,34,240101,TUMBES,TUMBES,TUMBES,15/06/2023
ENERO - DICIEMBRE,2021,11/01/2022,TUMBES,SUPERIOR,FAMILIA,VIOLENCIA FAMILIAR,INCIDENTE,,1,1,240101,TUMBES,TUMBES,TUMBES,15/06/2023
ENERO - DICIEMBRE,2021,11/01/2022,TUMBES,SUPERIOR,PENAL,PENAL,APELACION DENUNCIA,,643,639,240101,TUMBES,TUMBES,TUMBES,15/06/2023
ENERO - DICIEMBRE,2021,11/01/2022,TUMBES,SUPERIOR,PENAL,PENAL,APELACION EXPEDIENTE,,21,21,240101,TUMBES,TUMBES,TUMBES,15/06/2023
ENERO - DICIEMBRE,2021,11/01/2022,TUMBES,SUPERIOR,PENAL,PENAL,CONSULTAS,,42,42,240101,TUMBES,TUMBES,TUMBES,15/06/2023
ENERO - DICIEMBRE,2021,11/01/2022,TUMBES,SUPERIOR,PENAL,PENAL,DENUNCIA,,18,18,240101,TUMBES,TUMBES,TUMBES,15/06/2023
ENERO - DICIEMBRE,2021,11/01/2022,TUMBES,SUPERIOR,PENAL,PENAL,EXCLUSION FISCAL,,11,11,240101,TUMBES,TUMBES,TUMBES,15/06/2023
ENERO - DICIEMBRE,2021,11/01/2022,TUMBES,SUPERIOR,PENAL,PENAL,EXPEDIENTE,,7,7,240101,TUMBES,TUMBES,TUMBES,15/06/2023
ENERO - DICIEMBRE,2021,11/01/2022,TUMBES,SUPERIOR,PENAL,PENAL,INCIDENTE-EXPEDIENTE,,5,4,240101,TUMBES,TUMBES,TUMBES,15/06/2023
ENERO - DICIEMBRE,2021,11/01/2022,TUMBES,SUPERIOR,PENAL,PENAL,QUEJAS,,344,344,240101,TUMBES,TUMBES,TUMBES,15/06/2023
ENERO - DICIEMBRE,2021,11/01/2022,UCAYALI,PROVINCIAL,CIVIL,CIVIL,EXPEDIENTE,,7,7,250101,UCAYALI,CORONEL PORTILLO,CALLERIA,15/06/2023
ENERO - DICIEMBRE,2021,11/01/2022,UCAYALI,PROVINCIAL,FAMILIA,ACTOS CONTRA LA LIBERTAD SEXUAL,DENUNCIA,,16,16,250101,UCAYALI,CORONEL PORTILLO,CALLERIA,15/06/2023
ENERO - DICIEMBRE,2021,11/01/2022,UCAYALI,PROVINCIAL,FAMILIA,FAMILIA CIVIL,EXPEDIENTE,,264,255,250101,UCAYALI,CORONEL PORTILLO,CALLERIA,15/06/2023
ENERO - DICIEMBRE,2021,11/01/2022,UCAYALI,PROVINCIAL,FAMILIA,FAMILIA PENAL,DENUNCIA,,302,265,250101,UCAYALI,CORONEL PORTILLO,CALLERIA,15/06/2023
ENERO - DICIEMBRE,2021,11/01/2022,UCAYALI,PROVINCIAL,FAMILIA,FAMILIA PENAL,EXPEDIENTE,,76,72,250101,UCAYALI,CORONEL PORTILLO,CALLERIA,15/06/2023
ENERO - DICIEMBRE,2021,11/01/2022,UCAYALI,PROVINCIAL,FAMILIA,FAMILIA TUTELAR,DENUNCIA,,179,102,250101,UCAYALI,CORONEL PORTILLO,CALLERIA,15/06/2023
ENERO - DICIEMBRE,2021,11/01/2022,UCAYALI,PROVINCIAL,FAMILIA,FAMILIA TUTELAR,EXPEDIENTE,,83,74,250101,UCAYALI,CORONEL PORTILLO,CALLERIA,15/06/2023
ENERO - DICIEMBRE,2021,11/01/2022,UCAYALI,PROVINCIAL,FAMILIA,VIOLENCIA FAMILIAR,DENUNCIA,,15,10,250101,UCAYALI,CORONEL PORTILLO,CALLERIA,15/06/2023
ENERO - DICIEMBRE,2021,11/01/2022,UCAYALI,PROVINCIAL,FAMILIA,VIOLENCIA FAMILIAR,EXPEDIENTE,,1,1,250101,UCAYALI,CORONEL PORTILLO,CALLERIA,15/06/2023
ENERO - DICIEMBRE,2021,11/01/2022,UCAYALI,PROVINCIAL,PENAL,PENAL,DENUNCIA,CRIMINALIDAD ORGANIZADA,50,43,250101,UCAYALI,CORONEL PORTILLO,CALLERIA,15/06/2023
ENERO - DICIEMBRE,2021,11/01/2022,UCAYALI,PROVINCIAL,PENAL,PENAL,INVESTIGACION PREVENTIVA,,279,279,250101,UCAYALI,CORONEL PORTILLO,CALLERIA,15/06/2023
ENERO - DICIEMBRE,2021,11/01/2022,UCAYALI,PROVINCIAL,PENAL,PENAL,DENUNCIA,DELITOS DE CORRUPCION DE FUNCIONARIOS,439,325,250101,UCAYALI,CORONEL PORTILLO,CALLERIA,15/06/2023
ENERO - DICIEMBRE,2021,11/01/2022,UCAYALI,PROVINCIAL,PENAL,PENAL,DENUNCIA,MATERIA AMBIENTAL,1336,1024,250101,UCAYALI,CORONEL PORTILLO,CALLERIA,15/06/2023
ENERO - DICIEMBRE,2021,11/01/2022,UCAYALI,PROVINCIAL,PENAL,PENAL,DENUNCIA,DELITOS DE TRAFICO ILICITO DE DROGAS,422,374,250101,UCAYALI,CORONEL PORTILLO,CALLERIA,15/06/2023
ENERO - DICIEMBRE,2021,11/01/2022,UCAYALI,PROVINCIAL,PENAL,PENAL,DENUNCIA,,9825,8630,250101,UCAYALI,CORONEL PORTILLO,CALLERIA,15/06/2023
ENERO - DICIEMBRE,2021,11/01/2022,UCAYALI,PROVINCIAL,PENAL,PENAL,EXPEDIENTE,,2,1,250101,UCAYALI,CORONEL PORTILLO,CALLERIA,15/06/2023
ENERO - DICIEMBRE,2021,11/01/2022,UCAYALI,PROVINCIAL,PENAL,PENAL,INVESTIGACION PREVENTIVA,MATERIA AMBIENTAL,8,8,250101,UCAYALI,CORONEL PORTILLO,CALLERIA,15/06/2023
ENERO - DICIEMBRE,2021,11/01/2022,UCAYALI,PROVINCIAL,PENAL,PENAL,DENUNCIA,,2,2,250101,UCAYALI,CORONEL PORTILLO,CALLERIA,15/06/2023
ENERO - DICIEMBRE,2021,11/01/2022,UCAYALI,SUPERIOR,CIVIL,CIVIL,EXPEDIENTE,,5,5,250101,UCAYALI,CORONEL PORTILLO,CALLERIA,15/06/2023
ENERO - DICIEMBRE,2021,11/01/2022,UCAYALI,SUPERIOR,FAMILIA,FAMILIA CIVIL,EXPEDIENTE,,69,69,250101,UCAYALI,CORONEL PORTILLO,CALLERIA,15/06/2023
ENERO - DICIEMBRE,2021,11/01/2022,UCAYALI,SUPERIOR,FAMILIA,FAMILIA CIVIL,INCIDENTE,,3,2,250101,UCAYALI,CORONEL PORTILLO,CALLERIA,15/06/2023
ENERO - DICIEMBRE,2021,11/01/2022,UCAYALI,SUPERIOR,FAMILIA,FAMILIA PENAL,EXPEDIENTE,,31,31,250101,UCAYALI,CORONEL PORTILLO,CALLERIA,15/06/2023
ENERO - DICIEMBRE,2021,11/01/2022,UCAYALI,SUPERIOR,FAMILIA,FAMILIA TUTELAR,EXPEDIENTE,,28,28,250101,UCAYALI,CORONEL PORTILLO,CALLERIA,15/06/2023
ENERO - DICIEMBRE,2021,11/01/2022,UCAYALI,SUPERIOR,FAMILIA,VIOLENCIA FAMILIAR,EXPEDIENTE,,27,27,250101,UCAYALI,CORONEL PORTILLO,CALLERIA,15/06/2023
ENERO - DICIEMBRE,2021,11/01/2022,UCAYALI,SUPERIOR,FAMILIA,VIOLENCIA FAMILIAR,INCIDENTE,,6,6,250101,UCAYALI,CORONEL PORTILLO,CALLERIA,15/06/2023
ENERO - DICIEMBRE,2021,11/01/2022,UCAYALI,SUPERIOR,PENAL,PENAL,APELACION DENUNCIA,DELITOS DE CORRUPCION DE FUNCIONARIOS,59,59,250101,UCAYALI,CORONEL PORTILLO,CALLERIA,15/06/2023
ENERO - DICIEMBRE,2021,11/01/2022,UCAYALI,SUPERIOR,PENAL,PENAL,APELACION DENUNCIA,,776,750,250101,UCAYALI,CORONEL PORTILLO,CALLERIA,15/06/2023
ENERO - DICIEMBRE,2021,11/01/2022,UCAYALI,SUPERIOR,PENAL,PENAL,APELACION EXPEDIENTE,,12,12,250101,UCAYALI,CORONEL PORTILLO,CALLERIA,15/06/2023
ENERO - DICIEMBRE,2021,11/01/2022,UCAYALI,SUPERIOR,PENAL,PENAL,CONSULTAS,DELITOS DE CORRUPCION DE FUNCIONARIOS,2,2,250101,UCAYALI,CORONEL PORTILLO,CALLERIA,15/06/2023
ENERO - DICIEMBRE,2021,11/01/2022,UCAYALI,SUPERIOR,PENAL,PENAL,CONSULTAS,,137,128,250101,UCAYALI,CORONEL PORTILLO,CALLERIA,15/06/2023
ENERO - DICIEMBRE,2021,11/01/2022,UCAYALI,SUPERIOR,PENAL,PENAL,DENUNCIA,DELITOS DE CORRUPCION DE FUNCIONARIOS,17,17,250101,UCAYALI,CORONEL PORTILLO,CALLERIA,15/06/2023
ENERO - DICIEMBRE,2021,11/01/2022,UCAYALI,SUPERIOR,PENAL,PENAL,DENUNCIA,,50,47,250101,UCAYALI,CORONEL PORTILLO,CALLERIA,15/06/2023
ENERO - DICIEMBRE,2021,11/01/2022,UCAYALI,SUPERIOR,PENAL,PENAL,EXCLUSION FISCAL,DELITOS DE CORRUPCION DE FUNCIONARIOS,3,3,250101,UCAYALI,CORONEL PORTILLO,CALLERIA,15/06/2023
ENERO - DICIEMBRE,2021,11/01/2022,UCAYALI,SUPERIOR,PENAL,PENAL,EXCLUSION FISCAL,,18,16,250101,UCAYALI,CORONEL PORTILLO,CALLERIA,15/06/2023
ENERO - DICIEMBRE,2021,11/01/2022,UCAYALI,SUPERIOR,PENAL,PENAL,EXPEDIENTE,,106,106,250101,UCAYALI,CORONEL PORTILLO,CALLERIA,15/06/2023
ENERO - DICIEMBRE,2021,11/01/2022,UCAYALI,SUPERIOR,PENAL,PENAL,INCIDENTE-EXPEDIENTE,,6,6,250101,UCAYALI,CORONEL PORTILLO,CALLERIA,15/06/2023
ENERO - DICIEMBRE,2021,11/01/2022,UCAYALI,SUPERIOR,PENAL,PENAL,QUEJAS,DELITOS DE CORRUPCION DE FUNCIONARIOS,22,22,250101,UCAYALI,CORONEL PORTILLO,CALLERIA,15/06/2023
ENERO - DICIEMBRE,2021,11/01/2022,UCAYALI,SUPERIOR,PENAL,PENAL,QUEJAS,,582,540,250101,UCAYALI,CORONEL PORTILLO,CALLERIA,15/06/2023
