periodo,anio,fecha_descarga,distrito_fiscal,tipo_fiscalia,materia,especialidad,tipo_caso,especializada,ingresado,atendido,ubigeo_pjfs,dpto_pjfs,prov_pjfs,dist_pjfs,fecha_corte
ENERO - DICIEMBRE,2022,06/01/2023,AMAZONAS,PROVINCIAL,CIVIL,CIVIL,EXPEDIENTE,,42,35,010101,AMAZONAS,CHACHAPOYAS,CHACHAPOYAS,15/06/2023
ENERO - DICIEMBRE,2022,06/01/2023,AMAZONAS,PROVINCIAL,FAMILIA,ACTOS CONTRA LA LIBERTAD SEXUAL,DENUNCIA,,28,22,010101,AMAZONAS,CHACHAPOYAS,CHACHAPOYAS,15/06/2023
ENERO - DICIEMBRE,2022,06/01/2023,AMAZONAS,PROVINCIAL,FAMILIA,FAMILIA CIVIL,EXPEDIENTE,,417,390,010101,AMAZONAS,CHACHAPOYAS,CHACHAPOYAS,15/06/2023
ENERO - DICIEMBRE,2022,06/01/2023,AMAZONAS,PROVINCIAL,FAMILIA,FAMILIA PENAL,DENUNCIA,,300,272,010101,AMAZONAS,CHACHAPOYAS,CHACHAPOYAS,15/06/2023
ENERO - DICIEMBRE,2022,06/01/2023,AMAZONAS,PROVINCIAL,FAMILIA,FAMILIA PENAL,EXPEDIENTE,,74,68,010101,AMAZONAS,CHACHAPOYAS,CHACHAPOYAS,15/06/2023
ENERO - DICIEMBRE,2022,06/01/2023,AMAZONAS,PROVINCIAL,FAMILIA,FAMILIA TUTELAR,DENUNCIA,,635,552,010101,AMAZONAS,CHACHAPOYAS,CHACHAPOYAS,15/06/2023
ENERO - DICIEMBRE,2022,06/01/2023,AMAZONAS,PROVINCIAL,FAMILIA,FAMILIA TUTELAR,EXPEDIENTE,,42,36,010101,AMAZONAS,CHACHAPOYAS,CHACHAPOYAS,15/06/2023
ENERO - DICIEMBRE,2022,06/01/2023,AMAZONAS,PROVINCIAL,FAMILIA,VIOLENCIA FAMILIAR,DENUNCIA,,33,33,010101,AMAZONAS,CHACHAPOYAS,CHACHAPOYAS,15/06/2023
ENERO - DICIEMBRE,2022,06/01/2023,AMAZONAS,PROVINCIAL,PENAL,PENAL,DENUNCIA,DELITOS DE CORRUPCION DE FUNCIONARIOS,369,341,010101,AMAZONAS,CHACHAPOYAS,CHACHAPOYAS,15/06/2023
ENERO - DICIEMBRE,2022,06/01/2023,AMAZONAS,PROVINCIAL,PENAL,PENAL,DENUNCIA,CONTRA LA CRIMINALIDAD ORGANIZADA,20,18,010101,AMAZONAS,CHACHAPOYAS,CHACHAPOYAS,15/06/2023
ENERO - DICIEMBRE,2022,06/01/2023,AMAZONAS,PROVINCIAL,PENAL,PENAL,DENUNCIA,MATERIA AMBIENTAL,340,340,010101,AMAZONAS,CHACHAPOYAS,CHACHAPOYAS,15/06/2023
ENERO - DICIEMBRE,2022,06/01/2023,AMAZONAS,PROVINCIAL,PENAL,PENAL,DENUNCIA,,1,1,010101,AMAZONAS,CHACHAPOYAS,CHACHAPOYAS,15/06/2023
ENERO - DICIEMBRE,2022,06/01/2023,AMAZONAS,PROVINCIAL,PENAL,PENAL,DENUNCIA,DELITOS DE TRAFICO ILICITO DE DROGAS,56,56,010101,AMAZONAS,CHACHAPOYAS,CHACHAPOYAS,15/06/2023
ENERO - DICIEMBRE,2022,06/01/2023,AMAZONAS,PROVINCIAL,PENAL,PENAL,DENUNCIA,VIOLENCIA CONTRA LA MUJER Y LOS INTEGRANTES DEL GRUPO FAMILIAR,1555,936,010101,AMAZONAS,CHACHAPOYAS,CHACHAPOYAS,15/06/2023
ENERO - DICIEMBRE,2022,06/01/2023,AMAZONAS,PROVINCIAL,PENAL,PENAL,DENUNCIA,,11086,9873,010101,AMAZONAS,CHACHAPOYAS,CHACHAPOYAS,15/06/2023
ENERO - DICIEMBRE,2022,06/01/2023,AMAZONAS,PROVINCIAL,PENAL,PENAL,EXPEDIENTE,,8,4,010101,AMAZONAS,CHACHAPOYAS,CHACHAPOYAS,15/06/2023
ENERO - DICIEMBRE,2022,06/01/2023,AMAZONAS,PROVINCIAL,PENAL,PENAL,INVESTIGACION PREVENTIVA,DELITOS DE CORRUPCION DE FUNCIONARIOS,1,1,010101,AMAZONAS,CHACHAPOYAS,CHACHAPOYAS,15/06/2023
ENERO - DICIEMBRE,2022,06/01/2023,AMAZONAS,PROVINCIAL,PENAL,PENAL,INVESTIGACION PREVENTIVA,MATERIA AMBIENTAL,55,55,010101,AMAZONAS,CHACHAPOYAS,CHACHAPOYAS,15/06/2023
ENERO - DICIEMBRE,2022,06/01/2023,AMAZONAS,PROVINCIAL,PENAL,PENAL,INVESTIGACION PREVENTIVA,,709,706,010101,AMAZONAS,CHACHAPOYAS,CHACHAPOYAS,15/06/2023
ENERO - DICIEMBRE,2022,06/01/2023,AMAZONAS,PROVINCIAL,PENAL,PENAL,INVESTIGACION PREVENTIVA,,63,61,010101,AMAZONAS,CHACHAPOYAS,CHACHAPOYAS,15/06/2023
ENERO - DICIEMBRE,2022,06/01/2023,AMAZONAS,SUPERIOR,FAMILIA,FAMILIA CIVIL,EXPEDIENTE,,4,4,010101,AMAZONAS,CHACHAPOYAS,CHACHAPOYAS,15/06/2023
ENERO - DICIEMBRE,2022,06/01/2023,AMAZONAS,SUPERIOR,FAMILIA,FAMILIA CIVIL,INCIDENTE,,1,0,010101,AMAZONAS,CHACHAPOYAS,CHACHAPOYAS,15/06/2023
ENERO - DICIEMBRE,2022,06/01/2023,AMAZONAS,SUPERIOR,FAMILIA,FAMILIA PENAL,EXPEDIENTE,,14,11,010101,AMAZONAS,CHACHAPOYAS,CHACHAPOYAS,15/06/2023
ENERO - DICIEMBRE,2022,06/01/2023,AMAZONAS,SUPERIOR,FAMILIA,FAMILIA PENAL,INCIDENTE,,5,3,010101,AMAZONAS,CHACHAPOYAS,CHACHAPOYAS,15/06/2023
ENERO - DICIEMBRE,2022,06/01/2023,AMAZONAS,SUPERIOR,FAMILIA,FAMILIA TUTELAR,EXPEDIENTE,,3,3,010101,AMAZONAS,CHACHAPOYAS,CHACHAPOYAS,15/06/2023
ENERO - DICIEMBRE,2022,06/01/2023,AMAZONAS,SUPERIOR,FAMILIA,VIOLENCIA FAMILIAR,EXPEDIENTE,,24,16,010101,AMAZONAS,CHACHAPOYAS,CHACHAPOYAS,15/06/2023
ENERO - DICIEMBRE,2022,06/01/2023,AMAZONAS,SUPERIOR,FAMILIA,VIOLENCIA FAMILIAR,INCIDENTE,,107,85,010101,AMAZONAS,CHACHAPOYAS,CHACHAPOYAS,15/06/2023
ENERO - DICIEMBRE,2022,06/01/2023,AMAZONAS,SUPERIOR,PENAL,PENAL,APELACION DENUNCIA,,641,638,010101,AMAZONAS,CHACHAPOYAS,CHACHAPOYAS,15/06/2023
ENERO - DICIEMBRE,2022,06/01/2023,AMAZONAS,SUPERIOR,PENAL,PENAL,APELACION EXPEDIENTE,,5,5,010101,AMAZONAS,CHACHAPOYAS,CHACHAPOYAS,15/06/2023
ENERO - DICIEMBRE,2022,06/01/2023,AMAZONAS,SUPERIOR,PENAL,PENAL,CONSULTAS,,173,168,010101,AMAZONAS,CHACHAPOYAS,CHACHAPOYAS,15/06/2023
ENERO - DICIEMBRE,2022,06/01/2023,AMAZONAS,SUPERIOR,PENAL,PENAL,DENUNCIA,,64,55,010101,AMAZONAS,CHACHAPOYAS,CHACHAPOYAS,15/06/2023
ENERO - DICIEMBRE,2022,06/01/2023,AMAZONAS,SUPERIOR,PENAL,PENAL,EXCLUSION FISCAL,,23,23,010101,AMAZONAS,CHACHAPOYAS,CHACHAPOYAS,15/06/2023
ENERO - DICIEMBRE,2022,06/01/2023,AMAZONAS,SUPERIOR,PENAL,PENAL,EXPEDIENTE,,116,103,010101,AMAZONAS,CHACHAPOYAS,CHACHAPOYAS,15/06/2023
ENERO - DICIEMBRE,2022,06/01/2023,AMAZONAS,SUPERIOR,PENAL,PENAL,INCIDENTE-EXPEDIENTE,,32,22,010101,AMAZONAS,CHACHAPOYAS,CHACHAPOYAS,15/06/2023
ENERO - DICIEMBRE,2022,06/01/2023,AMAZONAS,SUPERIOR,PENAL,PENAL,QUEJAS,,508,504,010101,AMAZONAS,CHACHAPOYAS,CHACHAPOYAS,15/06/2023
ENERO - DICIEMBRE,2022,06/01/2023,ANCASH,PROVINCIAL,CIVIL,CIVIL,EXPEDIENTE,,33,33,020101,ANCASH,HUARAZ,HUARAZ,15/06/2023
ENERO - DICIEMBRE,2022,06/01/2023,ANCASH,PROVINCIAL,FAMILIA,ACTOS CONTRA LA LIBERTAD SEXUAL,DENUNCIA,,35,35,020101,ANCASH,HUARAZ,HUARAZ,15/06/2023
ENERO - DICIEMBRE,2022,06/01/2023,ANCASH,PROVINCIAL,FAMILIA,FAMILIA CIVIL,EXPEDIENTE,,740,724,020101,ANCASH,HUARAZ,HUARAZ,15/06/2023
ENERO - DICIEMBRE,2022,06/01/2023,ANCASH,PROVINCIAL,FAMILIA,FAMILIA PENAL,DENUNCIA,,536,507,020101,ANCASH,HUARAZ,HUARAZ,15/06/2023
ENERO - DICIEMBRE,2022,06/01/2023,ANCASH,PROVINCIAL,FAMILIA,FAMILIA PENAL,EXPEDIENTE,,175,170,020101,ANCASH,HUARAZ,HUARAZ,15/06/2023
ENERO - DICIEMBRE,2022,06/01/2023,ANCASH,PROVINCIAL,FAMILIA,FAMILIA TUTELAR,DENUNCIA,,419,416,020101,ANCASH,HUARAZ,HUARAZ,15/06/2023
ENERO - DICIEMBRE,2022,06/01/2023,ANCASH,PROVINCIAL,FAMILIA,FAMILIA TUTELAR,EXPEDIENTE,,81,77,020101,ANCASH,HUARAZ,HUARAZ,15/06/2023
ENERO - DICIEMBRE,2022,06/01/2023,ANCASH,PROVINCIAL,FAMILIA,VIOLENCIA FAMILIAR,DENUNCIA,,36,35,020101,ANCASH,HUARAZ,HUARAZ,15/06/2023
ENERO - DICIEMBRE,2022,06/01/2023,ANCASH,PROVINCIAL,FAMILIA,VIOLENCIA FAMILIAR,EXPEDIENTE,,18,18,020101,ANCASH,HUARAZ,HUARAZ,15/06/2023
ENERO - DICIEMBRE,2022,06/01/2023,ANCASH,PROVINCIAL,PENAL,PENAL,DENUNCIA,DELITOS DE CORRUPCION DE FUNCIONARIOS,644,593,020101,ANCASH,HUARAZ,HUARAZ,15/06/2023
ENERO - DICIEMBRE,2022,06/01/2023,ANCASH,PROVINCIAL,PENAL,PENAL,DENUNCIA,MATERIA AMBIENTAL,266,266,020101,ANCASH,HUARAZ,HUARAZ,15/06/2023
ENERO - DICIEMBRE,2022,06/01/2023,ANCASH,PROVINCIAL,PENAL,PENAL,DENUNCIA,VIOLENCIA CONTRA LA MUJER Y LOS INTEGRANTES DEL GRUPO FAMILIAR,4038,3996,020101,ANCASH,HUARAZ,HUARAZ,15/06/2023
ENERO - DICIEMBRE,2022,06/01/2023,ANCASH,PROVINCIAL,PENAL,PENAL,DENUNCIA,,15166,14689,020101,ANCASH,HUARAZ,HUARAZ,15/06/2023
ENERO - DICIEMBRE,2022,06/01/2023,ANCASH,PROVINCIAL,PENAL,PENAL,EXPEDIENTE,,13,13,020101,ANCASH,HUARAZ,HUARAZ,15/06/2023
ENERO - DICIEMBRE,2022,06/01/2023,ANCASH,PROVINCIAL,PENAL,PENAL,INVESTIGACION PREVENTIVA,MATERIA AMBIENTAL,90,90,020101,ANCASH,HUARAZ,HUARAZ,15/06/2023
ENERO - DICIEMBRE,2022,06/01/2023,ANCASH,PROVINCIAL,PENAL,PENAL,INVESTIGACION PREVENTIVA,,384,384,020101,ANCASH,HUARAZ,HUARAZ,15/06/2023
ENERO - DICIEMBRE,2022,06/01/2023,ANCASH,SUPERIOR,CIVIL,CIVIL,EXPEDIENTE,,7,7,020101,ANCASH,HUARAZ,HUARAZ,15/06/2023
ENERO - DICIEMBRE,2022,06/01/2023,ANCASH,SUPERIOR,FAMILIA,FAMILIA CIVIL,EXPEDIENTE,,65,65,020101,ANCASH,HUARAZ,HUARAZ,15/06/2023
ENERO - DICIEMBRE,2022,06/01/2023,ANCASH,SUPERIOR,FAMILIA,FAMILIA CIVIL,INCIDENTE,,16,16,020101,ANCASH,HUARAZ,HUARAZ,15/06/2023
ENERO - DICIEMBRE,2022,06/01/2023,ANCASH,SUPERIOR,FAMILIA,FAMILIA PENAL,EXPEDIENTE,,38,38,020101,ANCASH,HUARAZ,HUARAZ,15/06/2023
ENERO - DICIEMBRE,2022,06/01/2023,ANCASH,SUPERIOR,FAMILIA,FAMILIA PENAL,INCIDENTE,,7,7,020101,ANCASH,HUARAZ,HUARAZ,15/06/2023
ENERO - DICIEMBRE,2022,06/01/2023,ANCASH,SUPERIOR,FAMILIA,FAMILIA TUTELAR,EXPEDIENTE,,27,27,020101,ANCASH,HUARAZ,HUARAZ,15/06/2023
ENERO - DICIEMBRE,2022,06/01/2023,ANCASH,SUPERIOR,FAMILIA,VIOLENCIA FAMILIAR,EXPEDIENTE,,222,222,020101,ANCASH,HUARAZ,HUARAZ,15/06/2023
ENERO - DICIEMBRE,2022,06/01/2023,ANCASH,SUPERIOR,FAMILIA,VIOLENCIA FAMILIAR,INCIDENTE,,86,86,020101,ANCASH,HUARAZ,HUARAZ,15/06/2023
ENERO - DICIEMBRE,2022,06/01/2023,ANCASH,SUPERIOR,PENAL,PENAL,APELACION DENUNCIA,DELITOS DE CORRUPCION DE FUNCIONARIOS,142,141,020101,ANCASH,HUARAZ,HUARAZ,15/06/2023
ENERO - DICIEMBRE,2022,06/01/2023,ANCASH,SUPERIOR,PENAL,PENAL,APELACION DENUNCIA,,659,634,020101,ANCASH,HUARAZ,HUARAZ,15/06/2023
ENERO - DICIEMBRE,2022,06/01/2023,ANCASH,SUPERIOR,PENAL,PENAL,APELACION EXPEDIENTE,,8,8,020101,ANCASH,HUARAZ,HUARAZ,15/06/2023
ENERO - DICIEMBRE,2022,06/01/2023,ANCASH,SUPERIOR,PENAL,PENAL,CONSULTAS,DELITOS DE CORRUPCION DE FUNCIONARIOS,53,53,020101,ANCASH,HUARAZ,HUARAZ,15/06/2023
ENERO - DICIEMBRE,2022,06/01/2023,ANCASH,SUPERIOR,PENAL,PENAL,CONSULTAS,,284,284,020101,ANCASH,HUARAZ,HUARAZ,15/06/2023
ENERO - DICIEMBRE,2022,06/01/2023,ANCASH,SUPERIOR,PENAL,PENAL,DENUNCIA,DELITOS DE CORRUPCION DE FUNCIONARIOS,52,52,020101,ANCASH,HUARAZ,HUARAZ,15/06/2023
ENERO - DICIEMBRE,2022,06/01/2023,ANCASH,SUPERIOR,PENAL,PENAL,DENUNCIA,,76,76,020101,ANCASH,HUARAZ,HUARAZ,15/06/2023
ENERO - DICIEMBRE,2022,06/01/2023,ANCASH,SUPERIOR,PENAL,PENAL,EXCLUSION FISCAL,DELITOS DE CORRUPCION DE FUNCIONARIOS,4,4,020101,ANCASH,HUARAZ,HUARAZ,15/06/2023
ENERO - DICIEMBRE,2022,06/01/2023,ANCASH,SUPERIOR,PENAL,PENAL,EXCLUSION FISCAL,,31,31,020101,ANCASH,HUARAZ,HUARAZ,15/06/2023
ENERO - DICIEMBRE,2022,06/01/2023,ANCASH,SUPERIOR,PENAL,PENAL,EXPEDIENTE,DELITOS DE CORRUPCION DE FUNCIONARIOS,12,6,020101,ANCASH,HUARAZ,HUARAZ,15/06/2023
ENERO - DICIEMBRE,2022,06/01/2023,ANCASH,SUPERIOR,PENAL,PENAL,EXPEDIENTE,,35,35,020101,ANCASH,HUARAZ,HUARAZ,15/06/2023
ENERO - DICIEMBRE,2022,06/01/2023,ANCASH,SUPERIOR,PENAL,PENAL,INCIDENTE-EXPEDIENTE,DELITOS DE CORRUPCION DE FUNCIONARIOS,3,3,020101,ANCASH,HUARAZ,HUARAZ,15/06/2023
ENERO - DICIEMBRE,2022,06/01/2023,ANCASH,SUPERIOR,PENAL,PENAL,INCIDENTE-EXPEDIENTE,,16,16,020101,ANCASH,HUARAZ,HUARAZ,15/06/2023
ENERO - DICIEMBRE,2022,06/01/2023,ANCASH,SUPERIOR,PENAL,PENAL,QUEJAS,DELITOS DE CORRUPCION DE FUNCIONARIOS,73,73,020101,ANCASH,HUARAZ,HUARAZ,15/06/2023
ENERO - DICIEMBRE,2022,06/01/2023,ANCASH,SUPERIOR,PENAL,PENAL,QUEJAS,,1541,1537,020101,ANCASH,HUARAZ,HUARAZ,15/06/2023
ENERO - DICIEMBRE,2022,06/01/2023,APURIMAC,PROVINCIAL,CIVIL,CIVIL,EXPEDIENTE,,109,100,030101,APURIMAC,ABANCAY,ABANCAY,15/06/2023
ENERO - DICIEMBRE,2022,06/01/2023,APURIMAC,PROVINCIAL,FAMILIA,ACTOS CONTRA LA LIBERTAD SEXUAL,DENUNCIA,,31,30,030101,APURIMAC,ABANCAY,ABANCAY,15/06/2023
ENERO - DICIEMBRE,2022,06/01/2023,APURIMAC,PROVINCIAL,FAMILIA,FAMILIA CIVIL,EXPEDIENTE,,462,439,030101,APURIMAC,ABANCAY,ABANCAY,15/06/2023
ENERO - DICIEMBRE,2022,06/01/2023,APURIMAC,PROVINCIAL,FAMILIA,FAMILIA PENAL,DENUNCIA,,395,358,030101,APURIMAC,ABANCAY,ABANCAY,15/06/2023
ENERO - DICIEMBRE,2022,06/01/2023,APURIMAC,PROVINCIAL,FAMILIA,FAMILIA PENAL,EXPEDIENTE,,153,145,030101,APURIMAC,ABANCAY,ABANCAY,15/06/2023
ENERO - DICIEMBRE,2022,06/01/2023,APURIMAC,PROVINCIAL,FAMILIA,FAMILIA TUTELAR,DENUNCIA,,1035,935,030101,APURIMAC,ABANCAY,ABANCAY,15/06/2023
ENERO - DICIEMBRE,2022,06/01/2023,APURIMAC,PROVINCIAL,FAMILIA,FAMILIA TUTELAR,EXPEDIENTE,,139,120,030101,APURIMAC,ABANCAY,ABANCAY,15/06/2023
ENERO - DICIEMBRE,2022,06/01/2023,APURIMAC,PROVINCIAL,FAMILIA,VIOLENCIA FAMILIAR,DENUNCIA,,69,59,030101,APURIMAC,ABANCAY,ABANCAY,15/06/2023
ENERO - DICIEMBRE,2022,06/01/2023,APURIMAC,PROVINCIAL,FAMILIA,VIOLENCIA FAMILIAR,EXPEDIENTE,,5,4,030101,APURIMAC,ABANCAY,ABANCAY,15/06/2023
ENERO - DICIEMBRE,2022,06/01/2023,APURIMAC,PROVINCIAL,PENAL,PENAL,DENUNCIA,DELITOS DE CORRUPCION DE FUNCIONARIOS,276,261,030101,APURIMAC,ABANCAY,ABANCAY,15/06/2023
ENERO - DICIEMBRE,2022,06/01/2023,APURIMAC,PROVINCIAL,PENAL,PENAL,DENUNCIA,CONTRA LA CRIMINALIDAD ORGANIZADA,40,33,030101,APURIMAC,ABANCAY,ABANCAY,15/06/2023
ENERO - DICIEMBRE,2022,06/01/2023,APURIMAC,PROVINCIAL,PENAL,PENAL,DENUNCIA,MATERIA AMBIENTAL,344,325,030101,APURIMAC,ABANCAY,ABANCAY,15/06/2023
ENERO - DICIEMBRE,2022,06/01/2023,APURIMAC,PROVINCIAL,PENAL,PENAL,DENUNCIA,,7,6,030101,APURIMAC,ABANCAY,ABANCAY,15/06/2023
ENERO - DICIEMBRE,2022,06/01/2023,APURIMAC,PROVINCIAL,PENAL,PENAL,DENUNCIA,DELITOS DE TRAFICO ILICITO DE DROGAS,41,41,030101,APURIMAC,ABANCAY,ABANCAY,15/06/2023
ENERO - DICIEMBRE,2022,06/01/2023,APURIMAC,PROVINCIAL,PENAL,PENAL,DENUNCIA,,58,53,030101,APURIMAC,ABANCAY,ABANCAY,15/06/2023
ENERO - DICIEMBRE,2022,06/01/2023,APURIMAC,PROVINCIAL,PENAL,PENAL,DENUNCIA,,11851,10533,030101,APURIMAC,ABANCAY,ABANCAY,15/06/2023
ENERO - DICIEMBRE,2022,06/01/2023,APURIMAC,PROVINCIAL,PENAL,PENAL,EXPEDIENTE,DELITOS DE CORRUPCION DE FUNCIONARIOS,1,0,030101,APURIMAC,ABANCAY,ABANCAY,15/06/2023
ENERO - DICIEMBRE,2022,06/01/2023,APURIMAC,PROVINCIAL,PENAL,PENAL,EXPEDIENTE,,20,14,030101,APURIMAC,ABANCAY,ABANCAY,15/06/2023
ENERO - DICIEMBRE,2022,06/01/2023,APURIMAC,PROVINCIAL,PENAL,PENAL,INVESTIGACION PREVENTIVA,DELITOS DE CORRUPCION DE FUNCIONARIOS,63,57,030101,APURIMAC,ABANCAY,ABANCAY,15/06/2023
ENERO - DICIEMBRE,2022,06/01/2023,APURIMAC,PROVINCIAL,PENAL,PENAL,INVESTIGACION PREVENTIVA,MATERIA AMBIENTAL,37,36,030101,APURIMAC,ABANCAY,ABANCAY,15/06/2023
ENERO - DICIEMBRE,2022,06/01/2023,APURIMAC,PROVINCIAL,PENAL,PENAL,INVESTIGACION PREVENTIVA,,367,367,030101,APURIMAC,ABANCAY,ABANCAY,15/06/2023
ENERO - DICIEMBRE,2022,06/01/2023,APURIMAC,PROVINCIAL,PENAL,PENAL,INVESTIGACION PREVENTIVA,,63,43,030101,APURIMAC,ABANCAY,ABANCAY,15/06/2023
ENERO - DICIEMBRE,2022,06/01/2023,APURIMAC,SUPERIOR,CIVIL,CIVIL,EXPEDIENTE,,10,10,030101,APURIMAC,ABANCAY,ABANCAY,15/06/2023
ENERO - DICIEMBRE,2022,06/01/2023,APURIMAC,SUPERIOR,FAMILIA,FAMILIA CIVIL,EXPEDIENTE,,23,23,030101,APURIMAC,ABANCAY,ABANCAY,15/06/2023
ENERO - DICIEMBRE,2022,06/01/2023,APURIMAC,SUPERIOR,FAMILIA,FAMILIA CIVIL,INCIDENTE,,3,3,030101,APURIMAC,ABANCAY,ABANCAY,15/06/2023
ENERO - DICIEMBRE,2022,06/01/2023,APURIMAC,SUPERIOR,FAMILIA,FAMILIA PENAL,EXPEDIENTE,,24,24,030101,APURIMAC,ABANCAY,ABANCAY,15/06/2023
ENERO - DICIEMBRE,2022,06/01/2023,APURIMAC,SUPERIOR,FAMILIA,FAMILIA PENAL,INCIDENTE,,1,1,030101,APURIMAC,ABANCAY,ABANCAY,15/06/2023
ENERO - DICIEMBRE,2022,06/01/2023,APURIMAC,SUPERIOR,FAMILIA,FAMILIA TUTELAR,EXPEDIENTE,,8,8,030101,APURIMAC,ABANCAY,ABANCAY,15/06/2023
ENERO - DICIEMBRE,2022,06/01/2023,APURIMAC,SUPERIOR,FAMILIA,VIOLENCIA FAMILIAR,EXPEDIENTE,,63,63,030101,APURIMAC,ABANCAY,ABANCAY,15/06/2023
ENERO - DICIEMBRE,2022,06/01/2023,APURIMAC,SUPERIOR,FAMILIA,VIOLENCIA FAMILIAR,INCIDENTE,,6,6,030101,APURIMAC,ABANCAY,ABANCAY,15/06/2023
ENERO - DICIEMBRE,2022,06/01/2023,APURIMAC,SUPERIOR,PENAL,PENAL,APELACION DENUNCIA,DELITOS DE CORRUPCION DE FUNCIONARIOS,56,56,030101,APURIMAC,ABANCAY,ABANCAY,15/06/2023
ENERO - DICIEMBRE,2022,06/01/2023,APURIMAC,SUPERIOR,PENAL,PENAL,APELACION DENUNCIA,,531,525,030101,APURIMAC,ABANCAY,ABANCAY,15/06/2023
ENERO - DICIEMBRE,2022,06/01/2023,APURIMAC,SUPERIOR,PENAL,PENAL,APELACION EXPEDIENTE,,3,3,030101,APURIMAC,ABANCAY,ABANCAY,15/06/2023
ENERO - DICIEMBRE,2022,06/01/2023,APURIMAC,SUPERIOR,PENAL,PENAL,CONSULTAS,DELITOS DE CORRUPCION DE FUNCIONARIOS,12,12,030101,APURIMAC,ABANCAY,ABANCAY,15/06/2023
ENERO - DICIEMBRE,2022,06/01/2023,APURIMAC,SUPERIOR,PENAL,PENAL,CONSULTAS,,102,101,030101,APURIMAC,ABANCAY,ABANCAY,15/06/2023
ENERO - DICIEMBRE,2022,06/01/2023,APURIMAC,SUPERIOR,PENAL,PENAL,DENUNCIA,DELITOS DE CORRUPCION DE FUNCIONARIOS,14,14,030101,APURIMAC,ABANCAY,ABANCAY,15/06/2023
ENERO - DICIEMBRE,2022,06/01/2023,APURIMAC,SUPERIOR,PENAL,PENAL,DENUNCIA,,21,21,030101,APURIMAC,ABANCAY,ABANCAY,15/06/2023
ENERO - DICIEMBRE,2022,06/01/2023,APURIMAC,SUPERIOR,PENAL,PENAL,EXCLUSION FISCAL,,3,3,030101,APURIMAC,ABANCAY,ABANCAY,15/06/2023
ENERO - DICIEMBRE,2022,06/01/2023,APURIMAC,SUPERIOR,PENAL,PENAL,EXPEDIENTE,,27,27,030101,APURIMAC,ABANCAY,ABANCAY,15/06/2023
ENERO - DICIEMBRE,2022,06/01/2023,APURIMAC,SUPERIOR,PENAL,PENAL,INCIDENTE-EXPEDIENTE,,16,16,030101,APURIMAC,ABANCAY,ABANCAY,15/06/2023
ENERO - DICIEMBRE,2022,06/01/2023,APURIMAC,SUPERIOR,PENAL,PENAL,QUEJAS,DELITOS DE CORRUPCION DE FUNCIONARIOS,37,37,030101,APURIMAC,ABANCAY,ABANCAY,15/06/2023
ENERO - DICIEMBRE,2022,06/01/2023,APURIMAC,SUPERIOR,PENAL,PENAL,QUEJAS,,674,650,030101,APURIMAC,ABANCAY,ABANCAY,15/06/2023
ENERO - DICIEMBRE,2022,06/01/2023,AREQUIPA,PROVINCIAL,CIVIL,CIVIL,EXPEDIENTE,,32,32,040101,AREQUIPA,AREQUIPA,AREQUIPA,15/06/2023
ENERO - DICIEMBRE,2022,06/01/2023,AREQUIPA,PROVINCIAL,FAMILIA,ACTOS CONTRA LA LIBERTAD SEXUAL,DENUNCIA,,156,146,040101,AREQUIPA,AREQUIPA,AREQUIPA,15/06/2023
ENERO - DICIEMBRE,2022,06/01/2023,AREQUIPA,PROVINCIAL,FAMILIA,FAMILIA CIVIL,EXPEDIENTE,,2398,2306,040101,AREQUIPA,AREQUIPA,AREQUIPA,15/06/2023
ENERO - DICIEMBRE,2022,06/01/2023,AREQUIPA,PROVINCIAL,FAMILIA,FAMILIA PENAL,DENUNCIA,,926,864,040101,AREQUIPA,AREQUIPA,AREQUIPA,15/06/2023
ENERO - DICIEMBRE,2022,06/01/2023,AREQUIPA,PROVINCIAL,FAMILIA,FAMILIA PENAL,EXPEDIENTE,,235,235,040101,AREQUIPA,AREQUIPA,AREQUIPA,15/06/2023
ENERO - DICIEMBRE,2022,06/01/2023,AREQUIPA,PROVINCIAL,FAMILIA,FAMILIA TUTELAR,DENUNCIA,,971,891,040101,AREQUIPA,AREQUIPA,AREQUIPA,15/06/2023
ENERO - DICIEMBRE,2022,06/01/2023,AREQUIPA,PROVINCIAL,FAMILIA,FAMILIA TUTELAR,EXPEDIENTE,,248,240,040101,AREQUIPA,AREQUIPA,AREQUIPA,15/06/2023
ENERO - DICIEMBRE,2022,06/01/2023,AREQUIPA,PROVINCIAL,FAMILIA,VIOLENCIA FAMILIAR,DENUNCIA,,19,18,040101,AREQUIPA,AREQUIPA,AREQUIPA,15/06/2023
ENERO - DICIEMBRE,2022,06/01/2023,AREQUIPA,PROVINCIAL,FAMILIA,VIOLENCIA FAMILIAR,EXPEDIENTE,,1,1,040101,AREQUIPA,AREQUIPA,AREQUIPA,15/06/2023
ENERO - DICIEMBRE,2022,06/01/2023,AREQUIPA,PROVINCIAL,PENAL,PENAL,DENUNCIA,DELITOS DE CORRUPCION DE FUNCIONARIOS,487,390,040101,AREQUIPA,AREQUIPA,AREQUIPA,15/06/2023
ENERO - DICIEMBRE,2022,06/01/2023,AREQUIPA,PROVINCIAL,PENAL,PENAL,DENUNCIA,CONTRA LA CRIMINALIDAD ORGANIZADA,127,120,040101,AREQUIPA,AREQUIPA,AREQUIPA,15/06/2023
ENERO - DICIEMBRE,2022,06/01/2023,AREQUIPA,PROVINCIAL,PENAL,PENAL,DENUNCIA,LAVADO DE ACTIVOS Y PERDIDA DE DOMINIO,111,107,040101,AREQUIPA,AREQUIPA,AREQUIPA,15/06/2023
ENERO - DICIEMBRE,2022,06/01/2023,AREQUIPA,PROVINCIAL,PENAL,PENAL,DENUNCIA,MATERIA AMBIENTAL,439,402,040101,AREQUIPA,AREQUIPA,AREQUIPA,15/06/2023
ENERO - DICIEMBRE,2022,06/01/2023,AREQUIPA,PROVINCIAL,PENAL,PENAL,DENUNCIA,DELITOS DE TRATA DE PERSONAS,186,181,040101,AREQUIPA,AREQUIPA,AREQUIPA,15/06/2023
ENERO - DICIEMBRE,2022,06/01/2023,AREQUIPA,PROVINCIAL,PENAL,PENAL,DENUNCIA,VIOLENCIA CONTRA LA MUJER Y LOS INTEGRANTES DEL GRUPO FAMILIAR,20860,19583,040101,AREQUIPA,AREQUIPA,AREQUIPA,15/06/2023
ENERO - DICIEMBRE,2022,06/01/2023,AREQUIPA,PROVINCIAL,PENAL,PENAL,DENUNCIA,,47600,42312,040101,AREQUIPA,AREQUIPA,AREQUIPA,15/06/2023
ENERO - DICIEMBRE,2022,06/01/2023,AREQUIPA,PROVINCIAL,PENAL,PENAL,EXPEDIENTE,,3,3,040101,AREQUIPA,AREQUIPA,AREQUIPA,15/06/2023
ENERO - DICIEMBRE,2022,06/01/2023,AREQUIPA,PROVINCIAL,PENAL,PENAL,INVESTIGACION PREVENTIVA,MATERIA AMBIENTAL,52,52,040101,AREQUIPA,AREQUIPA,AREQUIPA,15/06/2023
ENERO - DICIEMBRE,2022,06/01/2023,AREQUIPA,PROVINCIAL,PENAL,PENAL,INVESTIGACION PREVENTIVA,,959,959,040101,AREQUIPA,AREQUIPA,AREQUIPA,15/06/2023
ENERO - DICIEMBRE,2022,06/01/2023,AREQUIPA,PROVINCIAL,PENAL,PENAL,INVESTIGACION PREVENTIVA,,108,97,040101,AREQUIPA,AREQUIPA,AREQUIPA,15/06/2023
ENERO - DICIEMBRE,2022,06/01/2023,AREQUIPA,SUPERIOR,CIVIL,CIVIL,EXPEDIENTE,,50,46,040101,AREQUIPA,AREQUIPA,AREQUIPA,15/06/2023
ENERO - DICIEMBRE,2022,06/01/2023,AREQUIPA,SUPERIOR,FAMILIA,FAMILIA CIVIL,EXPEDIENTE,,307,280,040101,AREQUIPA,AREQUIPA,AREQUIPA,15/06/2023
ENERO - DICIEMBRE,2022,06/01/2023,AREQUIPA,SUPERIOR,FAMILIA,FAMILIA CIVIL,INCIDENTE,,12,11,040101,AREQUIPA,AREQUIPA,AREQUIPA,15/06/2023
ENERO - DICIEMBRE,2022,06/01/2023,AREQUIPA,SUPERIOR,FAMILIA,FAMILIA PENAL,EXPEDIENTE,,48,42,040101,AREQUIPA,AREQUIPA,AREQUIPA,15/06/2023
ENERO - DICIEMBRE,2022,06/01/2023,AREQUIPA,SUPERIOR,FAMILIA,FAMILIA PENAL,INCIDENTE,,2,2,040101,AREQUIPA,AREQUIPA,AREQUIPA,15/06/2023
ENERO - DICIEMBRE,2022,06/01/2023,AREQUIPA,SUPERIOR,FAMILIA,FAMILIA TUTELAR,EXPEDIENTE,,37,32,040101,AREQUIPA,AREQUIPA,AREQUIPA,15/06/2023
ENERO - DICIEMBRE,2022,06/01/2023,AREQUIPA,SUPERIOR,FAMILIA,VIOLENCIA FAMILIAR,EXPEDIENTE,,108,101,040101,AREQUIPA,AREQUIPA,AREQUIPA,15/06/2023
ENERO - DICIEMBRE,2022,06/01/2023,AREQUIPA,SUPERIOR,FAMILIA,VIOLENCIA FAMILIAR,INCIDENTE,,1576,1446,040101,AREQUIPA,AREQUIPA,AREQUIPA,15/06/2023
ENERO - DICIEMBRE,2022,06/01/2023,AREQUIPA,SUPERIOR,PENAL,PENAL,APELACION DENUNCIA,VIOLENCIA CONTRA LA MUJER Y LOS INTEGRANTES DEL GRUPO FAMILIAR,232,231,040101,AREQUIPA,AREQUIPA,AREQUIPA,15/06/2023
ENERO - DICIEMBRE,2022,06/01/2023,AREQUIPA,SUPERIOR,PENAL,PENAL,APELACION DENUNCIA,,1719,1643,040101,AREQUIPA,AREQUIPA,AREQUIPA,15/06/2023
ENERO - DICIEMBRE,2022,06/01/2023,AREQUIPA,SUPERIOR,PENAL,PENAL,CONSULTAS,VIOLENCIA CONTRA LA MUJER Y LOS INTEGRANTES DEL GRUPO FAMILIAR,126,122,040101,AREQUIPA,AREQUIPA,AREQUIPA,15/06/2023
ENERO - DICIEMBRE,2022,06/01/2023,AREQUIPA,SUPERIOR,PENAL,PENAL,CONSULTAS,,337,323,040101,AREQUIPA,AREQUIPA,AREQUIPA,15/06/2023
ENERO - DICIEMBRE,2022,06/01/2023,AREQUIPA,SUPERIOR,PENAL,PENAL,DENUNCIA,,126,107,040101,AREQUIPA,AREQUIPA,AREQUIPA,15/06/2023
ENERO - DICIEMBRE,2022,06/01/2023,AREQUIPA,SUPERIOR,PENAL,PENAL,EXCLUSION FISCAL,VIOLENCIA CONTRA LA MUJER Y LOS INTEGRANTES DEL GRUPO FAMILIAR,6,6,040101,AREQUIPA,AREQUIPA,AREQUIPA,15/06/2023
ENERO - DICIEMBRE,2022,06/01/2023,AREQUIPA,SUPERIOR,PENAL,PENAL,EXCLUSION FISCAL,,34,34,040101,AREQUIPA,AREQUIPA,AREQUIPA,15/06/2023
ENERO - DICIEMBRE,2022,06/01/2023,AREQUIPA,SUPERIOR,PENAL,PENAL,EXPEDIENTE,,66,59,040101,AREQUIPA,AREQUIPA,AREQUIPA,15/06/2023
ENERO - DICIEMBRE,2022,06/01/2023,AREQUIPA,SUPERIOR,PENAL,PENAL,INCIDENTE-EXPEDIENTE,,7,7,040101,AREQUIPA,AREQUIPA,AREQUIPA,15/06/2023
ENERO - DICIEMBRE,2022,06/01/2023,AREQUIPA,SUPERIOR,PENAL,PENAL,QUEJAS,VIOLENCIA CONTRA LA MUJER Y LOS INTEGRANTES DEL GRUPO FAMILIAR,515,494,040101,AREQUIPA,AREQUIPA,AREQUIPA,15/06/2023
ENERO - DICIEMBRE,2022,06/01/2023,AREQUIPA,SUPERIOR,PENAL,PENAL,QUEJAS,,2700,2634,040101,AREQUIPA,AREQUIPA,AREQUIPA,15/06/2023
ENERO - DICIEMBRE,2022,06/01/2023,AYACUCHO,PROVINCIAL,CIVIL,CIVIL,EXPEDIENTE,,48,40,050110,AYACUCHO,HUAMANGA,SAN JUAN BAUTISTA,15/06/2023
ENERO - DICIEMBRE,2022,06/01/2023,AYACUCHO,PROVINCIAL,FAMILIA,ACTOS CONTRA LA LIBERTAD SEXUAL,DENUNCIA,,171,156,050110,AYACUCHO,HUAMANGA,SAN JUAN BAUTISTA,15/06/2023
ENERO - DICIEMBRE,2022,06/01/2023,AYACUCHO,PROVINCIAL,FAMILIA,FAMILIA CIVIL,EXPEDIENTE,,455,423,050110,AYACUCHO,HUAMANGA,SAN JUAN BAUTISTA,15/06/2023
ENERO - DICIEMBRE,2022,06/01/2023,AYACUCHO,PROVINCIAL,FAMILIA,FAMILIA PENAL,DENUNCIA,,479,373,050110,AYACUCHO,HUAMANGA,SAN JUAN BAUTISTA,15/06/2023
ENERO - DICIEMBRE,2022,06/01/2023,AYACUCHO,PROVINCIAL,FAMILIA,FAMILIA PENAL,EXPEDIENTE,,262,246,050110,AYACUCHO,HUAMANGA,SAN JUAN BAUTISTA,15/06/2023
ENERO - DICIEMBRE,2022,06/01/2023,AYACUCHO,PROVINCIAL,FAMILIA,FAMILIA TUTELAR,DENUNCIA,,811,723,050110,AYACUCHO,HUAMANGA,SAN JUAN BAUTISTA,15/06/2023
ENERO - DICIEMBRE,2022,06/01/2023,AYACUCHO,PROVINCIAL,FAMILIA,FAMILIA TUTELAR,EXPEDIENTE,,206,185,050110,AYACUCHO,HUAMANGA,SAN JUAN BAUTISTA,15/06/2023
ENERO - DICIEMBRE,2022,06/01/2023,AYACUCHO,PROVINCIAL,FAMILIA,VIOLENCIA FAMILIAR,DENUNCIA,,158,145,050110,AYACUCHO,HUAMANGA,SAN JUAN BAUTISTA,15/06/2023
ENERO - DICIEMBRE,2022,06/01/2023,AYACUCHO,PROVINCIAL,FAMILIA,VIOLENCIA FAMILIAR,EXPEDIENTE,,5,4,050110,AYACUCHO,HUAMANGA,SAN JUAN BAUTISTA,15/06/2023
ENERO - DICIEMBRE,2022,06/01/2023,AYACUCHO,PROVINCIAL,PENAL,PENAL,DENUNCIA,DELITOS DE CORRUPCION DE FUNCIONARIOS,518,466,050110,AYACUCHO,HUAMANGA,SAN JUAN BAUTISTA,15/06/2023
ENERO - DICIEMBRE,2022,06/01/2023,AYACUCHO,PROVINCIAL,PENAL,PENAL,DENUNCIA,CONTRA LA CRIMINALIDAD ORGANIZADA,85,84,050110,AYACUCHO,HUAMANGA,SAN JUAN BAUTISTA,15/06/2023
ENERO - DICIEMBRE,2022,06/01/2023,AYACUCHO,PROVINCIAL,PENAL,PENAL,DENUNCIA,MATERIA AMBIENTAL,361,358,050110,AYACUCHO,HUAMANGA,SAN JUAN BAUTISTA,15/06/2023
ENERO - DICIEMBRE,2022,06/01/2023,AYACUCHO,PROVINCIAL,PENAL,PENAL,DENUNCIA,,19,19,050110,AYACUCHO,HUAMANGA,SAN JUAN BAUTISTA,15/06/2023
ENERO - DICIEMBRE,2022,06/01/2023,AYACUCHO,PROVINCIAL,PENAL,PENAL,DENUNCIA,DELITOS DE TRAFICO ILICITO DE DROGAS,409,403,050110,AYACUCHO,HUAMANGA,SAN JUAN BAUTISTA,15/06/2023
ENERO - DICIEMBRE,2022,06/01/2023,AYACUCHO,PROVINCIAL,PENAL,PENAL,DENUNCIA,,258,256,050110,AYACUCHO,HUAMANGA,SAN JUAN BAUTISTA,15/06/2023
ENERO - DICIEMBRE,2022,06/01/2023,AYACUCHO,PROVINCIAL,PENAL,PENAL,DENUNCIA,,23492,20727,050110,AYACUCHO,HUAMANGA,SAN JUAN BAUTISTA,15/06/2023
ENERO - DICIEMBRE,2022,06/01/2023,AYACUCHO,PROVINCIAL,PENAL,PENAL,EXPEDIENTE,,10,9,050110,AYACUCHO,HUAMANGA,SAN JUAN BAUTISTA,15/06/2023
ENERO - DICIEMBRE,2022,06/01/2023,AYACUCHO,PROVINCIAL,PENAL,PENAL,INVESTIGACION PREVENTIVA,MATERIA AMBIENTAL,82,81,050110,AYACUCHO,HUAMANGA,SAN JUAN BAUTISTA,15/06/2023
ENERO - DICIEMBRE,2022,06/01/2023,AYACUCHO,PROVINCIAL,PENAL,PENAL,INVESTIGACION PREVENTIVA,,408,406,050110,AYACUCHO,HUAMANGA,SAN JUAN BAUTISTA,15/06/2023
ENERO - DICIEMBRE,2022,06/01/2023,AYACUCHO,PROVINCIAL,PENAL,PENAL,INVESTIGACION PREVENTIVA,,306,284,050110,AYACUCHO,HUAMANGA,SAN JUAN BAUTISTA,15/06/2023
ENERO - DICIEMBRE,2022,06/01/2023,AYACUCHO,SUPERIOR,CIVIL,CIVIL,EXPEDIENTE,,1,0,050110,AYACUCHO,HUAMANGA,SAN JUAN BAUTISTA,15/06/2023
ENERO - DICIEMBRE,2022,06/01/2023,AYACUCHO,SUPERIOR,FAMILIA,FAMILIA CIVIL,EXPEDIENTE,,19,18,050110,AYACUCHO,HUAMANGA,SAN JUAN BAUTISTA,15/06/2023
ENERO - DICIEMBRE,2022,06/01/2023,AYACUCHO,SUPERIOR,FAMILIA,FAMILIA CIVIL,INCIDENTE,,1,1,050110,AYACUCHO,HUAMANGA,SAN JUAN BAUTISTA,15/06/2023
ENERO - DICIEMBRE,2022,06/01/2023,AYACUCHO,SUPERIOR,FAMILIA,FAMILIA PENAL,EXPEDIENTE,,27,27,050110,AYACUCHO,HUAMANGA,SAN JUAN BAUTISTA,15/06/2023
ENERO - DICIEMBRE,2022,06/01/2023,AYACUCHO,SUPERIOR,FAMILIA,FAMILIA PENAL,INCIDENTE,,1,1,050110,AYACUCHO,HUAMANGA,SAN JUAN BAUTISTA,15/06/2023
ENERO - DICIEMBRE,2022,06/01/2023,AYACUCHO,SUPERIOR,FAMILIA,FAMILIA TUTELAR,EXPEDIENTE,,19,19,050110,AYACUCHO,HUAMANGA,SAN JUAN BAUTISTA,15/06/2023
ENERO - DICIEMBRE,2022,06/01/2023,AYACUCHO,SUPERIOR,FAMILIA,VIOLENCIA FAMILIAR,EXPEDIENTE,,120,117,050110,AYACUCHO,HUAMANGA,SAN JUAN BAUTISTA,15/06/2023
ENERO - DICIEMBRE,2022,06/01/2023,AYACUCHO,SUPERIOR,FAMILIA,VIOLENCIA FAMILIAR,INCIDENTE,,3,3,050110,AYACUCHO,HUAMANGA,SAN JUAN BAUTISTA,15/06/2023
ENERO - DICIEMBRE,2022,06/01/2023,AYACUCHO,SUPERIOR,PENAL,PENAL,APELACION DENUNCIA,DELITOS DE CORRUPCION DE FUNCIONARIOS,82,82,050110,AYACUCHO,HUAMANGA,SAN JUAN BAUTISTA,15/06/2023
ENERO - DICIEMBRE,2022,06/01/2023,AYACUCHO,SUPERIOR,PENAL,PENAL,APELACION DENUNCIA,,802,802,050110,AYACUCHO,HUAMANGA,SAN JUAN BAUTISTA,15/06/2023
ENERO - DICIEMBRE,2022,06/01/2023,AYACUCHO,SUPERIOR,PENAL,PENAL,APELACION EXPEDIENTE,,2,2,050110,AYACUCHO,HUAMANGA,SAN JUAN BAUTISTA,15/06/2023
ENERO - DICIEMBRE,2022,06/01/2023,AYACUCHO,SUPERIOR,PENAL,PENAL,CONSULTAS,DELITOS DE CORRUPCION DE FUNCIONARIOS,33,33,050110,AYACUCHO,HUAMANGA,SAN JUAN BAUTISTA,15/06/2023
ENERO - DICIEMBRE,2022,06/01/2023,AYACUCHO,SUPERIOR,PENAL,PENAL,CONSULTAS,,223,220,050110,AYACUCHO,HUAMANGA,SAN JUAN BAUTISTA,15/06/2023
ENERO - DICIEMBRE,2022,06/01/2023,AYACUCHO,SUPERIOR,PENAL,PENAL,DENUNCIA,DELITOS DE CORRUPCION DE FUNCIONARIOS,19,18,050110,AYACUCHO,HUAMANGA,SAN JUAN BAUTISTA,15/06/2023
ENERO - DICIEMBRE,2022,06/01/2023,AYACUCHO,SUPERIOR,PENAL,PENAL,DENUNCIA,,97,83,050110,AYACUCHO,HUAMANGA,SAN JUAN BAUTISTA,15/06/2023
ENERO - DICIEMBRE,2022,06/01/2023,AYACUCHO,SUPERIOR,PENAL,PENAL,EXCLUSION FISCAL,,30,30,050110,AYACUCHO,HUAMANGA,SAN JUAN BAUTISTA,15/06/2023
ENERO - DICIEMBRE,2022,06/01/2023,AYACUCHO,SUPERIOR,PENAL,PENAL,EXPEDIENTE,,320,303,050110,AYACUCHO,HUAMANGA,SAN JUAN BAUTISTA,15/06/2023
ENERO - DICIEMBRE,2022,06/01/2023,AYACUCHO,SUPERIOR,PENAL,PENAL,INCIDENTE-EXPEDIENTE,,12,12,050110,AYACUCHO,HUAMANGA,SAN JUAN BAUTISTA,15/06/2023
ENERO - DICIEMBRE,2022,06/01/2023,AYACUCHO,SUPERIOR,PENAL,PENAL,QUEJAS,DELITOS DE CORRUPCION DE FUNCIONARIOS,51,51,050110,AYACUCHO,HUAMANGA,SAN JUAN BAUTISTA,15/06/2023
ENERO - DICIEMBRE,2022,06/01/2023,AYACUCHO,SUPERIOR,PENAL,PENAL,QUEJAS,,977,968,050110,AYACUCHO,HUAMANGA,SAN JUAN BAUTISTA,15/06/2023
ENERO - DICIEMBRE,2022,06/01/2023,CAJAMARCA,PROVINCIAL,CIVIL,CIVIL,EXPEDIENTE,,201,185,060101,CAJAMARCA,CAJAMARCA,CAJAMARCA,15/06/2023
ENERO - DICIEMBRE,2022,06/01/2023,CAJAMARCA,PROVINCIAL,FAMILIA,ACTOS CONTRA LA LIBERTAD SEXUAL,DENUNCIA,,5,3,060101,CAJAMARCA,CAJAMARCA,CAJAMARCA,15/06/2023
ENERO - DICIEMBRE,2022,06/01/2023,CAJAMARCA,PROVINCIAL,FAMILIA,FAMILIA CIVIL,EXPEDIENTE,,1115,1053,060101,CAJAMARCA,CAJAMARCA,CAJAMARCA,15/06/2023
ENERO - DICIEMBRE,2022,06/01/2023,CAJAMARCA,PROVINCIAL,FAMILIA,FAMILIA PENAL,DENUNCIA,,684,658,060101,CAJAMARCA,CAJAMARCA,CAJAMARCA,15/06/2023
ENERO - DICIEMBRE,2022,06/01/2023,CAJAMARCA,PROVINCIAL,FAMILIA,FAMILIA PENAL,EXPEDIENTE,,156,147,060101,CAJAMARCA,CAJAMARCA,CAJAMARCA,15/06/2023
ENERO - DICIEMBRE,2022,06/01/2023,CAJAMARCA,PROVINCIAL,FAMILIA,FAMILIA TUTELAR,DENUNCIA,,1174,1147,060101,CAJAMARCA,CAJAMARCA,CAJAMARCA,15/06/2023
ENERO - DICIEMBRE,2022,06/01/2023,CAJAMARCA,PROVINCIAL,FAMILIA,FAMILIA TUTELAR,EXPEDIENTE,,73,71,060101,CAJAMARCA,CAJAMARCA,CAJAMARCA,15/06/2023
ENERO - DICIEMBRE,2022,06/01/2023,CAJAMARCA,PROVINCIAL,FAMILIA,VIOLENCIA FAMILIAR,DENUNCIA,,50,48,060101,CAJAMARCA,CAJAMARCA,CAJAMARCA,15/06/2023
ENERO - DICIEMBRE,2022,06/01/2023,CAJAMARCA,PROVINCIAL,FAMILIA,VIOLENCIA FAMILIAR,EXPEDIENTE,,3,3,060101,CAJAMARCA,CAJAMARCA,CAJAMARCA,15/06/2023
ENERO - DICIEMBRE,2022,06/01/2023,CAJAMARCA,PROVINCIAL,PENAL,PENAL,DENUNCIA,DELITOS DE CORRUPCION DE FUNCIONARIOS,382,372,060101,CAJAMARCA,CAJAMARCA,CAJAMARCA,15/06/2023
ENERO - DICIEMBRE,2022,06/01/2023,CAJAMARCA,PROVINCIAL,PENAL,PENAL,DENUNCIA,CONTRA LA CRIMINALIDAD ORGANIZADA,30,30,060101,CAJAMARCA,CAJAMARCA,CAJAMARCA,15/06/2023
ENERO - DICIEMBRE,2022,06/01/2023,CAJAMARCA,PROVINCIAL,PENAL,PENAL,DENUNCIA,MATERIA AMBIENTAL,130,130,060101,CAJAMARCA,CAJAMARCA,CAJAMARCA,15/06/2023
ENERO - DICIEMBRE,2022,06/01/2023,CAJAMARCA,PROVINCIAL,PENAL,PENAL,DENUNCIA,,4,4,060101,CAJAMARCA,CAJAMARCA,CAJAMARCA,15/06/2023
ENERO - DICIEMBRE,2022,06/01/2023,CAJAMARCA,PROVINCIAL,PENAL,PENAL,DENUNCIA,VIOLENCIA CONTRA LA MUJER Y LOS INTEGRANTES DEL GRUPO FAMILIAR,3272,3262,060101,CAJAMARCA,CAJAMARCA,CAJAMARCA,15/06/2023
ENERO - DICIEMBRE,2022,06/01/2023,CAJAMARCA,PROVINCIAL,PENAL,PENAL,DENUNCIA,,21577,20969,060101,CAJAMARCA,CAJAMARCA,CAJAMARCA,15/06/2023
ENERO - DICIEMBRE,2022,06/01/2023,CAJAMARCA,PROVINCIAL,PENAL,PENAL,EXPEDIENTE,,5,2,060101,CAJAMARCA,CAJAMARCA,CAJAMARCA,15/06/2023
ENERO - DICIEMBRE,2022,06/01/2023,CAJAMARCA,PROVINCIAL,PENAL,PENAL,INVESTIGACION PREVENTIVA,MATERIA AMBIENTAL,101,101,060101,CAJAMARCA,CAJAMARCA,CAJAMARCA,15/06/2023
ENERO - DICIEMBRE,2022,06/01/2023,CAJAMARCA,PROVINCIAL,PENAL,PENAL,INVESTIGACION PREVENTIVA,,478,478,060101,CAJAMARCA,CAJAMARCA,CAJAMARCA,15/06/2023
ENERO - DICIEMBRE,2022,06/01/2023,CAJAMARCA,PROVINCIAL,PENAL,PENAL,INVESTIGACION PREVENTIVA,,492,474,060101,CAJAMARCA,CAJAMARCA,CAJAMARCA,15/06/2023
ENERO - DICIEMBRE,2022,06/01/2023,CAJAMARCA,SUPERIOR,CIVIL,CIVIL,EXPEDIENTE,,17,17,060101,CAJAMARCA,CAJAMARCA,CAJAMARCA,15/06/2023
ENERO - DICIEMBRE,2022,06/01/2023,CAJAMARCA,SUPERIOR,FAMILIA,FAMILIA CIVIL,EXPEDIENTE,,29,29,060101,CAJAMARCA,CAJAMARCA,CAJAMARCA,15/06/2023
ENERO - DICIEMBRE,2022,06/01/2023,CAJAMARCA,SUPERIOR,FAMILIA,FAMILIA PENAL,EXPEDIENTE,,19,18,060101,CAJAMARCA,CAJAMARCA,CAJAMARCA,15/06/2023
ENERO - DICIEMBRE,2022,06/01/2023,CAJAMARCA,SUPERIOR,FAMILIA,FAMILIA TUTELAR,EXPEDIENTE,,2,1,060101,CAJAMARCA,CAJAMARCA,CAJAMARCA,15/06/2023
ENERO - DICIEMBRE,2022,06/01/2023,CAJAMARCA,SUPERIOR,FAMILIA,VIOLENCIA FAMILIAR,EXPEDIENTE,,183,183,060101,CAJAMARCA,CAJAMARCA,CAJAMARCA,15/06/2023
ENERO - DICIEMBRE,2022,06/01/2023,CAJAMARCA,SUPERIOR,FAMILIA,VIOLENCIA FAMILIAR,INCIDENTE,,7,7,060101,CAJAMARCA,CAJAMARCA,CAJAMARCA,15/06/2023
ENERO - DICIEMBRE,2022,06/01/2023,CAJAMARCA,SUPERIOR,PENAL,PENAL,APELACION DENUNCIA,,804,803,060101,CAJAMARCA,CAJAMARCA,CAJAMARCA,15/06/2023
ENERO - DICIEMBRE,2022,06/01/2023,CAJAMARCA,SUPERIOR,PENAL,PENAL,APELACION EXPEDIENTE,,118,118,060101,CAJAMARCA,CAJAMARCA,CAJAMARCA,15/06/2023
ENERO - DICIEMBRE,2022,06/01/2023,CAJAMARCA,SUPERIOR,PENAL,PENAL,CONSULTAS,,298,290,060101,CAJAMARCA,CAJAMARCA,CAJAMARCA,15/06/2023
ENERO - DICIEMBRE,2022,06/01/2023,CAJAMARCA,SUPERIOR,PENAL,PENAL,DENUNCIA,,40,39,060101,CAJAMARCA,CAJAMARCA,CAJAMARCA,15/06/2023
ENERO - DICIEMBRE,2022,06/01/2023,CAJAMARCA,SUPERIOR,PENAL,PENAL,EXCLUSION FISCAL,,20,20,060101,CAJAMARCA,CAJAMARCA,CAJAMARCA,15/06/2023
ENERO - DICIEMBRE,2022,06/01/2023,CAJAMARCA,SUPERIOR,PENAL,PENAL,EXPEDIENTE,,21,21,060101,CAJAMARCA,CAJAMARCA,CAJAMARCA,15/06/2023
ENERO - DICIEMBRE,2022,06/01/2023,CAJAMARCA,SUPERIOR,PENAL,PENAL,INCIDENTE-EXPEDIENTE,,2,2,060101,CAJAMARCA,CAJAMARCA,CAJAMARCA,15/06/2023
ENERO - DICIEMBRE,2022,06/01/2023,CAJAMARCA,SUPERIOR,PENAL,PENAL,QUEJAS,,1462,1431,060101,CAJAMARCA,CAJAMARCA,CAJAMARCA,15/06/2023
ENERO - DICIEMBRE,2022,06/01/2023,CALLAO,PROVINCIAL,CIVIL,CIVIL,EXPEDIENTE,,3,3,070101,CALLAO,CALLAO,CALLAO,15/06/2023
ENERO - DICIEMBRE,2022,06/01/2023,CALLAO,PROVINCIAL,FAMILIA,ACTOS CONTRA LA LIBERTAD SEXUAL,DENUNCIA,,55,55,070101,CALLAO,CALLAO,CALLAO,15/06/2023
ENERO - DICIEMBRE,2022,06/01/2023,CALLAO,PROVINCIAL,FAMILIA,FAMILIA CIVIL,EXPEDIENTE,,923,898,070101,CALLAO,CALLAO,CALLAO,15/06/2023
ENERO - DICIEMBRE,2022,06/01/2023,CALLAO,PROVINCIAL,FAMILIA,FAMILIA PENAL,DENUNCIA,,683,668,070101,CALLAO,CALLAO,CALLAO,15/06/2023
ENERO - DICIEMBRE,2022,06/01/2023,CALLAO,PROVINCIAL,FAMILIA,FAMILIA PENAL,EXPEDIENTE,,206,195,070101,CALLAO,CALLAO,CALLAO,15/06/2023
ENERO - DICIEMBRE,2022,06/01/2023,CALLAO,PROVINCIAL,FAMILIA,FAMILIA TUTELAR,DENUNCIA,,283,267,070101,CALLAO,CALLAO,CALLAO,15/06/2023
ENERO - DICIEMBRE,2022,06/01/2023,CALLAO,PROVINCIAL,FAMILIA,FAMILIA TUTELAR,EXPEDIENTE,,23,21,070101,CALLAO,CALLAO,CALLAO,15/06/2023
ENERO - DICIEMBRE,2022,06/01/2023,CALLAO,PROVINCIAL,FAMILIA,VIOLENCIA FAMILIAR,DENUNCIA,,25,25,070101,CALLAO,CALLAO,CALLAO,15/06/2023
ENERO - DICIEMBRE,2022,06/01/2023,CALLAO,PROVINCIAL,FAMILIA,VIOLENCIA FAMILIAR,EXPEDIENTE,,4,4,070101,CALLAO,CALLAO,CALLAO,15/06/2023
ENERO - DICIEMBRE,2022,06/01/2023,CALLAO,PROVINCIAL,PENAL,PENAL,DENUNCIA,DELITOS DE CORRUPCION DE FUNCIONARIOS,208,207,070101,CALLAO,CALLAO,CALLAO,15/06/2023
ENERO - DICIEMBRE,2022,06/01/2023,CALLAO,PROVINCIAL,PENAL,PENAL,DENUNCIA,CONTRA LA CRIMINALIDAD ORGANIZADA,71,60,070101,CALLAO,CALLAO,CALLAO,15/06/2023
ENERO - DICIEMBRE,2022,06/01/2023,CALLAO,PROVINCIAL,PENAL,PENAL,DENUNCIA,DELITOS ADUANEROS Y CONTRA LA PROPIEDAD INTELECTUAL,284,274,070101,CALLAO,CALLAO,CALLAO,15/06/2023
ENERO - DICIEMBRE,2022,06/01/2023,CALLAO,PROVINCIAL,PENAL,PENAL,DENUNCIA,LAVADO DE ACTIVOS Y PERDIDA DE DOMINIO,36,34,070101,CALLAO,CALLAO,CALLAO,15/06/2023
ENERO - DICIEMBRE,2022,06/01/2023,CALLAO,PROVINCIAL,PENAL,PENAL,DENUNCIA,MATERIA AMBIENTAL,48,48,070101,CALLAO,CALLAO,CALLAO,15/06/2023
ENERO - DICIEMBRE,2022,06/01/2023,CALLAO,PROVINCIAL,PENAL,PENAL,DENUNCIA,,3,2,070101,CALLAO,CALLAO,CALLAO,15/06/2023
ENERO - DICIEMBRE,2022,06/01/2023,CALLAO,PROVINCIAL,PENAL,PENAL,DENUNCIA,DELITOS DE TRAFICO ILICITO DE DROGAS,364,357,070101,CALLAO,CALLAO,CALLAO,15/06/2023
ENERO - DICIEMBRE,2022,06/01/2023,CALLAO,PROVINCIAL,PENAL,PENAL,DENUNCIA,DELITOS DE TRATA DE PERSONAS,63,63,070101,CALLAO,CALLAO,CALLAO,15/06/2023
ENERO - DICIEMBRE,2022,06/01/2023,CALLAO,PROVINCIAL,PENAL,PENAL,DENUNCIA,TRANSITO Y SEGURIDAD VIAL,2751,2689,070101,CALLAO,CALLAO,CALLAO,15/06/2023
ENERO - DICIEMBRE,2022,06/01/2023,CALLAO,PROVINCIAL,PENAL,PENAL,DENUNCIA,VIOLENCIA CONTRA LA MUJER Y LOS INTEGRANTES DEL GRUPO FAMILIAR,11063,10169,070101,CALLAO,CALLAO,CALLAO,15/06/2023
ENERO - DICIEMBRE,2022,06/01/2023,CALLAO,PROVINCIAL,PENAL,PENAL,DENUNCIA,,22744,21401,070101,CALLAO,CALLAO,CALLAO,15/06/2023
ENERO - DICIEMBRE,2022,06/01/2023,CALLAO,PROVINCIAL,PENAL,PENAL,EXPEDIENTE,DELITOS ADUANEROS Y CONTRA LA PROPIEDAD INTELECTUAL,18,10,070101,CALLAO,CALLAO,CALLAO,15/06/2023
ENERO - DICIEMBRE,2022,06/01/2023,CALLAO,PROVINCIAL,PENAL,PENAL,EXPEDIENTE,DELITOS DE TRAFICO ILICITO DE DROGAS,34,17,070101,CALLAO,CALLAO,CALLAO,15/06/2023
ENERO - DICIEMBRE,2022,06/01/2023,CALLAO,PROVINCIAL,PENAL,PENAL,EXPEDIENTE,,104,85,070101,CALLAO,CALLAO,CALLAO,15/06/2023
ENERO - DICIEMBRE,2022,06/01/2023,CALLAO,PROVINCIAL,PENAL,PENAL,INVESTIGACION PREVENTIVA,MATERIA AMBIENTAL,33,33,070101,CALLAO,CALLAO,CALLAO,15/06/2023
ENERO - DICIEMBRE,2022,06/01/2023,CALLAO,PROVINCIAL,PENAL,PENAL,INVESTIGACION PREVENTIVA,,291,291,070101,CALLAO,CALLAO,CALLAO,15/06/2023
ENERO - DICIEMBRE,2022,06/01/2023,CALLAO,PROVINCIAL,PENAL,PENAL,INVESTIGACION PREVENTIVA,,3,3,070101,CALLAO,CALLAO,CALLAO,15/06/2023
ENERO - DICIEMBRE,2022,06/01/2023,CALLAO,SUPERIOR,CIVIL,CIVIL,EXPEDIENTE,,1,1,070101,CALLAO,CALLAO,CALLAO,15/06/2023
ENERO - DICIEMBRE,2022,06/01/2023,CALLAO,SUPERIOR,FAMILIA,FAMILIA CIVIL,EXPEDIENTE,,93,91,070101,CALLAO,CALLAO,CALLAO,15/06/2023
ENERO - DICIEMBRE,2022,06/01/2023,CALLAO,SUPERIOR,FAMILIA,FAMILIA CIVIL,INCIDENTE,,1,1,070101,CALLAO,CALLAO,CALLAO,15/06/2023
ENERO - DICIEMBRE,2022,06/01/2023,CALLAO,SUPERIOR,FAMILIA,FAMILIA PENAL,EXPEDIENTE,,24,24,070101,CALLAO,CALLAO,CALLAO,15/06/2023
ENERO - DICIEMBRE,2022,06/01/2023,CALLAO,SUPERIOR,FAMILIA,FAMILIA PENAL,INCIDENTE,,1,1,070101,CALLAO,CALLAO,CALLAO,15/06/2023
ENERO - DICIEMBRE,2022,06/01/2023,CALLAO,SUPERIOR,FAMILIA,FAMILIA TUTELAR,EXPEDIENTE,,3,3,070101,CALLAO,CALLAO,CALLAO,15/06/2023
ENERO - DICIEMBRE,2022,06/01/2023,CALLAO,SUPERIOR,FAMILIA,VIOLENCIA FAMILIAR,EXPEDIENTE,,62,62,070101,CALLAO,CALLAO,CALLAO,15/06/2023
ENERO - DICIEMBRE,2022,06/01/2023,CALLAO,SUPERIOR,FAMILIA,VIOLENCIA FAMILIAR,INCIDENTE,,323,320,070101,CALLAO,CALLAO,CALLAO,15/06/2023
ENERO - DICIEMBRE,2022,06/01/2023,CALLAO,SUPERIOR,PENAL,PENAL,APELACION DENUNCIA,DELITOS DE CORRUPCION DE FUNCIONARIOS,75,75,070101,CALLAO,CALLAO,CALLAO,15/06/2023
ENERO - DICIEMBRE,2022,06/01/2023,CALLAO,SUPERIOR,PENAL,PENAL,APELACION DENUNCIA,,428,428,070101,CALLAO,CALLAO,CALLAO,15/06/2023
ENERO - DICIEMBRE,2022,06/01/2023,CALLAO,SUPERIOR,PENAL,PENAL,APELACION EXPEDIENTE,,123,123,070101,CALLAO,CALLAO,CALLAO,15/06/2023
ENERO - DICIEMBRE,2022,06/01/2023,CALLAO,SUPERIOR,PENAL,PENAL,CONSULTAS,DELITOS DE CORRUPCION DE FUNCIONARIOS,5,5,070101,CALLAO,CALLAO,CALLAO,15/06/2023
ENERO - DICIEMBRE,2022,06/01/2023,CALLAO,SUPERIOR,PENAL,PENAL,CONSULTAS,,152,151,070101,CALLAO,CALLAO,CALLAO,15/06/2023
ENERO - DICIEMBRE,2022,06/01/2023,CALLAO,SUPERIOR,PENAL,PENAL,DENUNCIA,DELITOS DE CORRUPCION DE FUNCIONARIOS,6,6,070101,CALLAO,CALLAO,CALLAO,15/06/2023
ENERO - DICIEMBRE,2022,06/01/2023,CALLAO,SUPERIOR,PENAL,PENAL,DENUNCIA,,31,31,070101,CALLAO,CALLAO,CALLAO,15/06/2023
ENERO - DICIEMBRE,2022,06/01/2023,CALLAO,SUPERIOR,PENAL,PENAL,DENUNCIA,,41,41,070101,CALLAO,CALLAO,CALLAO,15/06/2023
ENERO - DICIEMBRE,2022,06/01/2023,CALLAO,SUPERIOR,PENAL,PENAL,EXCLUSION FISCAL,,9,9,070101,CALLAO,CALLAO,CALLAO,15/06/2023
ENERO - DICIEMBRE,2022,06/01/2023,CALLAO,SUPERIOR,PENAL,PENAL,EXPEDIENTE,,292,285,070101,CALLAO,CALLAO,CALLAO,15/06/2023
ENERO - DICIEMBRE,2022,06/01/2023,CALLAO,SUPERIOR,PENAL,PENAL,INCIDENTE-EXPEDIENTE,,17,17,070101,CALLAO,CALLAO,CALLAO,15/06/2023
ENERO - DICIEMBRE,2022,06/01/2023,CALLAO,SUPERIOR,PENAL,PENAL,QUEJAS,DELITOS DE CORRUPCION DE FUNCIONARIOS,22,22,070101,CALLAO,CALLAO,CALLAO,15/06/2023
ENERO - DICIEMBRE,2022,06/01/2023,CALLAO,SUPERIOR,PENAL,PENAL,QUEJAS,,4,4,070101,CALLAO,CALLAO,CALLAO,15/06/2023
ENERO - DICIEMBRE,2022,06/01/2023,CALLAO,SUPERIOR,PENAL,PENAL,QUEJAS,,1020,1006,070101,CALLAO,CALLAO,CALLAO,15/06/2023
ENERO - DICIEMBRE,2022,06/01/2023,CAÑETE,PROVINCIAL,CIVIL,CIVIL,EXPEDIENTE,,18,18,150501,LIMA,CAÑETE,SAN VICENTE DE CAÑETE,15/06/2023
ENERO - DICIEMBRE,2022,06/01/2023,CAÑETE,PROVINCIAL,FAMILIA,ACTOS CONTRA LA LIBERTAD SEXUAL,DENUNCIA,,4,4,150501,LIMA,CAÑETE,SAN VICENTE DE CAÑETE,15/06/2023
ENERO - DICIEMBRE,2022,06/01/2023,CAÑETE,PROVINCIAL,FAMILIA,FAMILIA CIVIL,EXPEDIENTE,,226,219,150501,LIMA,CAÑETE,SAN VICENTE DE CAÑETE,15/06/2023
ENERO - DICIEMBRE,2022,06/01/2023,CAÑETE,PROVINCIAL,FAMILIA,FAMILIA PENAL,DENUNCIA,,241,235,150501,LIMA,CAÑETE,SAN VICENTE DE CAÑETE,15/06/2023
ENERO - DICIEMBRE,2022,06/01/2023,CAÑETE,PROVINCIAL,FAMILIA,FAMILIA PENAL,EXPEDIENTE,,119,115,150501,LIMA,CAÑETE,SAN VICENTE DE CAÑETE,15/06/2023
ENERO - DICIEMBRE,2022,06/01/2023,CAÑETE,PROVINCIAL,FAMILIA,FAMILIA TUTELAR,DENUNCIA,,201,197,150501,LIMA,CAÑETE,SAN VICENTE DE CAÑETE,15/06/2023
ENERO - DICIEMBRE,2022,06/01/2023,CAÑETE,PROVINCIAL,FAMILIA,FAMILIA TUTELAR,EXPEDIENTE,,42,39,150501,LIMA,CAÑETE,SAN VICENTE DE CAÑETE,15/06/2023
ENERO - DICIEMBRE,2022,06/01/2023,CAÑETE,PROVINCIAL,FAMILIA,VIOLENCIA FAMILIAR,DENUNCIA,,61,61,150501,LIMA,CAÑETE,SAN VICENTE DE CAÑETE,15/06/2023
ENERO - DICIEMBRE,2022,06/01/2023,CAÑETE,PROVINCIAL,FAMILIA,VIOLENCIA FAMILIAR,EXPEDIENTE,,4,4,150501,LIMA,CAÑETE,SAN VICENTE DE CAÑETE,15/06/2023
ENERO - DICIEMBRE,2022,06/01/2023,CAÑETE,PROVINCIAL,PENAL,PENAL,DENUNCIA,DELITOS DE CORRUPCION DE FUNCIONARIOS,137,132,150501,LIMA,CAÑETE,SAN VICENTE DE CAÑETE,15/06/2023
ENERO - DICIEMBRE,2022,06/01/2023,CAÑETE,PROVINCIAL,PENAL,PENAL,DENUNCIA,,55,55,150501,LIMA,CAÑETE,SAN VICENTE DE CAÑETE,15/06/2023
ENERO - DICIEMBRE,2022,06/01/2023,CAÑETE,PROVINCIAL,PENAL,PENAL,DENUNCIA,,14440,10886,150501,LIMA,CAÑETE,SAN VICENTE DE CAÑETE,15/06/2023
ENERO - DICIEMBRE,2022,06/01/2023,CAÑETE,PROVINCIAL,PENAL,PENAL,INVESTIGACION PREVENTIVA,,523,523,150501,LIMA,CAÑETE,SAN VICENTE DE CAÑETE,15/06/2023
ENERO - DICIEMBRE,2022,06/01/2023,CAÑETE,SUPERIOR,CIVIL,CIVIL,EXPEDIENTE,,2,2,150501,LIMA,CAÑETE,SAN VICENTE DE CAÑETE,15/06/2023
ENERO - DICIEMBRE,2022,06/01/2023,CAÑETE,SUPERIOR,FAMILIA,FAMILIA CIVIL,EXPEDIENTE,,11,11,150501,LIMA,CAÑETE,SAN VICENTE DE CAÑETE,15/06/2023
ENERO - DICIEMBRE,2022,06/01/2023,CAÑETE,SUPERIOR,FAMILIA,FAMILIA PENAL,EXPEDIENTE,,19,19,150501,LIMA,CAÑETE,SAN VICENTE DE CAÑETE,15/06/2023
ENERO - DICIEMBRE,2022,06/01/2023,CAÑETE,SUPERIOR,FAMILIA,FAMILIA TUTELAR,EXPEDIENTE,,4,4,150501,LIMA,CAÑETE,SAN VICENTE DE CAÑETE,15/06/2023
ENERO - DICIEMBRE,2022,06/01/2023,CAÑETE,SUPERIOR,FAMILIA,VIOLENCIA FAMILIAR,EXPEDIENTE,,2,2,150501,LIMA,CAÑETE,SAN VICENTE DE CAÑETE,15/06/2023
ENERO - DICIEMBRE,2022,06/01/2023,CAÑETE,SUPERIOR,FAMILIA,VIOLENCIA FAMILIAR,INCIDENTE,,33,33,150501,LIMA,CAÑETE,SAN VICENTE DE CAÑETE,15/06/2023
ENERO - DICIEMBRE,2022,06/01/2023,CAÑETE,SUPERIOR,PENAL,PENAL,APELACION DENUNCIA,,416,404,150501,LIMA,CAÑETE,SAN VICENTE DE CAÑETE,15/06/2023
ENERO - DICIEMBRE,2022,06/01/2023,CAÑETE,SUPERIOR,PENAL,PENAL,APELACION EXPEDIENTE,,3,3,150501,LIMA,CAÑETE,SAN VICENTE DE CAÑETE,15/06/2023
ENERO - DICIEMBRE,2022,06/01/2023,CAÑETE,SUPERIOR,PENAL,PENAL,CONSULTAS,,72,72,150501,LIMA,CAÑETE,SAN VICENTE DE CAÑETE,15/06/2023
ENERO - DICIEMBRE,2022,06/01/2023,CAÑETE,SUPERIOR,PENAL,PENAL,DENUNCIA,,35,35,150501,LIMA,CAÑETE,SAN VICENTE DE CAÑETE,15/06/2023
ENERO - DICIEMBRE,2022,06/01/2023,CAÑETE,SUPERIOR,PENAL,PENAL,EXCLUSION FISCAL,,11,11,150501,LIMA,CAÑETE,SAN VICENTE DE CAÑETE,15/06/2023
ENERO - DICIEMBRE,2022,06/01/2023,CAÑETE,SUPERIOR,PENAL,PENAL,EXPEDIENTE,,5,5,150501,LIMA,CAÑETE,SAN VICENTE DE CAÑETE,15/06/2023
ENERO - DICIEMBRE,2022,06/01/2023,CAÑETE,SUPERIOR,PENAL,PENAL,INCIDENTE-EXPEDIENTE,,10,10,150501,LIMA,CAÑETE,SAN VICENTE DE CAÑETE,15/06/2023
ENERO - DICIEMBRE,2022,06/01/2023,CAÑETE,SUPERIOR,PENAL,PENAL,QUEJAS,,327,326,150501,LIMA,CAÑETE,SAN VICENTE DE CAÑETE,15/06/2023
ENERO - DICIEMBRE,2022,06/01/2023,CUSCO,PROVINCIAL,CIVIL,CIVIL,EXPEDIENTE,,385,340,080108,CUSCO,CUSCO,WANCHAQ,15/06/2023
ENERO - DICIEMBRE,2022,06/01/2023,CUSCO,PROVINCIAL,FAMILIA,ACTOS CONTRA LA LIBERTAD SEXUAL,DENUNCIA,,56,48,080108,CUSCO,CUSCO,WANCHAQ,15/06/2023
ENERO - DICIEMBRE,2022,06/01/2023,CUSCO,PROVINCIAL,FAMILIA,FAMILIA CIVIL,EXPEDIENTE,,1492,1342,080108,CUSCO,CUSCO,WANCHAQ,15/06/2023
ENERO - DICIEMBRE,2022,06/01/2023,CUSCO,PROVINCIAL,FAMILIA,FAMILIA PENAL,DENUNCIA,,1004,844,080108,CUSCO,CUSCO,WANCHAQ,15/06/2023
ENERO - DICIEMBRE,2022,06/01/2023,CUSCO,PROVINCIAL,FAMILIA,FAMILIA PENAL,EXPEDIENTE,,382,350,080108,CUSCO,CUSCO,WANCHAQ,15/06/2023
ENERO - DICIEMBRE,2022,06/01/2023,CUSCO,PROVINCIAL,FAMILIA,FAMILIA TUTELAR,DENUNCIA,,738,649,080108,CUSCO,CUSCO,WANCHAQ,15/06/2023
ENERO - DICIEMBRE,2022,06/01/2023,CUSCO,PROVINCIAL,FAMILIA,FAMILIA TUTELAR,EXPEDIENTE,,157,132,080108,CUSCO,CUSCO,WANCHAQ,15/06/2023
ENERO - DICIEMBRE,2022,06/01/2023,CUSCO,PROVINCIAL,FAMILIA,VIOLENCIA FAMILIAR,DENUNCIA,,58,54,080108,CUSCO,CUSCO,WANCHAQ,15/06/2023
ENERO - DICIEMBRE,2022,06/01/2023,CUSCO,PROVINCIAL,FAMILIA,VIOLENCIA FAMILIAR,EXPEDIENTE,,17,17,080108,CUSCO,CUSCO,WANCHAQ,15/06/2023
ENERO - DICIEMBRE,2022,06/01/2023,CUSCO,PROVINCIAL,PENAL,PENAL,DENUNCIA,DELITOS DE CORRUPCION DE FUNCIONARIOS,840,774,080108,CUSCO,CUSCO,WANCHAQ,15/06/2023
ENERO - DICIEMBRE,2022,06/01/2023,CUSCO,PROVINCIAL,PENAL,PENAL,DENUNCIA,CONTRA LA CRIMINALIDAD ORGANIZADA,14,14,080108,CUSCO,CUSCO,WANCHAQ,15/06/2023
ENERO - DICIEMBRE,2022,06/01/2023,CUSCO,PROVINCIAL,PENAL,PENAL,DENUNCIA,MATERIA AMBIENTAL,428,352,080108,CUSCO,CUSCO,WANCHAQ,15/06/2023
ENERO - DICIEMBRE,2022,06/01/2023,CUSCO,PROVINCIAL,PENAL,PENAL,DENUNCIA,,1,0,080108,CUSCO,CUSCO,WANCHAQ,15/06/2023
ENERO - DICIEMBRE,2022,06/01/2023,CUSCO,PROVINCIAL,PENAL,PENAL,DENUNCIA,DELITOS DE TRAFICO ILICITO DE DROGAS,103,103,080108,CUSCO,CUSCO,WANCHAQ,15/06/2023
ENERO - DICIEMBRE,2022,06/01/2023,CUSCO,PROVINCIAL,PENAL,PENAL,DENUNCIA,DELITOS DE TRATA DE PERSONAS,74,74,080108,CUSCO,CUSCO,WANCHAQ,15/06/2023
ENERO - DICIEMBRE,2022,06/01/2023,CUSCO,PROVINCIAL,PENAL,PENAL,DENUNCIA,TURISMO,385,385,080108,CUSCO,CUSCO,WANCHAQ,15/06/2023
ENERO - DICIEMBRE,2022,06/01/2023,CUSCO,PROVINCIAL,PENAL,PENAL,DENUNCIA,VIOLENCIA CONTRA LA MUJER Y LOS INTEGRANTES DEL GRUPO FAMILIAR,15292,14700,080108,CUSCO,CUSCO,WANCHAQ,15/06/2023
ENERO - DICIEMBRE,2022,06/01/2023,CUSCO,PROVINCIAL,PENAL,PENAL,DENUNCIA,,27073,24873,080108,CUSCO,CUSCO,WANCHAQ,15/06/2023
ENERO - DICIEMBRE,2022,06/01/2023,CUSCO,PROVINCIAL,PENAL,PENAL,EXPEDIENTE,,5,3,080108,CUSCO,CUSCO,WANCHAQ,15/06/2023
ENERO - DICIEMBRE,2022,06/01/2023,CUSCO,PROVINCIAL,PENAL,PENAL,INVESTIGACION PREVENTIVA,MATERIA AMBIENTAL,11,11,080108,CUSCO,CUSCO,WANCHAQ,15/06/2023
ENERO - DICIEMBRE,2022,06/01/2023,CUSCO,PROVINCIAL,PENAL,PENAL,INVESTIGACION PREVENTIVA,,682,682,080108,CUSCO,CUSCO,WANCHAQ,15/06/2023
ENERO - DICIEMBRE,2022,06/01/2023,CUSCO,PROVINCIAL,PENAL,PENAL,INVESTIGACION PREVENTIVA,,473,434,080108,CUSCO,CUSCO,WANCHAQ,15/06/2023
ENERO - DICIEMBRE,2022,06/01/2023,CUSCO,SUPERIOR,CIVIL,CIVIL,EXPEDIENTE,,2,2,080108,CUSCO,CUSCO,WANCHAQ,15/06/2023
ENERO - DICIEMBRE,2022,06/01/2023,CUSCO,SUPERIOR,FAMILIA,FAMILIA CIVIL,EXPEDIENTE,,208,200,080108,CUSCO,CUSCO,WANCHAQ,15/06/2023
ENERO - DICIEMBRE,2022,06/01/2023,CUSCO,SUPERIOR,FAMILIA,FAMILIA CIVIL,INCIDENTE,,3,3,080108,CUSCO,CUSCO,WANCHAQ,15/06/2023
ENERO - DICIEMBRE,2022,06/01/2023,CUSCO,SUPERIOR,FAMILIA,FAMILIA PENAL,EXPEDIENTE,,52,51,080108,CUSCO,CUSCO,WANCHAQ,15/06/2023
ENERO - DICIEMBRE,2022,06/01/2023,CUSCO,SUPERIOR,FAMILIA,FAMILIA PENAL,INCIDENTE,,2,2,080108,CUSCO,CUSCO,WANCHAQ,15/06/2023
ENERO - DICIEMBRE,2022,06/01/2023,CUSCO,SUPERIOR,FAMILIA,FAMILIA TUTELAR,EXPEDIENTE,,44,41,080108,CUSCO,CUSCO,WANCHAQ,15/06/2023
ENERO - DICIEMBRE,2022,06/01/2023,CUSCO,SUPERIOR,FAMILIA,VIOLENCIA FAMILIAR,EXPEDIENTE,,510,508,080108,CUSCO,CUSCO,WANCHAQ,15/06/2023
ENERO - DICIEMBRE,2022,06/01/2023,CUSCO,SUPERIOR,FAMILIA,VIOLENCIA FAMILIAR,INCIDENTE,,31,31,080108,CUSCO,CUSCO,WANCHAQ,15/06/2023
ENERO - DICIEMBRE,2022,06/01/2023,CUSCO,SUPERIOR,PENAL,PENAL,APELACION DENUNCIA,VIOLENCIA CONTRA LA MUJER Y LOS INTEGRANTES DEL GRUPO FAMILIAR,623,620,080108,CUSCO,CUSCO,WANCHAQ,15/06/2023
ENERO - DICIEMBRE,2022,06/01/2023,CUSCO,SUPERIOR,PENAL,PENAL,APELACION DENUNCIA,,1756,1596,080108,CUSCO,CUSCO,WANCHAQ,15/06/2023
ENERO - DICIEMBRE,2022,06/01/2023,CUSCO,SUPERIOR,PENAL,PENAL,APELACION EXPEDIENTE,,52,38,080108,CUSCO,CUSCO,WANCHAQ,15/06/2023
ENERO - DICIEMBRE,2022,06/01/2023,CUSCO,SUPERIOR,PENAL,PENAL,CONSULTAS,VIOLENCIA CONTRA LA MUJER Y LOS INTEGRANTES DEL GRUPO FAMILIAR,129,125,080108,CUSCO,CUSCO,WANCHAQ,15/06/2023
ENERO - DICIEMBRE,2022,06/01/2023,CUSCO,SUPERIOR,PENAL,PENAL,CONSULTAS,,373,325,080108,CUSCO,CUSCO,WANCHAQ,15/06/2023
ENERO - DICIEMBRE,2022,06/01/2023,CUSCO,SUPERIOR,PENAL,PENAL,DENUNCIA,,112,109,080108,CUSCO,CUSCO,WANCHAQ,15/06/2023
ENERO - DICIEMBRE,2022,06/01/2023,CUSCO,SUPERIOR,PENAL,PENAL,EXCLUSION FISCAL,,8,8,080108,CUSCO,CUSCO,WANCHAQ,15/06/2023
ENERO - DICIEMBRE,2022,06/01/2023,CUSCO,SUPERIOR,PENAL,PENAL,EXPEDIENTE,,64,53,080108,CUSCO,CUSCO,WANCHAQ,15/06/2023
ENERO - DICIEMBRE,2022,06/01/2023,CUSCO,SUPERIOR,PENAL,PENAL,INCIDENTE-EXPEDIENTE,,4,4,080108,CUSCO,CUSCO,WANCHAQ,15/06/2023
ENERO - DICIEMBRE,2022,06/01/2023,CUSCO,SUPERIOR,PENAL,PENAL,QUEJAS,VIOLENCIA CONTRA LA MUJER Y LOS INTEGRANTES DEL GRUPO FAMILIAR,208,205,080108,CUSCO,CUSCO,WANCHAQ,15/06/2023
ENERO - DICIEMBRE,2022,06/01/2023,CUSCO,SUPERIOR,PENAL,PENAL,QUEJAS,,1352,1247,080108,CUSCO,CUSCO,WANCHAQ,15/06/2023
ENERO - DICIEMBRE,2022,06/01/2023,HUANCAVELICA,PROVINCIAL,CIVIL,CIVIL,EXPEDIENTE,,42,42,090101,HUANCAVELICA,HUANCAVELICA,HUANCAVELICA,15/06/2023
ENERO - DICIEMBRE,2022,06/01/2023,HUANCAVELICA,PROVINCIAL,FAMILIA,FAMILIA CIVIL,EXPEDIENTE,,293,291,090101,HUANCAVELICA,HUANCAVELICA,HUANCAVELICA,15/06/2023
ENERO - DICIEMBRE,2022,06/01/2023,HUANCAVELICA,PROVINCIAL,FAMILIA,FAMILIA PENAL,DENUNCIA,,148,140,090101,HUANCAVELICA,HUANCAVELICA,HUANCAVELICA,15/06/2023
ENERO - DICIEMBRE,2022,06/01/2023,HUANCAVELICA,PROVINCIAL,FAMILIA,FAMILIA PENAL,EXPEDIENTE,,43,43,090101,HUANCAVELICA,HUANCAVELICA,HUANCAVELICA,15/06/2023
ENERO - DICIEMBRE,2022,06/01/2023,HUANCAVELICA,PROVINCIAL,FAMILIA,FAMILIA TUTELAR,DENUNCIA,,224,224,090101,HUANCAVELICA,HUANCAVELICA,HUANCAVELICA,15/06/2023
ENERO - DICIEMBRE,2022,06/01/2023,HUANCAVELICA,PROVINCIAL,FAMILIA,FAMILIA TUTELAR,EXPEDIENTE,,15,15,090101,HUANCAVELICA,HUANCAVELICA,HUANCAVELICA,15/06/2023
ENERO - DICIEMBRE,2022,06/01/2023,HUANCAVELICA,PROVINCIAL,FAMILIA,VIOLENCIA FAMILIAR,DENUNCIA,,7,7,090101,HUANCAVELICA,HUANCAVELICA,HUANCAVELICA,15/06/2023
ENERO - DICIEMBRE,2022,06/01/2023,HUANCAVELICA,PROVINCIAL,FAMILIA,VIOLENCIA FAMILIAR,EXPEDIENTE,,6,6,090101,HUANCAVELICA,HUANCAVELICA,HUANCAVELICA,15/06/2023
ENERO - DICIEMBRE,2022,06/01/2023,HUANCAVELICA,PROVINCIAL,PENAL,PENAL,DENUNCIA,DELITOS DE CORRUPCION DE FUNCIONARIOS,334,333,090101,HUANCAVELICA,HUANCAVELICA,HUANCAVELICA,15/06/2023
ENERO - DICIEMBRE,2022,06/01/2023,HUANCAVELICA,PROVINCIAL,PENAL,PENAL,DENUNCIA,CONTRA LA CRIMINALIDAD ORGANIZADA,53,51,090101,HUANCAVELICA,HUANCAVELICA,HUANCAVELICA,15/06/2023
ENERO - DICIEMBRE,2022,06/01/2023,HUANCAVELICA,PROVINCIAL,PENAL,PENAL,DENUNCIA,MATERIA AMBIENTAL,118,118,090101,HUANCAVELICA,HUANCAVELICA,HUANCAVELICA,15/06/2023
ENERO - DICIEMBRE,2022,06/01/2023,HUANCAVELICA,PROVINCIAL,PENAL,PENAL,DENUNCIA,,22,22,090101,HUANCAVELICA,HUANCAVELICA,HUANCAVELICA,15/06/2023
ENERO - DICIEMBRE,2022,06/01/2023,HUANCAVELICA,PROVINCIAL,PENAL,PENAL,DENUNCIA,VIOLENCIA CONTRA LA MUJER Y LOS INTEGRANTES DEL GRUPO FAMILIAR,737,735,090101,HUANCAVELICA,HUANCAVELICA,HUANCAVELICA,15/06/2023
ENERO - DICIEMBRE,2022,06/01/2023,HUANCAVELICA,PROVINCIAL,PENAL,PENAL,DENUNCIA,,5240,5056,090101,HUANCAVELICA,HUANCAVELICA,HUANCAVELICA,15/06/2023
ENERO - DICIEMBRE,2022,06/01/2023,HUANCAVELICA,PROVINCIAL,PENAL,PENAL,INVESTIGACION PREVENTIVA,MATERIA AMBIENTAL,10,10,090101,HUANCAVELICA,HUANCAVELICA,HUANCAVELICA,15/06/2023
ENERO - DICIEMBRE,2022,06/01/2023,HUANCAVELICA,PROVINCIAL,PENAL,PENAL,INVESTIGACION PREVENTIVA,,576,576,090101,HUANCAVELICA,HUANCAVELICA,HUANCAVELICA,15/06/2023
ENERO - DICIEMBRE,2022,06/01/2023,HUANCAVELICA,PROVINCIAL,PENAL,PENAL,INVESTIGACION PREVENTIVA,,27,27,090101,HUANCAVELICA,HUANCAVELICA,HUANCAVELICA,15/06/2023
ENERO - DICIEMBRE,2022,06/01/2023,HUANCAVELICA,SUPERIOR,FAMILIA,FAMILIA CIVIL,EXPEDIENTE,,17,17,090101,HUANCAVELICA,HUANCAVELICA,HUANCAVELICA,15/06/2023
ENERO - DICIEMBRE,2022,06/01/2023,HUANCAVELICA,SUPERIOR,FAMILIA,FAMILIA PENAL,EXPEDIENTE,,15,15,090101,HUANCAVELICA,HUANCAVELICA,HUANCAVELICA,15/06/2023
ENERO - DICIEMBRE,2022,06/01/2023,HUANCAVELICA,SUPERIOR,FAMILIA,FAMILIA TUTELAR,EXPEDIENTE,,2,2,090101,HUANCAVELICA,HUANCAVELICA,HUANCAVELICA,15/06/2023
ENERO - DICIEMBRE,2022,06/01/2023,HUANCAVELICA,SUPERIOR,FAMILIA,VIOLENCIA FAMILIAR,EXPEDIENTE,,4,4,090101,HUANCAVELICA,HUANCAVELICA,HUANCAVELICA,15/06/2023
ENERO - DICIEMBRE,2022,06/01/2023,HUANCAVELICA,SUPERIOR,FAMILIA,VIOLENCIA FAMILIAR,INCIDENTE,,20,20,090101,HUANCAVELICA,HUANCAVELICA,HUANCAVELICA,15/06/2023
ENERO - DICIEMBRE,2022,06/01/2023,HUANCAVELICA,SUPERIOR,PENAL,PENAL,APELACION DENUNCIA,DELITOS DE CORRUPCION DE FUNCIONARIOS,77,77,090101,HUANCAVELICA,HUANCAVELICA,HUANCAVELICA,15/06/2023
ENERO - DICIEMBRE,2022,06/01/2023,HUANCAVELICA,SUPERIOR,PENAL,PENAL,APELACION DENUNCIA,,283,283,090101,HUANCAVELICA,HUANCAVELICA,HUANCAVELICA,15/06/2023
ENERO - DICIEMBRE,2022,06/01/2023,HUANCAVELICA,SUPERIOR,PENAL,PENAL,APELACION EXPEDIENTE,,1,1,090101,HUANCAVELICA,HUANCAVELICA,HUANCAVELICA,15/06/2023
ENERO - DICIEMBRE,2022,06/01/2023,HUANCAVELICA,SUPERIOR,PENAL,PENAL,CONSULTAS,DELITOS DE CORRUPCION DE FUNCIONARIOS,8,8,090101,HUANCAVELICA,HUANCAVELICA,HUANCAVELICA,15/06/2023
ENERO - DICIEMBRE,2022,06/01/2023,HUANCAVELICA,SUPERIOR,PENAL,PENAL,CONSULTAS,,62,62,090101,HUANCAVELICA,HUANCAVELICA,HUANCAVELICA,15/06/2023
ENERO - DICIEMBRE,2022,06/01/2023,HUANCAVELICA,SUPERIOR,PENAL,PENAL,DENUNCIA,DELITOS DE CORRUPCION DE FUNCIONARIOS,5,5,090101,HUANCAVELICA,HUANCAVELICA,HUANCAVELICA,15/06/2023
ENERO - DICIEMBRE,2022,06/01/2023,HUANCAVELICA,SUPERIOR,PENAL,PENAL,DENUNCIA,,17,17,090101,HUANCAVELICA,HUANCAVELICA,HUANCAVELICA,15/06/2023
ENERO - DICIEMBRE,2022,06/01/2023,HUANCAVELICA,SUPERIOR,PENAL,PENAL,EXCLUSION FISCAL,,7,7,090101,HUANCAVELICA,HUANCAVELICA,HUANCAVELICA,15/06/2023
ENERO - DICIEMBRE,2022,06/01/2023,HUANCAVELICA,SUPERIOR,PENAL,PENAL,EXPEDIENTE,,12,12,090101,HUANCAVELICA,HUANCAVELICA,HUANCAVELICA,15/06/2023
ENERO - DICIEMBRE,2022,06/01/2023,HUANCAVELICA,SUPERIOR,PENAL,PENAL,INCIDENTE-EXPEDIENTE,,6,5,090101,HUANCAVELICA,HUANCAVELICA,HUANCAVELICA,15/06/2023
ENERO - DICIEMBRE,2022,06/01/2023,HUANCAVELICA,SUPERIOR,PENAL,PENAL,QUEJAS,DELITOS DE CORRUPCION DE FUNCIONARIOS,8,8,090101,HUANCAVELICA,HUANCAVELICA,HUANCAVELICA,15/06/2023
ENERO - DICIEMBRE,2022,06/01/2023,HUANCAVELICA,SUPERIOR,PENAL,PENAL,QUEJAS,,234,234,090101,HUANCAVELICA,HUANCAVELICA,HUANCAVELICA,15/06/2023
ENERO - DICIEMBRE,2022,06/01/2023,HUANUCO,PROVINCIAL,CIVIL,CIVIL,EXPEDIENTE,,79,73,100101,HUANUCO,HUANUCO,HUANUCO,15/06/2023
ENERO - DICIEMBRE,2022,06/01/2023,HUANUCO,PROVINCIAL,FAMILIA,ACTOS CONTRA LA LIBERTAD SEXUAL,DENUNCIA,,491,464,100101,HUANUCO,HUANUCO,HUANUCO,15/06/2023
ENERO - DICIEMBRE,2022,06/01/2023,HUANUCO,PROVINCIAL,FAMILIA,FAMILIA CIVIL,EXPEDIENTE,,945,918,100101,HUANUCO,HUANUCO,HUANUCO,15/06/2023
ENERO - DICIEMBRE,2022,06/01/2023,HUANUCO,PROVINCIAL,FAMILIA,FAMILIA PENAL,DENUNCIA,,966,892,100101,HUANUCO,HUANUCO,HUANUCO,15/06/2023
ENERO - DICIEMBRE,2022,06/01/2023,HUANUCO,PROVINCIAL,FAMILIA,FAMILIA PENAL,EXPEDIENTE,,363,352,100101,HUANUCO,HUANUCO,HUANUCO,15/06/2023
ENERO - DICIEMBRE,2022,06/01/2023,HUANUCO,PROVINCIAL,FAMILIA,FAMILIA TUTELAR,DENUNCIA,,1276,1244,100101,HUANUCO,HUANUCO,HUANUCO,15/06/2023
ENERO - DICIEMBRE,2022,06/01/2023,HUANUCO,PROVINCIAL,FAMILIA,FAMILIA TUTELAR,EXPEDIENTE,,106,106,100101,HUANUCO,HUANUCO,HUANUCO,15/06/2023
ENERO - DICIEMBRE,2022,06/01/2023,HUANUCO,PROVINCIAL,FAMILIA,VIOLENCIA FAMILIAR,DENUNCIA,,564,546,100101,HUANUCO,HUANUCO,HUANUCO,15/06/2023
ENERO - DICIEMBRE,2022,06/01/2023,HUANUCO,PROVINCIAL,FAMILIA,VIOLENCIA FAMILIAR,EXPEDIENTE,,11,11,100101,HUANUCO,HUANUCO,HUANUCO,15/06/2023
ENERO - DICIEMBRE,2022,06/01/2023,HUANUCO,PROVINCIAL,PENAL,PENAL,DENUNCIA,DELITOS DE CORRUPCION DE FUNCIONARIOS,440,382,100101,HUANUCO,HUANUCO,HUANUCO,15/06/2023
ENERO - DICIEMBRE,2022,06/01/2023,HUANUCO,PROVINCIAL,PENAL,PENAL,DENUNCIA,CONTRA LA CRIMINALIDAD ORGANIZADA,28,19,100101,HUANUCO,HUANUCO,HUANUCO,15/06/2023
ENERO - DICIEMBRE,2022,06/01/2023,HUANUCO,PROVINCIAL,PENAL,PENAL,DENUNCIA,MATERIA AMBIENTAL,450,448,100101,HUANUCO,HUANUCO,HUANUCO,15/06/2023
ENERO - DICIEMBRE,2022,06/01/2023,HUANUCO,PROVINCIAL,PENAL,PENAL,DENUNCIA,,1,0,100101,HUANUCO,HUANUCO,HUANUCO,15/06/2023
ENERO - DICIEMBRE,2022,06/01/2023,HUANUCO,PROVINCIAL,PENAL,PENAL,DENUNCIA,DELITOS DE TRAFICO ILICITO DE DROGAS,437,432,100101,HUANUCO,HUANUCO,HUANUCO,15/06/2023
ENERO - DICIEMBRE,2022,06/01/2023,HUANUCO,PROVINCIAL,PENAL,PENAL,DENUNCIA,DELITOS DE TRATA DE PERSONAS,110,109,100101,HUANUCO,HUANUCO,HUANUCO,15/06/2023
ENERO - DICIEMBRE,2022,06/01/2023,HUANUCO,PROVINCIAL,PENAL,PENAL,DENUNCIA,,74,73,100101,HUANUCO,HUANUCO,HUANUCO,15/06/2023
ENERO - DICIEMBRE,2022,06/01/2023,HUANUCO,PROVINCIAL,PENAL,PENAL,DENUNCIA,,30640,28675,100101,HUANUCO,HUANUCO,HUANUCO,15/06/2023
ENERO - DICIEMBRE,2022,06/01/2023,HUANUCO,PROVINCIAL,PENAL,PENAL,EXPEDIENTE,DELITOS DE TRAFICO ILICITO DE DROGAS,1,0,100101,HUANUCO,HUANUCO,HUANUCO,15/06/2023
ENERO - DICIEMBRE,2022,06/01/2023,HUANUCO,PROVINCIAL,PENAL,PENAL,EXPEDIENTE,,1,1,100101,HUANUCO,HUANUCO,HUANUCO,15/06/2023
ENERO - DICIEMBRE,2022,06/01/2023,HUANUCO,PROVINCIAL,PENAL,PENAL,INVESTIGACION PREVENTIVA,MATERIA AMBIENTAL,174,174,100101,HUANUCO,HUANUCO,HUANUCO,15/06/2023
ENERO - DICIEMBRE,2022,06/01/2023,HUANUCO,PROVINCIAL,PENAL,PENAL,INVESTIGACION PREVENTIVA,,573,573,100101,HUANUCO,HUANUCO,HUANUCO,15/06/2023
ENERO - DICIEMBRE,2022,06/01/2023,HUANUCO,PROVINCIAL,PENAL,PENAL,INVESTIGACION PREVENTIVA,,526,516,100101,HUANUCO,HUANUCO,HUANUCO,15/06/2023
ENERO - DICIEMBRE,2022,06/01/2023,HUANUCO,SUPERIOR,CIVIL,CIVIL,EXPEDIENTE,,7,6,100101,HUANUCO,HUANUCO,HUANUCO,15/06/2023
ENERO - DICIEMBRE,2022,06/01/2023,HUANUCO,SUPERIOR,FAMILIA,FAMILIA CIVIL,EXPEDIENTE,,84,81,100101,HUANUCO,HUANUCO,HUANUCO,15/06/2023
ENERO - DICIEMBRE,2022,06/01/2023,HUANUCO,SUPERIOR,FAMILIA,FAMILIA PENAL,EXPEDIENTE,,58,57,100101,HUANUCO,HUANUCO,HUANUCO,15/06/2023
ENERO - DICIEMBRE,2022,06/01/2023,HUANUCO,SUPERIOR,FAMILIA,FAMILIA PENAL,INCIDENTE,,4,4,100101,HUANUCO,HUANUCO,HUANUCO,15/06/2023
ENERO - DICIEMBRE,2022,06/01/2023,HUANUCO,SUPERIOR,FAMILIA,FAMILIA TUTELAR,EXPEDIENTE,,10,10,100101,HUANUCO,HUANUCO,HUANUCO,15/06/2023
ENERO - DICIEMBRE,2022,06/01/2023,HUANUCO,SUPERIOR,FAMILIA,VIOLENCIA FAMILIAR,EXPEDIENTE,,125,122,100101,HUANUCO,HUANUCO,HUANUCO,15/06/2023
ENERO - DICIEMBRE,2022,06/01/2023,HUANUCO,SUPERIOR,FAMILIA,VIOLENCIA FAMILIAR,INCIDENTE,,52,48,100101,HUANUCO,HUANUCO,HUANUCO,15/06/2023
ENERO - DICIEMBRE,2022,06/01/2023,HUANUCO,SUPERIOR,PENAL,PENAL,APELACION DENUNCIA,DELITOS DE CORRUPCION DE FUNCIONARIOS,62,40,100101,HUANUCO,HUANUCO,HUANUCO,15/06/2023
ENERO - DICIEMBRE,2022,06/01/2023,HUANUCO,SUPERIOR,PENAL,PENAL,APELACION DENUNCIA,,1005,1005,100101,HUANUCO,HUANUCO,HUANUCO,15/06/2023
ENERO - DICIEMBRE,2022,06/01/2023,HUANUCO,SUPERIOR,PENAL,PENAL,APELACION EXPEDIENTE,DELITOS DE CORRUPCION DE FUNCIONARIOS,12,7,100101,HUANUCO,HUANUCO,HUANUCO,15/06/2023
ENERO - DICIEMBRE,2022,06/01/2023,HUANUCO,SUPERIOR,PENAL,PENAL,APELACION EXPEDIENTE,,1,1,100101,HUANUCO,HUANUCO,HUANUCO,15/06/2023
ENERO - DICIEMBRE,2022,06/01/2023,HUANUCO,SUPERIOR,PENAL,PENAL,CONSULTAS,DELITOS DE CORRUPCION DE FUNCIONARIOS,22,18,100101,HUANUCO,HUANUCO,HUANUCO,15/06/2023
ENERO - DICIEMBRE,2022,06/01/2023,HUANUCO,SUPERIOR,PENAL,PENAL,CONSULTAS,,366,366,100101,HUANUCO,HUANUCO,HUANUCO,15/06/2023
ENERO - DICIEMBRE,2022,06/01/2023,HUANUCO,SUPERIOR,PENAL,PENAL,DENUNCIA,DELITOS DE CORRUPCION DE FUNCIONARIOS,6,5,100101,HUANUCO,HUANUCO,HUANUCO,15/06/2023
ENERO - DICIEMBRE,2022,06/01/2023,HUANUCO,SUPERIOR,PENAL,PENAL,DENUNCIA,,55,54,100101,HUANUCO,HUANUCO,HUANUCO,15/06/2023
ENERO - DICIEMBRE,2022,06/01/2023,HUANUCO,SUPERIOR,PENAL,PENAL,EXCLUSION FISCAL,DELITOS DE CORRUPCION DE FUNCIONARIOS,2,2,100101,HUANUCO,HUANUCO,HUANUCO,15/06/2023
ENERO - DICIEMBRE,2022,06/01/2023,HUANUCO,SUPERIOR,PENAL,PENAL,EXCLUSION FISCAL,,46,46,100101,HUANUCO,HUANUCO,HUANUCO,15/06/2023
ENERO - DICIEMBRE,2022,06/01/2023,HUANUCO,SUPERIOR,PENAL,PENAL,EXPEDIENTE,,245,242,100101,HUANUCO,HUANUCO,HUANUCO,15/06/2023
ENERO - DICIEMBRE,2022,06/01/2023,HUANUCO,SUPERIOR,PENAL,PENAL,INCIDENTE-EXPEDIENTE,,12,11,100101,HUANUCO,HUANUCO,HUANUCO,15/06/2023
ENERO - DICIEMBRE,2022,06/01/2023,HUANUCO,SUPERIOR,PENAL,PENAL,QUEJAS,DELITOS DE CORRUPCION DE FUNCIONARIOS,57,57,100101,HUANUCO,HUANUCO,HUANUCO,15/06/2023
ENERO - DICIEMBRE,2022,06/01/2023,HUANUCO,SUPERIOR,PENAL,PENAL,QUEJAS,,1499,1499,100101,HUANUCO,HUANUCO,HUANUCO,15/06/2023
ENERO - DICIEMBRE,2022,06/01/2023,HUAURA,PROVINCIAL,CIVIL,CIVIL,EXPEDIENTE,,22,21,150801,LIMA,HUAURA,HUACHO,15/06/2023
ENERO - DICIEMBRE,2022,06/01/2023,HUAURA,PROVINCIAL,FAMILIA,ACTOS CONTRA LA LIBERTAD SEXUAL,DENUNCIA,,3,3,150801,LIMA,HUAURA,HUACHO,15/06/2023
ENERO - DICIEMBRE,2022,06/01/2023,HUAURA,PROVINCIAL,FAMILIA,FAMILIA CIVIL,EXPEDIENTE,,1088,1072,150801,LIMA,HUAURA,HUACHO,15/06/2023
ENERO - DICIEMBRE,2022,06/01/2023,HUAURA,PROVINCIAL,FAMILIA,FAMILIA PENAL,DENUNCIA,,402,364,150801,LIMA,HUAURA,HUACHO,15/06/2023
ENERO - DICIEMBRE,2022,06/01/2023,HUAURA,PROVINCIAL,FAMILIA,FAMILIA PENAL,EXPEDIENTE,,109,104,150801,LIMA,HUAURA,HUACHO,15/06/2023
ENERO - DICIEMBRE,2022,06/01/2023,HUAURA,PROVINCIAL,FAMILIA,FAMILIA TUTELAR,DENUNCIA,,126,104,150801,LIMA,HUAURA,HUACHO,15/06/2023
ENERO - DICIEMBRE,2022,06/01/2023,HUAURA,PROVINCIAL,FAMILIA,FAMILIA TUTELAR,EXPEDIENTE,,27,26,150801,LIMA,HUAURA,HUACHO,15/06/2023
ENERO - DICIEMBRE,2022,06/01/2023,HUAURA,PROVINCIAL,FAMILIA,VIOLENCIA FAMILIAR,DENUNCIA,,28,28,150801,LIMA,HUAURA,HUACHO,15/06/2023
ENERO - DICIEMBRE,2022,06/01/2023,HUAURA,PROVINCIAL,FAMILIA,VIOLENCIA FAMILIAR,EXPEDIENTE,,9,9,150801,LIMA,HUAURA,HUACHO,15/06/2023
ENERO - DICIEMBRE,2022,06/01/2023,HUAURA,PROVINCIAL,PENAL,PENAL,DENUNCIA,DELITOS DE CORRUPCION DE FUNCIONARIOS,215,197,150801,LIMA,HUAURA,HUACHO,15/06/2023
ENERO - DICIEMBRE,2022,06/01/2023,HUAURA,PROVINCIAL,PENAL,PENAL,DENUNCIA,CONTRA LA CRIMINALIDAD ORGANIZADA,36,35,150801,LIMA,HUAURA,HUACHO,15/06/2023
ENERO - DICIEMBRE,2022,06/01/2023,HUAURA,PROVINCIAL,PENAL,PENAL,DENUNCIA,,75,73,150801,LIMA,HUAURA,HUACHO,15/06/2023
ENERO - DICIEMBRE,2022,06/01/2023,HUAURA,PROVINCIAL,PENAL,PENAL,DENUNCIA,VIOLENCIA CONTRA LA MUJER Y LOS INTEGRANTES DEL GRUPO FAMILIAR,3597,3592,150801,LIMA,HUAURA,HUACHO,15/06/2023
ENERO - DICIEMBRE,2022,06/01/2023,HUAURA,PROVINCIAL,PENAL,PENAL,DENUNCIA,,18000,17656,150801,LIMA,HUAURA,HUACHO,15/06/2023
ENERO - DICIEMBRE,2022,06/01/2023,HUAURA,PROVINCIAL,PENAL,PENAL,INVESTIGACION PREVENTIVA,,735,733,150801,LIMA,HUAURA,HUACHO,15/06/2023
ENERO - DICIEMBRE,2022,06/01/2023,HUAURA,SUPERIOR,FAMILIA,FAMILIA CIVIL,EXPEDIENTE,,50,48,150801,LIMA,HUAURA,HUACHO,15/06/2023
ENERO - DICIEMBRE,2022,06/01/2023,HUAURA,SUPERIOR,FAMILIA,FAMILIA PENAL,EXPEDIENTE,,33,32,150801,LIMA,HUAURA,HUACHO,15/06/2023
ENERO - DICIEMBRE,2022,06/01/2023,HUAURA,SUPERIOR,FAMILIA,FAMILIA TUTELAR,EXPEDIENTE,,4,4,150801,LIMA,HUAURA,HUACHO,15/06/2023
ENERO - DICIEMBRE,2022,06/01/2023,HUAURA,SUPERIOR,FAMILIA,VIOLENCIA FAMILIAR,EXPEDIENTE,,130,130,150801,LIMA,HUAURA,HUACHO,15/06/2023
ENERO - DICIEMBRE,2022,06/01/2023,HUAURA,SUPERIOR,FAMILIA,VIOLENCIA FAMILIAR,INCIDENTE,,6,6,150801,LIMA,HUAURA,HUACHO,15/06/2023
ENERO - DICIEMBRE,2022,06/01/2023,HUAURA,SUPERIOR,PENAL,PENAL,APELACION DENUNCIA,,792,792,150801,LIMA,HUAURA,HUACHO,15/06/2023
ENERO - DICIEMBRE,2022,06/01/2023,HUAURA,SUPERIOR,PENAL,PENAL,CONSULTAS,,148,148,150801,LIMA,HUAURA,HUACHO,15/06/2023
ENERO - DICIEMBRE,2022,06/01/2023,HUAURA,SUPERIOR,PENAL,PENAL,DENUNCIA,,32,32,150801,LIMA,HUAURA,HUACHO,15/06/2023
ENERO - DICIEMBRE,2022,06/01/2023,HUAURA,SUPERIOR,PENAL,PENAL,EXCLUSION FISCAL,,12,12,150801,LIMA,HUAURA,HUACHO,15/06/2023
ENERO - DICIEMBRE,2022,06/01/2023,HUAURA,SUPERIOR,PENAL,PENAL,EXPEDIENTE,,12,12,150801,LIMA,HUAURA,HUACHO,15/06/2023
ENERO - DICIEMBRE,2022,06/01/2023,HUAURA,SUPERIOR,PENAL,PENAL,QUEJAS,,670,670,150801,LIMA,HUAURA,HUACHO,15/06/2023
ENERO - DICIEMBRE,2022,06/01/2023,ICA,PROVINCIAL,CIVIL,CIVIL,EXPEDIENTE,,22,20,110101,ICA,ICA,ICA,15/06/2023
ENERO - DICIEMBRE,2022,06/01/2023,ICA,PROVINCIAL,FAMILIA,ACTOS CONTRA LA LIBERTAD SEXUAL,DENUNCIA,,4,1,110101,ICA,ICA,ICA,15/06/2023
ENERO - DICIEMBRE,2022,06/01/2023,ICA,PROVINCIAL,FAMILIA,FAMILIA CIVIL,EXPEDIENTE,,2150,2116,110101,ICA,ICA,ICA,15/06/2023
ENERO - DICIEMBRE,2022,06/01/2023,ICA,PROVINCIAL,FAMILIA,FAMILIA PENAL,DENUNCIA,,662,559,110101,ICA,ICA,ICA,15/06/2023
ENERO - DICIEMBRE,2022,06/01/2023,ICA,PROVINCIAL,FAMILIA,FAMILIA PENAL,EXPEDIENTE,,300,290,110101,ICA,ICA,ICA,15/06/2023
ENERO - DICIEMBRE,2022,06/01/2023,ICA,PROVINCIAL,FAMILIA,FAMILIA TUTELAR,DENUNCIA,,388,331,110101,ICA,ICA,ICA,15/06/2023
ENERO - DICIEMBRE,2022,06/01/2023,ICA,PROVINCIAL,FAMILIA,FAMILIA TUTELAR,EXPEDIENTE,,183,172,110101,ICA,ICA,ICA,15/06/2023
ENERO - DICIEMBRE,2022,06/01/2023,ICA,PROVINCIAL,FAMILIA,VIOLENCIA FAMILIAR,DENUNCIA,,152,151,110101,ICA,ICA,ICA,15/06/2023
ENERO - DICIEMBRE,2022,06/01/2023,ICA,PROVINCIAL,FAMILIA,VIOLENCIA FAMILIAR,EXPEDIENTE,,3,3,110101,ICA,ICA,ICA,15/06/2023
ENERO - DICIEMBRE,2022,06/01/2023,ICA,PROVINCIAL,PENAL,PENAL,DENUNCIA,DELITOS DE CORRUPCION DE FUNCIONARIOS,360,276,110101,ICA,ICA,ICA,15/06/2023
ENERO - DICIEMBRE,2022,06/01/2023,ICA,PROVINCIAL,PENAL,PENAL,DENUNCIA,CONTRA LA CRIMINALIDAD ORGANIZADA,63,57,110101,ICA,ICA,ICA,15/06/2023
ENERO - DICIEMBRE,2022,06/01/2023,ICA,PROVINCIAL,PENAL,PENAL,DENUNCIA,MATERIA AMBIENTAL,186,161,110101,ICA,ICA,ICA,15/06/2023
ENERO - DICIEMBRE,2022,06/01/2023,ICA,PROVINCIAL,PENAL,PENAL,DENUNCIA,,39634,31881,110101,ICA,ICA,ICA,15/06/2023
ENERO - DICIEMBRE,2022,06/01/2023,ICA,PROVINCIAL,PENAL,PENAL,EXPEDIENTE,,1,0,110101,ICA,ICA,ICA,15/06/2023
ENERO - DICIEMBRE,2022,06/01/2023,ICA,PROVINCIAL,PENAL,PENAL,INVESTIGACION PREVENTIVA,MATERIA AMBIENTAL,6,6,110101,ICA,ICA,ICA,15/06/2023
ENERO - DICIEMBRE,2022,06/01/2023,ICA,PROVINCIAL,PENAL,PENAL,INVESTIGACION PREVENTIVA,,217,217,110101,ICA,ICA,ICA,15/06/2023
ENERO - DICIEMBRE,2022,06/01/2023,ICA,PROVINCIAL,PENAL,PENAL,INVESTIGACION PREVENTIVA,,72,50,110101,ICA,ICA,ICA,15/06/2023
ENERO - DICIEMBRE,2022,06/01/2023,ICA,SUPERIOR,CIVIL,CIVIL,EXPEDIENTE,,27,24,110101,ICA,ICA,ICA,15/06/2023
ENERO - DICIEMBRE,2022,06/01/2023,ICA,SUPERIOR,FAMILIA,FAMILIA CIVIL,EXPEDIENTE,,107,99,110101,ICA,ICA,ICA,15/06/2023
ENERO - DICIEMBRE,2022,06/01/2023,ICA,SUPERIOR,FAMILIA,FAMILIA CIVIL,INCIDENTE,,9,8,110101,ICA,ICA,ICA,15/06/2023
ENERO - DICIEMBRE,2022,06/01/2023,ICA,SUPERIOR,FAMILIA,FAMILIA PENAL,EXPEDIENTE,,43,40,110101,ICA,ICA,ICA,15/06/2023
ENERO - DICIEMBRE,2022,06/01/2023,ICA,SUPERIOR,FAMILIA,FAMILIA PENAL,INCIDENTE,,2,2,110101,ICA,ICA,ICA,15/06/2023
ENERO - DICIEMBRE,2022,06/01/2023,ICA,SUPERIOR,FAMILIA,FAMILIA TUTELAR,EXPEDIENTE,,8,8,110101,ICA,ICA,ICA,15/06/2023
ENERO - DICIEMBRE,2022,06/01/2023,ICA,SUPERIOR,FAMILIA,VIOLENCIA FAMILIAR,EXPEDIENTE,,280,271,110101,ICA,ICA,ICA,15/06/2023
ENERO - DICIEMBRE,2022,06/01/2023,ICA,SUPERIOR,FAMILIA,VIOLENCIA FAMILIAR,INCIDENTE,,213,203,110101,ICA,ICA,ICA,15/06/2023
ENERO - DICIEMBRE,2022,06/01/2023,ICA,SUPERIOR,PENAL,PENAL,APELACION DENUNCIA,,1590,1545,110101,ICA,ICA,ICA,15/06/2023
ENERO - DICIEMBRE,2022,06/01/2023,ICA,SUPERIOR,PENAL,PENAL,APELACION EXPEDIENTE,,86,86,110101,ICA,ICA,ICA,15/06/2023
ENERO - DICIEMBRE,2022,06/01/2023,ICA,SUPERIOR,PENAL,PENAL,CONSULTAS,,270,264,110101,ICA,ICA,ICA,15/06/2023
ENERO - DICIEMBRE,2022,06/01/2023,ICA,SUPERIOR,PENAL,PENAL,DENUNCIA,,89,89,110101,ICA,ICA,ICA,15/06/2023
ENERO - DICIEMBRE,2022,06/01/2023,ICA,SUPERIOR,PENAL,PENAL,EXCLUSION FISCAL,,60,60,110101,ICA,ICA,ICA,15/06/2023
ENERO - DICIEMBRE,2022,06/01/2023,ICA,SUPERIOR,PENAL,PENAL,EXPEDIENTE,,81,76,110101,ICA,ICA,ICA,15/06/2023
ENERO - DICIEMBRE,2022,06/01/2023,ICA,SUPERIOR,PENAL,PENAL,QUEJAS,,1344,1336,110101,ICA,ICA,ICA,15/06/2023
ENERO - DICIEMBRE,2022,06/01/2023,JUNIN,PROVINCIAL,CIVIL,CIVIL,EXPEDIENTE,,108,104,120114,JUNIN,HUANCAYO,EL TAMBO,15/06/2023
ENERO - DICIEMBRE,2022,06/01/2023,JUNIN,PROVINCIAL,FAMILIA,ACTOS CONTRA LA LIBERTAD SEXUAL,DENUNCIA,,59,57,120114,JUNIN,HUANCAYO,EL TAMBO,15/06/2023
ENERO - DICIEMBRE,2022,06/01/2023,JUNIN,PROVINCIAL,FAMILIA,FAMILIA CIVIL,EXPEDIENTE,,1480,1419,120114,JUNIN,HUANCAYO,EL TAMBO,15/06/2023
ENERO - DICIEMBRE,2022,06/01/2023,JUNIN,PROVINCIAL,FAMILIA,FAMILIA PENAL,DENUNCIA,,738,624,120114,JUNIN,HUANCAYO,EL TAMBO,15/06/2023
ENERO - DICIEMBRE,2022,06/01/2023,JUNIN,PROVINCIAL,FAMILIA,FAMILIA PENAL,EXPEDIENTE,,178,166,120114,JUNIN,HUANCAYO,EL TAMBO,15/06/2023
ENERO - DICIEMBRE,2022,06/01/2023,JUNIN,PROVINCIAL,FAMILIA,FAMILIA TUTELAR,DENUNCIA,,359,344,120114,JUNIN,HUANCAYO,EL TAMBO,15/06/2023
ENERO - DICIEMBRE,2022,06/01/2023,JUNIN,PROVINCIAL,FAMILIA,FAMILIA TUTELAR,EXPEDIENTE,,73,70,120114,JUNIN,HUANCAYO,EL TAMBO,15/06/2023
ENERO - DICIEMBRE,2022,06/01/2023,JUNIN,PROVINCIAL,FAMILIA,VIOLENCIA FAMILIAR,DENUNCIA,,39,39,120114,JUNIN,HUANCAYO,EL TAMBO,15/06/2023
ENERO - DICIEMBRE,2022,06/01/2023,JUNIN,PROVINCIAL,FAMILIA,VIOLENCIA FAMILIAR,EXPEDIENTE,,3,3,120114,JUNIN,HUANCAYO,EL TAMBO,15/06/2023
ENERO - DICIEMBRE,2022,06/01/2023,JUNIN,PROVINCIAL,PENAL,PENAL,DENUNCIA,DELITOS DE CORRUPCION DE FUNCIONARIOS,514,466,120114,JUNIN,HUANCAYO,EL TAMBO,15/06/2023
ENERO - DICIEMBRE,2022,06/01/2023,JUNIN,PROVINCIAL,PENAL,PENAL,DENUNCIA,CONTRA LA CRIMINALIDAD ORGANIZADA,37,36,120114,JUNIN,HUANCAYO,EL TAMBO,15/06/2023
ENERO - DICIEMBRE,2022,06/01/2023,JUNIN,PROVINCIAL,PENAL,PENAL,DENUNCIA,MATERIA AMBIENTAL,158,151,120114,JUNIN,HUANCAYO,EL TAMBO,15/06/2023
ENERO - DICIEMBRE,2022,06/01/2023,JUNIN,PROVINCIAL,PENAL,PENAL,DENUNCIA,,1,1,120114,JUNIN,HUANCAYO,EL TAMBO,15/06/2023
ENERO - DICIEMBRE,2022,06/01/2023,JUNIN,PROVINCIAL,PENAL,PENAL,DENUNCIA,DELITOS DE TRAFICO ILICITO DE DROGAS,74,73,120114,JUNIN,HUANCAYO,EL TAMBO,15/06/2023
ENERO - DICIEMBRE,2022,06/01/2023,JUNIN,PROVINCIAL,PENAL,PENAL,DENUNCIA,,98,98,120114,JUNIN,HUANCAYO,EL TAMBO,15/06/2023
ENERO - DICIEMBRE,2022,06/01/2023,JUNIN,PROVINCIAL,PENAL,PENAL,DENUNCIA,VIOLENCIA CONTRA LA MUJER Y LOS INTEGRANTES DEL GRUPO FAMILIAR,3777,3682,120114,JUNIN,HUANCAYO,EL TAMBO,15/06/2023
ENERO - DICIEMBRE,2022,06/01/2023,JUNIN,PROVINCIAL,PENAL,PENAL,DENUNCIA,,33983,30929,120114,JUNIN,HUANCAYO,EL TAMBO,15/06/2023
ENERO - DICIEMBRE,2022,06/01/2023,JUNIN,PROVINCIAL,PENAL,PENAL,EXPEDIENTE,,5,4,120114,JUNIN,HUANCAYO,EL TAMBO,15/06/2023
ENERO - DICIEMBRE,2022,06/01/2023,JUNIN,PROVINCIAL,PENAL,PENAL,INVESTIGACION PREVENTIVA,MATERIA AMBIENTAL,156,155,120114,JUNIN,HUANCAYO,EL TAMBO,15/06/2023
ENERO - DICIEMBRE,2022,06/01/2023,JUNIN,PROVINCIAL,PENAL,PENAL,INVESTIGACION PREVENTIVA,,471,471,120114,JUNIN,HUANCAYO,EL TAMBO,15/06/2023
ENERO - DICIEMBRE,2022,06/01/2023,JUNIN,PROVINCIAL,PENAL,PENAL,INVESTIGACION PREVENTIVA,,55,54,120114,JUNIN,HUANCAYO,EL TAMBO,15/06/2023
ENERO - DICIEMBRE,2022,06/01/2023,JUNIN,SUPERIOR,CIVIL,CIVIL,EXPEDIENTE,,22,20,120114,JUNIN,HUANCAYO,EL TAMBO,15/06/2023
ENERO - DICIEMBRE,2022,06/01/2023,JUNIN,SUPERIOR,FAMILIA,FAMILIA CIVIL,EXPEDIENTE,,46,46,120114,JUNIN,HUANCAYO,EL TAMBO,15/06/2023
ENERO - DICIEMBRE,2022,06/01/2023,JUNIN,SUPERIOR,FAMILIA,FAMILIA PENAL,EXPEDIENTE,,43,42,120114,JUNIN,HUANCAYO,EL TAMBO,15/06/2023
ENERO - DICIEMBRE,2022,06/01/2023,JUNIN,SUPERIOR,FAMILIA,FAMILIA TUTELAR,EXPEDIENTE,,3,3,120114,JUNIN,HUANCAYO,EL TAMBO,15/06/2023
ENERO - DICIEMBRE,2022,06/01/2023,JUNIN,SUPERIOR,FAMILIA,VIOLENCIA FAMILIAR,EXPEDIENTE,,151,151,120114,JUNIN,HUANCAYO,EL TAMBO,15/06/2023
ENERO - DICIEMBRE,2022,06/01/2023,JUNIN,SUPERIOR,FAMILIA,VIOLENCIA FAMILIAR,INCIDENTE,,38,38,120114,JUNIN,HUANCAYO,EL TAMBO,15/06/2023
ENERO - DICIEMBRE,2022,06/01/2023,JUNIN,SUPERIOR,PENAL,PENAL,APELACION DENUNCIA,DELITOS DE CORRUPCION DE FUNCIONARIOS,160,160,120114,JUNIN,HUANCAYO,EL TAMBO,15/06/2023
ENERO - DICIEMBRE,2022,06/01/2023,JUNIN,SUPERIOR,PENAL,PENAL,APELACION DENUNCIA,VIOLENCIA CONTRA LA MUJER Y LOS INTEGRANTES DEL GRUPO FAMILIAR,18,18,120114,JUNIN,HUANCAYO,EL TAMBO,15/06/2023
ENERO - DICIEMBRE,2022,06/01/2023,JUNIN,SUPERIOR,PENAL,PENAL,APELACION DENUNCIA,,1054,1054,120114,JUNIN,HUANCAYO,EL TAMBO,15/06/2023
ENERO - DICIEMBRE,2022,06/01/2023,JUNIN,SUPERIOR,PENAL,PENAL,APELACION EXPEDIENTE,,782,782,120114,JUNIN,HUANCAYO,EL TAMBO,15/06/2023
ENERO - DICIEMBRE,2022,06/01/2023,JUNIN,SUPERIOR,PENAL,PENAL,CONSULTAS,DELITOS DE CORRUPCION DE FUNCIONARIOS,6,6,120114,JUNIN,HUANCAYO,EL TAMBO,15/06/2023
ENERO - DICIEMBRE,2022,06/01/2023,JUNIN,SUPERIOR,PENAL,PENAL,CONSULTAS,VIOLENCIA CONTRA LA MUJER Y LOS INTEGRANTES DEL GRUPO FAMILIAR,9,9,120114,JUNIN,HUANCAYO,EL TAMBO,15/06/2023
ENERO - DICIEMBRE,2022,06/01/2023,JUNIN,SUPERIOR,PENAL,PENAL,CONSULTAS,,320,320,120114,JUNIN,HUANCAYO,EL TAMBO,15/06/2023
ENERO - DICIEMBRE,2022,06/01/2023,JUNIN,SUPERIOR,PENAL,PENAL,DENUNCIA,DELITOS DE CORRUPCION DE FUNCIONARIOS,24,23,120114,JUNIN,HUANCAYO,EL TAMBO,15/06/2023
ENERO - DICIEMBRE,2022,06/01/2023,JUNIN,SUPERIOR,PENAL,PENAL,DENUNCIA,,118,117,120114,JUNIN,HUANCAYO,EL TAMBO,15/06/2023
ENERO - DICIEMBRE,2022,06/01/2023,JUNIN,SUPERIOR,PENAL,PENAL,EXCLUSION FISCAL,DELITOS DE CORRUPCION DE FUNCIONARIOS,4,4,120114,JUNIN,HUANCAYO,EL TAMBO,15/06/2023
ENERO - DICIEMBRE,2022,06/01/2023,JUNIN,SUPERIOR,PENAL,PENAL,EXCLUSION FISCAL,,39,39,120114,JUNIN,HUANCAYO,EL TAMBO,15/06/2023
ENERO - DICIEMBRE,2022,06/01/2023,JUNIN,SUPERIOR,PENAL,PENAL,EXPEDIENTE,,151,145,120114,JUNIN,HUANCAYO,EL TAMBO,15/06/2023
ENERO - DICIEMBRE,2022,06/01/2023,JUNIN,SUPERIOR,PENAL,PENAL,INCIDENTE-EXPEDIENTE,,7,7,120114,JUNIN,HUANCAYO,EL TAMBO,15/06/2023
ENERO - DICIEMBRE,2022,06/01/2023,JUNIN,SUPERIOR,PENAL,PENAL,QUEJAS,DELITOS DE CORRUPCION DE FUNCIONARIOS,48,48,120114,JUNIN,HUANCAYO,EL TAMBO,15/06/2023
ENERO - DICIEMBRE,2022,06/01/2023,JUNIN,SUPERIOR,PENAL,PENAL,QUEJAS,VIOLENCIA CONTRA LA MUJER Y LOS INTEGRANTES DEL GRUPO FAMILIAR,10,10,120114,JUNIN,HUANCAYO,EL TAMBO,15/06/2023
ENERO - DICIEMBRE,2022,06/01/2023,JUNIN,SUPERIOR,PENAL,PENAL,QUEJAS,,1304,1304,120114,JUNIN,HUANCAYO,EL TAMBO,15/06/2023
ENERO - DICIEMBRE,2022,06/01/2023,LA LIBERTAD,PROVINCIAL,CIVIL,CIVIL,EXPEDIENTE,,83,55,130101,LA LIBERTAD,TRUJILLO,TRUJILLO,15/06/2023
ENERO - DICIEMBRE,2022,06/01/2023,LA LIBERTAD,PROVINCIAL,FAMILIA,ACTOS CONTRA LA LIBERTAD SEXUAL,DENUNCIA,,336,332,130101,LA LIBERTAD,TRUJILLO,TRUJILLO,15/06/2023
ENERO - DICIEMBRE,2022,06/01/2023,LA LIBERTAD,PROVINCIAL,FAMILIA,FAMILIA CIVIL,EXPEDIENTE,,1051,935,130101,LA LIBERTAD,TRUJILLO,TRUJILLO,15/06/2023
ENERO - DICIEMBRE,2022,06/01/2023,LA LIBERTAD,PROVINCIAL,FAMILIA,FAMILIA PENAL,DENUNCIA,,1086,715,130101,LA LIBERTAD,TRUJILLO,TRUJILLO,15/06/2023
ENERO - DICIEMBRE,2022,06/01/2023,LA LIBERTAD,PROVINCIAL,FAMILIA,FAMILIA PENAL,EXPEDIENTE,,281,256,130101,LA LIBERTAD,TRUJILLO,TRUJILLO,15/06/2023
ENERO - DICIEMBRE,2022,06/01/2023,LA LIBERTAD,PROVINCIAL,FAMILIA,FAMILIA TUTELAR,DENUNCIA,,735,650,130101,LA LIBERTAD,TRUJILLO,TRUJILLO,15/06/2023
ENERO - DICIEMBRE,2022,06/01/2023,LA LIBERTAD,PROVINCIAL,FAMILIA,FAMILIA TUTELAR,EXPEDIENTE,,114,94,130101,LA LIBERTAD,TRUJILLO,TRUJILLO,15/06/2023
ENERO - DICIEMBRE,2022,06/01/2023,LA LIBERTAD,PROVINCIAL,FAMILIA,VIOLENCIA FAMILIAR,DENUNCIA,,39,35,130101,LA LIBERTAD,TRUJILLO,TRUJILLO,15/06/2023
ENERO - DICIEMBRE,2022,06/01/2023,LA LIBERTAD,PROVINCIAL,FAMILIA,VIOLENCIA FAMILIAR,EXPEDIENTE,,6,4,130101,LA LIBERTAD,TRUJILLO,TRUJILLO,15/06/2023
ENERO - DICIEMBRE,2022,06/01/2023,LA LIBERTAD,PROVINCIAL,PENAL,PENAL,DENUNCIA,DELITOS DE CORRUPCION DE FUNCIONARIOS,500,419,130101,LA LIBERTAD,TRUJILLO,TRUJILLO,15/06/2023
ENERO - DICIEMBRE,2022,06/01/2023,LA LIBERTAD,PROVINCIAL,PENAL,PENAL,DENUNCIA,CONTRA LA CRIMINALIDAD ORGANIZADA,48,47,130101,LA LIBERTAD,TRUJILLO,TRUJILLO,15/06/2023
ENERO - DICIEMBRE,2022,06/01/2023,LA LIBERTAD,PROVINCIAL,PENAL,PENAL,DENUNCIA,MATERIA AMBIENTAL,351,335,130101,LA LIBERTAD,TRUJILLO,TRUJILLO,15/06/2023
ENERO - DICIEMBRE,2022,06/01/2023,LA LIBERTAD,PROVINCIAL,PENAL,PENAL,DENUNCIA,DELITOS DE TRAFICO ILICITO DE DROGAS,269,269,130101,LA LIBERTAD,TRUJILLO,TRUJILLO,15/06/2023
ENERO - DICIEMBRE,2022,06/01/2023,LA LIBERTAD,PROVINCIAL,PENAL,PENAL,DENUNCIA,DELITOS DE TRATA DE PERSONAS,46,46,130101,LA LIBERTAD,TRUJILLO,TRUJILLO,15/06/2023
ENERO - DICIEMBRE,2022,06/01/2023,LA LIBERTAD,PROVINCIAL,PENAL,PENAL,DENUNCIA,VIOLENCIA CONTRA LA MUJER Y LOS INTEGRANTES DEL GRUPO FAMILIAR,7289,6812,130101,LA LIBERTAD,TRUJILLO,TRUJILLO,15/06/2023
ENERO - DICIEMBRE,2022,06/01/2023,LA LIBERTAD,PROVINCIAL,PENAL,PENAL,DENUNCIA,,53973,50681,130101,LA LIBERTAD,TRUJILLO,TRUJILLO,15/06/2023
ENERO - DICIEMBRE,2022,06/01/2023,LA LIBERTAD,PROVINCIAL,PENAL,PENAL,EXPEDIENTE,,2,2,130101,LA LIBERTAD,TRUJILLO,TRUJILLO,15/06/2023
ENERO - DICIEMBRE,2022,06/01/2023,LA LIBERTAD,PROVINCIAL,PENAL,PENAL,INVESTIGACION PREVENTIVA,MATERIA AMBIENTAL,15,15,130101,LA LIBERTAD,TRUJILLO,TRUJILLO,15/06/2023
ENERO - DICIEMBRE,2022,06/01/2023,LA LIBERTAD,PROVINCIAL,PENAL,PENAL,INVESTIGACION PREVENTIVA,,431,431,130101,LA LIBERTAD,TRUJILLO,TRUJILLO,15/06/2023
ENERO - DICIEMBRE,2022,06/01/2023,LA LIBERTAD,PROVINCIAL,PENAL,PENAL,INVESTIGACION PREVENTIVA,,60,57,130101,LA LIBERTAD,TRUJILLO,TRUJILLO,15/06/2023
ENERO - DICIEMBRE,2022,06/01/2023,LA LIBERTAD,SUPERIOR,CIVIL,CIVIL,EXPEDIENTE,,16,16,130101,LA LIBERTAD,TRUJILLO,TRUJILLO,15/06/2023
ENERO - DICIEMBRE,2022,06/01/2023,LA LIBERTAD,SUPERIOR,FAMILIA,FAMILIA CIVIL,EXPEDIENTE,,55,55,130101,LA LIBERTAD,TRUJILLO,TRUJILLO,15/06/2023
ENERO - DICIEMBRE,2022,06/01/2023,LA LIBERTAD,SUPERIOR,FAMILIA,FAMILIA CIVIL,INCIDENTE,,7,7,130101,LA LIBERTAD,TRUJILLO,TRUJILLO,15/06/2023
ENERO - DICIEMBRE,2022,06/01/2023,LA LIBERTAD,SUPERIOR,FAMILIA,FAMILIA PENAL,EXPEDIENTE,,75,75,130101,LA LIBERTAD,TRUJILLO,TRUJILLO,15/06/2023
ENERO - DICIEMBRE,2022,06/01/2023,LA LIBERTAD,SUPERIOR,FAMILIA,FAMILIA PENAL,INCIDENTE,,4,4,130101,LA LIBERTAD,TRUJILLO,TRUJILLO,15/06/2023
ENERO - DICIEMBRE,2022,06/01/2023,LA LIBERTAD,SUPERIOR,FAMILIA,FAMILIA TUTELAR,EXPEDIENTE,,4,4,130101,LA LIBERTAD,TRUJILLO,TRUJILLO,15/06/2023
ENERO - DICIEMBRE,2022,06/01/2023,LA LIBERTAD,SUPERIOR,FAMILIA,VIOLENCIA FAMILIAR,EXPEDIENTE,,481,481,130101,LA LIBERTAD,TRUJILLO,TRUJILLO,15/06/2023
ENERO - DICIEMBRE,2022,06/01/2023,LA LIBERTAD,SUPERIOR,FAMILIA,VIOLENCIA FAMILIAR,INCIDENTE,,15,15,130101,LA LIBERTAD,TRUJILLO,TRUJILLO,15/06/2023
ENERO - DICIEMBRE,2022,06/01/2023,LA LIBERTAD,SUPERIOR,PENAL,PENAL,APELACION DENUNCIA,,2408,2406,130101,LA LIBERTAD,TRUJILLO,TRUJILLO,15/06/2023
ENERO - DICIEMBRE,2022,06/01/2023,LA LIBERTAD,SUPERIOR,PENAL,PENAL,CONSULTAS,,223,216,130101,LA LIBERTAD,TRUJILLO,TRUJILLO,15/06/2023
ENERO - DICIEMBRE,2022,06/01/2023,LA LIBERTAD,SUPERIOR,PENAL,PENAL,DENUNCIA,,127,122,130101,LA LIBERTAD,TRUJILLO,TRUJILLO,15/06/2023
ENERO - DICIEMBRE,2022,06/01/2023,LA LIBERTAD,SUPERIOR,PENAL,PENAL,EXCLUSION FISCAL,,44,43,130101,LA LIBERTAD,TRUJILLO,TRUJILLO,15/06/2023
ENERO - DICIEMBRE,2022,06/01/2023,LA LIBERTAD,SUPERIOR,PENAL,PENAL,EXPEDIENTE,,165,165,130101,LA LIBERTAD,TRUJILLO,TRUJILLO,15/06/2023
ENERO - DICIEMBRE,2022,06/01/2023,LA LIBERTAD,SUPERIOR,PENAL,PENAL,QUEJAS,,1840,1752,130101,LA LIBERTAD,TRUJILLO,TRUJILLO,15/06/2023
ENERO - DICIEMBRE,2022,06/01/2023,LAMBAYEQUE,PROVINCIAL,CIVIL,CIVIL,EXPEDIENTE,,95,71,140101,LAMBAYEQUE,CHICLAYO,CHICLAYO,15/06/2023
ENERO - DICIEMBRE,2022,06/01/2023,LAMBAYEQUE,PROVINCIAL,FAMILIA,ACTOS CONTRA LA LIBERTAD SEXUAL,DENUNCIA,,173,173,140101,LAMBAYEQUE,CHICLAYO,CHICLAYO,15/06/2023
ENERO - DICIEMBRE,2022,06/01/2023,LAMBAYEQUE,PROVINCIAL,FAMILIA,FAMILIA CIVIL,EXPEDIENTE,,2866,2189,140101,LAMBAYEQUE,CHICLAYO,CHICLAYO,15/06/2023
ENERO - DICIEMBRE,2022,06/01/2023,LAMBAYEQUE,PROVINCIAL,FAMILIA,FAMILIA PENAL,DENUNCIA,,1703,1345,140101,LAMBAYEQUE,CHICLAYO,CHICLAYO,15/06/2023
ENERO - DICIEMBRE,2022,06/01/2023,LAMBAYEQUE,PROVINCIAL,FAMILIA,FAMILIA PENAL,EXPEDIENTE,,296,238,140101,LAMBAYEQUE,CHICLAYO,CHICLAYO,15/06/2023
ENERO - DICIEMBRE,2022,06/01/2023,LAMBAYEQUE,PROVINCIAL,FAMILIA,FAMILIA TUTELAR,DENUNCIA,,613,539,140101,LAMBAYEQUE,CHICLAYO,CHICLAYO,15/06/2023
ENERO - DICIEMBRE,2022,06/01/2023,LAMBAYEQUE,PROVINCIAL,FAMILIA,FAMILIA TUTELAR,EXPEDIENTE,,123,100,140101,LAMBAYEQUE,CHICLAYO,CHICLAYO,15/06/2023
ENERO - DICIEMBRE,2022,06/01/2023,LAMBAYEQUE,PROVINCIAL,FAMILIA,VIOLENCIA FAMILIAR,DENUNCIA,,256,252,140101,LAMBAYEQUE,CHICLAYO,CHICLAYO,15/06/2023
ENERO - DICIEMBRE,2022,06/01/2023,LAMBAYEQUE,PROVINCIAL,FAMILIA,VIOLENCIA FAMILIAR,EXPEDIENTE,,13,8,140101,LAMBAYEQUE,CHICLAYO,CHICLAYO,15/06/2023
ENERO - DICIEMBRE,2022,06/01/2023,LAMBAYEQUE,PROVINCIAL,PENAL,PENAL,DENUNCIA,DELITOS DE CORRUPCION DE FUNCIONARIOS,608,579,140101,LAMBAYEQUE,CHICLAYO,CHICLAYO,15/06/2023
ENERO - DICIEMBRE,2022,06/01/2023,LAMBAYEQUE,PROVINCIAL,PENAL,PENAL,DENUNCIA,CONTRA LA CRIMINALIDAD ORGANIZADA,63,58,140101,LAMBAYEQUE,CHICLAYO,CHICLAYO,15/06/2023
ENERO - DICIEMBRE,2022,06/01/2023,LAMBAYEQUE,PROVINCIAL,PENAL,PENAL,DENUNCIA,MATERIA AMBIENTAL,411,410,140101,LAMBAYEQUE,CHICLAYO,CHICLAYO,15/06/2023
ENERO - DICIEMBRE,2022,06/01/2023,LAMBAYEQUE,PROVINCIAL,PENAL,PENAL,DENUNCIA,,1,1,140101,LAMBAYEQUE,CHICLAYO,CHICLAYO,15/06/2023
ENERO - DICIEMBRE,2022,06/01/2023,LAMBAYEQUE,PROVINCIAL,PENAL,PENAL,DENUNCIA,DELITOS DE TRAFICO ILICITO DE DROGAS,111,111,140101,LAMBAYEQUE,CHICLAYO,CHICLAYO,15/06/2023
ENERO - DICIEMBRE,2022,06/01/2023,LAMBAYEQUE,PROVINCIAL,PENAL,PENAL,DENUNCIA,VIOLENCIA CONTRA LA MUJER Y LOS INTEGRANTES DEL GRUPO FAMILIAR,7365,6702,140101,LAMBAYEQUE,CHICLAYO,CHICLAYO,15/06/2023
ENERO - DICIEMBRE,2022,06/01/2023,LAMBAYEQUE,PROVINCIAL,PENAL,PENAL,DENUNCIA,,67203,59822,140101,LAMBAYEQUE,CHICLAYO,CHICLAYO,15/06/2023
ENERO - DICIEMBRE,2022,06/01/2023,LAMBAYEQUE,PROVINCIAL,PENAL,PENAL,EXPEDIENTE,,7,6,140101,LAMBAYEQUE,CHICLAYO,CHICLAYO,15/06/2023
ENERO - DICIEMBRE,2022,06/01/2023,LAMBAYEQUE,PROVINCIAL,PENAL,PENAL,INVESTIGACION PREVENTIVA,MATERIA AMBIENTAL,32,32,140101,LAMBAYEQUE,CHICLAYO,CHICLAYO,15/06/2023
ENERO - DICIEMBRE,2022,06/01/2023,LAMBAYEQUE,PROVINCIAL,PENAL,PENAL,INVESTIGACION PREVENTIVA,,741,740,140101,LAMBAYEQUE,CHICLAYO,CHICLAYO,15/06/2023
ENERO - DICIEMBRE,2022,06/01/2023,LAMBAYEQUE,PROVINCIAL,PENAL,PENAL,INVESTIGACION PREVENTIVA,,211,209,140101,LAMBAYEQUE,CHICLAYO,CHICLAYO,15/06/2023
ENERO - DICIEMBRE,2022,06/01/2023,LAMBAYEQUE,SUPERIOR,CIVIL,CIVIL,EXPEDIENTE,,10,8,140101,LAMBAYEQUE,CHICLAYO,CHICLAYO,15/06/2023
ENERO - DICIEMBRE,2022,06/01/2023,LAMBAYEQUE,SUPERIOR,FAMILIA,FAMILIA CIVIL,EXPEDIENTE,,74,72,140101,LAMBAYEQUE,CHICLAYO,CHICLAYO,15/06/2023
ENERO - DICIEMBRE,2022,06/01/2023,LAMBAYEQUE,SUPERIOR,FAMILIA,FAMILIA PENAL,EXPEDIENTE,,47,47,140101,LAMBAYEQUE,CHICLAYO,CHICLAYO,15/06/2023
ENERO - DICIEMBRE,2022,06/01/2023,LAMBAYEQUE,SUPERIOR,FAMILIA,FAMILIA PENAL,INCIDENTE,,1,1,140101,LAMBAYEQUE,CHICLAYO,CHICLAYO,15/06/2023
ENERO - DICIEMBRE,2022,06/01/2023,LAMBAYEQUE,SUPERIOR,FAMILIA,FAMILIA TUTELAR,EXPEDIENTE,,4,4,140101,LAMBAYEQUE,CHICLAYO,CHICLAYO,15/06/2023
ENERO - DICIEMBRE,2022,06/01/2023,LAMBAYEQUE,SUPERIOR,FAMILIA,VIOLENCIA FAMILIAR,EXPEDIENTE,,261,260,140101,LAMBAYEQUE,CHICLAYO,CHICLAYO,15/06/2023
ENERO - DICIEMBRE,2022,06/01/2023,LAMBAYEQUE,SUPERIOR,FAMILIA,VIOLENCIA FAMILIAR,INCIDENTE,,203,172,140101,LAMBAYEQUE,CHICLAYO,CHICLAYO,15/06/2023
ENERO - DICIEMBRE,2022,06/01/2023,LAMBAYEQUE,SUPERIOR,PENAL,PENAL,APELACION DENUNCIA,,1732,1724,140101,LAMBAYEQUE,CHICLAYO,CHICLAYO,15/06/2023
ENERO - DICIEMBRE,2022,06/01/2023,LAMBAYEQUE,SUPERIOR,PENAL,PENAL,APELACION EXPEDIENTE,,2,2,140101,LAMBAYEQUE,CHICLAYO,CHICLAYO,15/06/2023
ENERO - DICIEMBRE,2022,06/01/2023,LAMBAYEQUE,SUPERIOR,PENAL,PENAL,CONSULTAS,,508,505,140101,LAMBAYEQUE,CHICLAYO,CHICLAYO,15/06/2023
ENERO - DICIEMBRE,2022,06/01/2023,LAMBAYEQUE,SUPERIOR,PENAL,PENAL,DENUNCIA,,82,81,140101,LAMBAYEQUE,CHICLAYO,CHICLAYO,15/06/2023
ENERO - DICIEMBRE,2022,06/01/2023,LAMBAYEQUE,SUPERIOR,PENAL,PENAL,EXCLUSION FISCAL,,59,59,140101,LAMBAYEQUE,CHICLAYO,CHICLAYO,15/06/2023
ENERO - DICIEMBRE,2022,06/01/2023,LAMBAYEQUE,SUPERIOR,PENAL,PENAL,EXPEDIENTE,,278,267,140101,LAMBAYEQUE,CHICLAYO,CHICLAYO,15/06/2023
ENERO - DICIEMBRE,2022,06/01/2023,LAMBAYEQUE,SUPERIOR,PENAL,PENAL,INCIDENTE-EXPEDIENTE,,13,10,140101,LAMBAYEQUE,CHICLAYO,CHICLAYO,15/06/2023
ENERO - DICIEMBRE,2022,06/01/2023,LAMBAYEQUE,SUPERIOR,PENAL,PENAL,QUEJAS,,2294,2253,140101,LAMBAYEQUE,CHICLAYO,CHICLAYO,15/06/2023
ENERO - DICIEMBRE,2022,06/01/2023,LIMA CENTRO,PROVINCIAL,CIVIL,CIVIL,EXPEDIENTE,,499,427,150101,LIMA,LIMA,LIMA,15/06/2023
ENERO - DICIEMBRE,2022,06/01/2023,LIMA CENTRO,PROVINCIAL,FAMILIA,ACTOS CONTRA LA LIBERTAD SEXUAL,DENUNCIA,,287,266,150101,LIMA,LIMA,LIMA,15/06/2023
ENERO - DICIEMBRE,2022,06/01/2023,LIMA CENTRO,PROVINCIAL,FAMILIA,FAMILIA CIVIL,EXPEDIENTE,,3241,3170,150101,LIMA,LIMA,LIMA,15/06/2023
ENERO - DICIEMBRE,2022,06/01/2023,LIMA CENTRO,PROVINCIAL,FAMILIA,FAMILIA PENAL,DENUNCIA,,1321,1179,150101,LIMA,LIMA,LIMA,15/06/2023
ENERO - DICIEMBRE,2022,06/01/2023,LIMA CENTRO,PROVINCIAL,FAMILIA,FAMILIA PENAL,EXPEDIENTE,,822,795,150101,LIMA,LIMA,LIMA,15/06/2023
ENERO - DICIEMBRE,2022,06/01/2023,LIMA CENTRO,PROVINCIAL,FAMILIA,FAMILIA TUTELAR,DENUNCIA,,2954,2745,150101,LIMA,LIMA,LIMA,15/06/2023
ENERO - DICIEMBRE,2022,06/01/2023,LIMA CENTRO,PROVINCIAL,FAMILIA,FAMILIA TUTELAR,EXPEDIENTE,,68,65,150101,LIMA,LIMA,LIMA,15/06/2023
ENERO - DICIEMBRE,2022,06/01/2023,LIMA CENTRO,PROVINCIAL,FAMILIA,VIOLENCIA FAMILIAR,DENUNCIA,,61,61,150101,LIMA,LIMA,LIMA,15/06/2023
ENERO - DICIEMBRE,2022,06/01/2023,LIMA CENTRO,PROVINCIAL,FAMILIA,VIOLENCIA FAMILIAR,EXPEDIENTE,,8,8,150101,LIMA,LIMA,LIMA,15/06/2023
ENERO - DICIEMBRE,2022,06/01/2023,LIMA CENTRO,PROVINCIAL,PENAL,PENAL,DENUNCIA,DELITOS ADUANEROS Y CONTRA LA PROPIEDAD INTELECTUAL,1525,1354,150101,LIMA,LIMA,LIMA,15/06/2023
ENERO - DICIEMBRE,2022,06/01/2023,LIMA CENTRO,PROVINCIAL,PENAL,PENAL,DENUNCIA,DELITOS TRIBUTARIOS,136,122,150101,LIMA,LIMA,LIMA,15/06/2023
ENERO - DICIEMBRE,2022,06/01/2023,LIMA CENTRO,PROVINCIAL,PENAL,PENAL,DENUNCIA,MATERIA AMBIENTAL,214,177,150101,LIMA,LIMA,LIMA,15/06/2023
ENERO - DICIEMBRE,2022,06/01/2023,LIMA CENTRO,PROVINCIAL,PENAL,PENAL,DENUNCIA,DELITOS DE TRATA DE PERSONAS,392,296,150101,LIMA,LIMA,LIMA,15/06/2023
ENERO - DICIEMBRE,2022,06/01/2023,LIMA CENTRO,PROVINCIAL,PENAL,PENAL,DENUNCIA,,461,392,150101,LIMA,LIMA,LIMA,15/06/2023
ENERO - DICIEMBRE,2022,06/01/2023,LIMA CENTRO,PROVINCIAL,PENAL,PENAL,DENUNCIA,VIOLENCIA CONTRA LA MUJER Y LOS INTEGRANTES DEL GRUPO FAMILIAR,34786,28465,150101,LIMA,LIMA,LIMA,15/06/2023
ENERO - DICIEMBRE,2022,06/01/2023,LIMA CENTRO,PROVINCIAL,PENAL,PENAL,DENUNCIA,DELITOS DE CIBERDELINCUENCIA,8488,4087,150101,LIMA,LIMA,LIMA,15/06/2023
ENERO - DICIEMBRE,2022,06/01/2023,LIMA CENTRO,PROVINCIAL,PENAL,PENAL,DENUNCIA,,62976,53208,150101,LIMA,LIMA,LIMA,15/06/2023
ENERO - DICIEMBRE,2022,06/01/2023,LIMA CENTRO,PROVINCIAL,PENAL,PENAL,DENUNCIA,DELITOS DE CORRUPCION DE FUNCIONARIOS,1224,1118,150101,LIMA,LIMA,LIMA,15/06/2023
ENERO - DICIEMBRE,2022,06/01/2023,LIMA CENTRO,PROVINCIAL,PENAL,PENAL,DENUNCIA,DELITOS DE CORRUPCION DE FUNCIONARIOS,31,30,150101,LIMA,LIMA,LIMA,15/06/2023
ENERO - DICIEMBRE,2022,06/01/2023,LIMA CENTRO,PROVINCIAL,PENAL,PENAL,DENUNCIA,CONTRA LA CRIMINALIDAD ORGANIZADA,307,283,150101,LIMA,LIMA,LIMA,15/06/2023
ENERO - DICIEMBRE,2022,06/01/2023,LIMA CENTRO,PROVINCIAL,PENAL,PENAL,DENUNCIA,LAVADO DE ACTIVOS Y PERDIDA DE DOMINIO,275,263,150101,LIMA,LIMA,LIMA,15/06/2023
ENERO - DICIEMBRE,2022,06/01/2023,LIMA CENTRO,PROVINCIAL,PENAL,PENAL,DENUNCIA,LAVADO DE ACTIVOS Y PERDIDA DE DOMINIO,120,115,150101,LIMA,LIMA,LIMA,15/06/2023
ENERO - DICIEMBRE,2022,06/01/2023,LIMA CENTRO,PROVINCIAL,PENAL,PENAL,EXPEDIENTE,LAVADO DE ACTIVOS Y PERDIDA DE DOMINIO,1,1,150101,LIMA,LIMA,LIMA,15/06/2023
ENERO - DICIEMBRE,2022,06/01/2023,LIMA CENTRO,PROVINCIAL,PENAL,PENAL,EXPEDIENTE,DELITOS ADUANEROS Y CONTRA LA PROPIEDAD INTELECTUAL,557,483,150101,LIMA,LIMA,LIMA,15/06/2023
ENERO - DICIEMBRE,2022,06/01/2023,LIMA CENTRO,PROVINCIAL,PENAL,PENAL,EXPEDIENTE,DELITOS TRIBUTARIOS,5,4,150101,LIMA,LIMA,LIMA,15/06/2023
ENERO - DICIEMBRE,2022,06/01/2023,LIMA CENTRO,PROVINCIAL,PENAL,PENAL,EXPEDIENTE,LAVADO DE ACTIVOS Y PERDIDA DE DOMINIO,1,1,150101,LIMA,LIMA,LIMA,15/06/2023
ENERO - DICIEMBRE,2022,06/01/2023,LIMA CENTRO,PROVINCIAL,PENAL,PENAL,EXPEDIENTE,MATERIA AMBIENTAL,71,67,150101,LIMA,LIMA,LIMA,15/06/2023
ENERO - DICIEMBRE,2022,06/01/2023,LIMA CENTRO,PROVINCIAL,PENAL,PENAL,EXPEDIENTE,TRANSITO Y SEGURIDAD VIAL,815,632,150101,LIMA,LIMA,LIMA,15/06/2023
ENERO - DICIEMBRE,2022,06/01/2023,LIMA CENTRO,SUPERIOR,CIVIL,CIVIL,EXPEDIENTE,,11,8,150101,LIMA,LIMA,LIMA,15/06/2023
ENERO - DICIEMBRE,2022,06/01/2023,LIMA CENTRO,SUPERIOR,FAMILIA,FAMILIA CIVIL,EXPEDIENTE,,648,571,150101,LIMA,LIMA,LIMA,15/06/2023
ENERO - DICIEMBRE,2022,06/01/2023,LIMA CENTRO,SUPERIOR,FAMILIA,FAMILIA CIVIL,INCIDENTE,,35,29,150101,LIMA,LIMA,LIMA,15/06/2023
ENERO - DICIEMBRE,2022,06/01/2023,LIMA CENTRO,SUPERIOR,FAMILIA,FAMILIA PENAL,EXPEDIENTE,,45,45,150101,LIMA,LIMA,LIMA,15/06/2023
ENERO - DICIEMBRE,2022,06/01/2023,LIMA CENTRO,SUPERIOR,FAMILIA,FAMILIA PENAL,INCIDENTE,,2,2,150101,LIMA,LIMA,LIMA,15/06/2023
ENERO - DICIEMBRE,2022,06/01/2023,LIMA CENTRO,SUPERIOR,FAMILIA,FAMILIA TUTELAR,EXPEDIENTE,,61,57,150101,LIMA,LIMA,LIMA,15/06/2023
ENERO - DICIEMBRE,2022,06/01/2023,LIMA CENTRO,SUPERIOR,FAMILIA,VIOLENCIA FAMILIAR,EXPEDIENTE,,742,668,150101,LIMA,LIMA,LIMA,15/06/2023
ENERO - DICIEMBRE,2022,06/01/2023,LIMA CENTRO,SUPERIOR,FAMILIA,VIOLENCIA FAMILIAR,INCIDENTE,,574,476,150101,LIMA,LIMA,LIMA,15/06/2023
ENERO - DICIEMBRE,2022,06/01/2023,LIMA CENTRO,SUPERIOR,PENAL,PENAL,APELACION DENUNCIA,DELITOS DE CORRUPCION DE FUNCIONARIOS,273,269,150101,LIMA,LIMA,LIMA,15/06/2023
ENERO - DICIEMBRE,2022,06/01/2023,LIMA CENTRO,SUPERIOR,PENAL,PENAL,APELACION DENUNCIA,DELITOS DE CORRUPCION DE FUNCIONARIOS,24,24,150101,LIMA,LIMA,LIMA,15/06/2023
ENERO - DICIEMBRE,2022,06/01/2023,LIMA CENTRO,SUPERIOR,PENAL,PENAL,APELACION DENUNCIA,CONTRA LA CRIMINALIDAD ORGANIZADA,344,344,150101,LIMA,LIMA,LIMA,15/06/2023
ENERO - DICIEMBRE,2022,06/01/2023,LIMA CENTRO,SUPERIOR,PENAL,PENAL,APELACION DENUNCIA,LAVADO DE ACTIVOS Y PERDIDA DE DOMINIO,93,93,150101,LIMA,LIMA,LIMA,15/06/2023
ENERO - DICIEMBRE,2022,06/01/2023,LIMA CENTRO,SUPERIOR,PENAL,PENAL,APELACION EXPEDIENTE,DELITOS DE CORRUPCION DE FUNCIONARIOS,87,87,150101,LIMA,LIMA,LIMA,15/06/2023
ENERO - DICIEMBRE,2022,06/01/2023,LIMA CENTRO,SUPERIOR,PENAL,PENAL,APELACION EXPEDIENTE,CONTRA LA CRIMINALIDAD ORGANIZADA,62,62,150101,LIMA,LIMA,LIMA,15/06/2023
ENERO - DICIEMBRE,2022,06/01/2023,LIMA CENTRO,SUPERIOR,PENAL,PENAL,APELACION EXPEDIENTE,LAVADO DE ACTIVOS Y PERDIDA DE DOMINIO,46,46,150101,LIMA,LIMA,LIMA,15/06/2023
ENERO - DICIEMBRE,2022,06/01/2023,LIMA CENTRO,SUPERIOR,PENAL,PENAL,CONSULTAS,DELITOS DE CORRUPCION DE FUNCIONARIOS,67,66,150101,LIMA,LIMA,LIMA,15/06/2023
ENERO - DICIEMBRE,2022,06/01/2023,LIMA CENTRO,SUPERIOR,PENAL,PENAL,CONSULTAS,DELITOS DE CORRUPCION DE FUNCIONARIOS,1,1,150101,LIMA,LIMA,LIMA,15/06/2023
ENERO - DICIEMBRE,2022,06/01/2023,LIMA CENTRO,SUPERIOR,PENAL,PENAL,CONSULTAS,CONTRA LA CRIMINALIDAD ORGANIZADA,9,9,150101,LIMA,LIMA,LIMA,15/06/2023
ENERO - DICIEMBRE,2022,06/01/2023,LIMA CENTRO,SUPERIOR,PENAL,PENAL,CONSULTAS,LAVADO DE ACTIVOS Y PERDIDA DE DOMINIO,103,102,150101,LIMA,LIMA,LIMA,15/06/2023
ENERO - DICIEMBRE,2022,06/01/2023,LIMA CENTRO,SUPERIOR,PENAL,PENAL,CONTIENDA,DELITOS DE TRATA DE PERSONAS,1,0,150101,LIMA,LIMA,LIMA,15/06/2023
ENERO - DICIEMBRE,2022,06/01/2023,LIMA CENTRO,SUPERIOR,PENAL,PENAL,CONTIENDA,VIOLENCIA CONTRA LA MUJER Y LOS INTEGRANTES DEL GRUPO FAMILIAR,228,208,150101,LIMA,LIMA,LIMA,15/06/2023
ENERO - DICIEMBRE,2022,06/01/2023,LIMA CENTRO,SUPERIOR,PENAL,PENAL,CONTIENDA,DELITOS DE CIBERDELINCUENCIA,335,286,150101,LIMA,LIMA,LIMA,15/06/2023
ENERO - DICIEMBRE,2022,06/01/2023,LIMA CENTRO,SUPERIOR,PENAL,PENAL,CONTIENDA,,16,13,150101,LIMA,LIMA,LIMA,15/06/2023
ENERO - DICIEMBRE,2022,06/01/2023,LIMA CENTRO,SUPERIOR,PENAL,PENAL,CONTIENDA,,475,418,150101,LIMA,LIMA,LIMA,15/06/2023
ENERO - DICIEMBRE,2022,06/01/2023,LIMA CENTRO,SUPERIOR,PENAL,PENAL,DENUNCIA,DELITOS DE CORRUPCION DE FUNCIONARIOS,81,80,150101,LIMA,LIMA,LIMA,15/06/2023
ENERO - DICIEMBRE,2022,06/01/2023,LIMA CENTRO,SUPERIOR,PENAL,PENAL,DENUNCIA,DELITOS DE CORRUPCION DE FUNCIONARIOS,18,18,150101,LIMA,LIMA,LIMA,15/06/2023
ENERO - DICIEMBRE,2022,06/01/2023,LIMA CENTRO,SUPERIOR,PENAL,PENAL,DENUNCIA,,568,447,150101,LIMA,LIMA,LIMA,15/06/2023
ENERO - DICIEMBRE,2022,06/01/2023,LIMA CENTRO,SUPERIOR,PENAL,PENAL,DENUNCIA,DELITOS DE TRATA DE PERSONAS,7,6,150101,LIMA,LIMA,LIMA,15/06/2023
ENERO - DICIEMBRE,2022,06/01/2023,LIMA CENTRO,SUPERIOR,PENAL,PENAL,DENUNCIA,,187,180,150101,LIMA,LIMA,LIMA,15/06/2023
ENERO - DICIEMBRE,2022,06/01/2023,LIMA CENTRO,SUPERIOR,PENAL,PENAL,DENUNCIA,,106,80,150101,LIMA,LIMA,LIMA,15/06/2023
ENERO - DICIEMBRE,2022,06/01/2023,LIMA CENTRO,SUPERIOR,PENAL,PENAL,EXCLUSION FISCAL,DELITOS DE CORRUPCION DE FUNCIONARIOS,6,6,150101,LIMA,LIMA,LIMA,15/06/2023
ENERO - DICIEMBRE,2022,06/01/2023,LIMA CENTRO,SUPERIOR,PENAL,PENAL,EXCLUSION FISCAL,CONTRA LA CRIMINALIDAD ORGANIZADA,5,5,150101,LIMA,LIMA,LIMA,15/06/2023
ENERO - DICIEMBRE,2022,06/01/2023,LIMA CENTRO,SUPERIOR,PENAL,PENAL,EXPEDIENTE,VIOLENCIA CONTRA LA MUJER Y LOS INTEGRANTES DEL GRUPO FAMILIAR,2,2,150101,LIMA,LIMA,LIMA,15/06/2023
ENERO - DICIEMBRE,2022,06/01/2023,LIMA CENTRO,SUPERIOR,PENAL,PENAL,EXPEDIENTE,DELITOS DE CIBERDELINCUENCIA,1,0,150101,LIMA,LIMA,LIMA,15/06/2023
ENERO - DICIEMBRE,2022,06/01/2023,LIMA CENTRO,SUPERIOR,PENAL,PENAL,EXPEDIENTE,,12,11,150101,LIMA,LIMA,LIMA,15/06/2023
ENERO - DICIEMBRE,2022,06/01/2023,LIMA CENTRO,SUPERIOR,PENAL,PENAL,EXPEDIENTE,DELITOS DE CORRUPCION DE FUNCIONARIOS,82,69,150101,LIMA,LIMA,LIMA,15/06/2023
ENERO - DICIEMBRE,2022,06/01/2023,LIMA CENTRO,SUPERIOR,PENAL,PENAL,EXPEDIENTE,DELITOS DE CORRUPCION DE FUNCIONARIOS,1,1,150101,LIMA,LIMA,LIMA,15/06/2023
ENERO - DICIEMBRE,2022,06/01/2023,LIMA CENTRO,SUPERIOR,PENAL,PENAL,EXPEDIENTE,CONTRA LA CRIMINALIDAD ORGANIZADA,101,100,150101,LIMA,LIMA,LIMA,15/06/2023
ENERO - DICIEMBRE,2022,06/01/2023,LIMA CENTRO,SUPERIOR,PENAL,PENAL,EXPEDIENTE,LAVADO DE ACTIVOS Y PERDIDA DE DOMINIO,62,57,150101,LIMA,LIMA,LIMA,15/06/2023
ENERO - DICIEMBRE,2022,06/01/2023,LIMA CENTRO,SUPERIOR,PENAL,PENAL,EXPEDIENTE,DELITOS DE TRATA DE PERSONAS,24,23,150101,LIMA,LIMA,LIMA,15/06/2023
ENERO - DICIEMBRE,2022,06/01/2023,LIMA CENTRO,SUPERIOR,PENAL,PENAL,EXPEDIENTE,,297,258,150101,LIMA,LIMA,LIMA,15/06/2023
ENERO - DICIEMBRE,2022,06/01/2023,LIMA CENTRO,SUPERIOR,PENAL,PENAL,EXPEDIENTE,VIOLENCIA CONTRA LA MUJER Y LOS INTEGRANTES DEL GRUPO FAMILIAR,68,31,150101,LIMA,LIMA,LIMA,15/06/2023
ENERO - DICIEMBRE,2022,06/01/2023,LIMA CENTRO,SUPERIOR,PENAL,PENAL,EXPEDIENTE,,3800,3132,150101,LIMA,LIMA,LIMA,15/06/2023
ENERO - DICIEMBRE,2022,06/01/2023,LIMA CENTRO,SUPERIOR,PENAL,PENAL,INCIDENTE,VIOLENCIA CONTRA LA MUJER Y LOS INTEGRANTES DEL GRUPO FAMILIAR,6,6,150101,LIMA,LIMA,LIMA,15/06/2023
ENERO - DICIEMBRE,2022,06/01/2023,LIMA CENTRO,SUPERIOR,PENAL,PENAL,INCIDENTE,DELITOS DE CIBERDELINCUENCIA,13,11,150101,LIMA,LIMA,LIMA,15/06/2023
ENERO - DICIEMBRE,2022,06/01/2023,LIMA CENTRO,SUPERIOR,PENAL,PENAL,INCIDENTE,,1,1,150101,LIMA,LIMA,LIMA,15/06/2023
ENERO - DICIEMBRE,2022,06/01/2023,LIMA CENTRO,SUPERIOR,PENAL,PENAL,INCIDENTE,,164,152,150101,LIMA,LIMA,LIMA,15/06/2023
ENERO - DICIEMBRE,2022,06/01/2023,LIMA CENTRO,SUPERIOR,PENAL,PENAL,INCIDENTE-EXPEDIENTE,DELITOS DE CORRUPCION DE FUNCIONARIOS,3,3,150101,LIMA,LIMA,LIMA,15/06/2023
ENERO - DICIEMBRE,2022,06/01/2023,LIMA CENTRO,SUPERIOR,PENAL,PENAL,INCIDENTE-EXPEDIENTE,CONTRA LA CRIMINALIDAD ORGANIZADA,2,2,150101,LIMA,LIMA,LIMA,15/06/2023
ENERO - DICIEMBRE,2022,06/01/2023,LIMA CENTRO,SUPERIOR,PENAL,PENAL,INCIDENTE-EXPEDIENTE,LAVADO DE ACTIVOS Y PERDIDA DE DOMINIO,40,40,150101,LIMA,LIMA,LIMA,15/06/2023
ENERO - DICIEMBRE,2022,06/01/2023,LIMA CENTRO,SUPERIOR,PENAL,PENAL,QUEJAS,DELITOS DE TRATA DE PERSONAS,2,1,150101,LIMA,LIMA,LIMA,15/06/2023
ENERO - DICIEMBRE,2022,06/01/2023,LIMA CENTRO,SUPERIOR,PENAL,PENAL,QUEJAS,VIOLENCIA CONTRA LA MUJER Y LOS INTEGRANTES DEL GRUPO FAMILIAR,387,377,150101,LIMA,LIMA,LIMA,15/06/2023
ENERO - DICIEMBRE,2022,06/01/2023,LIMA CENTRO,SUPERIOR,PENAL,PENAL,QUEJAS,DELITOS DE CIBERDELINCUENCIA,17,17,150101,LIMA,LIMA,LIMA,15/06/2023
ENERO - DICIEMBRE,2022,06/01/2023,LIMA CENTRO,SUPERIOR,PENAL,PENAL,QUEJAS,,16,16,150101,LIMA,LIMA,LIMA,15/06/2023
ENERO - DICIEMBRE,2022,06/01/2023,LIMA CENTRO,SUPERIOR,PENAL,PENAL,QUEJAS,,2452,2381,150101,LIMA,LIMA,LIMA,15/06/2023
ENERO - DICIEMBRE,2022,06/01/2023,LIMA CENTRO,SUPERIOR,PENAL,PENAL,QUEJAS,DELITOS DE CORRUPCION DE FUNCIONARIOS,352,336,150101,LIMA,LIMA,LIMA,15/06/2023
ENERO - DICIEMBRE,2022,06/01/2023,LIMA CENTRO,SUPERIOR,PENAL,PENAL,QUEJAS,DELITOS DE CORRUPCION DE FUNCIONARIOS,4,4,150101,LIMA,LIMA,LIMA,15/06/2023
ENERO - DICIEMBRE,2022,06/01/2023,LIMA CENTRO,SUPERIOR,PENAL,PENAL,QUEJAS,CONTRA LA CRIMINALIDAD ORGANIZADA,71,71,150101,LIMA,LIMA,LIMA,15/06/2023
ENERO - DICIEMBRE,2022,06/01/2023,LIMA CENTRO,SUPERIOR,PENAL,PENAL,QUEJAS,LAVADO DE ACTIVOS Y PERDIDA DE DOMINIO,350,348,150101,LIMA,LIMA,LIMA,15/06/2023
ENERO - DICIEMBRE,2022,06/01/2023,LIMA CENTRO,SUPERIOR,PENAL,PENAL,QUEJAS,,3,2,150101,LIMA,LIMA,LIMA,15/06/2023
ENERO - DICIEMBRE,2022,06/01/2023,LIMA CENTRO,SUPERIOR,PENAL,PENAL,QUEJAS,DELITOS DE TRATA DE PERSONAS,6,5,150101,LIMA,LIMA,LIMA,15/06/2023
ENERO - DICIEMBRE,2022,06/01/2023,LIMA CENTRO,SUPERIOR,PENAL,PENAL,QUEJAS,,187,180,150101,LIMA,LIMA,LIMA,15/06/2023
ENERO - DICIEMBRE,2022,06/01/2023,LIMA CENTRO,SUPERIOR,PENAL,PENAL,QUEJAS,,89,70,150101,LIMA,LIMA,LIMA,15/06/2023
ENERO - DICIEMBRE,2022,06/01/2023,LIMA CENTRO,SUPREMA,CONTROL INTERNO,CONTROL INTERNO,QUEJAS,,15718,13648,150101,LIMA,LIMA,LIMA,15/06/2023
ENERO - DICIEMBRE,2022,06/01/2023,LIMA CENTRO,SUPREMA,FAMILIA,FAMILIA,PROCESO FAMILIA,,482,333,150101,LIMA,LIMA,LIMA,15/06/2023
ENERO - DICIEMBRE,2022,06/01/2023,LIMA CENTRO,SUPREMA,PENAL,PENAL,PROCESO PENAL,,2514,2946,150101,LIMA,LIMA,LIMA,15/06/2023
ENERO - DICIEMBRE,2022,06/01/2023,LIMA CENTRO,SUPREMA,PENAL,PENAL,PROCESO PENAL,DELITOS DE CORRUPCION DE FUNCIONARIOS,1500,1494,150101,LIMA,LIMA,LIMA,15/06/2023
ENERO - DICIEMBRE,2022,06/01/2023,LIMA ESTE,PROVINCIAL,CIVIL,CIVIL,EXPEDIENTE,,60,56,150137,LIMA,LIMA,SANTA ANITA,15/06/2023
ENERO - DICIEMBRE,2022,06/01/2023,LIMA ESTE,PROVINCIAL,FAMILIA,ACTOS CONTRA LA LIBERTAD SEXUAL,DENUNCIA,,53,53,150137,LIMA,LIMA,SANTA ANITA,15/06/2023
ENERO - DICIEMBRE,2022,06/01/2023,LIMA ESTE,PROVINCIAL,FAMILIA,FAMILIA CIVIL,EXPEDIENTE,,2184,2074,150137,LIMA,LIMA,SANTA ANITA,15/06/2023
ENERO - DICIEMBRE,2022,06/01/2023,LIMA ESTE,PROVINCIAL,FAMILIA,FAMILIA PENAL,DENUNCIA,,1183,1118,150137,LIMA,LIMA,SANTA ANITA,15/06/2023
ENERO - DICIEMBRE,2022,06/01/2023,LIMA ESTE,PROVINCIAL,FAMILIA,FAMILIA PENAL,EXPEDIENTE,,434,405,150137,LIMA,LIMA,SANTA ANITA,15/06/2023
ENERO - DICIEMBRE,2022,06/01/2023,LIMA ESTE,PROVINCIAL,FAMILIA,FAMILIA TUTELAR,DENUNCIA,,830,757,150137,LIMA,LIMA,SANTA ANITA,15/06/2023
ENERO - DICIEMBRE,2022,06/01/2023,LIMA ESTE,PROVINCIAL,FAMILIA,FAMILIA TUTELAR,EXPEDIENTE,,59,54,150137,LIMA,LIMA,SANTA ANITA,15/06/2023
ENERO - DICIEMBRE,2022,06/01/2023,LIMA ESTE,PROVINCIAL,FAMILIA,VIOLENCIA FAMILIAR,DENUNCIA,,3,3,150137,LIMA,LIMA,SANTA ANITA,15/06/2023
ENERO - DICIEMBRE,2022,06/01/2023,LIMA ESTE,PROVINCIAL,FAMILIA,VIOLENCIA FAMILIAR,EXPEDIENTE,,10,9,150137,LIMA,LIMA,SANTA ANITA,15/06/2023
ENERO - DICIEMBRE,2022,06/01/2023,LIMA ESTE,PROVINCIAL,PENAL,PENAL,DENUNCIA,DELITOS DE CORRUPCION DE FUNCIONARIOS,266,248,150137,LIMA,LIMA,SANTA ANITA,15/06/2023
ENERO - DICIEMBRE,2022,06/01/2023,LIMA ESTE,PROVINCIAL,PENAL,PENAL,DENUNCIA,,820,16,150137,LIMA,LIMA,SANTA ANITA,15/06/2023
ENERO - DICIEMBRE,2022,06/01/2023,LIMA ESTE,PROVINCIAL,PENAL,PENAL,DENUNCIA,VIOLENCIA CONTRA LA MUJER Y LOS INTEGRANTES DEL GRUPO FAMILIAR,28141,21389,150137,LIMA,LIMA,SANTA ANITA,15/06/2023
ENERO - DICIEMBRE,2022,06/01/2023,LIMA ESTE,PROVINCIAL,PENAL,PENAL,DENUNCIA,,55900,49348,150137,LIMA,LIMA,SANTA ANITA,15/06/2023
ENERO - DICIEMBRE,2022,06/01/2023,LIMA ESTE,PROVINCIAL,PENAL,PENAL,EXPEDIENTE,VIOLENCIA CONTRA LA MUJER Y LOS INTEGRANTES DEL GRUPO FAMILIAR,84,62,150137,LIMA,LIMA,SANTA ANITA,15/06/2023
ENERO - DICIEMBRE,2022,06/01/2023,LIMA ESTE,PROVINCIAL,PENAL,PENAL,EXPEDIENTE,,3714,3329,150137,LIMA,LIMA,SANTA ANITA,15/06/2023
ENERO - DICIEMBRE,2022,06/01/2023,LIMA ESTE,SUPERIOR,CIVIL,CIVIL,EXPEDIENTE,,15,15,150137,LIMA,LIMA,SANTA ANITA,15/06/2023
ENERO - DICIEMBRE,2022,06/01/2023,LIMA ESTE,SUPERIOR,FAMILIA,FAMILIA CIVIL,EXPEDIENTE,,116,115,150137,LIMA,LIMA,SANTA ANITA,15/06/2023
ENERO - DICIEMBRE,2022,06/01/2023,LIMA ESTE,SUPERIOR,FAMILIA,FAMILIA CIVIL,INCIDENTE,,1,1,150137,LIMA,LIMA,SANTA ANITA,15/06/2023
ENERO - DICIEMBRE,2022,06/01/2023,LIMA ESTE,SUPERIOR,FAMILIA,FAMILIA PENAL,EXPEDIENTE,,68,68,150137,LIMA,LIMA,SANTA ANITA,15/06/2023
ENERO - DICIEMBRE,2022,06/01/2023,LIMA ESTE,SUPERIOR,FAMILIA,FAMILIA PENAL,INCIDENTE,,1,1,150137,LIMA,LIMA,SANTA ANITA,15/06/2023
ENERO - DICIEMBRE,2022,06/01/2023,LIMA ESTE,SUPERIOR,FAMILIA,FAMILIA TUTELAR,EXPEDIENTE,,5,5,150137,LIMA,LIMA,SANTA ANITA,15/06/2023
ENERO - DICIEMBRE,2022,06/01/2023,LIMA ESTE,SUPERIOR,FAMILIA,VIOLENCIA FAMILIAR,EXPEDIENTE,,55,54,150137,LIMA,LIMA,SANTA ANITA,15/06/2023
ENERO - DICIEMBRE,2022,06/01/2023,LIMA ESTE,SUPERIOR,FAMILIA,VIOLENCIA FAMILIAR,INCIDENTE,,1769,1620,150137,LIMA,LIMA,SANTA ANITA,15/06/2023
ENERO - DICIEMBRE,2022,06/01/2023,LIMA ESTE,SUPERIOR,PENAL,PENAL,APELACION DENUNCIA,VIOLENCIA CONTRA LA MUJER Y LOS INTEGRANTES DEL GRUPO FAMILIAR,2,2,150137,LIMA,LIMA,SANTA ANITA,15/06/2023
ENERO - DICIEMBRE,2022,06/01/2023,LIMA ESTE,SUPERIOR,PENAL,PENAL,APELACION DENUNCIA,,33,32,150137,LIMA,LIMA,SANTA ANITA,15/06/2023
ENERO - DICIEMBRE,2022,06/01/2023,LIMA ESTE,SUPERIOR,PENAL,PENAL,APELACION EXPEDIENTE,VIOLENCIA CONTRA LA MUJER Y LOS INTEGRANTES DEL GRUPO FAMILIAR,98,84,150137,LIMA,LIMA,SANTA ANITA,15/06/2023
ENERO - DICIEMBRE,2022,06/01/2023,LIMA ESTE,SUPERIOR,PENAL,PENAL,APELACION EXPEDIENTE,,365,348,150137,LIMA,LIMA,SANTA ANITA,15/06/2023
ENERO - DICIEMBRE,2022,06/01/2023,LIMA ESTE,SUPERIOR,PENAL,PENAL,CONSULTAS,VIOLENCIA CONTRA LA MUJER Y LOS INTEGRANTES DEL GRUPO FAMILIAR,44,44,150137,LIMA,LIMA,SANTA ANITA,15/06/2023
ENERO - DICIEMBRE,2022,06/01/2023,LIMA ESTE,SUPERIOR,PENAL,PENAL,CONSULTAS,,119,117,150137,LIMA,LIMA,SANTA ANITA,15/06/2023
ENERO - DICIEMBRE,2022,06/01/2023,LIMA ESTE,SUPERIOR,PENAL,PENAL,DENUNCIA,,78,74,150137,LIMA,LIMA,SANTA ANITA,15/06/2023
ENERO - DICIEMBRE,2022,06/01/2023,LIMA ESTE,SUPERIOR,PENAL,PENAL,EXCLUSION FISCAL,,3,2,150137,LIMA,LIMA,SANTA ANITA,15/06/2023
ENERO - DICIEMBRE,2022,06/01/2023,LIMA ESTE,SUPERIOR,PENAL,PENAL,EXPEDIENTE,VIOLENCIA CONTRA LA MUJER Y LOS INTEGRANTES DEL GRUPO FAMILIAR,29,29,150137,LIMA,LIMA,SANTA ANITA,15/06/2023
ENERO - DICIEMBRE,2022,06/01/2023,LIMA ESTE,SUPERIOR,PENAL,PENAL,EXPEDIENTE,,336,238,150137,LIMA,LIMA,SANTA ANITA,15/06/2023
ENERO - DICIEMBRE,2022,06/01/2023,LIMA ESTE,SUPERIOR,PENAL,PENAL,INCIDENTE-EXPEDIENTE,,34,27,150137,LIMA,LIMA,SANTA ANITA,15/06/2023
ENERO - DICIEMBRE,2022,06/01/2023,LIMA ESTE,SUPERIOR,PENAL,PENAL,QUEJAS,VIOLENCIA CONTRA LA MUJER Y LOS INTEGRANTES DEL GRUPO FAMILIAR,444,354,150137,LIMA,LIMA,SANTA ANITA,15/06/2023
ENERO - DICIEMBRE,2022,06/01/2023,LIMA ESTE,SUPERIOR,PENAL,PENAL,QUEJAS,,1461,1243,150137,LIMA,LIMA,SANTA ANITA,15/06/2023
ENERO - DICIEMBRE,2022,06/01/2023,LIMA NOROESTE,PROVINCIAL,CIVIL,CIVIL,EXPEDIENTE,,581,580,070106,CALLAO,CALLAO,VENTANILLA,15/06/2023
ENERO - DICIEMBRE,2022,06/01/2023,LIMA NOROESTE,PROVINCIAL,FAMILIA,ACTOS CONTRA LA LIBERTAD SEXUAL,DENUNCIA,,1,1,070106,CALLAO,CALLAO,VENTANILLA,15/06/2023
ENERO - DICIEMBRE,2022,06/01/2023,LIMA NOROESTE,PROVINCIAL,FAMILIA,FAMILIA CIVIL,EXPEDIENTE,,697,683,070106,CALLAO,CALLAO,VENTANILLA,15/06/2023
ENERO - DICIEMBRE,2022,06/01/2023,LIMA NOROESTE,PROVINCIAL,FAMILIA,FAMILIA PENAL,DENUNCIA,,481,433,070106,CALLAO,CALLAO,VENTANILLA,15/06/2023
ENERO - DICIEMBRE,2022,06/01/2023,LIMA NOROESTE,PROVINCIAL,FAMILIA,FAMILIA PENAL,EXPEDIENTE,,140,119,070106,CALLAO,CALLAO,VENTANILLA,15/06/2023
ENERO - DICIEMBRE,2022,06/01/2023,LIMA NOROESTE,PROVINCIAL,FAMILIA,FAMILIA TUTELAR,DENUNCIA,,284,268,070106,CALLAO,CALLAO,VENTANILLA,15/06/2023
ENERO - DICIEMBRE,2022,06/01/2023,LIMA NOROESTE,PROVINCIAL,FAMILIA,FAMILIA TUTELAR,EXPEDIENTE,,14,14,070106,CALLAO,CALLAO,VENTANILLA,15/06/2023
ENERO - DICIEMBRE,2022,06/01/2023,LIMA NOROESTE,PROVINCIAL,PENAL,PENAL,DENUNCIA,VIOLENCIA CONTRA LA MUJER Y LOS INTEGRANTES DEL GRUPO FAMILIAR,10737,9217,070106,CALLAO,CALLAO,VENTANILLA,15/06/2023
ENERO - DICIEMBRE,2022,06/01/2023,LIMA NOROESTE,PROVINCIAL,PENAL,PENAL,DENUNCIA,,14766,13519,070106,CALLAO,CALLAO,VENTANILLA,15/06/2023
ENERO - DICIEMBRE,2022,06/01/2023,LIMA NOROESTE,PROVINCIAL,PENAL,PENAL,DENUNCIA,DELITOS DE CORRUPCION DE FUNCIONARIOS,133,131,070106,CALLAO,CALLAO,VENTANILLA,15/06/2023
ENERO - DICIEMBRE,2022,06/01/2023,LIMA NOROESTE,PROVINCIAL,PENAL,PENAL,DENUNCIA,CONTRA LA CRIMINALIDAD ORGANIZADA,45,45,070106,CALLAO,CALLAO,VENTANILLA,15/06/2023
ENERO - DICIEMBRE,2022,06/01/2023,LIMA NOROESTE,PROVINCIAL,PENAL,PENAL,DENUNCIA,DELITOS ADUANEROS Y CONTRA LA PROPIEDAD INTELECTUAL,132,132,070106,CALLAO,CALLAO,VENTANILLA,15/06/2023
ENERO - DICIEMBRE,2022,06/01/2023,LIMA NOROESTE,PROVINCIAL,PENAL,PENAL,DENUNCIA,MATERIA AMBIENTAL,92,89,070106,CALLAO,CALLAO,VENTANILLA,15/06/2023
ENERO - DICIEMBRE,2022,06/01/2023,LIMA NOROESTE,PROVINCIAL,PENAL,PENAL,DENUNCIA,DELITOS DE TRAFICO ILICITO DE DROGAS,121,121,070106,CALLAO,CALLAO,VENTANILLA,15/06/2023
ENERO - DICIEMBRE,2022,06/01/2023,LIMA NOROESTE,PROVINCIAL,PENAL,PENAL,INVESTIGACION PREVENTIVA,MATERIA AMBIENTAL,77,75,070106,CALLAO,CALLAO,VENTANILLA,15/06/2023
ENERO - DICIEMBRE,2022,06/01/2023,LIMA NOROESTE,PROVINCIAL,PENAL,PENAL,INVESTIGACION PREVENTIVA,,252,250,070106,CALLAO,CALLAO,VENTANILLA,15/06/2023
ENERO - DICIEMBRE,2022,06/01/2023,LIMA NOROESTE,SUPERIOR,CIVIL,CIVIL,EXPEDIENTE,,28,28,070106,CALLAO,CALLAO,VENTANILLA,15/06/2023
ENERO - DICIEMBRE,2022,06/01/2023,LIMA NOROESTE,SUPERIOR,FAMILIA,FAMILIA CIVIL,EXPEDIENTE,,113,99,070106,CALLAO,CALLAO,VENTANILLA,15/06/2023
ENERO - DICIEMBRE,2022,06/01/2023,LIMA NOROESTE,SUPERIOR,FAMILIA,FAMILIA CIVIL,INCIDENTE,,4,4,070106,CALLAO,CALLAO,VENTANILLA,15/06/2023
ENERO - DICIEMBRE,2022,06/01/2023,LIMA NOROESTE,SUPERIOR,FAMILIA,FAMILIA PENAL,EXPEDIENTE,,4,4,070106,CALLAO,CALLAO,VENTANILLA,15/06/2023
ENERO - DICIEMBRE,2022,06/01/2023,LIMA NOROESTE,SUPERIOR,FAMILIA,FAMILIA PENAL,INCIDENTE,,1,1,070106,CALLAO,CALLAO,VENTANILLA,15/06/2023
ENERO - DICIEMBRE,2022,06/01/2023,LIMA NOROESTE,SUPERIOR,FAMILIA,VIOLENCIA FAMILIAR,EXPEDIENTE,,92,74,070106,CALLAO,CALLAO,VENTANILLA,15/06/2023
ENERO - DICIEMBRE,2022,06/01/2023,LIMA NOROESTE,SUPERIOR,FAMILIA,VIOLENCIA FAMILIAR,INCIDENTE,,110,105,070106,CALLAO,CALLAO,VENTANILLA,15/06/2023
ENERO - DICIEMBRE,2022,06/01/2023,LIMA NOROESTE,SUPERIOR,PENAL,PENAL,APELACION DENUNCIA,,502,496,070106,CALLAO,CALLAO,VENTANILLA,15/06/2023
ENERO - DICIEMBRE,2022,06/01/2023,LIMA NOROESTE,SUPERIOR,PENAL,PENAL,APELACION EXPEDIENTE,,4,4,070106,CALLAO,CALLAO,VENTANILLA,15/06/2023
ENERO - DICIEMBRE,2022,06/01/2023,LIMA NOROESTE,SUPERIOR,PENAL,PENAL,CONSULTAS,,97,96,070106,CALLAO,CALLAO,VENTANILLA,15/06/2023
ENERO - DICIEMBRE,2022,06/01/2023,LIMA NOROESTE,SUPERIOR,PENAL,PENAL,CONTIENDA,,61,58,070106,CALLAO,CALLAO,VENTANILLA,15/06/2023
ENERO - DICIEMBRE,2022,06/01/2023,LIMA NOROESTE,SUPERIOR,PENAL,PENAL,DENUNCIA,,7,7,070106,CALLAO,CALLAO,VENTANILLA,15/06/2023
ENERO - DICIEMBRE,2022,06/01/2023,LIMA NOROESTE,SUPERIOR,PENAL,PENAL,EXCLUSION FISCAL,,2,2,070106,CALLAO,CALLAO,VENTANILLA,15/06/2023
ENERO - DICIEMBRE,2022,06/01/2023,LIMA NOROESTE,SUPERIOR,PENAL,PENAL,EXPEDIENTE,,15,15,070106,CALLAO,CALLAO,VENTANILLA,15/06/2023
ENERO - DICIEMBRE,2022,06/01/2023,LIMA NOROESTE,SUPERIOR,PENAL,PENAL,INCIDENTE,,35,35,070106,CALLAO,CALLAO,VENTANILLA,15/06/2023
ENERO - DICIEMBRE,2022,06/01/2023,LIMA NOROESTE,SUPERIOR,PENAL,PENAL,INCIDENTE-EXPEDIENTE,,7,6,070106,CALLAO,CALLAO,VENTANILLA,15/06/2023
ENERO - DICIEMBRE,2022,06/01/2023,LIMA NOROESTE,SUPERIOR,PENAL,PENAL,QUEJAS,,194,192,070106,CALLAO,CALLAO,VENTANILLA,15/06/2023
ENERO - DICIEMBRE,2022,06/01/2023,LIMA NOROESTE,SUPERIOR,PENAL,PENAL,QUEJAS,,431,402,070106,CALLAO,CALLAO,VENTANILLA,15/06/2023
ENERO - DICIEMBRE,2022,06/01/2023,LIMA NORTE,PROVINCIAL,CIVIL,CIVIL,EXPEDIENTE,,513,505,150112,LIMA,LIMA,INDEPENDENCIA,15/06/2023
ENERO - DICIEMBRE,2022,06/01/2023,LIMA NORTE,PROVINCIAL,FAMILIA,FAMILIA CIVIL,EXPEDIENTE,,3446,3396,150112,LIMA,LIMA,INDEPENDENCIA,15/06/2023
ENERO - DICIEMBRE,2022,06/01/2023,LIMA NORTE,PROVINCIAL,FAMILIA,FAMILIA PENAL,DENUNCIA,,1377,1349,150112,LIMA,LIMA,INDEPENDENCIA,15/06/2023
ENERO - DICIEMBRE,2022,06/01/2023,LIMA NORTE,PROVINCIAL,FAMILIA,FAMILIA PENAL,EXPEDIENTE,,447,447,150112,LIMA,LIMA,INDEPENDENCIA,15/06/2023
ENERO - DICIEMBRE,2022,06/01/2023,LIMA NORTE,PROVINCIAL,FAMILIA,FAMILIA TUTELAR,DENUNCIA,,1751,1682,150112,LIMA,LIMA,INDEPENDENCIA,15/06/2023
ENERO - DICIEMBRE,2022,06/01/2023,LIMA NORTE,PROVINCIAL,FAMILIA,FAMILIA TUTELAR,EXPEDIENTE,,27,27,150112,LIMA,LIMA,INDEPENDENCIA,15/06/2023
ENERO - DICIEMBRE,2022,06/01/2023,LIMA NORTE,PROVINCIAL,FAMILIA,VIOLENCIA FAMILIAR,DENUNCIA,,139,138,150112,LIMA,LIMA,INDEPENDENCIA,15/06/2023
ENERO - DICIEMBRE,2022,06/01/2023,LIMA NORTE,PROVINCIAL,FAMILIA,VIOLENCIA FAMILIAR,EXPEDIENTE,,2,2,150112,LIMA,LIMA,INDEPENDENCIA,15/06/2023
ENERO - DICIEMBRE,2022,06/01/2023,LIMA NORTE,PROVINCIAL,PENAL,PENAL,DENUNCIA,DELITOS DE CORRUPCION DE FUNCIONARIOS,312,304,150112,LIMA,LIMA,INDEPENDENCIA,15/06/2023
ENERO - DICIEMBRE,2022,06/01/2023,LIMA NORTE,PROVINCIAL,PENAL,PENAL,DENUNCIA,DELITOS ADUANEROS Y CONTRA LA PROPIEDAD INTELECTUAL,93,93,150112,LIMA,LIMA,INDEPENDENCIA,15/06/2023
ENERO - DICIEMBRE,2022,06/01/2023,LIMA NORTE,PROVINCIAL,PENAL,PENAL,DENUNCIA,LAVADO DE ACTIVOS Y PERDIDA DE DOMINIO,40,40,150112,LIMA,LIMA,INDEPENDENCIA,15/06/2023
ENERO - DICIEMBRE,2022,06/01/2023,LIMA NORTE,PROVINCIAL,PENAL,PENAL,DENUNCIA,MATERIA AMBIENTAL,68,68,150112,LIMA,LIMA,INDEPENDENCIA,15/06/2023
ENERO - DICIEMBRE,2022,06/01/2023,LIMA NORTE,PROVINCIAL,PENAL,PENAL,DENUNCIA,,5,5,150112,LIMA,LIMA,INDEPENDENCIA,15/06/2023
ENERO - DICIEMBRE,2022,06/01/2023,LIMA NORTE,PROVINCIAL,PENAL,PENAL,DENUNCIA,DELITOS DE TRAFICO ILICITO DE DROGAS,276,270,150112,LIMA,LIMA,INDEPENDENCIA,15/06/2023
ENERO - DICIEMBRE,2022,06/01/2023,LIMA NORTE,PROVINCIAL,PENAL,PENAL,DENUNCIA,DELITOS DE TRATA DE PERSONAS,183,181,150112,LIMA,LIMA,INDEPENDENCIA,15/06/2023
ENERO - DICIEMBRE,2022,06/01/2023,LIMA NORTE,PROVINCIAL,PENAL,PENAL,DENUNCIA,TRANSITO Y SEGURIDAD VIAL,5116,4800,150112,LIMA,LIMA,INDEPENDENCIA,15/06/2023
ENERO - DICIEMBRE,2022,06/01/2023,LIMA NORTE,PROVINCIAL,PENAL,PENAL,DENUNCIA,VIOLENCIA CONTRA LA MUJER Y LOS INTEGRANTES DEL GRUPO FAMILIAR,31092,29993,150112,LIMA,LIMA,INDEPENDENCIA,15/06/2023
ENERO - DICIEMBRE,2022,06/01/2023,LIMA NORTE,PROVINCIAL,PENAL,PENAL,DENUNCIA,,36450,33187,150112,LIMA,LIMA,INDEPENDENCIA,15/06/2023
ENERO - DICIEMBRE,2022,06/01/2023,LIMA NORTE,PROVINCIAL,PENAL,PENAL,EXPEDIENTE,DELITOS ADUANEROS Y CONTRA LA PROPIEDAD INTELECTUAL,4,4,150112,LIMA,LIMA,INDEPENDENCIA,15/06/2023
ENERO - DICIEMBRE,2022,06/01/2023,LIMA NORTE,PROVINCIAL,PENAL,PENAL,EXPEDIENTE,LAVADO DE ACTIVOS Y PERDIDA DE DOMINIO,1,0,150112,LIMA,LIMA,INDEPENDENCIA,15/06/2023
ENERO - DICIEMBRE,2022,06/01/2023,LIMA NORTE,PROVINCIAL,PENAL,PENAL,EXPEDIENTE,MATERIA AMBIENTAL,1,1,150112,LIMA,LIMA,INDEPENDENCIA,15/06/2023
ENERO - DICIEMBRE,2022,06/01/2023,LIMA NORTE,PROVINCIAL,PENAL,PENAL,EXPEDIENTE,TRANSITO Y SEGURIDAD VIAL,1,0,150112,LIMA,LIMA,INDEPENDENCIA,15/06/2023
ENERO - DICIEMBRE,2022,06/01/2023,LIMA NORTE,PROVINCIAL,PENAL,PENAL,EXPEDIENTE,,32,22,150112,LIMA,LIMA,INDEPENDENCIA,15/06/2023
ENERO - DICIEMBRE,2022,06/01/2023,LIMA NORTE,PROVINCIAL,PENAL,PENAL,INVESTIGACION PREVENTIVA,MATERIA AMBIENTAL,91,91,150112,LIMA,LIMA,INDEPENDENCIA,15/06/2023
ENERO - DICIEMBRE,2022,06/01/2023,LIMA NORTE,PROVINCIAL,PENAL,PENAL,INVESTIGACION PREVENTIVA,,363,361,150112,LIMA,LIMA,INDEPENDENCIA,15/06/2023
ENERO - DICIEMBRE,2022,06/01/2023,LIMA NORTE,SUPERIOR,CIVIL,CIVIL,EXPEDIENTE,,72,57,150112,LIMA,LIMA,INDEPENDENCIA,15/06/2023
ENERO - DICIEMBRE,2022,06/01/2023,LIMA NORTE,SUPERIOR,FAMILIA,FAMILIA CIVIL,EXPEDIENTE,,254,219,150112,LIMA,LIMA,INDEPENDENCIA,15/06/2023
ENERO - DICIEMBRE,2022,06/01/2023,LIMA NORTE,SUPERIOR,FAMILIA,FAMILIA PENAL,EXPEDIENTE,,18,14,150112,LIMA,LIMA,INDEPENDENCIA,15/06/2023
ENERO - DICIEMBRE,2022,06/01/2023,LIMA NORTE,SUPERIOR,FAMILIA,FAMILIA TUTELAR,EXPEDIENTE,,5,4,150112,LIMA,LIMA,INDEPENDENCIA,15/06/2023
ENERO - DICIEMBRE,2022,06/01/2023,LIMA NORTE,SUPERIOR,FAMILIA,VIOLENCIA FAMILIAR,EXPEDIENTE,,1569,1452,150112,LIMA,LIMA,INDEPENDENCIA,15/06/2023
ENERO - DICIEMBRE,2022,06/01/2023,LIMA NORTE,SUPERIOR,PENAL,PENAL,APELACION DENUNCIA,DELITOS DE CORRUPCION DE FUNCIONARIOS,55,51,150112,LIMA,LIMA,INDEPENDENCIA,15/06/2023
ENERO - DICIEMBRE,2022,06/01/2023,LIMA NORTE,SUPERIOR,PENAL,PENAL,APELACION DENUNCIA,VIOLENCIA CONTRA LA MUJER Y LOS INTEGRANTES DEL GRUPO FAMILIAR,196,196,150112,LIMA,LIMA,INDEPENDENCIA,15/06/2023
ENERO - DICIEMBRE,2022,06/01/2023,LIMA NORTE,SUPERIOR,PENAL,PENAL,APELACION DENUNCIA,,977,975,150112,LIMA,LIMA,INDEPENDENCIA,15/06/2023
ENERO - DICIEMBRE,2022,06/01/2023,LIMA NORTE,SUPERIOR,PENAL,PENAL,APELACION EXPEDIENTE,,122,122,150112,LIMA,LIMA,INDEPENDENCIA,15/06/2023
ENERO - DICIEMBRE,2022,06/01/2023,LIMA NORTE,SUPERIOR,PENAL,PENAL,CONSULTAS,DELITOS DE CORRUPCION DE FUNCIONARIOS,4,4,150112,LIMA,LIMA,INDEPENDENCIA,15/06/2023
ENERO - DICIEMBRE,2022,06/01/2023,LIMA NORTE,SUPERIOR,PENAL,PENAL,CONSULTAS,VIOLENCIA CONTRA LA MUJER Y LOS INTEGRANTES DEL GRUPO FAMILIAR,72,72,150112,LIMA,LIMA,INDEPENDENCIA,15/06/2023
ENERO - DICIEMBRE,2022,06/01/2023,LIMA NORTE,SUPERIOR,PENAL,PENAL,CONSULTAS,,211,209,150112,LIMA,LIMA,INDEPENDENCIA,15/06/2023
ENERO - DICIEMBRE,2022,06/01/2023,LIMA NORTE,SUPERIOR,PENAL,PENAL,DENUNCIA,DELITOS DE CORRUPCION DE FUNCIONARIOS,16,16,150112,LIMA,LIMA,INDEPENDENCIA,15/06/2023
ENERO - DICIEMBRE,2022,06/01/2023,LIMA NORTE,SUPERIOR,PENAL,PENAL,DENUNCIA,,89,89,150112,LIMA,LIMA,INDEPENDENCIA,15/06/2023
ENERO - DICIEMBRE,2022,06/01/2023,LIMA NORTE,SUPERIOR,PENAL,PENAL,EXCLUSION FISCAL,DELITOS DE CORRUPCION DE FUNCIONARIOS,1,1,150112,LIMA,LIMA,INDEPENDENCIA,15/06/2023
ENERO - DICIEMBRE,2022,06/01/2023,LIMA NORTE,SUPERIOR,PENAL,PENAL,EXCLUSION FISCAL,VIOLENCIA CONTRA LA MUJER Y LOS INTEGRANTES DEL GRUPO FAMILIAR,8,8,150112,LIMA,LIMA,INDEPENDENCIA,15/06/2023
ENERO - DICIEMBRE,2022,06/01/2023,LIMA NORTE,SUPERIOR,PENAL,PENAL,EXCLUSION FISCAL,,32,32,150112,LIMA,LIMA,INDEPENDENCIA,15/06/2023
ENERO - DICIEMBRE,2022,06/01/2023,LIMA NORTE,SUPERIOR,PENAL,PENAL,EXPEDIENTE,,192,171,150112,LIMA,LIMA,INDEPENDENCIA,15/06/2023
ENERO - DICIEMBRE,2022,06/01/2023,LIMA NORTE,SUPERIOR,PENAL,PENAL,INCIDENTE-EXPEDIENTE,,57,55,150112,LIMA,LIMA,INDEPENDENCIA,15/06/2023
ENERO - DICIEMBRE,2022,06/01/2023,LIMA NORTE,SUPERIOR,PENAL,PENAL,QUEJAS,DELITOS DE CORRUPCION DE FUNCIONARIOS,61,57,150112,LIMA,LIMA,INDEPENDENCIA,15/06/2023
ENERO - DICIEMBRE,2022,06/01/2023,LIMA NORTE,SUPERIOR,PENAL,PENAL,QUEJAS,VIOLENCIA CONTRA LA MUJER Y LOS INTEGRANTES DEL GRUPO FAMILIAR,492,492,150112,LIMA,LIMA,INDEPENDENCIA,15/06/2023
ENERO - DICIEMBRE,2022,06/01/2023,LIMA NORTE,SUPERIOR,PENAL,PENAL,QUEJAS,,1662,1628,150112,LIMA,LIMA,INDEPENDENCIA,15/06/2023
ENERO - DICIEMBRE,2022,06/01/2023,LIMA SUR,PROVINCIAL,CIVIL,CIVIL,EXPEDIENTE,,16,16,150142,LIMA,LIMA,VILLA EL SALVADOR,15/06/2023
ENERO - DICIEMBRE,2022,06/01/2023,LIMA SUR,PROVINCIAL,FAMILIA,ACTOS CONTRA LA LIBERTAD SEXUAL,DENUNCIA,,5,5,150142,LIMA,LIMA,VILLA EL SALVADOR,15/06/2023
ENERO - DICIEMBRE,2022,06/01/2023,LIMA SUR,PROVINCIAL,FAMILIA,FAMILIA CIVIL,EXPEDIENTE,,1480,1454,150142,LIMA,LIMA,VILLA EL SALVADOR,15/06/2023
ENERO - DICIEMBRE,2022,06/01/2023,LIMA SUR,PROVINCIAL,FAMILIA,FAMILIA PENAL,DENUNCIA,,1294,1241,150142,LIMA,LIMA,VILLA EL SALVADOR,15/06/2023
ENERO - DICIEMBRE,2022,06/01/2023,LIMA SUR,PROVINCIAL,FAMILIA,FAMILIA PENAL,EXPEDIENTE,,306,302,150142,LIMA,LIMA,VILLA EL SALVADOR,15/06/2023
ENERO - DICIEMBRE,2022,06/01/2023,LIMA SUR,PROVINCIAL,FAMILIA,FAMILIA TUTELAR,DENUNCIA,,798,758,150142,LIMA,LIMA,VILLA EL SALVADOR,15/06/2023
ENERO - DICIEMBRE,2022,06/01/2023,LIMA SUR,PROVINCIAL,FAMILIA,FAMILIA TUTELAR,EXPEDIENTE,,103,101,150142,LIMA,LIMA,VILLA EL SALVADOR,15/06/2023
ENERO - DICIEMBRE,2022,06/01/2023,LIMA SUR,PROVINCIAL,FAMILIA,VIOLENCIA FAMILIAR,DENUNCIA,,140,140,150142,LIMA,LIMA,VILLA EL SALVADOR,15/06/2023
ENERO - DICIEMBRE,2022,06/01/2023,LIMA SUR,PROVINCIAL,FAMILIA,VIOLENCIA FAMILIAR,EXPEDIENTE,,11,11,150142,LIMA,LIMA,VILLA EL SALVADOR,15/06/2023
ENERO - DICIEMBRE,2022,06/01/2023,LIMA SUR,PROVINCIAL,PENAL,PENAL,DENUNCIA,DELITOS DE CORRUPCION DE FUNCIONARIOS,324,318,150142,LIMA,LIMA,VILLA EL SALVADOR,15/06/2023
ENERO - DICIEMBRE,2022,06/01/2023,LIMA SUR,PROVINCIAL,PENAL,PENAL,DENUNCIA,VIOLENCIA CONTRA LA MUJER Y LOS INTEGRANTES DEL GRUPO FAMILIAR,31866,29653,150142,LIMA,LIMA,VILLA EL SALVADOR,15/06/2023
ENERO - DICIEMBRE,2022,06/01/2023,LIMA SUR,PROVINCIAL,PENAL,PENAL,DENUNCIA,,36479,34948,150142,LIMA,LIMA,VILLA EL SALVADOR,15/06/2023
ENERO - DICIEMBRE,2022,06/01/2023,LIMA SUR,PROVINCIAL,PENAL,PENAL,EXPEDIENTE,DELITOS DE CORRUPCION DE FUNCIONARIOS,1,0,150142,LIMA,LIMA,VILLA EL SALVADOR,15/06/2023
ENERO - DICIEMBRE,2022,06/01/2023,LIMA SUR,PROVINCIAL,PENAL,PENAL,EXPEDIENTE,VIOLENCIA CONTRA LA MUJER Y LOS INTEGRANTES DEL GRUPO FAMILIAR,415,383,150142,LIMA,LIMA,VILLA EL SALVADOR,15/06/2023
ENERO - DICIEMBRE,2022,06/01/2023,LIMA SUR,PROVINCIAL,PENAL,PENAL,EXPEDIENTE,,3632,3403,150142,LIMA,LIMA,VILLA EL SALVADOR,15/06/2023
ENERO - DICIEMBRE,2022,06/01/2023,LIMA SUR,SUPERIOR,CIVIL,CIVIL,EXPEDIENTE,,15,15,150142,LIMA,LIMA,VILLA EL SALVADOR,15/06/2023
ENERO - DICIEMBRE,2022,06/01/2023,LIMA SUR,SUPERIOR,FAMILIA,FAMILIA CIVIL,EXPEDIENTE,,414,406,150142,LIMA,LIMA,VILLA EL SALVADOR,15/06/2023
ENERO - DICIEMBRE,2022,06/01/2023,LIMA SUR,SUPERIOR,FAMILIA,FAMILIA PENAL,EXPEDIENTE,,34,34,150142,LIMA,LIMA,VILLA EL SALVADOR,15/06/2023
ENERO - DICIEMBRE,2022,06/01/2023,LIMA SUR,SUPERIOR,FAMILIA,VIOLENCIA FAMILIAR,EXPEDIENTE,,680,659,150142,LIMA,LIMA,VILLA EL SALVADOR,15/06/2023
ENERO - DICIEMBRE,2022,06/01/2023,LIMA SUR,SUPERIOR,PENAL,PENAL,APELACION DENUNCIA,DELITOS DE CORRUPCION DE FUNCIONARIOS,11,11,150142,LIMA,LIMA,VILLA EL SALVADOR,15/06/2023
ENERO - DICIEMBRE,2022,06/01/2023,LIMA SUR,SUPERIOR,PENAL,PENAL,APELACION DENUNCIA,,70,70,150142,LIMA,LIMA,VILLA EL SALVADOR,15/06/2023
ENERO - DICIEMBRE,2022,06/01/2023,LIMA SUR,SUPERIOR,PENAL,PENAL,CONSULTAS,DELITOS DE CORRUPCION DE FUNCIONARIOS,4,4,150142,LIMA,LIMA,VILLA EL SALVADOR,15/06/2023
ENERO - DICIEMBRE,2022,06/01/2023,LIMA SUR,SUPERIOR,PENAL,PENAL,CONSULTAS,,131,130,150142,LIMA,LIMA,VILLA EL SALVADOR,15/06/2023
ENERO - DICIEMBRE,2022,06/01/2023,LIMA SUR,SUPERIOR,PENAL,PENAL,DENUNCIA,DELITOS DE CORRUPCION DE FUNCIONARIOS,22,22,150142,LIMA,LIMA,VILLA EL SALVADOR,15/06/2023
ENERO - DICIEMBRE,2022,06/01/2023,LIMA SUR,SUPERIOR,PENAL,PENAL,DENUNCIA,,74,74,150142,LIMA,LIMA,VILLA EL SALVADOR,15/06/2023
ENERO - DICIEMBRE,2022,06/01/2023,LIMA SUR,SUPERIOR,PENAL,PENAL,EXCLUSION FISCAL,DELITOS DE CORRUPCION DE FUNCIONARIOS,1,1,150142,LIMA,LIMA,VILLA EL SALVADOR,15/06/2023
ENERO - DICIEMBRE,2022,06/01/2023,LIMA SUR,SUPERIOR,PENAL,PENAL,EXCLUSION FISCAL,,5,5,150142,LIMA,LIMA,VILLA EL SALVADOR,15/06/2023
ENERO - DICIEMBRE,2022,06/01/2023,LIMA SUR,SUPERIOR,PENAL,PENAL,EXPEDIENTE,,952,902,150142,LIMA,LIMA,VILLA EL SALVADOR,15/06/2023
ENERO - DICIEMBRE,2022,06/01/2023,LIMA SUR,SUPERIOR,PENAL,PENAL,INCIDENTE-EXPEDIENTE,,8,8,150142,LIMA,LIMA,VILLA EL SALVADOR,15/06/2023
ENERO - DICIEMBRE,2022,06/01/2023,LIMA SUR,SUPERIOR,PENAL,PENAL,QUEJAS,DELITOS DE CORRUPCION DE FUNCIONARIOS,49,49,150142,LIMA,LIMA,VILLA EL SALVADOR,15/06/2023
ENERO - DICIEMBRE,2022,06/01/2023,LIMA SUR,SUPERIOR,PENAL,PENAL,QUEJAS,,2163,2121,150142,LIMA,LIMA,VILLA EL SALVADOR,15/06/2023
ENERO - DICIEMBRE,2022,06/01/2023,LORETO,PROVINCIAL,CIVIL,CIVIL,EXPEDIENTE,,15,12,160101,LORETO,MAYNAS,IQUITOS,15/06/2023
ENERO - DICIEMBRE,2022,06/01/2023,LORETO,PROVINCIAL,FAMILIA,ACTOS CONTRA LA LIBERTAD SEXUAL,DENUNCIA,,4,4,160101,LORETO,MAYNAS,IQUITOS,15/06/2023
ENERO - DICIEMBRE,2022,06/01/2023,LORETO,PROVINCIAL,FAMILIA,FAMILIA CIVIL,EXPEDIENTE,,425,420,160101,LORETO,MAYNAS,IQUITOS,15/06/2023
ENERO - DICIEMBRE,2022,06/01/2023,LORETO,PROVINCIAL,FAMILIA,FAMILIA PENAL,DENUNCIA,,499,488,160101,LORETO,MAYNAS,IQUITOS,15/06/2023
ENERO - DICIEMBRE,2022,06/01/2023,LORETO,PROVINCIAL,FAMILIA,FAMILIA PENAL,EXPEDIENTE,,187,176,160101,LORETO,MAYNAS,IQUITOS,15/06/2023
ENERO - DICIEMBRE,2022,06/01/2023,LORETO,PROVINCIAL,FAMILIA,FAMILIA TUTELAR,DENUNCIA,,265,255,160101,LORETO,MAYNAS,IQUITOS,15/06/2023
ENERO - DICIEMBRE,2022,06/01/2023,LORETO,PROVINCIAL,FAMILIA,FAMILIA TUTELAR,EXPEDIENTE,,55,53,160101,LORETO,MAYNAS,IQUITOS,15/06/2023
ENERO - DICIEMBRE,2022,06/01/2023,LORETO,PROVINCIAL,FAMILIA,VIOLENCIA FAMILIAR,DENUNCIA,,108,101,160101,LORETO,MAYNAS,IQUITOS,15/06/2023
ENERO - DICIEMBRE,2022,06/01/2023,LORETO,PROVINCIAL,FAMILIA,VIOLENCIA FAMILIAR,EXPEDIENTE,,1,1,160101,LORETO,MAYNAS,IQUITOS,15/06/2023
ENERO - DICIEMBRE,2022,06/01/2023,LORETO,PROVINCIAL,PENAL,PENAL,DENUNCIA,DELITOS DE CORRUPCION DE FUNCIONARIOS,549,500,160101,LORETO,MAYNAS,IQUITOS,15/06/2023
ENERO - DICIEMBRE,2022,06/01/2023,LORETO,PROVINCIAL,PENAL,PENAL,DENUNCIA,MATERIA AMBIENTAL,479,466,160101,LORETO,MAYNAS,IQUITOS,15/06/2023
ENERO - DICIEMBRE,2022,06/01/2023,LORETO,PROVINCIAL,PENAL,PENAL,DENUNCIA,,5,5,160101,LORETO,MAYNAS,IQUITOS,15/06/2023
ENERO - DICIEMBRE,2022,06/01/2023,LORETO,PROVINCIAL,PENAL,PENAL,DENUNCIA,DELITOS DE TRAFICO ILICITO DE DROGAS,85,85,160101,LORETO,MAYNAS,IQUITOS,15/06/2023
ENERO - DICIEMBRE,2022,06/01/2023,LORETO,PROVINCIAL,PENAL,PENAL,DENUNCIA,DELITOS DE TRATA DE PERSONAS,104,104,160101,LORETO,MAYNAS,IQUITOS,15/06/2023
ENERO - DICIEMBRE,2022,06/01/2023,LORETO,PROVINCIAL,PENAL,PENAL,DENUNCIA,VIOLENCIA CONTRA LA MUJER Y LOS INTEGRANTES DEL GRUPO FAMILIAR,4027,3410,160101,LORETO,MAYNAS,IQUITOS,15/06/2023
ENERO - DICIEMBRE,2022,06/01/2023,LORETO,PROVINCIAL,PENAL,PENAL,DENUNCIA,,14924,13637,160101,LORETO,MAYNAS,IQUITOS,15/06/2023
ENERO - DICIEMBRE,2022,06/01/2023,LORETO,PROVINCIAL,PENAL,PENAL,EXPEDIENTE,DELITOS DE TRAFICO ILICITO DE DROGAS,4,3,160101,LORETO,MAYNAS,IQUITOS,15/06/2023
ENERO - DICIEMBRE,2022,06/01/2023,LORETO,PROVINCIAL,PENAL,PENAL,EXPEDIENTE,,7,4,160101,LORETO,MAYNAS,IQUITOS,15/06/2023
ENERO - DICIEMBRE,2022,06/01/2023,LORETO,PROVINCIAL,PENAL,PENAL,INVESTIGACION PREVENTIVA,MATERIA AMBIENTAL,22,21,160101,LORETO,MAYNAS,IQUITOS,15/06/2023
ENERO - DICIEMBRE,2022,06/01/2023,LORETO,PROVINCIAL,PENAL,PENAL,INVESTIGACION PREVENTIVA,,326,313,160101,LORETO,MAYNAS,IQUITOS,15/06/2023
ENERO - DICIEMBRE,2022,06/01/2023,LORETO,PROVINCIAL,PENAL,PENAL,INVESTIGACION PREVENTIVA,,22,19,160101,LORETO,MAYNAS,IQUITOS,15/06/2023
ENERO - DICIEMBRE,2022,06/01/2023,LORETO,SUPERIOR,CIVIL,CIVIL,EXPEDIENTE,,4,4,160101,LORETO,MAYNAS,IQUITOS,15/06/2023
ENERO - DICIEMBRE,2022,06/01/2023,LORETO,SUPERIOR,FAMILIA,FAMILIA CIVIL,EXPEDIENTE,,52,52,160101,LORETO,MAYNAS,IQUITOS,15/06/2023
ENERO - DICIEMBRE,2022,06/01/2023,LORETO,SUPERIOR,FAMILIA,FAMILIA PENAL,EXPEDIENTE,,26,26,160101,LORETO,MAYNAS,IQUITOS,15/06/2023
ENERO - DICIEMBRE,2022,06/01/2023,LORETO,SUPERIOR,FAMILIA,FAMILIA TUTELAR,EXPEDIENTE,,4,4,160101,LORETO,MAYNAS,IQUITOS,15/06/2023
ENERO - DICIEMBRE,2022,06/01/2023,LORETO,SUPERIOR,FAMILIA,VIOLENCIA FAMILIAR,EXPEDIENTE,,107,107,160101,LORETO,MAYNAS,IQUITOS,15/06/2023
ENERO - DICIEMBRE,2022,06/01/2023,LORETO,SUPERIOR,FAMILIA,VIOLENCIA FAMILIAR,INCIDENTE,,1,1,160101,LORETO,MAYNAS,IQUITOS,15/06/2023
ENERO - DICIEMBRE,2022,06/01/2023,LORETO,SUPERIOR,PENAL,PENAL,APELACION DENUNCIA,DELITOS DE CORRUPCION DE FUNCIONARIOS,25,25,160101,LORETO,MAYNAS,IQUITOS,15/06/2023
ENERO - DICIEMBRE,2022,06/01/2023,LORETO,SUPERIOR,PENAL,PENAL,APELACION DENUNCIA,,502,497,160101,LORETO,MAYNAS,IQUITOS,15/06/2023
ENERO - DICIEMBRE,2022,06/01/2023,LORETO,SUPERIOR,PENAL,PENAL,APELACION EXPEDIENTE,,15,15,160101,LORETO,MAYNAS,IQUITOS,15/06/2023
ENERO - DICIEMBRE,2022,06/01/2023,LORETO,SUPERIOR,PENAL,PENAL,CONSULTAS,DELITOS DE CORRUPCION DE FUNCIONARIOS,50,50,160101,LORETO,MAYNAS,IQUITOS,15/06/2023
ENERO - DICIEMBRE,2022,06/01/2023,LORETO,SUPERIOR,PENAL,PENAL,CONSULTAS,,171,171,160101,LORETO,MAYNAS,IQUITOS,15/06/2023
ENERO - DICIEMBRE,2022,06/01/2023,LORETO,SUPERIOR,PENAL,PENAL,DENUNCIA,DELITOS DE CORRUPCION DE FUNCIONARIOS,37,37,160101,LORETO,MAYNAS,IQUITOS,15/06/2023
ENERO - DICIEMBRE,2022,06/01/2023,LORETO,SUPERIOR,PENAL,PENAL,DENUNCIA,,83,82,160101,LORETO,MAYNAS,IQUITOS,15/06/2023
ENERO - DICIEMBRE,2022,06/01/2023,LORETO,SUPERIOR,PENAL,PENAL,EXCLUSION FISCAL,DELITOS DE CORRUPCION DE FUNCIONARIOS,4,4,160101,LORETO,MAYNAS,IQUITOS,15/06/2023
ENERO - DICIEMBRE,2022,06/01/2023,LORETO,SUPERIOR,PENAL,PENAL,EXCLUSION FISCAL,,34,34,160101,LORETO,MAYNAS,IQUITOS,15/06/2023
ENERO - DICIEMBRE,2022,06/01/2023,LORETO,SUPERIOR,PENAL,PENAL,EXPEDIENTE,,242,233,160101,LORETO,MAYNAS,IQUITOS,15/06/2023
ENERO - DICIEMBRE,2022,06/01/2023,LORETO,SUPERIOR,PENAL,PENAL,INCIDENTE-EXPEDIENTE,,33,26,160101,LORETO,MAYNAS,IQUITOS,15/06/2023
ENERO - DICIEMBRE,2022,06/01/2023,LORETO,SUPERIOR,PENAL,PENAL,QUEJAS,DELITOS DE CORRUPCION DE FUNCIONARIOS,17,17,160101,LORETO,MAYNAS,IQUITOS,15/06/2023
ENERO - DICIEMBRE,2022,06/01/2023,LORETO,SUPERIOR,PENAL,PENAL,QUEJAS,,569,569,160101,LORETO,MAYNAS,IQUITOS,15/06/2023
ENERO - DICIEMBRE,2022,06/01/2023,MADRE DE DIOS,PROVINCIAL,CIVIL,CIVIL,EXPEDIENTE,,5,4,170101,MADRE DE DIOS,TAMBOPATA,TAMBOPATA,15/06/2023
ENERO - DICIEMBRE,2022,06/01/2023,MADRE DE DIOS,PROVINCIAL,FAMILIA,FAMILIA CIVIL,EXPEDIENTE,,200,162,170101,MADRE DE DIOS,TAMBOPATA,TAMBOPATA,15/06/2023
ENERO - DICIEMBRE,2022,06/01/2023,MADRE DE DIOS,PROVINCIAL,FAMILIA,FAMILIA PENAL,DENUNCIA,,225,188,170101,MADRE DE DIOS,TAMBOPATA,TAMBOPATA,15/06/2023
ENERO - DICIEMBRE,2022,06/01/2023,MADRE DE DIOS,PROVINCIAL,FAMILIA,FAMILIA PENAL,EXPEDIENTE,,127,118,170101,MADRE DE DIOS,TAMBOPATA,TAMBOPATA,15/06/2023
ENERO - DICIEMBRE,2022,06/01/2023,MADRE DE DIOS,PROVINCIAL,FAMILIA,FAMILIA TUTELAR,DENUNCIA,,57,46,170101,MADRE DE DIOS,TAMBOPATA,TAMBOPATA,15/06/2023
ENERO - DICIEMBRE,2022,06/01/2023,MADRE DE DIOS,PROVINCIAL,FAMILIA,FAMILIA TUTELAR,EXPEDIENTE,,82,71,170101,MADRE DE DIOS,TAMBOPATA,TAMBOPATA,15/06/2023
ENERO - DICIEMBRE,2022,06/01/2023,MADRE DE DIOS,PROVINCIAL,FAMILIA,VIOLENCIA FAMILIAR,DENUNCIA,,9,8,170101,MADRE DE DIOS,TAMBOPATA,TAMBOPATA,15/06/2023
ENERO - DICIEMBRE,2022,06/01/2023,MADRE DE DIOS,PROVINCIAL,FAMILIA,VIOLENCIA FAMILIAR,EXPEDIENTE,,2,2,170101,MADRE DE DIOS,TAMBOPATA,TAMBOPATA,15/06/2023
ENERO - DICIEMBRE,2022,06/01/2023,MADRE DE DIOS,PROVINCIAL,PENAL,PENAL,DENUNCIA,DELITOS DE CORRUPCION DE FUNCIONARIOS,129,123,170101,MADRE DE DIOS,TAMBOPATA,TAMBOPATA,15/06/2023
ENERO - DICIEMBRE,2022,06/01/2023,MADRE DE DIOS,PROVINCIAL,PENAL,PENAL,DENUNCIA,CONTRA LA CRIMINALIDAD ORGANIZADA,6,6,170101,MADRE DE DIOS,TAMBOPATA,TAMBOPATA,15/06/2023
ENERO - DICIEMBRE,2022,06/01/2023,MADRE DE DIOS,PROVINCIAL,PENAL,PENAL,DENUNCIA,MATERIA AMBIENTAL,1108,1071,170101,MADRE DE DIOS,TAMBOPATA,TAMBOPATA,15/06/2023
ENERO - DICIEMBRE,2022,06/01/2023,MADRE DE DIOS,PROVINCIAL,PENAL,PENAL,DENUNCIA,,2,2,170101,MADRE DE DIOS,TAMBOPATA,TAMBOPATA,15/06/2023
ENERO - DICIEMBRE,2022,06/01/2023,MADRE DE DIOS,PROVINCIAL,PENAL,PENAL,DENUNCIA,DELITOS DE TRAFICO ILICITO DE DROGAS,103,103,170101,MADRE DE DIOS,TAMBOPATA,TAMBOPATA,15/06/2023
ENERO - DICIEMBRE,2022,06/01/2023,MADRE DE DIOS,PROVINCIAL,PENAL,PENAL,DENUNCIA,DELITOS DE TRATA DE PERSONAS,198,194,170101,MADRE DE DIOS,TAMBOPATA,TAMBOPATA,15/06/2023
ENERO - DICIEMBRE,2022,06/01/2023,MADRE DE DIOS,PROVINCIAL,PENAL,PENAL,DENUNCIA,,13018,12611,170101,MADRE DE DIOS,TAMBOPATA,TAMBOPATA,15/06/2023
ENERO - DICIEMBRE,2022,06/01/2023,MADRE DE DIOS,PROVINCIAL,PENAL,PENAL,EXPEDIENTE,,26,6,170101,MADRE DE DIOS,TAMBOPATA,TAMBOPATA,15/06/2023
ENERO - DICIEMBRE,2022,06/01/2023,MADRE DE DIOS,PROVINCIAL,PENAL,PENAL,INVESTIGACION PREVENTIVA,MATERIA AMBIENTAL,2,2,170101,MADRE DE DIOS,TAMBOPATA,TAMBOPATA,15/06/2023
ENERO - DICIEMBRE,2022,06/01/2023,MADRE DE DIOS,PROVINCIAL,PENAL,PENAL,INVESTIGACION PREVENTIVA,,275,273,170101,MADRE DE DIOS,TAMBOPATA,TAMBOPATA,15/06/2023
ENERO - DICIEMBRE,2022,06/01/2023,MADRE DE DIOS,PROVINCIAL,PENAL,PENAL,INVESTIGACION PREVENTIVA,,24,23,170101,MADRE DE DIOS,TAMBOPATA,TAMBOPATA,15/06/2023
ENERO - DICIEMBRE,2022,06/01/2023,MADRE DE DIOS,SUPERIOR,FAMILIA,FAMILIA CIVIL,EXPEDIENTE,,31,29,170101,MADRE DE DIOS,TAMBOPATA,TAMBOPATA,15/06/2023
ENERO - DICIEMBRE,2022,06/01/2023,MADRE DE DIOS,SUPERIOR,FAMILIA,FAMILIA CIVIL,INCIDENTE,,11,11,170101,MADRE DE DIOS,TAMBOPATA,TAMBOPATA,15/06/2023
ENERO - DICIEMBRE,2022,06/01/2023,MADRE DE DIOS,SUPERIOR,FAMILIA,FAMILIA PENAL,EXPEDIENTE,,16,15,170101,MADRE DE DIOS,TAMBOPATA,TAMBOPATA,15/06/2023
ENERO - DICIEMBRE,2022,06/01/2023,MADRE DE DIOS,SUPERIOR,FAMILIA,FAMILIA PENAL,INCIDENTE,,6,5,170101,MADRE DE DIOS,TAMBOPATA,TAMBOPATA,15/06/2023
ENERO - DICIEMBRE,2022,06/01/2023,MADRE DE DIOS,SUPERIOR,FAMILIA,FAMILIA TUTELAR,EXPEDIENTE,,9,8,170101,MADRE DE DIOS,TAMBOPATA,TAMBOPATA,15/06/2023
ENERO - DICIEMBRE,2022,06/01/2023,MADRE DE DIOS,SUPERIOR,FAMILIA,VIOLENCIA FAMILIAR,EXPEDIENTE,,50,49,170101,MADRE DE DIOS,TAMBOPATA,TAMBOPATA,15/06/2023
ENERO - DICIEMBRE,2022,06/01/2023,MADRE DE DIOS,SUPERIOR,FAMILIA,VIOLENCIA FAMILIAR,INCIDENTE,,32,25,170101,MADRE DE DIOS,TAMBOPATA,TAMBOPATA,15/06/2023
ENERO - DICIEMBRE,2022,06/01/2023,MADRE DE DIOS,SUPERIOR,PENAL,PENAL,APELACION DENUNCIA,,618,618,170101,MADRE DE DIOS,TAMBOPATA,TAMBOPATA,15/06/2023
ENERO - DICIEMBRE,2022,06/01/2023,MADRE DE DIOS,SUPERIOR,PENAL,PENAL,CONSULTAS,,31,29,170101,MADRE DE DIOS,TAMBOPATA,TAMBOPATA,15/06/2023
ENERO - DICIEMBRE,2022,06/01/2023,MADRE DE DIOS,SUPERIOR,PENAL,PENAL,DENUNCIA,,66,64,170101,MADRE DE DIOS,TAMBOPATA,TAMBOPATA,15/06/2023
ENERO - DICIEMBRE,2022,06/01/2023,MADRE DE DIOS,SUPERIOR,PENAL,PENAL,EXCLUSION FISCAL,,8,8,170101,MADRE DE DIOS,TAMBOPATA,TAMBOPATA,15/06/2023
ENERO - DICIEMBRE,2022,06/01/2023,MADRE DE DIOS,SUPERIOR,PENAL,PENAL,EXPEDIENTE,,28,27,170101,MADRE DE DIOS,TAMBOPATA,TAMBOPATA,15/06/2023
ENERO - DICIEMBRE,2022,06/01/2023,MADRE DE DIOS,SUPERIOR,PENAL,PENAL,INCIDENTE-EXPEDIENTE,,51,45,170101,MADRE DE DIOS,TAMBOPATA,TAMBOPATA,15/06/2023
ENERO - DICIEMBRE,2022,06/01/2023,MADRE DE DIOS,SUPERIOR,PENAL,PENAL,QUEJAS,,227,220,170101,MADRE DE DIOS,TAMBOPATA,TAMBOPATA,15/06/2023
ENERO - DICIEMBRE,2022,06/01/2023,MOQUEGUA,PROVINCIAL,CIVIL,CIVIL,EXPEDIENTE,,15,8,180101,MOQUEGUA,MARISCAL NIETO,MOQUEGUA,15/06/2023
ENERO - DICIEMBRE,2022,06/01/2023,MOQUEGUA,PROVINCIAL,FAMILIA,ACTOS CONTRA LA LIBERTAD SEXUAL,DENUNCIA,,10,8,180101,MOQUEGUA,MARISCAL NIETO,MOQUEGUA,15/06/2023
ENERO - DICIEMBRE,2022,06/01/2023,MOQUEGUA,PROVINCIAL,FAMILIA,FAMILIA CIVIL,EXPEDIENTE,,442,426,180101,MOQUEGUA,MARISCAL NIETO,MOQUEGUA,15/06/2023
ENERO - DICIEMBRE,2022,06/01/2023,MOQUEGUA,PROVINCIAL,FAMILIA,FAMILIA PENAL,DENUNCIA,,131,121,180101,MOQUEGUA,MARISCAL NIETO,MOQUEGUA,15/06/2023
ENERO - DICIEMBRE,2022,06/01/2023,MOQUEGUA,PROVINCIAL,FAMILIA,FAMILIA PENAL,EXPEDIENTE,,11,11,180101,MOQUEGUA,MARISCAL NIETO,MOQUEGUA,15/06/2023
ENERO - DICIEMBRE,2022,06/01/2023,MOQUEGUA,PROVINCIAL,FAMILIA,FAMILIA TUTELAR,DENUNCIA,,203,167,180101,MOQUEGUA,MARISCAL NIETO,MOQUEGUA,15/06/2023
ENERO - DICIEMBRE,2022,06/01/2023,MOQUEGUA,PROVINCIAL,FAMILIA,FAMILIA TUTELAR,EXPEDIENTE,,33,32,180101,MOQUEGUA,MARISCAL NIETO,MOQUEGUA,15/06/2023
ENERO - DICIEMBRE,2022,06/01/2023,MOQUEGUA,PROVINCIAL,FAMILIA,VIOLENCIA FAMILIAR,DENUNCIA,,1,1,180101,MOQUEGUA,MARISCAL NIETO,MOQUEGUA,15/06/2023
ENERO - DICIEMBRE,2022,06/01/2023,MOQUEGUA,PROVINCIAL,PENAL,PENAL,DENUNCIA,DELITOS DE CORRUPCION DE FUNCIONARIOS,414,414,180101,MOQUEGUA,MARISCAL NIETO,MOQUEGUA,15/06/2023
ENERO - DICIEMBRE,2022,06/01/2023,MOQUEGUA,PROVINCIAL,PENAL,PENAL,DENUNCIA,,60,60,180101,MOQUEGUA,MARISCAL NIETO,MOQUEGUA,15/06/2023
ENERO - DICIEMBRE,2022,06/01/2023,MOQUEGUA,PROVINCIAL,PENAL,PENAL,DENUNCIA,VIOLENCIA CONTRA LA MUJER Y LOS INTEGRANTES DEL GRUPO FAMILIAR,2804,2771,180101,MOQUEGUA,MARISCAL NIETO,MOQUEGUA,15/06/2023
ENERO - DICIEMBRE,2022,06/01/2023,MOQUEGUA,PROVINCIAL,PENAL,PENAL,DENUNCIA,,6944,6755,180101,MOQUEGUA,MARISCAL NIETO,MOQUEGUA,15/06/2023
ENERO - DICIEMBRE,2022,06/01/2023,MOQUEGUA,PROVINCIAL,PENAL,PENAL,INVESTIGACION PREVENTIVA,DELITOS DE CORRUPCION DE FUNCIONARIOS,1,1,180101,MOQUEGUA,MARISCAL NIETO,MOQUEGUA,15/06/2023
ENERO - DICIEMBRE,2022,06/01/2023,MOQUEGUA,PROVINCIAL,PENAL,PENAL,INVESTIGACION PREVENTIVA,,531,531,180101,MOQUEGUA,MARISCAL NIETO,MOQUEGUA,15/06/2023
ENERO - DICIEMBRE,2022,06/01/2023,MOQUEGUA,PROVINCIAL,PENAL,PENAL,INVESTIGACION PREVENTIVA,,35,34,180101,MOQUEGUA,MARISCAL NIETO,MOQUEGUA,15/06/2023
ENERO - DICIEMBRE,2022,06/01/2023,MOQUEGUA,SUPERIOR,CIVIL,CIVIL,EXPEDIENTE,,1,0,180101,MOQUEGUA,MARISCAL NIETO,MOQUEGUA,15/06/2023
ENERO - DICIEMBRE,2022,06/01/2023,MOQUEGUA,SUPERIOR,FAMILIA,FAMILIA CIVIL,EXPEDIENTE,,62,62,180101,MOQUEGUA,MARISCAL NIETO,MOQUEGUA,15/06/2023
ENERO - DICIEMBRE,2022,06/01/2023,MOQUEGUA,SUPERIOR,FAMILIA,FAMILIA PENAL,EXPEDIENTE,,6,6,180101,MOQUEGUA,MARISCAL NIETO,MOQUEGUA,15/06/2023
ENERO - DICIEMBRE,2022,06/01/2023,MOQUEGUA,SUPERIOR,FAMILIA,FAMILIA TUTELAR,EXPEDIENTE,,2,2,180101,MOQUEGUA,MARISCAL NIETO,MOQUEGUA,15/06/2023
ENERO - DICIEMBRE,2022,06/01/2023,MOQUEGUA,SUPERIOR,FAMILIA,VIOLENCIA FAMILIAR,EXPEDIENTE,,107,105,180101,MOQUEGUA,MARISCAL NIETO,MOQUEGUA,15/06/2023
ENERO - DICIEMBRE,2022,06/01/2023,MOQUEGUA,SUPERIOR,PENAL,PENAL,APELACION DENUNCIA,,357,347,180101,MOQUEGUA,MARISCAL NIETO,MOQUEGUA,15/06/2023
ENERO - DICIEMBRE,2022,06/01/2023,MOQUEGUA,SUPERIOR,PENAL,PENAL,CONSULTAS,,82,82,180101,MOQUEGUA,MARISCAL NIETO,MOQUEGUA,15/06/2023
ENERO - DICIEMBRE,2022,06/01/2023,MOQUEGUA,SUPERIOR,PENAL,PENAL,DENUNCIA,,26,26,180101,MOQUEGUA,MARISCAL NIETO,MOQUEGUA,15/06/2023
ENERO - DICIEMBRE,2022,06/01/2023,MOQUEGUA,SUPERIOR,PENAL,PENAL,EXCLUSION FISCAL,,3,3,180101,MOQUEGUA,MARISCAL NIETO,MOQUEGUA,15/06/2023
ENERO - DICIEMBRE,2022,06/01/2023,MOQUEGUA,SUPERIOR,PENAL,PENAL,QUEJAS,,619,619,180101,MOQUEGUA,MARISCAL NIETO,MOQUEGUA,15/06/2023
ENERO - DICIEMBRE,2022,06/01/2023,PASCO,PROVINCIAL,FAMILIA,ACTOS CONTRA LA LIBERTAD SEXUAL,DENUNCIA,,7,5,190113,PASCO,PASCO,YANACANCHA,15/06/2023
ENERO - DICIEMBRE,2022,06/01/2023,PASCO,PROVINCIAL,FAMILIA,FAMILIA CIVIL,EXPEDIENTE,,551,536,190113,PASCO,PASCO,YANACANCHA,15/06/2023
ENERO - DICIEMBRE,2022,06/01/2023,PASCO,PROVINCIAL,FAMILIA,FAMILIA PENAL,DENUNCIA,,100,93,190113,PASCO,PASCO,YANACANCHA,15/06/2023
ENERO - DICIEMBRE,2022,06/01/2023,PASCO,PROVINCIAL,FAMILIA,FAMILIA PENAL,EXPEDIENTE,,28,25,190113,PASCO,PASCO,YANACANCHA,15/06/2023
ENERO - DICIEMBRE,2022,06/01/2023,PASCO,PROVINCIAL,FAMILIA,FAMILIA TUTELAR,DENUNCIA,,268,244,190113,PASCO,PASCO,YANACANCHA,15/06/2023
ENERO - DICIEMBRE,2022,06/01/2023,PASCO,PROVINCIAL,FAMILIA,FAMILIA TUTELAR,EXPEDIENTE,,28,25,190113,PASCO,PASCO,YANACANCHA,15/06/2023
ENERO - DICIEMBRE,2022,06/01/2023,PASCO,PROVINCIAL,FAMILIA,VIOLENCIA FAMILIAR,DENUNCIA,,1,1,190113,PASCO,PASCO,YANACANCHA,15/06/2023
ENERO - DICIEMBRE,2022,06/01/2023,PASCO,PROVINCIAL,FAMILIA,VIOLENCIA FAMILIAR,EXPEDIENTE,,22,20,190113,PASCO,PASCO,YANACANCHA,15/06/2023
ENERO - DICIEMBRE,2022,06/01/2023,PASCO,PROVINCIAL,PENAL,PENAL,DENUNCIA,DELITOS DE CORRUPCION DE FUNCIONARIOS,343,322,190113,PASCO,PASCO,YANACANCHA,15/06/2023
ENERO - DICIEMBRE,2022,06/01/2023,PASCO,PROVINCIAL,PENAL,PENAL,DENUNCIA,MATERIA AMBIENTAL,86,85,190113,PASCO,PASCO,YANACANCHA,15/06/2023
ENERO - DICIEMBRE,2022,06/01/2023,PASCO,PROVINCIAL,PENAL,PENAL,DENUNCIA,,4844,4481,190113,PASCO,PASCO,YANACANCHA,15/06/2023
ENERO - DICIEMBRE,2022,06/01/2023,PASCO,PROVINCIAL,PENAL,PENAL,EXPEDIENTE,MATERIA AMBIENTAL,2,0,190113,PASCO,PASCO,YANACANCHA,15/06/2023
ENERO - DICIEMBRE,2022,06/01/2023,PASCO,PROVINCIAL,PENAL,PENAL,EXPEDIENTE,,2,2,190113,PASCO,PASCO,YANACANCHA,15/06/2023
ENERO - DICIEMBRE,2022,06/01/2023,PASCO,PROVINCIAL,PENAL,PENAL,INVESTIGACION PREVENTIVA,MATERIA AMBIENTAL,11,11,190113,PASCO,PASCO,YANACANCHA,15/06/2023
ENERO - DICIEMBRE,2022,06/01/2023,PASCO,PROVINCIAL,PENAL,PENAL,INVESTIGACION PREVENTIVA,,122,122,190113,PASCO,PASCO,YANACANCHA,15/06/2023
ENERO - DICIEMBRE,2022,06/01/2023,PASCO,PROVINCIAL,PENAL,PENAL,INVESTIGACION PREVENTIVA,,59,59,190113,PASCO,PASCO,YANACANCHA,15/06/2023
ENERO - DICIEMBRE,2022,06/01/2023,PASCO,SUPERIOR,FAMILIA,FAMILIA CIVIL,EXPEDIENTE,,4,4,190113,PASCO,PASCO,YANACANCHA,15/06/2023
ENERO - DICIEMBRE,2022,06/01/2023,PASCO,SUPERIOR,FAMILIA,FAMILIA PENAL,EXPEDIENTE,,7,7,190113,PASCO,PASCO,YANACANCHA,15/06/2023
ENERO - DICIEMBRE,2022,06/01/2023,PASCO,SUPERIOR,FAMILIA,FAMILIA PENAL,INCIDENTE,,2,2,190113,PASCO,PASCO,YANACANCHA,15/06/2023
ENERO - DICIEMBRE,2022,06/01/2023,PASCO,SUPERIOR,FAMILIA,FAMILIA TUTELAR,EXPEDIENTE,,7,6,190113,PASCO,PASCO,YANACANCHA,15/06/2023
ENERO - DICIEMBRE,2022,06/01/2023,PASCO,SUPERIOR,FAMILIA,VIOLENCIA FAMILIAR,EXPEDIENTE,,37,35,190113,PASCO,PASCO,YANACANCHA,15/06/2023
ENERO - DICIEMBRE,2022,06/01/2023,PASCO,SUPERIOR,FAMILIA,VIOLENCIA FAMILIAR,INCIDENTE,,5,5,190113,PASCO,PASCO,YANACANCHA,15/06/2023
ENERO - DICIEMBRE,2022,06/01/2023,PASCO,SUPERIOR,PENAL,PENAL,APELACION DENUNCIA,DELITOS DE CORRUPCION DE FUNCIONARIOS,67,67,190113,PASCO,PASCO,YANACANCHA,15/06/2023
ENERO - DICIEMBRE,2022,06/01/2023,PASCO,SUPERIOR,PENAL,PENAL,APELACION DENUNCIA,,223,223,190113,PASCO,PASCO,YANACANCHA,15/06/2023
ENERO - DICIEMBRE,2022,06/01/2023,PASCO,SUPERIOR,PENAL,PENAL,APELACION EXPEDIENTE,DELITOS DE CORRUPCION DE FUNCIONARIOS,5,5,190113,PASCO,PASCO,YANACANCHA,15/06/2023
ENERO - DICIEMBRE,2022,06/01/2023,PASCO,SUPERIOR,PENAL,PENAL,APELACION EXPEDIENTE,,1,1,190113,PASCO,PASCO,YANACANCHA,15/06/2023
ENERO - DICIEMBRE,2022,06/01/2023,PASCO,SUPERIOR,PENAL,PENAL,CONSULTAS,DELITOS DE CORRUPCION DE FUNCIONARIOS,17,17,190113,PASCO,PASCO,YANACANCHA,15/06/2023
ENERO - DICIEMBRE,2022,06/01/2023,PASCO,SUPERIOR,PENAL,PENAL,CONSULTAS,,93,93,190113,PASCO,PASCO,YANACANCHA,15/06/2023
ENERO - DICIEMBRE,2022,06/01/2023,PASCO,SUPERIOR,PENAL,PENAL,DENUNCIA,DELITOS DE CORRUPCION DE FUNCIONARIOS,9,9,190113,PASCO,PASCO,YANACANCHA,15/06/2023
ENERO - DICIEMBRE,2022,06/01/2023,PASCO,SUPERIOR,PENAL,PENAL,DENUNCIA,,22,22,190113,PASCO,PASCO,YANACANCHA,15/06/2023
ENERO - DICIEMBRE,2022,06/01/2023,PASCO,SUPERIOR,PENAL,PENAL,EXCLUSION FISCAL,,10,10,190113,PASCO,PASCO,YANACANCHA,15/06/2023
ENERO - DICIEMBRE,2022,06/01/2023,PASCO,SUPERIOR,PENAL,PENAL,EXPEDIENTE,DELITOS DE CORRUPCION DE FUNCIONARIOS,13,13,190113,PASCO,PASCO,YANACANCHA,15/06/2023
ENERO - DICIEMBRE,2022,06/01/2023,PASCO,SUPERIOR,PENAL,PENAL,EXPEDIENTE,,15,15,190113,PASCO,PASCO,YANACANCHA,15/06/2023
ENERO - DICIEMBRE,2022,06/01/2023,PASCO,SUPERIOR,PENAL,PENAL,INCIDENTE-EXPEDIENTE,,7,7,190113,PASCO,PASCO,YANACANCHA,15/06/2023
ENERO - DICIEMBRE,2022,06/01/2023,PASCO,SUPERIOR,PENAL,PENAL,QUEJAS,DELITOS DE CORRUPCION DE FUNCIONARIOS,50,50,190113,PASCO,PASCO,YANACANCHA,15/06/2023
ENERO - DICIEMBRE,2022,06/01/2023,PASCO,SUPERIOR,PENAL,PENAL,QUEJAS,,380,380,190113,PASCO,PASCO,YANACANCHA,15/06/2023
ENERO - DICIEMBRE,2022,06/01/2023,PIURA,PROVINCIAL,CIVIL,CIVIL,EXPEDIENTE,,1,1,200101,PIURA,PIURA,PIURA,15/06/2023
ENERO - DICIEMBRE,2022,06/01/2023,PIURA,PROVINCIAL,FAMILIA,ACTOS CONTRA LA LIBERTAD SEXUAL,DENUNCIA,,13,11,200101,PIURA,PIURA,PIURA,15/06/2023
ENERO - DICIEMBRE,2022,06/01/2023,PIURA,PROVINCIAL,FAMILIA,FAMILIA CIVIL,EXPEDIENTE,,785,777,200101,PIURA,PIURA,PIURA,15/06/2023
ENERO - DICIEMBRE,2022,06/01/2023,PIURA,PROVINCIAL,FAMILIA,FAMILIA PENAL,DENUNCIA,,766,760,200101,PIURA,PIURA,PIURA,15/06/2023
ENERO - DICIEMBRE,2022,06/01/2023,PIURA,PROVINCIAL,FAMILIA,FAMILIA PENAL,EXPEDIENTE,,233,230,200101,PIURA,PIURA,PIURA,15/06/2023
ENERO - DICIEMBRE,2022,06/01/2023,PIURA,PROVINCIAL,FAMILIA,FAMILIA TUTELAR,DENUNCIA,,354,349,200101,PIURA,PIURA,PIURA,15/06/2023
ENERO - DICIEMBRE,2022,06/01/2023,PIURA,PROVINCIAL,FAMILIA,FAMILIA TUTELAR,EXPEDIENTE,,81,81,200101,PIURA,PIURA,PIURA,15/06/2023
ENERO - DICIEMBRE,2022,06/01/2023,PIURA,PROVINCIAL,FAMILIA,VIOLENCIA FAMILIAR,DENUNCIA,,17,17,200101,PIURA,PIURA,PIURA,15/06/2023
ENERO - DICIEMBRE,2022,06/01/2023,PIURA,PROVINCIAL,FAMILIA,VIOLENCIA FAMILIAR,EXPEDIENTE,,16,15,200101,PIURA,PIURA,PIURA,15/06/2023
ENERO - DICIEMBRE,2022,06/01/2023,PIURA,PROVINCIAL,PENAL,PENAL,DENUNCIA,DELITOS DE CORRUPCION DE FUNCIONARIOS,443,400,200101,PIURA,PIURA,PIURA,15/06/2023
ENERO - DICIEMBRE,2022,06/01/2023,PIURA,PROVINCIAL,PENAL,PENAL,DENUNCIA,CONTRA LA CRIMINALIDAD ORGANIZADA,65,64,200101,PIURA,PIURA,PIURA,15/06/2023
ENERO - DICIEMBRE,2022,06/01/2023,PIURA,PROVINCIAL,PENAL,PENAL,DENUNCIA,MATERIA AMBIENTAL,151,148,200101,PIURA,PIURA,PIURA,15/06/2023
ENERO - DICIEMBRE,2022,06/01/2023,PIURA,PROVINCIAL,PENAL,PENAL,DENUNCIA,DELITOS DE TRAFICO ILICITO DE DROGAS,140,140,200101,PIURA,PIURA,PIURA,15/06/2023
ENERO - DICIEMBRE,2022,06/01/2023,PIURA,PROVINCIAL,PENAL,PENAL,DENUNCIA,DELITOS DE TRATA DE PERSONAS,113,113,200101,PIURA,PIURA,PIURA,15/06/2023
ENERO - DICIEMBRE,2022,06/01/2023,PIURA,PROVINCIAL,PENAL,PENAL,DENUNCIA,VIOLENCIA CONTRA LA MUJER Y LOS INTEGRANTES DEL GRUPO FAMILIAR,13063,12444,200101,PIURA,PIURA,PIURA,15/06/2023
ENERO - DICIEMBRE,2022,06/01/2023,PIURA,PROVINCIAL,PENAL,PENAL,DENUNCIA,,31866,29714,200101,PIURA,PIURA,PIURA,15/06/2023
ENERO - DICIEMBRE,2022,06/01/2023,PIURA,PROVINCIAL,PENAL,PENAL,INVESTIGACION PREVENTIVA,MATERIA AMBIENTAL,30,28,200101,PIURA,PIURA,PIURA,15/06/2023
ENERO - DICIEMBRE,2022,06/01/2023,PIURA,PROVINCIAL,PENAL,PENAL,INVESTIGACION PREVENTIVA,,142,141,200101,PIURA,PIURA,PIURA,15/06/2023
ENERO - DICIEMBRE,2022,06/01/2023,PIURA,PROVINCIAL,PENAL,PENAL,INVESTIGACION PREVENTIVA,,3,2,200101,PIURA,PIURA,PIURA,15/06/2023
ENERO - DICIEMBRE,2022,06/01/2023,PIURA,SUPERIOR,FAMILIA,FAMILIA CIVIL,EXPEDIENTE,,22,22,200101,PIURA,PIURA,PIURA,15/06/2023
ENERO - DICIEMBRE,2022,06/01/2023,PIURA,SUPERIOR,FAMILIA,FAMILIA CIVIL,INCIDENTE,,4,4,200101,PIURA,PIURA,PIURA,15/06/2023
ENERO - DICIEMBRE,2022,06/01/2023,PIURA,SUPERIOR,FAMILIA,FAMILIA PENAL,EXPEDIENTE,,45,44,200101,PIURA,PIURA,PIURA,15/06/2023
ENERO - DICIEMBRE,2022,06/01/2023,PIURA,SUPERIOR,FAMILIA,FAMILIA PENAL,INCIDENTE,,17,17,200101,PIURA,PIURA,PIURA,15/06/2023
ENERO - DICIEMBRE,2022,06/01/2023,PIURA,SUPERIOR,FAMILIA,FAMILIA TUTELAR,EXPEDIENTE,,4,4,200101,PIURA,PIURA,PIURA,15/06/2023
ENERO - DICIEMBRE,2022,06/01/2023,PIURA,SUPERIOR,FAMILIA,VIOLENCIA FAMILIAR,EXPEDIENTE,,532,532,200101,PIURA,PIURA,PIURA,15/06/2023
ENERO - DICIEMBRE,2022,06/01/2023,PIURA,SUPERIOR,FAMILIA,VIOLENCIA FAMILIAR,INCIDENTE,,4,4,200101,PIURA,PIURA,PIURA,15/06/2023
ENERO - DICIEMBRE,2022,06/01/2023,PIURA,SUPERIOR,PENAL,PENAL,APELACION DENUNCIA,,1605,1605,200101,PIURA,PIURA,PIURA,15/06/2023
ENERO - DICIEMBRE,2022,06/01/2023,PIURA,SUPERIOR,PENAL,PENAL,APELACION EXPEDIENTE,,34,34,200101,PIURA,PIURA,PIURA,15/06/2023
ENERO - DICIEMBRE,2022,06/01/2023,PIURA,SUPERIOR,PENAL,PENAL,CONSULTAS,,278,242,200101,PIURA,PIURA,PIURA,15/06/2023
ENERO - DICIEMBRE,2022,06/01/2023,PIURA,SUPERIOR,PENAL,PENAL,DENUNCIA,,68,68,200101,PIURA,PIURA,PIURA,15/06/2023
ENERO - DICIEMBRE,2022,06/01/2023,PIURA,SUPERIOR,PENAL,PENAL,EXCLUSION FISCAL,,14,13,200101,PIURA,PIURA,PIURA,15/06/2023
ENERO - DICIEMBRE,2022,06/01/2023,PIURA,SUPERIOR,PENAL,PENAL,EXPEDIENTE,,97,97,200101,PIURA,PIURA,PIURA,15/06/2023
ENERO - DICIEMBRE,2022,06/01/2023,PIURA,SUPERIOR,PENAL,PENAL,INCIDENTE-EXPEDIENTE,,5,5,200101,PIURA,PIURA,PIURA,15/06/2023
ENERO - DICIEMBRE,2022,06/01/2023,PIURA,SUPERIOR,PENAL,PENAL,QUEJAS,,1239,1103,200101,PIURA,PIURA,PIURA,15/06/2023
ENERO - DICIEMBRE,2022,06/01/2023,PUNO,PROVINCIAL,CIVIL,CIVIL,EXPEDIENTE,,39,35,210101,PUNO,PUNO,PUNO,15/06/2023
ENERO - DICIEMBRE,2022,06/01/2023,PUNO,PROVINCIAL,FAMILIA,ACTOS CONTRA LA LIBERTAD SEXUAL,DENUNCIA,,4,4,210101,PUNO,PUNO,PUNO,15/06/2023
ENERO - DICIEMBRE,2022,06/01/2023,PUNO,PROVINCIAL,FAMILIA,FAMILIA CIVIL,EXPEDIENTE,,1024,980,210101,PUNO,PUNO,PUNO,15/06/2023
ENERO - DICIEMBRE,2022,06/01/2023,PUNO,PROVINCIAL,FAMILIA,FAMILIA PENAL,DENUNCIA,,407,368,210101,PUNO,PUNO,PUNO,15/06/2023
ENERO - DICIEMBRE,2022,06/01/2023,PUNO,PROVINCIAL,FAMILIA,FAMILIA PENAL,EXPEDIENTE,,130,127,210101,PUNO,PUNO,PUNO,15/06/2023
ENERO - DICIEMBRE,2022,06/01/2023,PUNO,PROVINCIAL,FAMILIA,FAMILIA TUTELAR,DENUNCIA,,439,409,210101,PUNO,PUNO,PUNO,15/06/2023
ENERO - DICIEMBRE,2022,06/01/2023,PUNO,PROVINCIAL,FAMILIA,FAMILIA TUTELAR,EXPEDIENTE,,159,151,210101,PUNO,PUNO,PUNO,15/06/2023
ENERO - DICIEMBRE,2022,06/01/2023,PUNO,PROVINCIAL,FAMILIA,VIOLENCIA FAMILIAR,DENUNCIA,,30,27,210101,PUNO,PUNO,PUNO,15/06/2023
ENERO - DICIEMBRE,2022,06/01/2023,PUNO,PROVINCIAL,PENAL,PENAL,DENUNCIA,DELITOS DE CORRUPCION DE FUNCIONARIOS,531,404,210101,PUNO,PUNO,PUNO,15/06/2023
ENERO - DICIEMBRE,2022,06/01/2023,PUNO,PROVINCIAL,PENAL,PENAL,DENUNCIA,CONTRA LA CRIMINALIDAD ORGANIZADA,32,31,210101,PUNO,PUNO,PUNO,15/06/2023
ENERO - DICIEMBRE,2022,06/01/2023,PUNO,PROVINCIAL,PENAL,PENAL,DENUNCIA,DELITOS ADUANEROS Y CONTRA LA PROPIEDAD INTELECTUAL,290,279,210101,PUNO,PUNO,PUNO,15/06/2023
ENERO - DICIEMBRE,2022,06/01/2023,PUNO,PROVINCIAL,PENAL,PENAL,DENUNCIA,LAVADO DE ACTIVOS Y PERDIDA DE DOMINIO,85,66,210101,PUNO,PUNO,PUNO,15/06/2023
ENERO - DICIEMBRE,2022,06/01/2023,PUNO,PROVINCIAL,PENAL,PENAL,DENUNCIA,MATERIA AMBIENTAL,168,142,210101,PUNO,PUNO,PUNO,15/06/2023
ENERO - DICIEMBRE,2022,06/01/2023,PUNO,PROVINCIAL,PENAL,PENAL,DENUNCIA,,1,1,210101,PUNO,PUNO,PUNO,15/06/2023
ENERO - DICIEMBRE,2022,06/01/2023,PUNO,PROVINCIAL,PENAL,PENAL,DENUNCIA,DELITOS DE TRAFICO ILICITO DE DROGAS,501,466,210101,PUNO,PUNO,PUNO,15/06/2023
ENERO - DICIEMBRE,2022,06/01/2023,PUNO,PROVINCIAL,PENAL,PENAL,DENUNCIA,DELITOS DE TRATA DE PERSONAS,109,106,210101,PUNO,PUNO,PUNO,15/06/2023
ENERO - DICIEMBRE,2022,06/01/2023,PUNO,PROVINCIAL,PENAL,PENAL,DENUNCIA,,23938,21665,210101,PUNO,PUNO,PUNO,15/06/2023
ENERO - DICIEMBRE,2022,06/01/2023,PUNO,PROVINCIAL,PENAL,PENAL,EXPEDIENTE,DELITOS DE TRAFICO ILICITO DE DROGAS,4,1,210101,PUNO,PUNO,PUNO,15/06/2023
ENERO - DICIEMBRE,2022,06/01/2023,PUNO,PROVINCIAL,PENAL,PENAL,EXPEDIENTE,,5,4,210101,PUNO,PUNO,PUNO,15/06/2023
ENERO - DICIEMBRE,2022,06/01/2023,PUNO,PROVINCIAL,PENAL,PENAL,INVESTIGACION PREVENTIVA,DELITOS ADUANEROS Y CONTRA LA PROPIEDAD INTELECTUAL,8,7,210101,PUNO,PUNO,PUNO,15/06/2023
ENERO - DICIEMBRE,2022,06/01/2023,PUNO,PROVINCIAL,PENAL,PENAL,INVESTIGACION PREVENTIVA,MATERIA AMBIENTAL,24,23,210101,PUNO,PUNO,PUNO,15/06/2023
ENERO - DICIEMBRE,2022,06/01/2023,PUNO,PROVINCIAL,PENAL,PENAL,INVESTIGACION PREVENTIVA,,855,845,210101,PUNO,PUNO,PUNO,15/06/2023
ENERO - DICIEMBRE,2022,06/01/2023,PUNO,PROVINCIAL,PENAL,PENAL,INVESTIGACION PREVENTIVA,,461,455,210101,PUNO,PUNO,PUNO,15/06/2023
ENERO - DICIEMBRE,2022,06/01/2023,PUNO,SUPERIOR,CIVIL,CIVIL,EXPEDIENTE,,8,7,210101,PUNO,PUNO,PUNO,15/06/2023
ENERO - DICIEMBRE,2022,06/01/2023,PUNO,SUPERIOR,FAMILIA,FAMILIA CIVIL,EXPEDIENTE,,124,118,210101,PUNO,PUNO,PUNO,15/06/2023
ENERO - DICIEMBRE,2022,06/01/2023,PUNO,SUPERIOR,FAMILIA,FAMILIA CIVIL,INCIDENTE,,3,3,210101,PUNO,PUNO,PUNO,15/06/2023
ENERO - DICIEMBRE,2022,06/01/2023,PUNO,SUPERIOR,FAMILIA,FAMILIA PENAL,EXPEDIENTE,,33,33,210101,PUNO,PUNO,PUNO,15/06/2023
ENERO - DICIEMBRE,2022,06/01/2023,PUNO,SUPERIOR,FAMILIA,FAMILIA PENAL,INCIDENTE,,6,5,210101,PUNO,PUNO,PUNO,15/06/2023
ENERO - DICIEMBRE,2022,06/01/2023,PUNO,SUPERIOR,FAMILIA,FAMILIA TUTELAR,EXPEDIENTE,,55,53,210101,PUNO,PUNO,PUNO,15/06/2023
ENERO - DICIEMBRE,2022,06/01/2023,PUNO,SUPERIOR,FAMILIA,VIOLENCIA FAMILIAR,EXPEDIENTE,,74,74,210101,PUNO,PUNO,PUNO,15/06/2023
ENERO - DICIEMBRE,2022,06/01/2023,PUNO,SUPERIOR,FAMILIA,VIOLENCIA FAMILIAR,INCIDENTE,,113,109,210101,PUNO,PUNO,PUNO,15/06/2023
ENERO - DICIEMBRE,2022,06/01/2023,PUNO,SUPERIOR,PENAL,PENAL,QUEJAS,,1310,1286,210101,PUNO,PUNO,PUNO,15/06/2023
ENERO - DICIEMBRE,2022,06/01/2023,PUNO,SUPERIOR,PENAL,PENAL,APELACION DENUNCIA,,1227,1076,210101,PUNO,PUNO,PUNO,15/06/2023
ENERO - DICIEMBRE,2022,06/01/2023,PUNO,SUPERIOR,PENAL,PENAL,APELACION EXPEDIENTE,,24,24,210101,PUNO,PUNO,PUNO,15/06/2023
ENERO - DICIEMBRE,2022,06/01/2023,PUNO,SUPERIOR,PENAL,PENAL,CONSULTAS,,259,244,210101,PUNO,PUNO,PUNO,15/06/2023
ENERO - DICIEMBRE,2022,06/01/2023,PUNO,SUPERIOR,PENAL,PENAL,DENUNCIA,,83,81,210101,PUNO,PUNO,PUNO,15/06/2023
ENERO - DICIEMBRE,2022,06/01/2023,PUNO,SUPERIOR,PENAL,PENAL,EXCLUSION FISCAL,,39,37,210101,PUNO,PUNO,PUNO,15/06/2023
ENERO - DICIEMBRE,2022,06/01/2023,PUNO,SUPERIOR,PENAL,PENAL,EXPEDIENTE,,54,49,210101,PUNO,PUNO,PUNO,15/06/2023
ENERO - DICIEMBRE,2022,06/01/2023,PUNO,SUPERIOR,PENAL,PENAL,INCIDENTE-EXPEDIENTE,,2,2,210101,PUNO,PUNO,PUNO,15/06/2023
ENERO - DICIEMBRE,2022,06/01/2023,SAN MARTIN,PROVINCIAL,CIVIL,CIVIL,EXPEDIENTE,,35,33,220101,SAN MARTIN,MOYOBAMBA,MOYOBAMBA,15/06/2023
ENERO - DICIEMBRE,2022,06/01/2023,SAN MARTIN,PROVINCIAL,FAMILIA,ACTOS CONTRA LA LIBERTAD SEXUAL,DENUNCIA,,24,14,220101,SAN MARTIN,MOYOBAMBA,MOYOBAMBA,15/06/2023
ENERO - DICIEMBRE,2022,06/01/2023,SAN MARTIN,PROVINCIAL,FAMILIA,FAMILIA CIVIL,EXPEDIENTE,,608,584,220101,SAN MARTIN,MOYOBAMBA,MOYOBAMBA,15/06/2023
ENERO - DICIEMBRE,2022,06/01/2023,SAN MARTIN,PROVINCIAL,FAMILIA,FAMILIA PENAL,DENUNCIA,,466,292,220101,SAN MARTIN,MOYOBAMBA,MOYOBAMBA,15/06/2023
ENERO - DICIEMBRE,2022,06/01/2023,SAN MARTIN,PROVINCIAL,FAMILIA,FAMILIA PENAL,EXPEDIENTE,,186,179,220101,SAN MARTIN,MOYOBAMBA,MOYOBAMBA,15/06/2023
ENERO - DICIEMBRE,2022,06/01/2023,SAN MARTIN,PROVINCIAL,FAMILIA,FAMILIA TUTELAR,DENUNCIA,,848,603,220101,SAN MARTIN,MOYOBAMBA,MOYOBAMBA,15/06/2023
ENERO - DICIEMBRE,2022,06/01/2023,SAN MARTIN,PROVINCIAL,FAMILIA,FAMILIA TUTELAR,EXPEDIENTE,,165,137,220101,SAN MARTIN,MOYOBAMBA,MOYOBAMBA,15/06/2023
ENERO - DICIEMBRE,2022,06/01/2023,SAN MARTIN,PROVINCIAL,FAMILIA,VIOLENCIA FAMILIAR,DENUNCIA,,13,13,220101,SAN MARTIN,MOYOBAMBA,MOYOBAMBA,15/06/2023
ENERO - DICIEMBRE,2022,06/01/2023,SAN MARTIN,PROVINCIAL,PENAL,PENAL,DENUNCIA,DELITOS DE CORRUPCION DE FUNCIONARIOS,362,288,220101,SAN MARTIN,MOYOBAMBA,MOYOBAMBA,15/06/2023
ENERO - DICIEMBRE,2022,06/01/2023,SAN MARTIN,PROVINCIAL,PENAL,PENAL,DENUNCIA,CONTRA LA CRIMINALIDAD ORGANIZADA,24,22,220101,SAN MARTIN,MOYOBAMBA,MOYOBAMBA,15/06/2023
ENERO - DICIEMBRE,2022,06/01/2023,SAN MARTIN,PROVINCIAL,PENAL,PENAL,DENUNCIA,MATERIA AMBIENTAL,562,562,220101,SAN MARTIN,MOYOBAMBA,MOYOBAMBA,15/06/2023
ENERO - DICIEMBRE,2022,06/01/2023,SAN MARTIN,PROVINCIAL,PENAL,PENAL,DENUNCIA,DELITOS DE TRAFICO ILICITO DE DROGAS,92,92,220101,SAN MARTIN,MOYOBAMBA,MOYOBAMBA,15/06/2023
ENERO - DICIEMBRE,2022,06/01/2023,SAN MARTIN,PROVINCIAL,PENAL,PENAL,DENUNCIA,,15554,13788,220101,SAN MARTIN,MOYOBAMBA,MOYOBAMBA,15/06/2023
ENERO - DICIEMBRE,2022,06/01/2023,SAN MARTIN,PROVINCIAL,PENAL,PENAL,EXPEDIENTE,DELITOS DE TRAFICO ILICITO DE DROGAS,2,2,220101,SAN MARTIN,MOYOBAMBA,MOYOBAMBA,15/06/2023
ENERO - DICIEMBRE,2022,06/01/2023,SAN MARTIN,PROVINCIAL,PENAL,PENAL,EXPEDIENTE,,10,6,220101,SAN MARTIN,MOYOBAMBA,MOYOBAMBA,15/06/2023
ENERO - DICIEMBRE,2022,06/01/2023,SAN MARTIN,PROVINCIAL,PENAL,PENAL,INVESTIGACION PREVENTIVA,MATERIA AMBIENTAL,66,66,220101,SAN MARTIN,MOYOBAMBA,MOYOBAMBA,15/06/2023
ENERO - DICIEMBRE,2022,06/01/2023,SAN MARTIN,PROVINCIAL,PENAL,PENAL,INVESTIGACION PREVENTIVA,,355,355,220101,SAN MARTIN,MOYOBAMBA,MOYOBAMBA,15/06/2023
ENERO - DICIEMBRE,2022,06/01/2023,SAN MARTIN,SUPERIOR,CIVIL,CIVIL,EXPEDIENTE,,10,8,220101,SAN MARTIN,MOYOBAMBA,MOYOBAMBA,15/06/2023
ENERO - DICIEMBRE,2022,06/01/2023,SAN MARTIN,SUPERIOR,FAMILIA,FAMILIA CIVIL,EXPEDIENTE,,29,27,220101,SAN MARTIN,MOYOBAMBA,MOYOBAMBA,15/06/2023
ENERO - DICIEMBRE,2022,06/01/2023,SAN MARTIN,SUPERIOR,FAMILIA,FAMILIA CIVIL,INCIDENTE,,2,2,220101,SAN MARTIN,MOYOBAMBA,MOYOBAMBA,15/06/2023
ENERO - DICIEMBRE,2022,06/01/2023,SAN MARTIN,SUPERIOR,FAMILIA,FAMILIA PENAL,EXPEDIENTE,,23,23,220101,SAN MARTIN,MOYOBAMBA,MOYOBAMBA,15/06/2023
ENERO - DICIEMBRE,2022,06/01/2023,SAN MARTIN,SUPERIOR,FAMILIA,FAMILIA PENAL,INCIDENTE,,4,2,220101,SAN MARTIN,MOYOBAMBA,MOYOBAMBA,15/06/2023
ENERO - DICIEMBRE,2022,06/01/2023,SAN MARTIN,SUPERIOR,FAMILIA,FAMILIA TUTELAR,EXPEDIENTE,,76,72,220101,SAN MARTIN,MOYOBAMBA,MOYOBAMBA,15/06/2023
ENERO - DICIEMBRE,2022,06/01/2023,SAN MARTIN,SUPERIOR,FAMILIA,VIOLENCIA FAMILIAR,EXPEDIENTE,,81,76,220101,SAN MARTIN,MOYOBAMBA,MOYOBAMBA,15/06/2023
ENERO - DICIEMBRE,2022,06/01/2023,SAN MARTIN,SUPERIOR,FAMILIA,VIOLENCIA FAMILIAR,INCIDENTE,,33,33,220101,SAN MARTIN,MOYOBAMBA,MOYOBAMBA,15/06/2023
ENERO - DICIEMBRE,2022,06/01/2023,SAN MARTIN,SUPERIOR,PENAL,PENAL,APELACION DENUNCIA,,566,535,220101,SAN MARTIN,MOYOBAMBA,MOYOBAMBA,15/06/2023
ENERO - DICIEMBRE,2022,06/01/2023,SAN MARTIN,SUPERIOR,PENAL,PENAL,APELACION EXPEDIENTE,,422,380,220101,SAN MARTIN,MOYOBAMBA,MOYOBAMBA,15/06/2023
ENERO - DICIEMBRE,2022,06/01/2023,SAN MARTIN,SUPERIOR,PENAL,PENAL,CONSULTAS,,163,154,220101,SAN MARTIN,MOYOBAMBA,MOYOBAMBA,15/06/2023
ENERO - DICIEMBRE,2022,06/01/2023,SAN MARTIN,SUPERIOR,PENAL,PENAL,DENUNCIA,,55,33,220101,SAN MARTIN,MOYOBAMBA,MOYOBAMBA,15/06/2023
ENERO - DICIEMBRE,2022,06/01/2023,SAN MARTIN,SUPERIOR,PENAL,PENAL,EXCLUSION FISCAL,,37,36,220101,SAN MARTIN,MOYOBAMBA,MOYOBAMBA,15/06/2023
ENERO - DICIEMBRE,2022,06/01/2023,SAN MARTIN,SUPERIOR,PENAL,PENAL,EXPEDIENTE,,80,75,220101,SAN MARTIN,MOYOBAMBA,MOYOBAMBA,15/06/2023
ENERO - DICIEMBRE,2022,06/01/2023,SAN MARTIN,SUPERIOR,PENAL,PENAL,INCIDENTE-EXPEDIENTE,,3,2,220101,SAN MARTIN,MOYOBAMBA,MOYOBAMBA,15/06/2023
ENERO - DICIEMBRE,2022,06/01/2023,SAN MARTIN,SUPERIOR,PENAL,PENAL,QUEJAS,,802,769,220101,SAN MARTIN,MOYOBAMBA,MOYOBAMBA,15/06/2023
ENERO - DICIEMBRE,2022,06/01/2023,SANTA,PROVINCIAL,CIVIL,CIVIL,EXPEDIENTE,,69,64,021801,ANCASH,SANTA,CHIMBOTE,15/06/2023
ENERO - DICIEMBRE,2022,06/01/2023,SANTA,PROVINCIAL,FAMILIA,ACTOS CONTRA LA LIBERTAD SEXUAL,DENUNCIA,,36,35,021801,ANCASH,SANTA,CHIMBOTE,15/06/2023
ENERO - DICIEMBRE,2022,06/01/2023,SANTA,PROVINCIAL,FAMILIA,FAMILIA CIVIL,EXPEDIENTE,,1010,918,021801,ANCASH,SANTA,CHIMBOTE,15/06/2023
ENERO - DICIEMBRE,2022,06/01/2023,SANTA,PROVINCIAL,FAMILIA,FAMILIA PENAL,DENUNCIA,,528,476,021801,ANCASH,SANTA,CHIMBOTE,15/06/2023
ENERO - DICIEMBRE,2022,06/01/2023,SANTA,PROVINCIAL,FAMILIA,FAMILIA PENAL,EXPEDIENTE,,55,54,021801,ANCASH,SANTA,CHIMBOTE,15/06/2023
ENERO - DICIEMBRE,2022,06/01/2023,SANTA,PROVINCIAL,FAMILIA,FAMILIA TUTELAR,DENUNCIA,,304,293,021801,ANCASH,SANTA,CHIMBOTE,15/06/2023
ENERO - DICIEMBRE,2022,06/01/2023,SANTA,PROVINCIAL,FAMILIA,FAMILIA TUTELAR,EXPEDIENTE,,36,32,021801,ANCASH,SANTA,CHIMBOTE,15/06/2023
ENERO - DICIEMBRE,2022,06/01/2023,SANTA,PROVINCIAL,FAMILIA,VIOLENCIA FAMILIAR,DENUNCIA,,28,28,021801,ANCASH,SANTA,CHIMBOTE,15/06/2023
ENERO - DICIEMBRE,2022,06/01/2023,SANTA,PROVINCIAL,FAMILIA,VIOLENCIA FAMILIAR,EXPEDIENTE,,1,1,021801,ANCASH,SANTA,CHIMBOTE,15/06/2023
ENERO - DICIEMBRE,2022,06/01/2023,SANTA,PROVINCIAL,PENAL,PENAL,DENUNCIA,DELITOS DE CORRUPCION DE FUNCIONARIOS,358,332,021801,ANCASH,SANTA,CHIMBOTE,15/06/2023
ENERO - DICIEMBRE,2022,06/01/2023,SANTA,PROVINCIAL,PENAL,PENAL,DENUNCIA,CONTRA LA CRIMINALIDAD ORGANIZADA,20,20,021801,ANCASH,SANTA,CHIMBOTE,15/06/2023
ENERO - DICIEMBRE,2022,06/01/2023,SANTA,PROVINCIAL,PENAL,PENAL,DENUNCIA,LAVADO DE ACTIVOS Y PERDIDA DE DOMINIO,16,15,021801,ANCASH,SANTA,CHIMBOTE,15/06/2023
ENERO - DICIEMBRE,2022,06/01/2023,SANTA,PROVINCIAL,PENAL,PENAL,DENUNCIA,MATERIA AMBIENTAL,172,165,021801,ANCASH,SANTA,CHIMBOTE,15/06/2023
ENERO - DICIEMBRE,2022,06/01/2023,SANTA,PROVINCIAL,PENAL,PENAL,DENUNCIA,DELITOS DE TRAFICO ILICITO DE DROGAS,75,75,021801,ANCASH,SANTA,CHIMBOTE,15/06/2023
ENERO - DICIEMBRE,2022,06/01/2023,SANTA,PROVINCIAL,PENAL,PENAL,DENUNCIA,,25407,23502,021801,ANCASH,SANTA,CHIMBOTE,15/06/2023
ENERO - DICIEMBRE,2022,06/01/2023,SANTA,PROVINCIAL,PENAL,PENAL,EXPEDIENTE,,9,6,021801,ANCASH,SANTA,CHIMBOTE,15/06/2023
ENERO - DICIEMBRE,2022,06/01/2023,SANTA,PROVINCIAL,PENAL,PENAL,INVESTIGACION PREVENTIVA,MATERIA AMBIENTAL,34,32,021801,ANCASH,SANTA,CHIMBOTE,15/06/2023
ENERO - DICIEMBRE,2022,06/01/2023,SANTA,PROVINCIAL,PENAL,PENAL,INVESTIGACION PREVENTIVA,,252,252,021801,ANCASH,SANTA,CHIMBOTE,15/06/2023
ENERO - DICIEMBRE,2022,06/01/2023,SANTA,PROVINCIAL,PENAL,PENAL,INVESTIGACION PREVENTIVA,,2,2,021801,ANCASH,SANTA,CHIMBOTE,15/06/2023
ENERO - DICIEMBRE,2022,06/01/2023,SANTA,SUPERIOR,FAMILIA,FAMILIA CIVIL,EXPEDIENTE,,26,26,021801,ANCASH,SANTA,CHIMBOTE,15/06/2023
ENERO - DICIEMBRE,2022,06/01/2023,SANTA,SUPERIOR,FAMILIA,FAMILIA CIVIL,INCIDENTE,,10,10,021801,ANCASH,SANTA,CHIMBOTE,15/06/2023
ENERO - DICIEMBRE,2022,06/01/2023,SANTA,SUPERIOR,FAMILIA,FAMILIA PENAL,EXPEDIENTE,,24,24,021801,ANCASH,SANTA,CHIMBOTE,15/06/2023
ENERO - DICIEMBRE,2022,06/01/2023,SANTA,SUPERIOR,FAMILIA,FAMILIA TUTELAR,EXPEDIENTE,,3,3,021801,ANCASH,SANTA,CHIMBOTE,15/06/2023
ENERO - DICIEMBRE,2022,06/01/2023,SANTA,SUPERIOR,FAMILIA,VIOLENCIA FAMILIAR,EXPEDIENTE,,293,293,021801,ANCASH,SANTA,CHIMBOTE,15/06/2023
ENERO - DICIEMBRE,2022,06/01/2023,SANTA,SUPERIOR,PENAL,PENAL,APELACION DENUNCIA,DELITOS DE CORRUPCION DE FUNCIONARIOS,1,1,021801,ANCASH,SANTA,CHIMBOTE,15/06/2023
ENERO - DICIEMBRE,2022,06/01/2023,SANTA,SUPERIOR,PENAL,PENAL,APELACION DENUNCIA,,780,780,021801,ANCASH,SANTA,CHIMBOTE,15/06/2023
ENERO - DICIEMBRE,2022,06/01/2023,SANTA,SUPERIOR,PENAL,PENAL,APELACION EXPEDIENTE,DELITOS DE CORRUPCION DE FUNCIONARIOS,52,52,021801,ANCASH,SANTA,CHIMBOTE,15/06/2023
ENERO - DICIEMBRE,2022,06/01/2023,SANTA,SUPERIOR,PENAL,PENAL,APELACION EXPEDIENTE,,6,6,021801,ANCASH,SANTA,CHIMBOTE,15/06/2023
ENERO - DICIEMBRE,2022,06/01/2023,SANTA,SUPERIOR,PENAL,PENAL,CONSULTAS,DELITOS DE CORRUPCION DE FUNCIONARIOS,33,33,021801,ANCASH,SANTA,CHIMBOTE,15/06/2023
ENERO - DICIEMBRE,2022,06/01/2023,SANTA,SUPERIOR,PENAL,PENAL,CONSULTAS,,143,142,021801,ANCASH,SANTA,CHIMBOTE,15/06/2023
ENERO - DICIEMBRE,2022,06/01/2023,SANTA,SUPERIOR,PENAL,PENAL,DENUNCIA,DELITOS DE CORRUPCION DE FUNCIONARIOS,15,15,021801,ANCASH,SANTA,CHIMBOTE,15/06/2023
ENERO - DICIEMBRE,2022,06/01/2023,SANTA,SUPERIOR,PENAL,PENAL,DENUNCIA,,60,60,021801,ANCASH,SANTA,CHIMBOTE,15/06/2023
ENERO - DICIEMBRE,2022,06/01/2023,SANTA,SUPERIOR,PENAL,PENAL,EXCLUSION FISCAL,,12,12,021801,ANCASH,SANTA,CHIMBOTE,15/06/2023
ENERO - DICIEMBRE,2022,06/01/2023,SANTA,SUPERIOR,PENAL,PENAL,EXPEDIENTE,,77,71,021801,ANCASH,SANTA,CHIMBOTE,15/06/2023
ENERO - DICIEMBRE,2022,06/01/2023,SANTA,SUPERIOR,PENAL,PENAL,INCIDENTE-EXPEDIENTE,,20,18,021801,ANCASH,SANTA,CHIMBOTE,15/06/2023
ENERO - DICIEMBRE,2022,06/01/2023,SANTA,SUPERIOR,PENAL,PENAL,QUEJAS,DELITOS DE CORRUPCION DE FUNCIONARIOS,98,98,021801,ANCASH,SANTA,CHIMBOTE,15/06/2023
ENERO - DICIEMBRE,2022,06/01/2023,SANTA,SUPERIOR,PENAL,PENAL,QUEJAS,,1523,1507,021801,ANCASH,SANTA,CHIMBOTE,15/06/2023
ENERO - DICIEMBRE,2022,06/01/2023,SELVA CENTRAL,PROVINCIAL,CIVIL,CIVIL,EXPEDIENTE,,3,1,120301,JUNIN,CHANCHAMAYO,CHANCHAMAYO,15/06/2023
ENERO - DICIEMBRE,2022,06/01/2023,SELVA CENTRAL,PROVINCIAL,FAMILIA,ACTOS CONTRA LA LIBERTAD SEXUAL,DENUNCIA,,2,1,120301,JUNIN,CHANCHAMAYO,CHANCHAMAYO,15/06/2023
ENERO - DICIEMBRE,2022,06/01/2023,SELVA CENTRAL,PROVINCIAL,FAMILIA,FAMILIA CIVIL,EXPEDIENTE,,380,332,120301,JUNIN,CHANCHAMAYO,CHANCHAMAYO,15/06/2023
ENERO - DICIEMBRE,2022,06/01/2023,SELVA CENTRAL,PROVINCIAL,FAMILIA,FAMILIA PENAL,DENUNCIA,,437,379,120301,JUNIN,CHANCHAMAYO,CHANCHAMAYO,15/06/2023
ENERO - DICIEMBRE,2022,06/01/2023,SELVA CENTRAL,PROVINCIAL,FAMILIA,FAMILIA PENAL,EXPEDIENTE,,72,62,120301,JUNIN,CHANCHAMAYO,CHANCHAMAYO,15/06/2023
ENERO - DICIEMBRE,2022,06/01/2023,SELVA CENTRAL,PROVINCIAL,FAMILIA,FAMILIA TUTELAR,DENUNCIA,,94,90,120301,JUNIN,CHANCHAMAYO,CHANCHAMAYO,15/06/2023
ENERO - DICIEMBRE,2022,06/01/2023,SELVA CENTRAL,PROVINCIAL,FAMILIA,FAMILIA TUTELAR,EXPEDIENTE,,52,45,120301,JUNIN,CHANCHAMAYO,CHANCHAMAYO,15/06/2023
ENERO - DICIEMBRE,2022,06/01/2023,SELVA CENTRAL,PROVINCIAL,FAMILIA,VIOLENCIA FAMILIAR,DENUNCIA,,2,2,120301,JUNIN,CHANCHAMAYO,CHANCHAMAYO,15/06/2023
ENERO - DICIEMBRE,2022,06/01/2023,SELVA CENTRAL,PROVINCIAL,FAMILIA,VIOLENCIA FAMILIAR,EXPEDIENTE,,2,1,120301,JUNIN,CHANCHAMAYO,CHANCHAMAYO,15/06/2023
ENERO - DICIEMBRE,2022,06/01/2023,SELVA CENTRAL,PROVINCIAL,PENAL,PENAL,DENUNCIA,DELITOS DE CORRUPCION DE FUNCIONARIOS,251,244,120301,JUNIN,CHANCHAMAYO,CHANCHAMAYO,15/06/2023
ENERO - DICIEMBRE,2022,06/01/2023,SELVA CENTRAL,PROVINCIAL,PENAL,PENAL,DENUNCIA,MATERIA AMBIENTAL,450,449,120301,JUNIN,CHANCHAMAYO,CHANCHAMAYO,15/06/2023
ENERO - DICIEMBRE,2022,06/01/2023,SELVA CENTRAL,PROVINCIAL,PENAL,PENAL,DENUNCIA,DELITOS DE TRAFICO ILICITO DE DROGAS,128,126,120301,JUNIN,CHANCHAMAYO,CHANCHAMAYO,15/06/2023
ENERO - DICIEMBRE,2022,06/01/2023,SELVA CENTRAL,PROVINCIAL,PENAL,PENAL,DENUNCIA,,15174,13024,120301,JUNIN,CHANCHAMAYO,CHANCHAMAYO,15/06/2023
ENERO - DICIEMBRE,2022,06/01/2023,SELVA CENTRAL,PROVINCIAL,PENAL,PENAL,INVESTIGACION PREVENTIVA,MATERIA AMBIENTAL,8,8,120301,JUNIN,CHANCHAMAYO,CHANCHAMAYO,15/06/2023
ENERO - DICIEMBRE,2022,06/01/2023,SELVA CENTRAL,PROVINCIAL,PENAL,PENAL,INVESTIGACION PREVENTIVA,,345,345,120301,JUNIN,CHANCHAMAYO,CHANCHAMAYO,15/06/2023
ENERO - DICIEMBRE,2022,06/01/2023,SELVA CENTRAL,PROVINCIAL,PENAL,PENAL,INVESTIGACION PREVENTIVA,,55,48,120301,JUNIN,CHANCHAMAYO,CHANCHAMAYO,15/06/2023
ENERO - DICIEMBRE,2022,06/01/2023,SELVA CENTRAL,SUPERIOR,CIVIL,CIVIL,EXPEDIENTE,,1,1,120301,JUNIN,CHANCHAMAYO,CHANCHAMAYO,15/06/2023
ENERO - DICIEMBRE,2022,06/01/2023,SELVA CENTRAL,SUPERIOR,FAMILIA,FAMILIA CIVIL,EXPEDIENTE,,27,26,120301,JUNIN,CHANCHAMAYO,CHANCHAMAYO,15/06/2023
ENERO - DICIEMBRE,2022,06/01/2023,SELVA CENTRAL,SUPERIOR,FAMILIA,FAMILIA CIVIL,INCIDENTE,,2,2,120301,JUNIN,CHANCHAMAYO,CHANCHAMAYO,15/06/2023
ENERO - DICIEMBRE,2022,06/01/2023,SELVA CENTRAL,SUPERIOR,FAMILIA,FAMILIA PENAL,EXPEDIENTE,,5,4,120301,JUNIN,CHANCHAMAYO,CHANCHAMAYO,15/06/2023
ENERO - DICIEMBRE,2022,06/01/2023,SELVA CENTRAL,SUPERIOR,FAMILIA,FAMILIA PENAL,INCIDENTE,,3,3,120301,JUNIN,CHANCHAMAYO,CHANCHAMAYO,15/06/2023
ENERO - DICIEMBRE,2022,06/01/2023,SELVA CENTRAL,SUPERIOR,FAMILIA,FAMILIA TUTELAR,EXPEDIENTE,,8,8,120301,JUNIN,CHANCHAMAYO,CHANCHAMAYO,15/06/2023
ENERO - DICIEMBRE,2022,06/01/2023,SELVA CENTRAL,SUPERIOR,FAMILIA,VIOLENCIA FAMILIAR,EXPEDIENTE,,39,37,120301,JUNIN,CHANCHAMAYO,CHANCHAMAYO,15/06/2023
ENERO - DICIEMBRE,2022,06/01/2023,SELVA CENTRAL,SUPERIOR,FAMILIA,VIOLENCIA FAMILIAR,INCIDENTE,,4,4,120301,JUNIN,CHANCHAMAYO,CHANCHAMAYO,15/06/2023
ENERO - DICIEMBRE,2022,06/01/2023,SELVA CENTRAL,SUPERIOR,PENAL,PENAL,APELACION DENUNCIA,,472,471,120301,JUNIN,CHANCHAMAYO,CHANCHAMAYO,15/06/2023
ENERO - DICIEMBRE,2022,06/01/2023,SELVA CENTRAL,SUPERIOR,PENAL,PENAL,APELACION EXPEDIENTE,,7,7,120301,JUNIN,CHANCHAMAYO,CHANCHAMAYO,15/06/2023
ENERO - DICIEMBRE,2022,06/01/2023,SELVA CENTRAL,SUPERIOR,PENAL,PENAL,CONSULTAS,,88,88,120301,JUNIN,CHANCHAMAYO,CHANCHAMAYO,15/06/2023
ENERO - DICIEMBRE,2022,06/01/2023,SELVA CENTRAL,SUPERIOR,PENAL,PENAL,DENUNCIA,,39,37,120301,JUNIN,CHANCHAMAYO,CHANCHAMAYO,15/06/2023
ENERO - DICIEMBRE,2022,06/01/2023,SELVA CENTRAL,SUPERIOR,PENAL,PENAL,EXCLUSION FISCAL,,16,16,120301,JUNIN,CHANCHAMAYO,CHANCHAMAYO,15/06/2023
ENERO - DICIEMBRE,2022,06/01/2023,SELVA CENTRAL,SUPERIOR,PENAL,PENAL,EXPEDIENTE,,33,33,120301,JUNIN,CHANCHAMAYO,CHANCHAMAYO,15/06/2023
ENERO - DICIEMBRE,2022,06/01/2023,SELVA CENTRAL,SUPERIOR,PENAL,PENAL,INCIDENTE-EXPEDIENTE,,41,41,120301,JUNIN,CHANCHAMAYO,CHANCHAMAYO,15/06/2023
ENERO - DICIEMBRE,2022,06/01/2023,SELVA CENTRAL,SUPERIOR,PENAL,PENAL,QUEJAS,,253,253,120301,JUNIN,CHANCHAMAYO,CHANCHAMAYO,15/06/2023
ENERO - DICIEMBRE,2022,06/01/2023,SULLANA,PROVINCIAL,FAMILIA,ACTOS CONTRA LA LIBERTAD SEXUAL,DENUNCIA,,27,24,200601,PIURA,SULLANA,SULLANA,15/06/2023
ENERO - DICIEMBRE,2022,06/01/2023,SULLANA,PROVINCIAL,FAMILIA,FAMILIA CIVIL,EXPEDIENTE,,483,472,200601,PIURA,SULLANA,SULLANA,15/06/2023
ENERO - DICIEMBRE,2022,06/01/2023,SULLANA,PROVINCIAL,FAMILIA,FAMILIA PENAL,DENUNCIA,,293,273,200601,PIURA,SULLANA,SULLANA,15/06/2023
ENERO - DICIEMBRE,2022,06/01/2023,SULLANA,PROVINCIAL,FAMILIA,FAMILIA PENAL,EXPEDIENTE,,104,99,200601,PIURA,SULLANA,SULLANA,15/06/2023
ENERO - DICIEMBRE,2022,06/01/2023,SULLANA,PROVINCIAL,FAMILIA,FAMILIA TUTELAR,DENUNCIA,,61,56,200601,PIURA,SULLANA,SULLANA,15/06/2023
ENERO - DICIEMBRE,2022,06/01/2023,SULLANA,PROVINCIAL,FAMILIA,FAMILIA TUTELAR,EXPEDIENTE,,28,25,200601,PIURA,SULLANA,SULLANA,15/06/2023
ENERO - DICIEMBRE,2022,06/01/2023,SULLANA,PROVINCIAL,FAMILIA,VIOLENCIA FAMILIAR,DENUNCIA,,31,31,200601,PIURA,SULLANA,SULLANA,15/06/2023
ENERO - DICIEMBRE,2022,06/01/2023,SULLANA,PROVINCIAL,FAMILIA,VIOLENCIA FAMILIAR,EXPEDIENTE,,5,5,200601,PIURA,SULLANA,SULLANA,15/06/2023
ENERO - DICIEMBRE,2022,06/01/2023,SULLANA,PROVINCIAL,PENAL,PENAL,DENUNCIA,DELITOS DE CORRUPCION DE FUNCIONARIOS,219,205,200601,PIURA,SULLANA,SULLANA,15/06/2023
ENERO - DICIEMBRE,2022,06/01/2023,SULLANA,PROVINCIAL,PENAL,PENAL,DENUNCIA,MATERIA AMBIENTAL,334,334,200601,PIURA,SULLANA,SULLANA,15/06/2023
ENERO - DICIEMBRE,2022,06/01/2023,SULLANA,PROVINCIAL,PENAL,PENAL,DENUNCIA,,4,4,200601,PIURA,SULLANA,SULLANA,15/06/2023
ENERO - DICIEMBRE,2022,06/01/2023,SULLANA,PROVINCIAL,PENAL,PENAL,DENUNCIA,,15757,14733,200601,PIURA,SULLANA,SULLANA,15/06/2023
ENERO - DICIEMBRE,2022,06/01/2023,SULLANA,PROVINCIAL,PENAL,PENAL,EXPEDIENTE,,10,10,200601,PIURA,SULLANA,SULLANA,15/06/2023
ENERO - DICIEMBRE,2022,06/01/2023,SULLANA,PROVINCIAL,PENAL,PENAL,INVESTIGACION PREVENTIVA,,426,420,200601,PIURA,SULLANA,SULLANA,15/06/2023
ENERO - DICIEMBRE,2022,06/01/2023,SULLANA,PROVINCIAL,PENAL,PENAL,INVESTIGACION PREVENTIVA,,16,16,200601,PIURA,SULLANA,SULLANA,15/06/2023
ENERO - DICIEMBRE,2022,06/01/2023,SULLANA,SUPERIOR,FAMILIA,FAMILIA CIVIL,EXPEDIENTE,,20,20,200601,PIURA,SULLANA,SULLANA,15/06/2023
ENERO - DICIEMBRE,2022,06/01/2023,SULLANA,SUPERIOR,FAMILIA,FAMILIA CIVIL,INCIDENTE,,1,1,200601,PIURA,SULLANA,SULLANA,15/06/2023
ENERO - DICIEMBRE,2022,06/01/2023,SULLANA,SUPERIOR,FAMILIA,FAMILIA PENAL,EXPEDIENTE,,28,28,200601,PIURA,SULLANA,SULLANA,15/06/2023
ENERO - DICIEMBRE,2022,06/01/2023,SULLANA,SUPERIOR,FAMILIA,FAMILIA TUTELAR,EXPEDIENTE,,2,2,200601,PIURA,SULLANA,SULLANA,15/06/2023
ENERO - DICIEMBRE,2022,06/01/2023,SULLANA,SUPERIOR,FAMILIA,VIOLENCIA FAMILIAR,EXPEDIENTE,,77,77,200601,PIURA,SULLANA,SULLANA,15/06/2023
ENERO - DICIEMBRE,2022,06/01/2023,SULLANA,SUPERIOR,PENAL,PENAL,APELACION DENUNCIA,,1184,1181,200601,PIURA,SULLANA,SULLANA,15/06/2023
ENERO - DICIEMBRE,2022,06/01/2023,SULLANA,SUPERIOR,PENAL,PENAL,APELACION EXPEDIENTE,,47,47,200601,PIURA,SULLANA,SULLANA,15/06/2023
ENERO - DICIEMBRE,2022,06/01/2023,SULLANA,SUPERIOR,PENAL,PENAL,CONSULTAS,,63,63,200601,PIURA,SULLANA,SULLANA,15/06/2023
ENERO - DICIEMBRE,2022,06/01/2023,SULLANA,SUPERIOR,PENAL,PENAL,DENUNCIA,,22,22,200601,PIURA,SULLANA,SULLANA,15/06/2023
ENERO - DICIEMBRE,2022,06/01/2023,SULLANA,SUPERIOR,PENAL,PENAL,EXCLUSION FISCAL,,1,1,200601,PIURA,SULLANA,SULLANA,15/06/2023
ENERO - DICIEMBRE,2022,06/01/2023,SULLANA,SUPERIOR,PENAL,PENAL,QUEJAS,,786,772,200601,PIURA,SULLANA,SULLANA,15/06/2023
ENERO - DICIEMBRE,2022,06/01/2023,TACNA,PROVINCIAL,CIVIL,CIVIL,EXPEDIENTE,,41,39,230101,TACNA,TACNA,TACNA,15/06/2023
ENERO - DICIEMBRE,2022,06/01/2023,TACNA,PROVINCIAL,FAMILIA,FAMILIA CIVIL,EXPEDIENTE,,949,916,230101,TACNA,TACNA,TACNA,15/06/2023
ENERO - DICIEMBRE,2022,06/01/2023,TACNA,PROVINCIAL,FAMILIA,FAMILIA PENAL,DENUNCIA,,211,179,230101,TACNA,TACNA,TACNA,15/06/2023
ENERO - DICIEMBRE,2022,06/01/2023,TACNA,PROVINCIAL,FAMILIA,FAMILIA PENAL,EXPEDIENTE,,42,42,230101,TACNA,TACNA,TACNA,15/06/2023
ENERO - DICIEMBRE,2022,06/01/2023,TACNA,PROVINCIAL,FAMILIA,FAMILIA TUTELAR,DENUNCIA,,37,26,230101,TACNA,TACNA,TACNA,15/06/2023
ENERO - DICIEMBRE,2022,06/01/2023,TACNA,PROVINCIAL,FAMILIA,FAMILIA TUTELAR,EXPEDIENTE,,33,28,230101,TACNA,TACNA,TACNA,15/06/2023
ENERO - DICIEMBRE,2022,06/01/2023,TACNA,PROVINCIAL,FAMILIA,VIOLENCIA FAMILIAR,DENUNCIA,,5,5,230101,TACNA,TACNA,TACNA,15/06/2023
ENERO - DICIEMBRE,2022,06/01/2023,TACNA,PROVINCIAL,PENAL,PENAL,DENUNCIA,DELITOS DE CORRUPCION DE FUNCIONARIOS,329,307,230101,TACNA,TACNA,TACNA,15/06/2023
ENERO - DICIEMBRE,2022,06/01/2023,TACNA,PROVINCIAL,PENAL,PENAL,DENUNCIA,DELITOS ADUANEROS Y CONTRA LA PROPIEDAD INTELECTUAL,437,416,230101,TACNA,TACNA,TACNA,15/06/2023
ENERO - DICIEMBRE,2022,06/01/2023,TACNA,PROVINCIAL,PENAL,PENAL,DENUNCIA,LAVADO DE ACTIVOS Y PERDIDA DE DOMINIO,31,29,230101,TACNA,TACNA,TACNA,15/06/2023
ENERO - DICIEMBRE,2022,06/01/2023,TACNA,PROVINCIAL,PENAL,PENAL,DENUNCIA,MATERIA AMBIENTAL,175,175,230101,TACNA,TACNA,TACNA,15/06/2023
ENERO - DICIEMBRE,2022,06/01/2023,TACNA,PROVINCIAL,PENAL,PENAL,DENUNCIA,DELITOS DE TRAFICO ILICITO DE DROGAS,58,58,230101,TACNA,TACNA,TACNA,15/06/2023
ENERO - DICIEMBRE,2022,06/01/2023,TACNA,PROVINCIAL,PENAL,PENAL,DENUNCIA,DELITOS DE TRATA DE PERSONAS,73,73,230101,TACNA,TACNA,TACNA,15/06/2023
ENERO - DICIEMBRE,2022,06/01/2023,TACNA,PROVINCIAL,PENAL,PENAL,DENUNCIA,VIOLENCIA CONTRA LA MUJER Y LOS INTEGRANTES DEL GRUPO FAMILIAR,1589,1563,230101,TACNA,TACNA,TACNA,15/06/2023
ENERO - DICIEMBRE,2022,06/01/2023,TACNA,PROVINCIAL,PENAL,PENAL,DENUNCIA,,12603,11924,230101,TACNA,TACNA,TACNA,15/06/2023
ENERO - DICIEMBRE,2022,06/01/2023,TACNA,PROVINCIAL,PENAL,PENAL,EXPEDIENTE,,6,4,230101,TACNA,TACNA,TACNA,15/06/2023
ENERO - DICIEMBRE,2022,06/01/2023,TACNA,PROVINCIAL,PENAL,PENAL,INVESTIGACION PREVENTIVA,DELITOS DE CORRUPCION DE FUNCIONARIOS,14,14,230101,TACNA,TACNA,TACNA,15/06/2023
ENERO - DICIEMBRE,2022,06/01/2023,TACNA,PROVINCIAL,PENAL,PENAL,INVESTIGACION PREVENTIVA,MATERIA AMBIENTAL,28,28,230101,TACNA,TACNA,TACNA,15/06/2023
ENERO - DICIEMBRE,2022,06/01/2023,TACNA,PROVINCIAL,PENAL,PENAL,INVESTIGACION PREVENTIVA,,732,731,230101,TACNA,TACNA,TACNA,15/06/2023
ENERO - DICIEMBRE,2022,06/01/2023,TACNA,PROVINCIAL,PENAL,PENAL,INVESTIGACION PREVENTIVA,,10,10,230101,TACNA,TACNA,TACNA,15/06/2023
ENERO - DICIEMBRE,2022,06/01/2023,TACNA,SUPERIOR,CIVIL,CIVIL,EXPEDIENTE,,15,15,230101,TACNA,TACNA,TACNA,15/06/2023
ENERO - DICIEMBRE,2022,06/01/2023,TACNA,SUPERIOR,FAMILIA,FAMILIA CIVIL,EXPEDIENTE,,172,172,230101,TACNA,TACNA,TACNA,15/06/2023
ENERO - DICIEMBRE,2022,06/01/2023,TACNA,SUPERIOR,FAMILIA,FAMILIA PENAL,EXPEDIENTE,,11,11,230101,TACNA,TACNA,TACNA,15/06/2023
ENERO - DICIEMBRE,2022,06/01/2023,TACNA,SUPERIOR,FAMILIA,FAMILIA TUTELAR,EXPEDIENTE,,4,4,230101,TACNA,TACNA,TACNA,15/06/2023
ENERO - DICIEMBRE,2022,06/01/2023,TACNA,SUPERIOR,FAMILIA,VIOLENCIA FAMILIAR,EXPEDIENTE,,191,190,230101,TACNA,TACNA,TACNA,15/06/2023
ENERO - DICIEMBRE,2022,06/01/2023,TACNA,SUPERIOR,PENAL,PENAL,APELACION DENUNCIA,,701,697,230101,TACNA,TACNA,TACNA,15/06/2023
ENERO - DICIEMBRE,2022,06/01/2023,TACNA,SUPERIOR,PENAL,PENAL,CONSULTAS,,171,171,230101,TACNA,TACNA,TACNA,15/06/2023
ENERO - DICIEMBRE,2022,06/01/2023,TACNA,SUPERIOR,PENAL,PENAL,DENUNCIA,,44,44,230101,TACNA,TACNA,TACNA,15/06/2023
ENERO - DICIEMBRE,2022,06/01/2023,TACNA,SUPERIOR,PENAL,PENAL,EXCLUSION FISCAL,,13,13,230101,TACNA,TACNA,TACNA,15/06/2023
ENERO - DICIEMBRE,2022,06/01/2023,TACNA,SUPERIOR,PENAL,PENAL,EXPEDIENTE,,39,38,230101,TACNA,TACNA,TACNA,15/06/2023
ENERO - DICIEMBRE,2022,06/01/2023,TACNA,SUPERIOR,PENAL,PENAL,INCIDENTE-EXPEDIENTE,,7,7,230101,TACNA,TACNA,TACNA,15/06/2023
ENERO - DICIEMBRE,2022,06/01/2023,TACNA,SUPERIOR,PENAL,PENAL,QUEJAS,,1029,1029,230101,TACNA,TACNA,TACNA,15/06/2023
ENERO - DICIEMBRE,2022,06/01/2023,TUMBES,PROVINCIAL,CIVIL,CIVIL,EXPEDIENTE,,4,3,240101,TUMBES,TUMBES,TUMBES,15/06/2023
ENERO - DICIEMBRE,2022,06/01/2023,TUMBES,PROVINCIAL,FAMILIA,ACTOS CONTRA LA LIBERTAD SEXUAL,DENUNCIA,,18,18,240101,TUMBES,TUMBES,TUMBES,15/06/2023
ENERO - DICIEMBRE,2022,06/01/2023,TUMBES,PROVINCIAL,FAMILIA,FAMILIA CIVIL,EXPEDIENTE,,321,315,240101,TUMBES,TUMBES,TUMBES,15/06/2023
ENERO - DICIEMBRE,2022,06/01/2023,TUMBES,PROVINCIAL,FAMILIA,FAMILIA PENAL,DENUNCIA,,351,342,240101,TUMBES,TUMBES,TUMBES,15/06/2023
ENERO - DICIEMBRE,2022,06/01/2023,TUMBES,PROVINCIAL,FAMILIA,FAMILIA PENAL,EXPEDIENTE,,98,98,240101,TUMBES,TUMBES,TUMBES,15/06/2023
ENERO - DICIEMBRE,2022,06/01/2023,TUMBES,PROVINCIAL,FAMILIA,FAMILIA TUTELAR,DENUNCIA,,16,16,240101,TUMBES,TUMBES,TUMBES,15/06/2023
ENERO - DICIEMBRE,2022,06/01/2023,TUMBES,PROVINCIAL,FAMILIA,FAMILIA TUTELAR,EXPEDIENTE,,64,64,240101,TUMBES,TUMBES,TUMBES,15/06/2023
ENERO - DICIEMBRE,2022,06/01/2023,TUMBES,PROVINCIAL,PENAL,PENAL,DENUNCIA,DELITOS DE CORRUPCION DE FUNCIONARIOS,188,186,240101,TUMBES,TUMBES,TUMBES,15/06/2023
ENERO - DICIEMBRE,2022,06/01/2023,TUMBES,PROVINCIAL,PENAL,PENAL,DENUNCIA,CONTRA LA CRIMINALIDAD ORGANIZADA,8,8,240101,TUMBES,TUMBES,TUMBES,15/06/2023
ENERO - DICIEMBRE,2022,06/01/2023,TUMBES,PROVINCIAL,PENAL,PENAL,DENUNCIA,DELITOS ADUANEROS Y CONTRA LA PROPIEDAD INTELECTUAL,264,253,240101,TUMBES,TUMBES,TUMBES,15/06/2023
ENERO - DICIEMBRE,2022,06/01/2023,TUMBES,PROVINCIAL,PENAL,PENAL,DENUNCIA,LAVADO DE ACTIVOS Y PERDIDA DE DOMINIO,14,14,240101,TUMBES,TUMBES,TUMBES,15/06/2023
ENERO - DICIEMBRE,2022,06/01/2023,TUMBES,PROVINCIAL,PENAL,PENAL,DENUNCIA,MATERIA AMBIENTAL,162,162,240101,TUMBES,TUMBES,TUMBES,15/06/2023
ENERO - DICIEMBRE,2022,06/01/2023,TUMBES,PROVINCIAL,PENAL,PENAL,DENUNCIA,DELITOS DE TRAFICO ILICITO DE DROGAS,115,114,240101,TUMBES,TUMBES,TUMBES,15/06/2023
ENERO - DICIEMBRE,2022,06/01/2023,TUMBES,PROVINCIAL,PENAL,PENAL,DENUNCIA,DELITOS DE TRATA DE PERSONAS,146,145,240101,TUMBES,TUMBES,TUMBES,15/06/2023
ENERO - DICIEMBRE,2022,06/01/2023,TUMBES,PROVINCIAL,PENAL,PENAL,DENUNCIA,VIOLENCIA CONTRA LA MUJER Y LOS INTEGRANTES DEL GRUPO FAMILIAR,1614,1599,240101,TUMBES,TUMBES,TUMBES,15/06/2023
ENERO - DICIEMBRE,2022,06/01/2023,TUMBES,PROVINCIAL,PENAL,PENAL,DENUNCIA,,8981,7990,240101,TUMBES,TUMBES,TUMBES,15/06/2023
ENERO - DICIEMBRE,2022,06/01/2023,TUMBES,PROVINCIAL,PENAL,PENAL,EXPEDIENTE,,1,1,240101,TUMBES,TUMBES,TUMBES,15/06/2023
ENERO - DICIEMBRE,2022,06/01/2023,TUMBES,PROVINCIAL,PENAL,PENAL,INVESTIGACION PREVENTIVA,MATERIA AMBIENTAL,42,41,240101,TUMBES,TUMBES,TUMBES,15/06/2023
ENERO - DICIEMBRE,2022,06/01/2023,TUMBES,PROVINCIAL,PENAL,PENAL,INVESTIGACION PREVENTIVA,,270,270,240101,TUMBES,TUMBES,TUMBES,15/06/2023
ENERO - DICIEMBRE,2022,06/01/2023,TUMBES,SUPERIOR,CIVIL,CIVIL,EXPEDIENTE,,14,13,240101,TUMBES,TUMBES,TUMBES,15/06/2023
ENERO - DICIEMBRE,2022,06/01/2023,TUMBES,SUPERIOR,FAMILIA,FAMILIA CIVIL,EXPEDIENTE,,14,14,240101,TUMBES,TUMBES,TUMBES,15/06/2023
ENERO - DICIEMBRE,2022,06/01/2023,TUMBES,SUPERIOR,FAMILIA,FAMILIA CIVIL,INCIDENTE,,1,1,240101,TUMBES,TUMBES,TUMBES,15/06/2023
ENERO - DICIEMBRE,2022,06/01/2023,TUMBES,SUPERIOR,FAMILIA,FAMILIA PENAL,EXPEDIENTE,,14,14,240101,TUMBES,TUMBES,TUMBES,15/06/2023
ENERO - DICIEMBRE,2022,06/01/2023,TUMBES,SUPERIOR,FAMILIA,FAMILIA TUTELAR,EXPEDIENTE,,2,2,240101,TUMBES,TUMBES,TUMBES,15/06/2023
ENERO - DICIEMBRE,2022,06/01/2023,TUMBES,SUPERIOR,FAMILIA,VIOLENCIA FAMILIAR,EXPEDIENTE,,19,19,240101,TUMBES,TUMBES,TUMBES,15/06/2023
ENERO - DICIEMBRE,2022,06/01/2023,TUMBES,SUPERIOR,PENAL,PENAL,APELACION DENUNCIA,,700,679,240101,TUMBES,TUMBES,TUMBES,15/06/2023
ENERO - DICIEMBRE,2022,06/01/2023,TUMBES,SUPERIOR,PENAL,PENAL,APELACION EXPEDIENTE,,1,1,240101,TUMBES,TUMBES,TUMBES,15/06/2023
ENERO - DICIEMBRE,2022,06/01/2023,TUMBES,SUPERIOR,PENAL,PENAL,CONSULTAS,,84,84,240101,TUMBES,TUMBES,TUMBES,15/06/2023
ENERO - DICIEMBRE,2022,06/01/2023,TUMBES,SUPERIOR,PENAL,PENAL,DENUNCIA,,11,11,240101,TUMBES,TUMBES,TUMBES,15/06/2023
ENERO - DICIEMBRE,2022,06/01/2023,TUMBES,SUPERIOR,PENAL,PENAL,EXCLUSION FISCAL,,10,10,240101,TUMBES,TUMBES,TUMBES,15/06/2023
ENERO - DICIEMBRE,2022,06/01/2023,TUMBES,SUPERIOR,PENAL,PENAL,EXPEDIENTE,,5,5,240101,TUMBES,TUMBES,TUMBES,15/06/2023
ENERO - DICIEMBRE,2022,06/01/2023,TUMBES,SUPERIOR,PENAL,PENAL,QUEJAS,,405,403,240101,TUMBES,TUMBES,TUMBES,15/06/2023
ENERO - DICIEMBRE,2022,06/01/2023,UCAYALI,PROVINCIAL,CIVIL,CIVIL,EXPEDIENTE,,24,24,250101,UCAYALI,CORONEL PORTILLO,CALLERIA,15/06/2023
ENERO - DICIEMBRE,2022,06/01/2023,UCAYALI,PROVINCIAL,FAMILIA,ACTOS CONTRA LA LIBERTAD SEXUAL,DENUNCIA,,37,34,250101,UCAYALI,CORONEL PORTILLO,CALLERIA,15/06/2023
ENERO - DICIEMBRE,2022,06/01/2023,UCAYALI,PROVINCIAL,FAMILIA,FAMILIA CIVIL,EXPEDIENTE,,446,425,250101,UCAYALI,CORONEL PORTILLO,CALLERIA,15/06/2023
ENERO - DICIEMBRE,2022,06/01/2023,UCAYALI,PROVINCIAL,FAMILIA,FAMILIA PENAL,DENUNCIA,,569,498,250101,UCAYALI,CORONEL PORTILLO,CALLERIA,15/06/2023
ENERO - DICIEMBRE,2022,06/01/2023,UCAYALI,PROVINCIAL,FAMILIA,FAMILIA PENAL,EXPEDIENTE,,246,241,250101,UCAYALI,CORONEL PORTILLO,CALLERIA,15/06/2023
ENERO - DICIEMBRE,2022,06/01/2023,UCAYALI,PROVINCIAL,FAMILIA,FAMILIA TUTELAR,DENUNCIA,,487,415,250101,UCAYALI,CORONEL PORTILLO,CALLERIA,15/06/2023
ENERO - DICIEMBRE,2022,06/01/2023,UCAYALI,PROVINCIAL,FAMILIA,FAMILIA TUTELAR,EXPEDIENTE,,161,160,250101,UCAYALI,CORONEL PORTILLO,CALLERIA,15/06/2023
ENERO - DICIEMBRE,2022,06/01/2023,UCAYALI,PROVINCIAL,FAMILIA,VIOLENCIA FAMILIAR,DENUNCIA,,20,18,250101,UCAYALI,CORONEL PORTILLO,CALLERIA,15/06/2023
ENERO - DICIEMBRE,2022,06/01/2023,UCAYALI,PROVINCIAL,FAMILIA,VIOLENCIA FAMILIAR,EXPEDIENTE,,2,2,250101,UCAYALI,CORONEL PORTILLO,CALLERIA,15/06/2023
ENERO - DICIEMBRE,2022,06/01/2023,UCAYALI,PROVINCIAL,PENAL,PENAL,INVESTIGACION PREVENTIVA,MATERIA AMBIENTAL,8,7,250101,UCAYALI,CORONEL PORTILLO,CALLERIA,15/06/2023
ENERO - DICIEMBRE,2022,06/01/2023,UCAYALI,PROVINCIAL,PENAL,PENAL,INVESTIGACION PREVENTIVA,,486,486,250101,UCAYALI,CORONEL PORTILLO,CALLERIA,15/06/2023
ENERO - DICIEMBRE,2022,06/01/2023,UCAYALI,PROVINCIAL,PENAL,PENAL,INVESTIGACION PREVENTIVA,,12,6,250101,UCAYALI,CORONEL PORTILLO,CALLERIA,15/06/2023
ENERO - DICIEMBRE,2022,06/01/2023,UCAYALI,PROVINCIAL,PENAL,PENAL,DENUNCIA,DELITOS DE CORRUPCION DE FUNCIONARIOS,476,365,250101,UCAYALI,CORONEL PORTILLO,CALLERIA,15/06/2023
ENERO - DICIEMBRE,2022,06/01/2023,UCAYALI,PROVINCIAL,PENAL,PENAL,DENUNCIA,CONTRA LA CRIMINALIDAD ORGANIZADA,62,57,250101,UCAYALI,CORONEL PORTILLO,CALLERIA,15/06/2023
ENERO - DICIEMBRE,2022,06/01/2023,UCAYALI,PROVINCIAL,PENAL,PENAL,DENUNCIA,MATERIA AMBIENTAL,889,743,250101,UCAYALI,CORONEL PORTILLO,CALLERIA,15/06/2023
ENERO - DICIEMBRE,2022,06/01/2023,UCAYALI,PROVINCIAL,PENAL,PENAL,DENUNCIA,,1,1,250101,UCAYALI,CORONEL PORTILLO,CALLERIA,15/06/2023
ENERO - DICIEMBRE,2022,06/01/2023,UCAYALI,PROVINCIAL,PENAL,PENAL,DENUNCIA,DELITOS DE TRAFICO ILICITO DE DROGAS,470,460,250101,UCAYALI,CORONEL PORTILLO,CALLERIA,15/06/2023
ENERO - DICIEMBRE,2022,06/01/2023,UCAYALI,PROVINCIAL,PENAL,PENAL,DENUNCIA,,14331,12723,250101,UCAYALI,CORONEL PORTILLO,CALLERIA,15/06/2023
ENERO - DICIEMBRE,2022,06/01/2023,UCAYALI,PROVINCIAL,PENAL,PENAL,EXPEDIENTE,,2,1,250101,UCAYALI,CORONEL PORTILLO,CALLERIA,15/06/2023
ENERO - DICIEMBRE,2022,06/01/2023,UCAYALI,SUPERIOR,CIVIL,CIVIL,EXPEDIENTE,,2,2,250101,UCAYALI,CORONEL PORTILLO,CALLERIA,15/06/2023
ENERO - DICIEMBRE,2022,06/01/2023,UCAYALI,SUPERIOR,FAMILIA,FAMILIA CIVIL,EXPEDIENTE,,101,100,250101,UCAYALI,CORONEL PORTILLO,CALLERIA,15/06/2023
ENERO - DICIEMBRE,2022,06/01/2023,UCAYALI,SUPERIOR,FAMILIA,FAMILIA CIVIL,INCIDENTE,,1,1,250101,UCAYALI,CORONEL PORTILLO,CALLERIA,15/06/2023
ENERO - DICIEMBRE,2022,06/01/2023,UCAYALI,SUPERIOR,FAMILIA,FAMILIA PENAL,EXPEDIENTE,,48,48,250101,UCAYALI,CORONEL PORTILLO,CALLERIA,15/06/2023
ENERO - DICIEMBRE,2022,06/01/2023,UCAYALI,SUPERIOR,FAMILIA,FAMILIA TUTELAR,EXPEDIENTE,,42,42,250101,UCAYALI,CORONEL PORTILLO,CALLERIA,15/06/2023
ENERO - DICIEMBRE,2022,06/01/2023,UCAYALI,SUPERIOR,FAMILIA,VIOLENCIA FAMILIAR,EXPEDIENTE,,45,43,250101,UCAYALI,CORONEL PORTILLO,CALLERIA,15/06/2023
ENERO - DICIEMBRE,2022,06/01/2023,UCAYALI,SUPERIOR,FAMILIA,VIOLENCIA FAMILIAR,INCIDENTE,,2,2,250101,UCAYALI,CORONEL PORTILLO,CALLERIA,15/06/2023
ENERO - DICIEMBRE,2022,06/01/2023,UCAYALI,SUPERIOR,PENAL,PENAL,APELACION DENUNCIA,DELITOS DE CORRUPCION DE FUNCIONARIOS,74,73,250101,UCAYALI,CORONEL PORTILLO,CALLERIA,15/06/2023
ENERO - DICIEMBRE,2022,06/01/2023,UCAYALI,SUPERIOR,PENAL,PENAL,APELACION DENUNCIA,,863,824,250101,UCAYALI,CORONEL PORTILLO,CALLERIA,15/06/2023
ENERO - DICIEMBRE,2022,06/01/2023,UCAYALI,SUPERIOR,PENAL,PENAL,APELACION EXPEDIENTE,DELITOS DE CORRUPCION DE FUNCIONARIOS,1,1,250101,UCAYALI,CORONEL PORTILLO,CALLERIA,15/06/2023
ENERO - DICIEMBRE,2022,06/01/2023,UCAYALI,SUPERIOR,PENAL,PENAL,APELACION EXPEDIENTE,,3,3,250101,UCAYALI,CORONEL PORTILLO,CALLERIA,15/06/2023
ENERO - DICIEMBRE,2022,06/01/2023,UCAYALI,SUPERIOR,PENAL,PENAL,CONSULTAS,DELITOS DE CORRUPCION DE FUNCIONARIOS,12,12,250101,UCAYALI,CORONEL PORTILLO,CALLERIA,15/06/2023
ENERO - DICIEMBRE,2022,06/01/2023,UCAYALI,SUPERIOR,PENAL,PENAL,CONSULTAS,,168,148,250101,UCAYALI,CORONEL PORTILLO,CALLERIA,15/06/2023
ENERO - DICIEMBRE,2022,06/01/2023,UCAYALI,SUPERIOR,PENAL,PENAL,DENUNCIA,DELITOS DE CORRUPCION DE FUNCIONARIOS,21,21,250101,UCAYALI,CORONEL PORTILLO,CALLERIA,15/06/2023
ENERO - DICIEMBRE,2022,06/01/2023,UCAYALI,SUPERIOR,PENAL,PENAL,DENUNCIA,,56,53,250101,UCAYALI,CORONEL PORTILLO,CALLERIA,15/06/2023
ENERO - DICIEMBRE,2022,06/01/2023,UCAYALI,SUPERIOR,PENAL,PENAL,EXCLUSION FISCAL,DELITOS DE CORRUPCION DE FUNCIONARIOS,4,4,250101,UCAYALI,CORONEL PORTILLO,CALLERIA,15/06/2023
ENERO - DICIEMBRE,2022,06/01/2023,UCAYALI,SUPERIOR,PENAL,PENAL,EXCLUSION FISCAL,,19,19,250101,UCAYALI,CORONEL PORTILLO,CALLERIA,15/06/2023
ENERO - DICIEMBRE,2022,06/01/2023,UCAYALI,SUPERIOR,PENAL,PENAL,EXPEDIENTE,,165,156,250101,UCAYALI,CORONEL PORTILLO,CALLERIA,15/06/2023
ENERO - DICIEMBRE,2022,06/01/2023,UCAYALI,SUPERIOR,PENAL,PENAL,QUEJAS,DELITOS DE CORRUPCION DE FUNCIONARIOS,17,17,250101,UCAYALI,CORONEL PORTILLO,CALLERIA,15/06/2023
ENERO - DICIEMBRE,2022,06/01/2023,UCAYALI,SUPERIOR,PENAL,PENAL,QUEJAS,,764,668,250101,UCAYALI,CORONEL PORTILLO,CALLERIA,15/06/2023
