periodo,anio,fecha_descarga,distrito_fiscal,tipo_fiscalia,materia,especialidad,tipo_caso,especilizada,ingresado,atendido,ubigeo_pjfs,dpto_pjfs,prov_pjfs,dist_pjfs,fecha_corte
ENERO - DICIEMBRE,2024,06/01/2025,AMAZONAS,PROVINCIAL,CIVIL,CIVIL,EXPEDIENTE,,182,147,10101,AMAZONAS,CHACHAPOYAS,CHACHAPOYAS,30/10/2025
ENERO - DICIEMBRE,2024,06/01/2025,AMAZONAS,PROVINCIAL,FAMILIA,ACTOS CONTRA LA LIBERTAD SEXUAL,DENUNCIA,,27,25,10101,AMAZONAS,CHACHAPOYAS,CHACHAPOYAS,30/10/2025
ENERO - DICIEMBRE,2024,06/01/2025,AMAZONAS,PROVINCIAL,FAMILIA,FAMILIA CIVIL,EXPEDIENTE,,390,374,10101,AMAZONAS,CHACHAPOYAS,CHACHAPOYAS,30/10/2025
ENERO - DICIEMBRE,2024,06/01/2025,AMAZONAS,PROVINCIAL,FAMILIA,FAMILIA PENAL,DENUNCIA,,337,285,10101,AMAZONAS,CHACHAPOYAS,CHACHAPOYAS,30/10/2025
ENERO - DICIEMBRE,2024,06/01/2025,AMAZONAS,PROVINCIAL,FAMILIA,FAMILIA PENAL,EXPEDIENTE,,69,64,10101,AMAZONAS,CHACHAPOYAS,CHACHAPOYAS,30/10/2025
ENERO - DICIEMBRE,2024,06/01/2025,AMAZONAS,PROVINCIAL,FAMILIA,FAMILIA TUTELAR,DENUNCIA,,395,351,10101,AMAZONAS,CHACHAPOYAS,CHACHAPOYAS,30/10/2025
ENERO - DICIEMBRE,2024,06/01/2025,AMAZONAS,PROVINCIAL,FAMILIA,FAMILIA TUTELAR,EXPEDIENTE,,53,50,10101,AMAZONAS,CHACHAPOYAS,CHACHAPOYAS,30/10/2025
ENERO - DICIEMBRE,2024,06/01/2025,AMAZONAS,PROVINCIAL,FAMILIA,VIOLENCIA FAMILIAR,DENUNCIA,,17,17,10101,AMAZONAS,CHACHAPOYAS,CHACHAPOYAS,30/10/2025
ENERO - DICIEMBRE,2024,06/01/2025,AMAZONAS,PROVINCIAL,PENAL,PENAL,DENUNCIA,CONTRA LA CRIMINALIDAD ORGANIZADA,24,23,10101,AMAZONAS,CHACHAPOYAS,CHACHAPOYAS,30/10/2025
ENERO - DICIEMBRE,2024,06/01/2025,AMAZONAS,PROVINCIAL,PENAL,PENAL,DENUNCIA,DELITOS DE CORRUPCION DE FUNCIONARIOS,437,411,10101,AMAZONAS,CHACHAPOYAS,CHACHAPOYAS,30/10/2025
ENERO - DICIEMBRE,2024,06/01/2025,AMAZONAS,PROVINCIAL,PENAL,PENAL,DENUNCIA,DELITOS DE TRAFICO ILICITO DE DROGAS,69,69,10101,AMAZONAS,CHACHAPOYAS,CHACHAPOYAS,30/10/2025
ENERO - DICIEMBRE,2024,06/01/2025,AMAZONAS,PROVINCIAL,PENAL,PENAL,DENUNCIA,MATERIA AMBIENTAL,502,502,10101,AMAZONAS,CHACHAPOYAS,CHACHAPOYAS,30/10/2025
ENERO - DICIEMBRE,2024,06/01/2025,AMAZONAS,PROVINCIAL,PENAL,PENAL,DENUNCIA,VIOLENCIA CONTRA LA MUJER Y LOS INTEGRANTES DEL GRUPO FAMILIAR,1027,974,10101,AMAZONAS,CHACHAPOYAS,CHACHAPOYAS,30/10/2025
ENERO - DICIEMBRE,2024,06/01/2025,AMAZONAS,PROVINCIAL,PENAL,PENAL,DENUNCIA,,13010,11961,10101,AMAZONAS,CHACHAPOYAS,CHACHAPOYAS,30/10/2025
ENERO - DICIEMBRE,2024,06/01/2025,AMAZONAS,PROVINCIAL,PENAL,PENAL,EXPEDIENTE,,1,1,10101,AMAZONAS,CHACHAPOYAS,CHACHAPOYAS,30/10/2025
ENERO - DICIEMBRE,2024,06/01/2025,AMAZONAS,PROVINCIAL,PENAL,PENAL,INVESTIGACION PREVENTIVA,DELITOS DE CORRUPCION DE FUNCIONARIOS,1,1,10101,AMAZONAS,CHACHAPOYAS,CHACHAPOYAS,30/10/2025
ENERO - DICIEMBRE,2024,06/01/2025,AMAZONAS,PROVINCIAL,PENAL,PENAL,INVESTIGACION PREVENTIVA,MATERIA AMBIENTAL,34,34,10101,AMAZONAS,CHACHAPOYAS,CHACHAPOYAS,30/10/2025
ENERO - DICIEMBRE,2024,06/01/2025,AMAZONAS,PROVINCIAL,PENAL,PENAL,INVESTIGACION PREVENTIVA,,1516,1509,10101,AMAZONAS,CHACHAPOYAS,CHACHAPOYAS,30/10/2025
ENERO - DICIEMBRE,2024,06/01/2025,AMAZONAS,SUPERIOR,CIVIL,CIVIL,EXPEDIENTE,,1,1,10101,AMAZONAS,CHACHAPOYAS,CHACHAPOYAS,30/10/2025
ENERO - DICIEMBRE,2024,06/01/2025,AMAZONAS,SUPERIOR,FAMILIA,FAMILIA CIVIL,EXPEDIENTE,,2,2,10101,AMAZONAS,CHACHAPOYAS,CHACHAPOYAS,30/10/2025
ENERO - DICIEMBRE,2024,06/01/2025,AMAZONAS,SUPERIOR,FAMILIA,FAMILIA CIVIL,INCIDENTE,,12,11,10101,AMAZONAS,CHACHAPOYAS,CHACHAPOYAS,30/10/2025
ENERO - DICIEMBRE,2024,06/01/2025,AMAZONAS,SUPERIOR,FAMILIA,FAMILIA PENAL,EXPEDIENTE,,4,2,10101,AMAZONAS,CHACHAPOYAS,CHACHAPOYAS,30/10/2025
ENERO - DICIEMBRE,2024,06/01/2025,AMAZONAS,SUPERIOR,FAMILIA,FAMILIA PENAL,INCIDENTE,,12,8,10101,AMAZONAS,CHACHAPOYAS,CHACHAPOYAS,30/10/2025
ENERO - DICIEMBRE,2024,06/01/2025,AMAZONAS,SUPERIOR,FAMILIA,FAMILIA TUTELAR,EXPEDIENTE,,5,3,10101,AMAZONAS,CHACHAPOYAS,CHACHAPOYAS,30/10/2025
ENERO - DICIEMBRE,2024,06/01/2025,AMAZONAS,SUPERIOR,FAMILIA,VIOLENCIA FAMILIAR,EXPEDIENTE,,20,10,10101,AMAZONAS,CHACHAPOYAS,CHACHAPOYAS,30/10/2025
ENERO - DICIEMBRE,2024,06/01/2025,AMAZONAS,SUPERIOR,FAMILIA,VIOLENCIA FAMILIAR,INCIDENTE,,108,82,10101,AMAZONAS,CHACHAPOYAS,CHACHAPOYAS,30/10/2025
ENERO - DICIEMBRE,2024,06/01/2025,AMAZONAS,SUPERIOR,PENAL,PENAL,APELACION DENUNCIA,,685,682,10101,AMAZONAS,CHACHAPOYAS,CHACHAPOYAS,30/10/2025
ENERO - DICIEMBRE,2024,06/01/2025,AMAZONAS,SUPERIOR,PENAL,PENAL,APELACION EXPEDIENTE,,10,10,10101,AMAZONAS,CHACHAPOYAS,CHACHAPOYAS,30/10/2025
ENERO - DICIEMBRE,2024,06/01/2025,AMAZONAS,SUPERIOR,PENAL,PENAL,CONSULTAS,,168,164,10101,AMAZONAS,CHACHAPOYAS,CHACHAPOYAS,30/10/2025
ENERO - DICIEMBRE,2024,06/01/2025,AMAZONAS,SUPERIOR,PENAL,PENAL,DENUNCIA,,65,65,10101,AMAZONAS,CHACHAPOYAS,CHACHAPOYAS,30/10/2025
ENERO - DICIEMBRE,2024,06/01/2025,AMAZONAS,SUPERIOR,PENAL,PENAL,EXCLUSION FISCAL,,18,17,10101,AMAZONAS,CHACHAPOYAS,CHACHAPOYAS,30/10/2025
ENERO - DICIEMBRE,2024,06/01/2025,AMAZONAS,SUPERIOR,PENAL,PENAL,EXPEDIENTE,,66,58,10101,AMAZONAS,CHACHAPOYAS,CHACHAPOYAS,30/10/2025
ENERO - DICIEMBRE,2024,06/01/2025,AMAZONAS,SUPERIOR,PENAL,PENAL,INCIDENTE-EXPEDIENTE,,38,31,10101,AMAZONAS,CHACHAPOYAS,CHACHAPOYAS,30/10/2025
ENERO - DICIEMBRE,2024,06/01/2025,AMAZONAS,SUPERIOR,PENAL,PENAL,QUEJAS,,484,461,10101,AMAZONAS,CHACHAPOYAS,CHACHAPOYAS,30/10/2025
ENERO - DICIEMBRE,2024,06/01/2025,ANCASH,PROVINCIAL,CIVIL,CIVIL,EXPEDIENTE,,26,26,20101,ANCASH,HUARAZ,HUARAZ,30/10/2025
ENERO - DICIEMBRE,2024,06/01/2025,ANCASH,PROVINCIAL,FAMILIA,ACTOS CONTRA LA LIBERTAD SEXUAL,DENUNCIA,,19,15,20101,ANCASH,HUARAZ,HUARAZ,30/10/2025
ENERO - DICIEMBRE,2024,06/01/2025,ANCASH,PROVINCIAL,FAMILIA,FAMILIA CIVIL,EXPEDIENTE,,792,741,20101,ANCASH,HUARAZ,HUARAZ,30/10/2025
ENERO - DICIEMBRE,2024,06/01/2025,ANCASH,PROVINCIAL,FAMILIA,FAMILIA PENAL,DENUNCIA,,537,486,20101,ANCASH,HUARAZ,HUARAZ,30/10/2025
ENERO - DICIEMBRE,2024,06/01/2025,ANCASH,PROVINCIAL,FAMILIA,FAMILIA PENAL,EXPEDIENTE,,129,122,20101,ANCASH,HUARAZ,HUARAZ,30/10/2025
ENERO - DICIEMBRE,2024,06/01/2025,ANCASH,PROVINCIAL,FAMILIA,FAMILIA TUTELAR,DENUNCIA,,534,514,20101,ANCASH,HUARAZ,HUARAZ,30/10/2025
ENERO - DICIEMBRE,2024,06/01/2025,ANCASH,PROVINCIAL,FAMILIA,FAMILIA TUTELAR,EXPEDIENTE,,68,60,20101,ANCASH,HUARAZ,HUARAZ,30/10/2025
ENERO - DICIEMBRE,2024,06/01/2025,ANCASH,PROVINCIAL,FAMILIA,VIOLENCIA FAMILIAR,DENUNCIA,,124,43,20101,ANCASH,HUARAZ,HUARAZ,30/10/2025
ENERO - DICIEMBRE,2024,06/01/2025,ANCASH,PROVINCIAL,FAMILIA,VIOLENCIA FAMILIAR,EXPEDIENTE,,14,14,20101,ANCASH,HUARAZ,HUARAZ,30/10/2025
ENERO - DICIEMBRE,2024,06/01/2025,ANCASH,PROVINCIAL,PENAL,PENAL,DENUNCIA,DELITOS DE CORRUPCION DE FUNCIONARIOS,738,707,20101,ANCASH,HUARAZ,HUARAZ,30/10/2025
ENERO - DICIEMBRE,2024,06/01/2025,ANCASH,PROVINCIAL,PENAL,PENAL,DENUNCIA,MATERIA AMBIENTAL,116,114,20101,ANCASH,HUARAZ,HUARAZ,30/10/2025
ENERO - DICIEMBRE,2024,06/01/2025,ANCASH,PROVINCIAL,PENAL,PENAL,DENUNCIA,VIOLENCIA CONTRA LA MUJER Y LOS INTEGRANTES DEL GRUPO FAMILIAR,4023,3947,20101,ANCASH,HUARAZ,HUARAZ,30/10/2025
ENERO - DICIEMBRE,2024,06/01/2025,ANCASH,PROVINCIAL,PENAL,PENAL,DENUNCIA,,18089,17488,20101,ANCASH,HUARAZ,HUARAZ,30/10/2025
ENERO - DICIEMBRE,2024,06/01/2025,ANCASH,PROVINCIAL,PENAL,PENAL,EXPEDIENTE,,8,6,20101,ANCASH,HUARAZ,HUARAZ,30/10/2025
ENERO - DICIEMBRE,2024,06/01/2025,ANCASH,PROVINCIAL,PENAL,PENAL,INVESTIGACION PREVENTIVA,MATERIA AMBIENTAL,140,139,20101,ANCASH,HUARAZ,HUARAZ,30/10/2025
ENERO - DICIEMBRE,2024,06/01/2025,ANCASH,PROVINCIAL,PENAL,PENAL,INVESTIGACION PREVENTIVA,,508,508,20101,ANCASH,HUARAZ,HUARAZ,30/10/2025
ENERO - DICIEMBRE,2024,06/01/2025,ANCASH,SUPERIOR,CIVIL,CIVIL,EXPEDIENTE,,5,2,20101,ANCASH,HUARAZ,HUARAZ,30/10/2025
ENERO - DICIEMBRE,2024,06/01/2025,ANCASH,SUPERIOR,FAMILIA,FAMILIA CIVIL,EXPEDIENTE,,125,125,20101,ANCASH,HUARAZ,HUARAZ,30/10/2025
ENERO - DICIEMBRE,2024,06/01/2025,ANCASH,SUPERIOR,FAMILIA,FAMILIA CIVIL,INCIDENTE,,9,9,20101,ANCASH,HUARAZ,HUARAZ,30/10/2025
ENERO - DICIEMBRE,2024,06/01/2025,ANCASH,SUPERIOR,FAMILIA,FAMILIA PENAL,EXPEDIENTE,,51,51,20101,ANCASH,HUARAZ,HUARAZ,30/10/2025
ENERO - DICIEMBRE,2024,06/01/2025,ANCASH,SUPERIOR,FAMILIA,FAMILIA PENAL,INCIDENTE,,5,5,20101,ANCASH,HUARAZ,HUARAZ,30/10/2025
ENERO - DICIEMBRE,2024,06/01/2025,ANCASH,SUPERIOR,FAMILIA,FAMILIA TUTELAR,EXPEDIENTE,,20,19,20101,ANCASH,HUARAZ,HUARAZ,30/10/2025
ENERO - DICIEMBRE,2024,06/01/2025,ANCASH,SUPERIOR,FAMILIA,VIOLENCIA FAMILIAR,EXPEDIENTE,,239,237,20101,ANCASH,HUARAZ,HUARAZ,30/10/2025
ENERO - DICIEMBRE,2024,06/01/2025,ANCASH,SUPERIOR,FAMILIA,VIOLENCIA FAMILIAR,INCIDENTE,,26,26,20101,ANCASH,HUARAZ,HUARAZ,30/10/2025
ENERO - DICIEMBRE,2024,06/01/2025,ANCASH,SUPERIOR,PENAL,PENAL,APELACION DENUNCIA,DELITOS DE CORRUPCION DE FUNCIONARIOS,155,155,20101,ANCASH,HUARAZ,HUARAZ,30/10/2025
ENERO - DICIEMBRE,2024,06/01/2025,ANCASH,SUPERIOR,PENAL,PENAL,APELACION DENUNCIA,,823,796,20101,ANCASH,HUARAZ,HUARAZ,30/10/2025
ENERO - DICIEMBRE,2024,06/01/2025,ANCASH,SUPERIOR,PENAL,PENAL,CONSULTAS,DELITOS DE CORRUPCION DE FUNCIONARIOS,69,69,20101,ANCASH,HUARAZ,HUARAZ,30/10/2025
ENERO - DICIEMBRE,2024,06/01/2025,ANCASH,SUPERIOR,PENAL,PENAL,CONSULTAS,,272,271,20101,ANCASH,HUARAZ,HUARAZ,30/10/2025
ENERO - DICIEMBRE,2024,06/01/2025,ANCASH,SUPERIOR,PENAL,PENAL,DENUNCIA,DELITOS DE CORRUPCION DE FUNCIONARIOS,80,79,20101,ANCASH,HUARAZ,HUARAZ,30/10/2025
ENERO - DICIEMBRE,2024,06/01/2025,ANCASH,SUPERIOR,PENAL,PENAL,DENUNCIA,,124,124,20101,ANCASH,HUARAZ,HUARAZ,30/10/2025
ENERO - DICIEMBRE,2024,06/01/2025,ANCASH,SUPERIOR,PENAL,PENAL,EXCLUSION FISCAL,DELITOS DE CORRUPCION DE FUNCIONARIOS,9,9,20101,ANCASH,HUARAZ,HUARAZ,30/10/2025
ENERO - DICIEMBRE,2024,06/01/2025,ANCASH,SUPERIOR,PENAL,PENAL,EXCLUSION FISCAL,,29,29,20101,ANCASH,HUARAZ,HUARAZ,30/10/2025
ENERO - DICIEMBRE,2024,06/01/2025,ANCASH,SUPERIOR,PENAL,PENAL,EXPEDIENTE,,20,19,20101,ANCASH,HUARAZ,HUARAZ,30/10/2025
ENERO - DICIEMBRE,2024,06/01/2025,ANCASH,SUPERIOR,PENAL,PENAL,INCIDENTE-EXPEDIENTE,DELITOS DE CORRUPCION DE FUNCIONARIOS,4,4,20101,ANCASH,HUARAZ,HUARAZ,30/10/2025
ENERO - DICIEMBRE,2024,06/01/2025,ANCASH,SUPERIOR,PENAL,PENAL,INCIDENTE-EXPEDIENTE,,10,10,20101,ANCASH,HUARAZ,HUARAZ,30/10/2025
ENERO - DICIEMBRE,2024,06/01/2025,ANCASH,SUPERIOR,PENAL,PENAL,QUEJAS,DELITOS DE CORRUPCION DE FUNCIONARIOS,115,115,20101,ANCASH,HUARAZ,HUARAZ,30/10/2025
ENERO - DICIEMBRE,2024,06/01/2025,ANCASH,SUPERIOR,PENAL,PENAL,QUEJAS,,1254,1252,20101,ANCASH,HUARAZ,HUARAZ,30/10/2025
ENERO - DICIEMBRE,2024,06/01/2025,APURIMAC,PROVINCIAL,CIVIL,CIVIL,EXPEDIENTE,,128,120,30101,APURIMAC,ABANCAY,ABANCAY,30/10/2025
ENERO - DICIEMBRE,2024,06/01/2025,APURIMAC,PROVINCIAL,FAMILIA,ACTOS CONTRA LA LIBERTAD SEXUAL,DENUNCIA,,10,7,30101,APURIMAC,ABANCAY,ABANCAY,30/10/2025
ENERO - DICIEMBRE,2024,06/01/2025,APURIMAC,PROVINCIAL,FAMILIA,FAMILIA CIVIL,EXPEDIENTE,,438,391,30101,APURIMAC,ABANCAY,ABANCAY,30/10/2025
ENERO - DICIEMBRE,2024,06/01/2025,APURIMAC,PROVINCIAL,FAMILIA,FAMILIA PENAL,DENUNCIA,,533,489,30101,APURIMAC,ABANCAY,ABANCAY,30/10/2025
ENERO - DICIEMBRE,2024,06/01/2025,APURIMAC,PROVINCIAL,FAMILIA,FAMILIA PENAL,EXPEDIENTE,,132,123,30101,APURIMAC,ABANCAY,ABANCAY,30/10/2025
ENERO - DICIEMBRE,2024,06/01/2025,APURIMAC,PROVINCIAL,FAMILIA,FAMILIA TUTELAR,DENUNCIA,,3792,3402,30101,APURIMAC,ABANCAY,ABANCAY,30/10/2025
ENERO - DICIEMBRE,2024,06/01/2025,APURIMAC,PROVINCIAL,FAMILIA,FAMILIA TUTELAR,EXPEDIENTE,,437,413,30101,APURIMAC,ABANCAY,ABANCAY,30/10/2025
ENERO - DICIEMBRE,2024,06/01/2025,APURIMAC,PROVINCIAL,FAMILIA,VIOLENCIA FAMILIAR,DENUNCIA,,48,47,30101,APURIMAC,ABANCAY,ABANCAY,30/10/2025
ENERO - DICIEMBRE,2024,06/01/2025,APURIMAC,PROVINCIAL,FAMILIA,VIOLENCIA FAMILIAR,EXPEDIENTE,,2,2,30101,APURIMAC,ABANCAY,ABANCAY,30/10/2025
ENERO - DICIEMBRE,2024,06/01/2025,APURIMAC,PROVINCIAL,PENAL,PENAL,DENUNCIA,CONTRA LA CRIMINALIDAD ORGANIZADA,51,46,30101,APURIMAC,ABANCAY,ABANCAY,30/10/2025
ENERO - DICIEMBRE,2024,06/01/2025,APURIMAC,PROVINCIAL,PENAL,PENAL,DENUNCIA,DELITOS DE CORRUPCION DE FUNCIONARIOS,340,318,30101,APURIMAC,ABANCAY,ABANCAY,30/10/2025
ENERO - DICIEMBRE,2024,06/01/2025,APURIMAC,PROVINCIAL,PENAL,PENAL,DENUNCIA,DELITOS DE TRAFICO ILICITO DE DROGAS,43,43,30101,APURIMAC,ABANCAY,ABANCAY,30/10/2025
ENERO - DICIEMBRE,2024,06/01/2025,APURIMAC,PROVINCIAL,PENAL,PENAL,DENUNCIA,MATERIA AMBIENTAL,202,189,30101,APURIMAC,ABANCAY,ABANCAY,30/10/2025
ENERO - DICIEMBRE,2024,06/01/2025,APURIMAC,PROVINCIAL,PENAL,PENAL,DENUNCIA,,17337,15965,30101,APURIMAC,ABANCAY,ABANCAY,30/10/2025
ENERO - DICIEMBRE,2024,06/01/2025,APURIMAC,PROVINCIAL,PENAL,PENAL,EXPEDIENTE,,4,3,30101,APURIMAC,ABANCAY,ABANCAY,30/10/2025
ENERO - DICIEMBRE,2024,06/01/2025,APURIMAC,PROVINCIAL,PENAL,PENAL,INVESTIGACION PREVENTIVA,MATERIA AMBIENTAL,6,5,30101,APURIMAC,ABANCAY,ABANCAY,30/10/2025
ENERO - DICIEMBRE,2024,06/01/2025,APURIMAC,PROVINCIAL,PENAL,PENAL,INVESTIGACION PREVENTIVA,,856,842,30101,APURIMAC,ABANCAY,ABANCAY,30/10/2025
ENERO - DICIEMBRE,2024,06/01/2025,APURIMAC,SUPERIOR,CIVIL,CIVIL,EXPEDIENTE,,9,7,30101,APURIMAC,ABANCAY,ABANCAY,30/10/2025
ENERO - DICIEMBRE,2024,06/01/2025,APURIMAC,SUPERIOR,FAMILIA,FAMILIA CIVIL,EXPEDIENTE,,76,54,30101,APURIMAC,ABANCAY,ABANCAY,30/10/2025
ENERO - DICIEMBRE,2024,06/01/2025,APURIMAC,SUPERIOR,FAMILIA,FAMILIA PENAL,EXPEDIENTE,,45,38,30101,APURIMAC,ABANCAY,ABANCAY,30/10/2025
ENERO - DICIEMBRE,2024,06/01/2025,APURIMAC,SUPERIOR,FAMILIA,FAMILIA PENAL,INCIDENTE,,19,16,30101,APURIMAC,ABANCAY,ABANCAY,30/10/2025
ENERO - DICIEMBRE,2024,06/01/2025,APURIMAC,SUPERIOR,FAMILIA,FAMILIA TUTELAR,EXPEDIENTE,,18,15,30101,APURIMAC,ABANCAY,ABANCAY,30/10/2025
ENERO - DICIEMBRE,2024,06/01/2025,APURIMAC,SUPERIOR,FAMILIA,VIOLENCIA FAMILIAR,EXPEDIENTE,,42,40,30101,APURIMAC,ABANCAY,ABANCAY,30/10/2025
ENERO - DICIEMBRE,2024,06/01/2025,APURIMAC,SUPERIOR,FAMILIA,VIOLENCIA FAMILIAR,INCIDENTE,,38,26,30101,APURIMAC,ABANCAY,ABANCAY,30/10/2025
ENERO - DICIEMBRE,2024,06/01/2025,APURIMAC,SUPERIOR,PENAL,PENAL,APELACION DENUNCIA,DELITOS DE CORRUPCION DE FUNCIONARIOS,43,43,30101,APURIMAC,ABANCAY,ABANCAY,30/10/2025
ENERO - DICIEMBRE,2024,06/01/2025,APURIMAC,SUPERIOR,PENAL,PENAL,APELACION DENUNCIA,,519,511,30101,APURIMAC,ABANCAY,ABANCAY,30/10/2025
ENERO - DICIEMBRE,2024,06/01/2025,APURIMAC,SUPERIOR,PENAL,PENAL,APELACION EXPEDIENTE,,2,2,30101,APURIMAC,ABANCAY,ABANCAY,30/10/2025
ENERO - DICIEMBRE,2024,06/01/2025,APURIMAC,SUPERIOR,PENAL,PENAL,CONSULTAS,DELITOS DE CORRUPCION DE FUNCIONARIOS,10,10,30101,APURIMAC,ABANCAY,ABANCAY,30/10/2025
ENERO - DICIEMBRE,2024,06/01/2025,APURIMAC,SUPERIOR,PENAL,PENAL,CONSULTAS,,89,86,30101,APURIMAC,ABANCAY,ABANCAY,30/10/2025
ENERO - DICIEMBRE,2024,06/01/2025,APURIMAC,SUPERIOR,PENAL,PENAL,DENUNCIA,DELITOS DE CORRUPCION DE FUNCIONARIOS,10,10,30101,APURIMAC,ABANCAY,ABANCAY,30/10/2025
ENERO - DICIEMBRE,2024,06/01/2025,APURIMAC,SUPERIOR,PENAL,PENAL,DENUNCIA,,37,37,30101,APURIMAC,ABANCAY,ABANCAY,30/10/2025
ENERO - DICIEMBRE,2024,06/01/2025,APURIMAC,SUPERIOR,PENAL,PENAL,EXCLUSION FISCAL,,7,7,30101,APURIMAC,ABANCAY,ABANCAY,30/10/2025
ENERO - DICIEMBRE,2024,06/01/2025,APURIMAC,SUPERIOR,PENAL,PENAL,EXPEDIENTE,,26,24,30101,APURIMAC,ABANCAY,ABANCAY,30/10/2025
ENERO - DICIEMBRE,2024,06/01/2025,APURIMAC,SUPERIOR,PENAL,PENAL,INCIDENTE-EXPEDIENTE,,11,11,30101,APURIMAC,ABANCAY,ABANCAY,30/10/2025
ENERO - DICIEMBRE,2024,06/01/2025,APURIMAC,SUPERIOR,PENAL,PENAL,QUEJAS,DELITOS DE CORRUPCION DE FUNCIONARIOS,22,22,30101,APURIMAC,ABANCAY,ABANCAY,30/10/2025
ENERO - DICIEMBRE,2024,06/01/2025,APURIMAC,SUPERIOR,PENAL,PENAL,QUEJAS,,629,619,30101,APURIMAC,ABANCAY,ABANCAY,30/10/2025
ENERO - DICIEMBRE,2024,06/01/2025,AREQUIPA,PROVINCIAL,CIVIL,CIVIL,EXPEDIENTE,,59,38,40101,AREQUIPA,AREQUIPA,AREQUIPA,30/10/2025
ENERO - DICIEMBRE,2024,06/01/2025,AREQUIPA,PROVINCIAL,FAMILIA,ACTOS CONTRA LA LIBERTAD SEXUAL,DENUNCIA,,85,85,40101,AREQUIPA,AREQUIPA,AREQUIPA,30/10/2025
ENERO - DICIEMBRE,2024,06/01/2025,AREQUIPA,PROVINCIAL,FAMILIA,FAMILIA CIVIL,EXPEDIENTE,,2044,1960,40101,AREQUIPA,AREQUIPA,AREQUIPA,30/10/2025
ENERO - DICIEMBRE,2024,06/01/2025,AREQUIPA,PROVINCIAL,FAMILIA,FAMILIA PENAL,DENUNCIA,,1291,1192,40101,AREQUIPA,AREQUIPA,AREQUIPA,30/10/2025
ENERO - DICIEMBRE,2024,06/01/2025,AREQUIPA,PROVINCIAL,FAMILIA,FAMILIA PENAL,EXPEDIENTE,,212,205,40101,AREQUIPA,AREQUIPA,AREQUIPA,30/10/2025
ENERO - DICIEMBRE,2024,06/01/2025,AREQUIPA,PROVINCIAL,FAMILIA,FAMILIA TUTELAR,DENUNCIA,,947,865,40101,AREQUIPA,AREQUIPA,AREQUIPA,30/10/2025
ENERO - DICIEMBRE,2024,06/01/2025,AREQUIPA,PROVINCIAL,FAMILIA,FAMILIA TUTELAR,EXPEDIENTE,,270,263,40101,AREQUIPA,AREQUIPA,AREQUIPA,30/10/2025
ENERO - DICIEMBRE,2024,06/01/2025,AREQUIPA,PROVINCIAL,FAMILIA,VIOLENCIA FAMILIAR,DENUNCIA,,8,8,40101,AREQUIPA,AREQUIPA,AREQUIPA,30/10/2025
ENERO - DICIEMBRE,2024,06/01/2025,AREQUIPA,PROVINCIAL,FAMILIA,VIOLENCIA FAMILIAR,EXPEDIENTE,,2,1,40101,AREQUIPA,AREQUIPA,AREQUIPA,30/10/2025
ENERO - DICIEMBRE,2024,06/01/2025,AREQUIPA,PROVINCIAL,PENAL,PENAL,DENUNCIA,CONTRA LA CRIMINALIDAD ORGANIZADA,139,134,40101,AREQUIPA,AREQUIPA,AREQUIPA,30/10/2025
ENERO - DICIEMBRE,2024,06/01/2025,AREQUIPA,PROVINCIAL,PENAL,PENAL,DENUNCIA,DELITOS DE CIBERDELINCUENCIA,1868,1565,40101,AREQUIPA,AREQUIPA,AREQUIPA,30/10/2025
ENERO - DICIEMBRE,2024,06/01/2025,AREQUIPA,PROVINCIAL,PENAL,PENAL,DENUNCIA,DELITOS DE CORRUPCION DE FUNCIONARIOS,586,520,40101,AREQUIPA,AREQUIPA,AREQUIPA,30/10/2025
ENERO - DICIEMBRE,2024,06/01/2025,AREQUIPA,PROVINCIAL,PENAL,PENAL,DENUNCIA,DELITOS DE TRATA DE PERSONAS,188,162,40101,AREQUIPA,AREQUIPA,AREQUIPA,30/10/2025
ENERO - DICIEMBRE,2024,06/01/2025,AREQUIPA,PROVINCIAL,PENAL,PENAL,DENUNCIA,LAVADO DE ACTIVOS Y PERDIDA DE DOMINIO,127,124,40101,AREQUIPA,AREQUIPA,AREQUIPA,30/10/2025
ENERO - DICIEMBRE,2024,06/01/2025,AREQUIPA,PROVINCIAL,PENAL,PENAL,DENUNCIA,MATERIA AMBIENTAL,338,331,40101,AREQUIPA,AREQUIPA,AREQUIPA,30/10/2025
ENERO - DICIEMBRE,2024,06/01/2025,AREQUIPA,PROVINCIAL,PENAL,PENAL,DENUNCIA,VIOLENCIA CONTRA LA MUJER Y LOS INTEGRANTES DEL GRUPO FAMILIAR,20928,19771,40101,AREQUIPA,AREQUIPA,AREQUIPA,30/10/2025
ENERO - DICIEMBRE,2024,06/01/2025,AREQUIPA,PROVINCIAL,PENAL,PENAL,DENUNCIA,,53848,48956,40101,AREQUIPA,AREQUIPA,AREQUIPA,30/10/2025
ENERO - DICIEMBRE,2024,06/01/2025,AREQUIPA,PROVINCIAL,PENAL,PENAL,INVESTIGACION PREVENTIVA,MATERIA AMBIENTAL,45,44,40101,AREQUIPA,AREQUIPA,AREQUIPA,30/10/2025
ENERO - DICIEMBRE,2024,06/01/2025,AREQUIPA,PROVINCIAL,PENAL,PENAL,INVESTIGACION PREVENTIVA,,1391,1387,40101,AREQUIPA,AREQUIPA,AREQUIPA,30/10/2025
ENERO - DICIEMBRE,2024,06/01/2025,AREQUIPA,SUPERIOR,CIVIL,CIVIL,EXPEDIENTE,,48,47,40101,AREQUIPA,AREQUIPA,AREQUIPA,30/10/2025
ENERO - DICIEMBRE,2024,06/01/2025,AREQUIPA,SUPERIOR,FAMILIA,FAMILIA CIVIL,EXPEDIENTE,,458,425,40101,AREQUIPA,AREQUIPA,AREQUIPA,30/10/2025
ENERO - DICIEMBRE,2024,06/01/2025,AREQUIPA,SUPERIOR,FAMILIA,FAMILIA CIVIL,INCIDENTE,,36,34,40101,AREQUIPA,AREQUIPA,AREQUIPA,30/10/2025
ENERO - DICIEMBRE,2024,06/01/2025,AREQUIPA,SUPERIOR,FAMILIA,FAMILIA PENAL,EXPEDIENTE,,45,40,40101,AREQUIPA,AREQUIPA,AREQUIPA,30/10/2025
ENERO - DICIEMBRE,2024,06/01/2025,AREQUIPA,SUPERIOR,FAMILIA,FAMILIA PENAL,INCIDENTE,,3,3,40101,AREQUIPA,AREQUIPA,AREQUIPA,30/10/2025
ENERO - DICIEMBRE,2024,06/01/2025,AREQUIPA,SUPERIOR,FAMILIA,FAMILIA TUTELAR,EXPEDIENTE,,31,24,40101,AREQUIPA,AREQUIPA,AREQUIPA,30/10/2025
ENERO - DICIEMBRE,2024,06/01/2025,AREQUIPA,SUPERIOR,FAMILIA,VIOLENCIA FAMILIAR,EXPEDIENTE,,187,187,40101,AREQUIPA,AREQUIPA,AREQUIPA,30/10/2025
ENERO - DICIEMBRE,2024,06/01/2025,AREQUIPA,SUPERIOR,FAMILIA,VIOLENCIA FAMILIAR,INCIDENTE,,1316,1255,40101,AREQUIPA,AREQUIPA,AREQUIPA,30/10/2025
ENERO - DICIEMBRE,2024,06/01/2025,AREQUIPA,SUPERIOR,PENAL,PENAL,APELACION DENUNCIA,VIOLENCIA CONTRA LA MUJER Y LOS INTEGRANTES DEL GRUPO FAMILIAR,270,266,40101,AREQUIPA,AREQUIPA,AREQUIPA,30/10/2025
ENERO - DICIEMBRE,2024,06/01/2025,AREQUIPA,SUPERIOR,PENAL,PENAL,APELACION DENUNCIA,,2234,2129,40101,AREQUIPA,AREQUIPA,AREQUIPA,30/10/2025
ENERO - DICIEMBRE,2024,06/01/2025,AREQUIPA,SUPERIOR,PENAL,PENAL,CONSULTAS,VIOLENCIA CONTRA LA MUJER Y LOS INTEGRANTES DEL GRUPO FAMILIAR,102,102,40101,AREQUIPA,AREQUIPA,AREQUIPA,30/10/2025
ENERO - DICIEMBRE,2024,06/01/2025,AREQUIPA,SUPERIOR,PENAL,PENAL,CONSULTAS,,338,337,40101,AREQUIPA,AREQUIPA,AREQUIPA,30/10/2025
ENERO - DICIEMBRE,2024,06/01/2025,AREQUIPA,SUPERIOR,PENAL,PENAL,DENUNCIA,,145,47,40101,AREQUIPA,AREQUIPA,AREQUIPA,30/10/2025
ENERO - DICIEMBRE,2024,06/01/2025,AREQUIPA,SUPERIOR,PENAL,PENAL,EXCLUSION FISCAL,VIOLENCIA CONTRA LA MUJER Y LOS INTEGRANTES DEL GRUPO FAMILIAR,11,11,40101,AREQUIPA,AREQUIPA,AREQUIPA,30/10/2025
ENERO - DICIEMBRE,2024,06/01/2025,AREQUIPA,SUPERIOR,PENAL,PENAL,EXCLUSION FISCAL,,55,53,40101,AREQUIPA,AREQUIPA,AREQUIPA,30/10/2025
ENERO - DICIEMBRE,2024,06/01/2025,AREQUIPA,SUPERIOR,PENAL,PENAL,EXPEDIENTE,,61,60,40101,AREQUIPA,AREQUIPA,AREQUIPA,30/10/2025
ENERO - DICIEMBRE,2024,06/01/2025,AREQUIPA,SUPERIOR,PENAL,PENAL,INCIDENTE-EXPEDIENTE,,3,3,40101,AREQUIPA,AREQUIPA,AREQUIPA,30/10/2025
ENERO - DICIEMBRE,2024,06/01/2025,AREQUIPA,SUPERIOR,PENAL,PENAL,QUEJAS,VIOLENCIA CONTRA LA MUJER Y LOS INTEGRANTES DEL GRUPO FAMILIAR,453,443,40101,AREQUIPA,AREQUIPA,AREQUIPA,30/10/2025
ENERO - DICIEMBRE,2024,06/01/2025,AREQUIPA,SUPERIOR,PENAL,PENAL,QUEJAS,,2625,2607,40101,AREQUIPA,AREQUIPA,AREQUIPA,30/10/2025
ENERO - DICIEMBRE,2024,06/01/2025,AYACUCHO,PROVINCIAL,CIVIL,CIVIL,EXPEDIENTE,,42,27,50110,AYACUCHO,HUAMANGA,SAN JUAN BAUTISTA,30/10/2025
ENERO - DICIEMBRE,2024,06/01/2025,AYACUCHO,PROVINCIAL,FAMILIA,ACTOS CONTRA LA LIBERTAD SEXUAL,DENUNCIA,,114,99,50110,AYACUCHO,HUAMANGA,SAN JUAN BAUTISTA,30/10/2025
ENERO - DICIEMBRE,2024,06/01/2025,AYACUCHO,PROVINCIAL,FAMILIA,FAMILIA CIVIL,EXPEDIENTE,,552,482,50110,AYACUCHO,HUAMANGA,SAN JUAN BAUTISTA,30/10/2025
ENERO - DICIEMBRE,2024,06/01/2025,AYACUCHO,PROVINCIAL,FAMILIA,FAMILIA PENAL,DENUNCIA,,623,465,50110,AYACUCHO,HUAMANGA,SAN JUAN BAUTISTA,30/10/2025
ENERO - DICIEMBRE,2024,06/01/2025,AYACUCHO,PROVINCIAL,FAMILIA,FAMILIA PENAL,EXPEDIENTE,,202,176,50110,AYACUCHO,HUAMANGA,SAN JUAN BAUTISTA,30/10/2025
ENERO - DICIEMBRE,2024,06/01/2025,AYACUCHO,PROVINCIAL,FAMILIA,FAMILIA TUTELAR,DENUNCIA,,1421,1209,50110,AYACUCHO,HUAMANGA,SAN JUAN BAUTISTA,30/10/2025
ENERO - DICIEMBRE,2024,06/01/2025,AYACUCHO,PROVINCIAL,FAMILIA,FAMILIA TUTELAR,EXPEDIENTE,,275,191,50110,AYACUCHO,HUAMANGA,SAN JUAN BAUTISTA,30/10/2025
ENERO - DICIEMBRE,2024,06/01/2025,AYACUCHO,PROVINCIAL,FAMILIA,VIOLENCIA FAMILIAR,DENUNCIA,,135,120,50110,AYACUCHO,HUAMANGA,SAN JUAN BAUTISTA,30/10/2025
ENERO - DICIEMBRE,2024,06/01/2025,AYACUCHO,PROVINCIAL,FAMILIA,VIOLENCIA FAMILIAR,EXPEDIENTE,,30,30,50110,AYACUCHO,HUAMANGA,SAN JUAN BAUTISTA,30/10/2025
ENERO - DICIEMBRE,2024,06/01/2025,AYACUCHO,PROVINCIAL,PENAL,PENAL,DENUNCIA,CONTRA LA CRIMINALIDAD ORGANIZADA,88,84,50110,AYACUCHO,HUAMANGA,SAN JUAN BAUTISTA,30/10/2025
ENERO - DICIEMBRE,2024,06/01/2025,AYACUCHO,PROVINCIAL,PENAL,PENAL,DENUNCIA,DELITOS DE CORRUPCION DE FUNCIONARIOS,742,740,50110,AYACUCHO,HUAMANGA,SAN JUAN BAUTISTA,30/10/2025
ENERO - DICIEMBRE,2024,06/01/2025,AYACUCHO,PROVINCIAL,PENAL,PENAL,DENUNCIA,DELITOS DE TRAFICO ILICITO DE DROGAS,506,504,50110,AYACUCHO,HUAMANGA,SAN JUAN BAUTISTA,30/10/2025
ENERO - DICIEMBRE,2024,06/01/2025,AYACUCHO,PROVINCIAL,PENAL,PENAL,DENUNCIA,MATERIA AMBIENTAL,400,392,50110,AYACUCHO,HUAMANGA,SAN JUAN BAUTISTA,30/10/2025
ENERO - DICIEMBRE,2024,06/01/2025,AYACUCHO,PROVINCIAL,PENAL,PENAL,DENUNCIA,,28935,26538,50110,AYACUCHO,HUAMANGA,SAN JUAN BAUTISTA,30/10/2025
ENERO - DICIEMBRE,2024,06/01/2025,AYACUCHO,PROVINCIAL,PENAL,PENAL,EXPEDIENTE,DELITOS DE TRAFICO ILICITO DE DROGAS,27,19,50110,AYACUCHO,HUAMANGA,SAN JUAN BAUTISTA,30/10/2025
ENERO - DICIEMBRE,2024,06/01/2025,AYACUCHO,PROVINCIAL,PENAL,PENAL,INVESTIGACION PREVENTIVA,MATERIA AMBIENTAL,263,262,50110,AYACUCHO,HUAMANGA,SAN JUAN BAUTISTA,30/10/2025
ENERO - DICIEMBRE,2024,06/01/2025,AYACUCHO,PROVINCIAL,PENAL,PENAL,INVESTIGACION PREVENTIVA,,960,926,50110,AYACUCHO,HUAMANGA,SAN JUAN BAUTISTA,30/10/2025
ENERO - DICIEMBRE,2024,06/01/2025,AYACUCHO,SUPERIOR,FAMILIA,FAMILIA CIVIL,EXPEDIENTE,,37,36,50110,AYACUCHO,HUAMANGA,SAN JUAN BAUTISTA,30/10/2025
ENERO - DICIEMBRE,2024,06/01/2025,AYACUCHO,SUPERIOR,FAMILIA,FAMILIA CIVIL,INCIDENTE,,1,1,50110,AYACUCHO,HUAMANGA,SAN JUAN BAUTISTA,30/10/2025
ENERO - DICIEMBRE,2024,06/01/2025,AYACUCHO,SUPERIOR,FAMILIA,FAMILIA PENAL,EXPEDIENTE,,29,27,50110,AYACUCHO,HUAMANGA,SAN JUAN BAUTISTA,30/10/2025
ENERO - DICIEMBRE,2024,06/01/2025,AYACUCHO,SUPERIOR,FAMILIA,FAMILIA PENAL,INCIDENTE,,1,1,50110,AYACUCHO,HUAMANGA,SAN JUAN BAUTISTA,30/10/2025
ENERO - DICIEMBRE,2024,06/01/2025,AYACUCHO,SUPERIOR,FAMILIA,FAMILIA TUTELAR,EXPEDIENTE,,19,19,50110,AYACUCHO,HUAMANGA,SAN JUAN BAUTISTA,30/10/2025
ENERO - DICIEMBRE,2024,06/01/2025,AYACUCHO,SUPERIOR,FAMILIA,VIOLENCIA FAMILIAR,EXPEDIENTE,,252,250,50110,AYACUCHO,HUAMANGA,SAN JUAN BAUTISTA,30/10/2025
ENERO - DICIEMBRE,2024,06/01/2025,AYACUCHO,SUPERIOR,FAMILIA,VIOLENCIA FAMILIAR,INCIDENTE,,6,5,50110,AYACUCHO,HUAMANGA,SAN JUAN BAUTISTA,30/10/2025
ENERO - DICIEMBRE,2024,06/01/2025,AYACUCHO,SUPERIOR,PENAL,PENAL,APELACION DENUNCIA,DELITOS DE CORRUPCION DE FUNCIONARIOS,129,129,50110,AYACUCHO,HUAMANGA,SAN JUAN BAUTISTA,30/10/2025
ENERO - DICIEMBRE,2024,06/01/2025,AYACUCHO,SUPERIOR,PENAL,PENAL,APELACION DENUNCIA,,901,897,50110,AYACUCHO,HUAMANGA,SAN JUAN BAUTISTA,30/10/2025
ENERO - DICIEMBRE,2024,06/01/2025,AYACUCHO,SUPERIOR,PENAL,PENAL,APELACION EXPEDIENTE,,15,15,50110,AYACUCHO,HUAMANGA,SAN JUAN BAUTISTA,30/10/2025
ENERO - DICIEMBRE,2024,06/01/2025,AYACUCHO,SUPERIOR,PENAL,PENAL,CONSULTAS,DELITOS DE CORRUPCION DE FUNCIONARIOS,17,17,50110,AYACUCHO,HUAMANGA,SAN JUAN BAUTISTA,30/10/2025
ENERO - DICIEMBRE,2024,06/01/2025,AYACUCHO,SUPERIOR,PENAL,PENAL,CONSULTAS,,204,204,50110,AYACUCHO,HUAMANGA,SAN JUAN BAUTISTA,30/10/2025
ENERO - DICIEMBRE,2024,06/01/2025,AYACUCHO,SUPERIOR,PENAL,PENAL,DENUNCIA,DELITOS DE CORRUPCION DE FUNCIONARIOS,32,32,50110,AYACUCHO,HUAMANGA,SAN JUAN BAUTISTA,30/10/2025
ENERO - DICIEMBRE,2024,06/01/2025,AYACUCHO,SUPERIOR,PENAL,PENAL,DENUNCIA,,73,70,50110,AYACUCHO,HUAMANGA,SAN JUAN BAUTISTA,30/10/2025
ENERO - DICIEMBRE,2024,06/01/2025,AYACUCHO,SUPERIOR,PENAL,PENAL,EXCLUSION FISCAL,DELITOS DE CORRUPCION DE FUNCIONARIOS,1,1,50110,AYACUCHO,HUAMANGA,SAN JUAN BAUTISTA,30/10/2025
ENERO - DICIEMBRE,2024,06/01/2025,AYACUCHO,SUPERIOR,PENAL,PENAL,EXCLUSION FISCAL,,24,24,50110,AYACUCHO,HUAMANGA,SAN JUAN BAUTISTA,30/10/2025
ENERO - DICIEMBRE,2024,06/01/2025,AYACUCHO,SUPERIOR,PENAL,PENAL,EXPEDIENTE,,241,233,50110,AYACUCHO,HUAMANGA,SAN JUAN BAUTISTA,30/10/2025
ENERO - DICIEMBRE,2024,06/01/2025,AYACUCHO,SUPERIOR,PENAL,PENAL,INCIDENTE-EXPEDIENTE,,19,19,50110,AYACUCHO,HUAMANGA,SAN JUAN BAUTISTA,30/10/2025
ENERO - DICIEMBRE,2024,06/01/2025,AYACUCHO,SUPERIOR,PENAL,PENAL,QUEJAS,DELITOS DE CORRUPCION DE FUNCIONARIOS,47,47,50110,AYACUCHO,HUAMANGA,SAN JUAN BAUTISTA,30/10/2025
ENERO - DICIEMBRE,2024,06/01/2025,AYACUCHO,SUPERIOR,PENAL,PENAL,QUEJAS,,1189,1187,50110,AYACUCHO,HUAMANGA,SAN JUAN BAUTISTA,30/10/2025
ENERO - DICIEMBRE,2024,06/01/2025,CAJAMARCA,PROVINCIAL,CIVIL,CIVIL,EXPEDIENTE,,191,170,60101,CAJAMARCA,CAJAMARCA,CAJAMARCA,30/10/2025
ENERO - DICIEMBRE,2024,06/01/2025,CAJAMARCA,PROVINCIAL,FAMILIA,ACTOS CONTRA LA LIBERTAD SEXUAL,DENUNCIA,,8,6,60101,CAJAMARCA,CAJAMARCA,CAJAMARCA,30/10/2025
ENERO - DICIEMBRE,2024,06/01/2025,CAJAMARCA,PROVINCIAL,FAMILIA,FAMILIA CIVIL,EXPEDIENTE,,955,900,60101,CAJAMARCA,CAJAMARCA,CAJAMARCA,30/10/2025
ENERO - DICIEMBRE,2024,06/01/2025,CAJAMARCA,PROVINCIAL,FAMILIA,FAMILIA PENAL,DENUNCIA,,628,603,60101,CAJAMARCA,CAJAMARCA,CAJAMARCA,30/10/2025
ENERO - DICIEMBRE,2024,06/01/2025,CAJAMARCA,PROVINCIAL,FAMILIA,FAMILIA PENAL,EXPEDIENTE,,128,121,60101,CAJAMARCA,CAJAMARCA,CAJAMARCA,30/10/2025
ENERO - DICIEMBRE,2024,06/01/2025,CAJAMARCA,PROVINCIAL,FAMILIA,FAMILIA TUTELAR,DENUNCIA,,1050,1004,60101,CAJAMARCA,CAJAMARCA,CAJAMARCA,30/10/2025
ENERO - DICIEMBRE,2024,06/01/2025,CAJAMARCA,PROVINCIAL,FAMILIA,FAMILIA TUTELAR,EXPEDIENTE,,84,80,60101,CAJAMARCA,CAJAMARCA,CAJAMARCA,30/10/2025
ENERO - DICIEMBRE,2024,06/01/2025,CAJAMARCA,PROVINCIAL,FAMILIA,VIOLENCIA FAMILIAR,DENUNCIA,,31,28,60101,CAJAMARCA,CAJAMARCA,CAJAMARCA,30/10/2025
ENERO - DICIEMBRE,2024,06/01/2025,CAJAMARCA,PROVINCIAL,PENAL,PENAL,DENUNCIA,CONTRA LA CRIMINALIDAD ORGANIZADA,54,54,60101,CAJAMARCA,CAJAMARCA,CAJAMARCA,30/10/2025
ENERO - DICIEMBRE,2024,06/01/2025,CAJAMARCA,PROVINCIAL,PENAL,PENAL,DENUNCIA,DELITOS DE CORRUPCION DE FUNCIONARIOS,438,407,60101,CAJAMARCA,CAJAMARCA,CAJAMARCA,30/10/2025
ENERO - DICIEMBRE,2024,06/01/2025,CAJAMARCA,PROVINCIAL,PENAL,PENAL,DENUNCIA,MATERIA AMBIENTAL,209,206,60101,CAJAMARCA,CAJAMARCA,CAJAMARCA,30/10/2025
ENERO - DICIEMBRE,2024,06/01/2025,CAJAMARCA,PROVINCIAL,PENAL,PENAL,DENUNCIA,VIOLENCIA CONTRA LA MUJER Y LOS INTEGRANTES DEL GRUPO FAMILIAR,3077,3015,60101,CAJAMARCA,CAJAMARCA,CAJAMARCA,30/10/2025
ENERO - DICIEMBRE,2024,06/01/2025,CAJAMARCA,PROVINCIAL,PENAL,PENAL,DENUNCIA,,23902,23360,60101,CAJAMARCA,CAJAMARCA,CAJAMARCA,30/10/2025
ENERO - DICIEMBRE,2024,06/01/2025,CAJAMARCA,PROVINCIAL,PENAL,PENAL,EXPEDIENTE,,6,3,60101,CAJAMARCA,CAJAMARCA,CAJAMARCA,30/10/2025
ENERO - DICIEMBRE,2024,06/01/2025,CAJAMARCA,PROVINCIAL,PENAL,PENAL,INVESTIGACION PREVENTIVA,MATERIA AMBIENTAL,133,133,60101,CAJAMARCA,CAJAMARCA,CAJAMARCA,30/10/2025
ENERO - DICIEMBRE,2024,06/01/2025,CAJAMARCA,PROVINCIAL,PENAL,PENAL,INVESTIGACION PREVENTIVA,,1352,1344,60101,CAJAMARCA,CAJAMARCA,CAJAMARCA,30/10/2025
ENERO - DICIEMBRE,2024,06/01/2025,CAJAMARCA,SUPERIOR,CIVIL,CIVIL,EXPEDIENTE,,5,5,60101,CAJAMARCA,CAJAMARCA,CAJAMARCA,30/10/2025
ENERO - DICIEMBRE,2024,06/01/2025,CAJAMARCA,SUPERIOR,FAMILIA,FAMILIA CIVIL,EXPEDIENTE,,17,15,60101,CAJAMARCA,CAJAMARCA,CAJAMARCA,30/10/2025
ENERO - DICIEMBRE,2024,06/01/2025,CAJAMARCA,SUPERIOR,FAMILIA,FAMILIA CIVIL,INCIDENTE,,2,2,60101,CAJAMARCA,CAJAMARCA,CAJAMARCA,30/10/2025
ENERO - DICIEMBRE,2024,06/01/2025,CAJAMARCA,SUPERIOR,FAMILIA,FAMILIA PENAL,EXPEDIENTE,,18,17,60101,CAJAMARCA,CAJAMARCA,CAJAMARCA,30/10/2025
ENERO - DICIEMBRE,2024,06/01/2025,CAJAMARCA,SUPERIOR,FAMILIA,FAMILIA PENAL,INCIDENTE,,3,3,60101,CAJAMARCA,CAJAMARCA,CAJAMARCA,30/10/2025
ENERO - DICIEMBRE,2024,06/01/2025,CAJAMARCA,SUPERIOR,FAMILIA,FAMILIA TUTELAR,EXPEDIENTE,,6,4,60101,CAJAMARCA,CAJAMARCA,CAJAMARCA,30/10/2025
ENERO - DICIEMBRE,2024,06/01/2025,CAJAMARCA,SUPERIOR,FAMILIA,VIOLENCIA FAMILIAR,EXPEDIENTE,,122,102,60101,CAJAMARCA,CAJAMARCA,CAJAMARCA,30/10/2025
ENERO - DICIEMBRE,2024,06/01/2025,CAJAMARCA,SUPERIOR,FAMILIA,VIOLENCIA FAMILIAR,INCIDENTE,,115,110,60101,CAJAMARCA,CAJAMARCA,CAJAMARCA,30/10/2025
ENERO - DICIEMBRE,2024,06/01/2025,CAJAMARCA,SUPERIOR,PENAL,PENAL,APELACION DENUNCIA,,848,837,60101,CAJAMARCA,CAJAMARCA,CAJAMARCA,30/10/2025
ENERO - DICIEMBRE,2024,06/01/2025,CAJAMARCA,SUPERIOR,PENAL,PENAL,APELACION EXPEDIENTE,,148,148,60101,CAJAMARCA,CAJAMARCA,CAJAMARCA,30/10/2025
ENERO - DICIEMBRE,2024,06/01/2025,CAJAMARCA,SUPERIOR,PENAL,PENAL,CONSULTAS,,290,283,60101,CAJAMARCA,CAJAMARCA,CAJAMARCA,30/10/2025
ENERO - DICIEMBRE,2024,06/01/2025,CAJAMARCA,SUPERIOR,PENAL,PENAL,DENUNCIA,,58,58,60101,CAJAMARCA,CAJAMARCA,CAJAMARCA,30/10/2025
ENERO - DICIEMBRE,2024,06/01/2025,CAJAMARCA,SUPERIOR,PENAL,PENAL,EXCLUSION FISCAL,,23,23,60101,CAJAMARCA,CAJAMARCA,CAJAMARCA,30/10/2025
ENERO - DICIEMBRE,2024,06/01/2025,CAJAMARCA,SUPERIOR,PENAL,PENAL,EXPEDIENTE,,19,18,60101,CAJAMARCA,CAJAMARCA,CAJAMARCA,30/10/2025
ENERO - DICIEMBRE,2024,06/01/2025,CAJAMARCA,SUPERIOR,PENAL,PENAL,INCIDENTE-EXPEDIENTE,,1,1,60101,CAJAMARCA,CAJAMARCA,CAJAMARCA,30/10/2025
ENERO - DICIEMBRE,2024,06/01/2025,CAJAMARCA,SUPERIOR,PENAL,PENAL,QUEJAS,,1196,1169,60101,CAJAMARCA,CAJAMARCA,CAJAMARCA,30/10/2025
ENERO - DICIEMBRE,2024,06/01/2025,CALLAO,PROVINCIAL,CIVIL,CIVIL,EXPEDIENTE,,4,3,70101,CALLAO,CALLAO,CALLAO,30/10/2025
ENERO - DICIEMBRE,2024,06/01/2025,CALLAO,PROVINCIAL,FAMILIA,ACTOS CONTRA LA LIBERTAD SEXUAL,DENUNCIA,,16,16,70101,CALLAO,CALLAO,CALLAO,30/10/2025
ENERO - DICIEMBRE,2024,06/01/2025,CALLAO,PROVINCIAL,FAMILIA,FAMILIA CIVIL,EXPEDIENTE,,1111,1063,70101,CALLAO,CALLAO,CALLAO,30/10/2025
ENERO - DICIEMBRE,2024,06/01/2025,CALLAO,PROVINCIAL,FAMILIA,FAMILIA PENAL,DENUNCIA,,646,611,70101,CALLAO,CALLAO,CALLAO,30/10/2025
ENERO - DICIEMBRE,2024,06/01/2025,CALLAO,PROVINCIAL,FAMILIA,FAMILIA PENAL,EXPEDIENTE,,314,300,70101,CALLAO,CALLAO,CALLAO,30/10/2025
ENERO - DICIEMBRE,2024,06/01/2025,CALLAO,PROVINCIAL,FAMILIA,FAMILIA TUTELAR,DENUNCIA,,425,393,70101,CALLAO,CALLAO,CALLAO,30/10/2025
ENERO - DICIEMBRE,2024,06/01/2025,CALLAO,PROVINCIAL,FAMILIA,FAMILIA TUTELAR,EXPEDIENTE,,47,47,70101,CALLAO,CALLAO,CALLAO,30/10/2025
ENERO - DICIEMBRE,2024,06/01/2025,CALLAO,PROVINCIAL,PENAL,PENAL,DENUNCIA,CONTRA LA CRIMINALIDAD ORGANIZADA,139,98,70101,CALLAO,CALLAO,CALLAO,30/10/2025
ENERO - DICIEMBRE,2024,06/01/2025,CALLAO,PROVINCIAL,PENAL,PENAL,DENUNCIA,DELITOS ADUANEROS Y CONTRA LA PROPIEDAD INTELECTUAL,470,459,70101,CALLAO,CALLAO,CALLAO,30/10/2025
ENERO - DICIEMBRE,2024,06/01/2025,CALLAO,PROVINCIAL,PENAL,PENAL,DENUNCIA,DELITOS DE CORRUPCION DE FUNCIONARIOS,252,244,70101,CALLAO,CALLAO,CALLAO,30/10/2025
ENERO - DICIEMBRE,2024,06/01/2025,CALLAO,PROVINCIAL,PENAL,PENAL,DENUNCIA,DELITOS DE TRAFICO ILICITO DE DROGAS,338,330,70101,CALLAO,CALLAO,CALLAO,30/10/2025
ENERO - DICIEMBRE,2024,06/01/2025,CALLAO,PROVINCIAL,PENAL,PENAL,DENUNCIA,DELITOS DE TRATA DE PERSONAS,65,65,70101,CALLAO,CALLAO,CALLAO,30/10/2025
ENERO - DICIEMBRE,2024,06/01/2025,CALLAO,PROVINCIAL,PENAL,PENAL,DENUNCIA,LAVADO DE ACTIVOS Y PERDIDA DE DOMINIO,37,32,70101,CALLAO,CALLAO,CALLAO,30/10/2025
ENERO - DICIEMBRE,2024,06/01/2025,CALLAO,PROVINCIAL,PENAL,PENAL,DENUNCIA,MATERIA AMBIENTAL,75,75,70101,CALLAO,CALLAO,CALLAO,30/10/2025
ENERO - DICIEMBRE,2024,06/01/2025,CALLAO,PROVINCIAL,PENAL,PENAL,DENUNCIA,TRANSITO Y SEGURIDAD VIAL,1898,1846,70101,CALLAO,CALLAO,CALLAO,30/10/2025
ENERO - DICIEMBRE,2024,06/01/2025,CALLAO,PROVINCIAL,PENAL,PENAL,DENUNCIA,VIOLENCIA CONTRA LA MUJER Y LOS INTEGRANTES DEL GRUPO FAMILIAR,5583,5206,70101,CALLAO,CALLAO,CALLAO,30/10/2025
ENERO - DICIEMBRE,2024,06/01/2025,CALLAO,PROVINCIAL,PENAL,PENAL,DENUNCIA,,23328,22459,70101,CALLAO,CALLAO,CALLAO,30/10/2025
ENERO - DICIEMBRE,2024,06/01/2025,CALLAO,PROVINCIAL,PENAL,PENAL,EXPEDIENTE,DELITOS ADUANEROS Y CONTRA LA PROPIEDAD INTELECTUAL,15,12,70101,CALLAO,CALLAO,CALLAO,30/10/2025
ENERO - DICIEMBRE,2024,06/01/2025,CALLAO,PROVINCIAL,PENAL,PENAL,EXPEDIENTE,DELITOS DE TRAFICO ILICITO DE DROGAS,12,3,70101,CALLAO,CALLAO,CALLAO,30/10/2025
ENERO - DICIEMBRE,2024,06/01/2025,CALLAO,PROVINCIAL,PENAL,PENAL,EXPEDIENTE,LAVADO DE ACTIVOS Y PERDIDA DE DOMINIO,2,2,70101,CALLAO,CALLAO,CALLAO,30/10/2025
ENERO - DICIEMBRE,2024,06/01/2025,CALLAO,PROVINCIAL,PENAL,PENAL,EXPEDIENTE,,21,20,70101,CALLAO,CALLAO,CALLAO,30/10/2025
ENERO - DICIEMBRE,2024,06/01/2025,CALLAO,PROVINCIAL,PENAL,PENAL,INVESTIGACION PREVENTIVA,MATERIA AMBIENTAL,56,56,70101,CALLAO,CALLAO,CALLAO,30/10/2025
ENERO - DICIEMBRE,2024,06/01/2025,CALLAO,SUPERIOR,CIVIL,CIVIL,EXPEDIENTE,,7,7,70101,CALLAO,CALLAO,CALLAO,30/10/2025
ENERO - DICIEMBRE,2024,06/01/2025,CALLAO,SUPERIOR,FAMILIA,FAMILIA CIVIL,EXPEDIENTE,,79,79,70101,CALLAO,CALLAO,CALLAO,30/10/2025
ENERO - DICIEMBRE,2024,06/01/2025,CALLAO,SUPERIOR,FAMILIA,FAMILIA CIVIL,INCIDENTE,,1,1,70101,CALLAO,CALLAO,CALLAO,30/10/2025
ENERO - DICIEMBRE,2024,06/01/2025,CALLAO,SUPERIOR,FAMILIA,FAMILIA PENAL,EXPEDIENTE,,18,18,70101,CALLAO,CALLAO,CALLAO,30/10/2025
ENERO - DICIEMBRE,2024,06/01/2025,CALLAO,SUPERIOR,FAMILIA,FAMILIA PENAL,INCIDENTE,,5,5,70101,CALLAO,CALLAO,CALLAO,30/10/2025
ENERO - DICIEMBRE,2024,06/01/2025,CALLAO,SUPERIOR,FAMILIA,VIOLENCIA FAMILIAR,EXPEDIENTE,,17,17,70101,CALLAO,CALLAO,CALLAO,30/10/2025
ENERO - DICIEMBRE,2024,06/01/2025,CALLAO,SUPERIOR,FAMILIA,VIOLENCIA FAMILIAR,INCIDENTE,,271,271,70101,CALLAO,CALLAO,CALLAO,30/10/2025
ENERO - DICIEMBRE,2024,06/01/2025,CALLAO,SUPERIOR,PENAL,PENAL,APELACION DENUNCIA,DELITOS DE CORRUPCION DE FUNCIONARIOS,99,98,70101,CALLAO,CALLAO,CALLAO,30/10/2025
ENERO - DICIEMBRE,2024,06/01/2025,CALLAO,SUPERIOR,PENAL,PENAL,APELACION DENUNCIA,,457,457,70101,CALLAO,CALLAO,CALLAO,30/10/2025
ENERO - DICIEMBRE,2024,06/01/2025,CALLAO,SUPERIOR,PENAL,PENAL,APELACION EXPEDIENTE,,34,34,70101,CALLAO,CALLAO,CALLAO,30/10/2025
ENERO - DICIEMBRE,2024,06/01/2025,CALLAO,SUPERIOR,PENAL,PENAL,CONSULTAS,DELITOS DE CORRUPCION DE FUNCIONARIOS,13,13,70101,CALLAO,CALLAO,CALLAO,30/10/2025
ENERO - DICIEMBRE,2024,06/01/2025,CALLAO,SUPERIOR,PENAL,PENAL,CONSULTAS,,170,168,70101,CALLAO,CALLAO,CALLAO,30/10/2025
ENERO - DICIEMBRE,2024,06/01/2025,CALLAO,SUPERIOR,PENAL,PENAL,DENUNCIA,CONTRA LA CRIMINALIDAD ORGANIZADA,3,3,70101,CALLAO,CALLAO,CALLAO,30/10/2025
ENERO - DICIEMBRE,2024,06/01/2025,CALLAO,SUPERIOR,PENAL,PENAL,DENUNCIA,DELITOS DE CORRUPCION DE FUNCIONARIOS,10,10,70101,CALLAO,CALLAO,CALLAO,30/10/2025
ENERO - DICIEMBRE,2024,06/01/2025,CALLAO,SUPERIOR,PENAL,PENAL,DENUNCIA,,69,69,70101,CALLAO,CALLAO,CALLAO,30/10/2025
ENERO - DICIEMBRE,2024,06/01/2025,CALLAO,SUPERIOR,PENAL,PENAL,EXCLUSION FISCAL,DELITOS DE CORRUPCION DE FUNCIONARIOS,2,2,70101,CALLAO,CALLAO,CALLAO,30/10/2025
ENERO - DICIEMBRE,2024,06/01/2025,CALLAO,SUPERIOR,PENAL,PENAL,EXCLUSION FISCAL,,5,5,70101,CALLAO,CALLAO,CALLAO,30/10/2025
ENERO - DICIEMBRE,2024,06/01/2025,CALLAO,SUPERIOR,PENAL,PENAL,EXPEDIENTE,DELITOS DE CORRUPCION DE FUNCIONARIOS,1,1,70101,CALLAO,CALLAO,CALLAO,30/10/2025
ENERO - DICIEMBRE,2024,06/01/2025,CALLAO,SUPERIOR,PENAL,PENAL,EXPEDIENTE,,248,238,70101,CALLAO,CALLAO,CALLAO,30/10/2025
ENERO - DICIEMBRE,2024,06/01/2025,CALLAO,SUPERIOR,PENAL,PENAL,INCIDENTE-EXPEDIENTE,,35,34,70101,CALLAO,CALLAO,CALLAO,30/10/2025
ENERO - DICIEMBRE,2024,06/01/2025,CALLAO,SUPERIOR,PENAL,PENAL,QUEJAS,CONTRA LA CRIMINALIDAD ORGANIZADA,10,9,70101,CALLAO,CALLAO,CALLAO,30/10/2025
ENERO - DICIEMBRE,2024,06/01/2025,CALLAO,SUPERIOR,PENAL,PENAL,QUEJAS,DELITOS DE CORRUPCION DE FUNCIONARIOS,20,20,70101,CALLAO,CALLAO,CALLAO,30/10/2025
ENERO - DICIEMBRE,2024,06/01/2025,CALLAO,SUPERIOR,PENAL,PENAL,QUEJAS,,1299,1276,70101,CALLAO,CALLAO,CALLAO,30/10/2025
ENERO - DICIEMBRE,2024,06/01/2025,CAÑETE,PROVINCIAL,CIVIL,CIVIL,EXPEDIENTE,,30,30,150501,LIMA,CAÑETE,SAN VICENTE DE CAÑETE,30/10/2025
ENERO - DICIEMBRE,2024,06/01/2025,CAÑETE,PROVINCIAL,FAMILIA,ACTOS CONTRA LA LIBERTAD SEXUAL,DENUNCIA,,3,3,150501,LIMA,CAÑETE,SAN VICENTE DE CAÑETE,30/10/2025
ENERO - DICIEMBRE,2024,06/01/2025,CAÑETE,PROVINCIAL,FAMILIA,FAMILIA CIVIL,EXPEDIENTE,,153,146,150501,LIMA,CAÑETE,SAN VICENTE DE CAÑETE,30/10/2025
ENERO - DICIEMBRE,2024,06/01/2025,CAÑETE,PROVINCIAL,FAMILIA,FAMILIA PENAL,DENUNCIA,,279,274,150501,LIMA,CAÑETE,SAN VICENTE DE CAÑETE,30/10/2025
ENERO - DICIEMBRE,2024,06/01/2025,CAÑETE,PROVINCIAL,FAMILIA,FAMILIA PENAL,EXPEDIENTE,,91,90,150501,LIMA,CAÑETE,SAN VICENTE DE CAÑETE,30/10/2025
ENERO - DICIEMBRE,2024,06/01/2025,CAÑETE,PROVINCIAL,FAMILIA,FAMILIA TUTELAR,DENUNCIA,,875,873,150501,LIMA,CAÑETE,SAN VICENTE DE CAÑETE,30/10/2025
ENERO - DICIEMBRE,2024,06/01/2025,CAÑETE,PROVINCIAL,FAMILIA,FAMILIA TUTELAR,EXPEDIENTE,,50,50,150501,LIMA,CAÑETE,SAN VICENTE DE CAÑETE,30/10/2025
ENERO - DICIEMBRE,2024,06/01/2025,CAÑETE,PROVINCIAL,FAMILIA,VIOLENCIA FAMILIAR,DENUNCIA,,43,43,150501,LIMA,CAÑETE,SAN VICENTE DE CAÑETE,30/10/2025
ENERO - DICIEMBRE,2024,06/01/2025,CAÑETE,PROVINCIAL,FAMILIA,VIOLENCIA FAMILIAR,EXPEDIENTE,,2,2,150501,LIMA,CAÑETE,SAN VICENTE DE CAÑETE,30/10/2025
ENERO - DICIEMBRE,2024,06/01/2025,CAÑETE,PROVINCIAL,PENAL,PENAL,DENUNCIA,DELITOS DE CORRUPCION DE FUNCIONARIOS,302,259,150501,LIMA,CAÑETE,SAN VICENTE DE CAÑETE,30/10/2025
ENERO - DICIEMBRE,2024,06/01/2025,CAÑETE,PROVINCIAL,PENAL,PENAL,DENUNCIA,,15382,14242,150501,LIMA,CAÑETE,SAN VICENTE DE CAÑETE,30/10/2025
ENERO - DICIEMBRE,2024,06/01/2025,CAÑETE,PROVINCIAL,PENAL,PENAL,EXPEDIENTE,,2,,150501,LIMA,CAÑETE,SAN VICENTE DE CAÑETE,30/10/2025
ENERO - DICIEMBRE,2024,06/01/2025,CAÑETE,PROVINCIAL,PENAL,PENAL,INVESTIGACION PREVENTIVA,,619,611,150501,LIMA,CAÑETE,SAN VICENTE DE CAÑETE,30/10/2025
ENERO - DICIEMBRE,2024,06/01/2025,CAÑETE,SUPERIOR,CIVIL,CIVIL,EXPEDIENTE,,14,12,150501,LIMA,CAÑETE,SAN VICENTE DE CAÑETE,30/10/2025
ENERO - DICIEMBRE,2024,06/01/2025,CAÑETE,SUPERIOR,FAMILIA,FAMILIA CIVIL,EXPEDIENTE,,17,15,150501,LIMA,CAÑETE,SAN VICENTE DE CAÑETE,30/10/2025
ENERO - DICIEMBRE,2024,06/01/2025,CAÑETE,SUPERIOR,FAMILIA,FAMILIA PENAL,EXPEDIENTE,,14,14,150501,LIMA,CAÑETE,SAN VICENTE DE CAÑETE,30/10/2025
ENERO - DICIEMBRE,2024,06/01/2025,CAÑETE,SUPERIOR,FAMILIA,FAMILIA TUTELAR,EXPEDIENTE,,4,3,150501,LIMA,CAÑETE,SAN VICENTE DE CAÑETE,30/10/2025
ENERO - DICIEMBRE,2024,06/01/2025,CAÑETE,SUPERIOR,FAMILIA,VIOLENCIA FAMILIAR,EXPEDIENTE,,50,49,150501,LIMA,CAÑETE,SAN VICENTE DE CAÑETE,30/10/2025
ENERO - DICIEMBRE,2024,06/01/2025,CAÑETE,SUPERIOR,FAMILIA,VIOLENCIA FAMILIAR,INCIDENTE,,27,26,150501,LIMA,CAÑETE,SAN VICENTE DE CAÑETE,30/10/2025
ENERO - DICIEMBRE,2024,06/01/2025,CAÑETE,SUPERIOR,PENAL,PENAL,APELACION DENUNCIA,,465,459,150501,LIMA,CAÑETE,SAN VICENTE DE CAÑETE,30/10/2025
ENERO - DICIEMBRE,2024,06/01/2025,CAÑETE,SUPERIOR,PENAL,PENAL,APELACION EXPEDIENTE,,4,4,150501,LIMA,CAÑETE,SAN VICENTE DE CAÑETE,30/10/2025
ENERO - DICIEMBRE,2024,06/01/2025,CAÑETE,SUPERIOR,PENAL,PENAL,CONSULTAS,,104,99,150501,LIMA,CAÑETE,SAN VICENTE DE CAÑETE,30/10/2025
ENERO - DICIEMBRE,2024,06/01/2025,CAÑETE,SUPERIOR,PENAL,PENAL,DENUNCIA,,50,42,150501,LIMA,CAÑETE,SAN VICENTE DE CAÑETE,30/10/2025
ENERO - DICIEMBRE,2024,06/01/2025,CAÑETE,SUPERIOR,PENAL,PENAL,EXCLUSION FISCAL,,13,13,150501,LIMA,CAÑETE,SAN VICENTE DE CAÑETE,30/10/2025
ENERO - DICIEMBRE,2024,06/01/2025,CAÑETE,SUPERIOR,PENAL,PENAL,EXPEDIENTE,,22,17,150501,LIMA,CAÑETE,SAN VICENTE DE CAÑETE,30/10/2025
ENERO - DICIEMBRE,2024,06/01/2025,CAÑETE,SUPERIOR,PENAL,PENAL,INCIDENTE-EXPEDIENTE,,5,4,150501,LIMA,CAÑETE,SAN VICENTE DE CAÑETE,30/10/2025
ENERO - DICIEMBRE,2024,06/01/2025,CAÑETE,SUPERIOR,PENAL,PENAL,QUEJAS,,538,441,150501,LIMA,CAÑETE,SAN VICENTE DE CAÑETE,30/10/2025
ENERO - DICIEMBRE,2024,06/01/2025,CUSCO,PROVINCIAL,CIVIL,CIVIL,EXPEDIENTE,,324,301,80108,CUSCO,CUSCO,WANCHAQ,30/10/2025
ENERO - DICIEMBRE,2024,06/01/2025,CUSCO,PROVINCIAL,FAMILIA,ACTOS CONTRA LA LIBERTAD SEXUAL,DENUNCIA,,109,85,80108,CUSCO,CUSCO,WANCHAQ,30/10/2025
ENERO - DICIEMBRE,2024,06/01/2025,CUSCO,PROVINCIAL,FAMILIA,FAMILIA CIVIL,EXPEDIENTE,,1834,1679,80108,CUSCO,CUSCO,WANCHAQ,30/10/2025
ENERO - DICIEMBRE,2024,06/01/2025,CUSCO,PROVINCIAL,FAMILIA,FAMILIA PENAL,DENUNCIA,,995,850,80108,CUSCO,CUSCO,WANCHAQ,30/10/2025
ENERO - DICIEMBRE,2024,06/01/2025,CUSCO,PROVINCIAL,FAMILIA,FAMILIA PENAL,EXPEDIENTE,,453,397,80108,CUSCO,CUSCO,WANCHAQ,30/10/2025
ENERO - DICIEMBRE,2024,06/01/2025,CUSCO,PROVINCIAL,FAMILIA,FAMILIA TUTELAR,DENUNCIA,,1381,1217,80108,CUSCO,CUSCO,WANCHAQ,30/10/2025
ENERO - DICIEMBRE,2024,06/01/2025,CUSCO,PROVINCIAL,FAMILIA,FAMILIA TUTELAR,EXPEDIENTE,,293,252,80108,CUSCO,CUSCO,WANCHAQ,30/10/2025
ENERO - DICIEMBRE,2024,06/01/2025,CUSCO,PROVINCIAL,FAMILIA,VIOLENCIA FAMILIAR,DENUNCIA,,50,46,80108,CUSCO,CUSCO,WANCHAQ,30/10/2025
ENERO - DICIEMBRE,2024,06/01/2025,CUSCO,PROVINCIAL,PENAL,PENAL,DENUNCIA,CONTRA LA CRIMINALIDAD ORGANIZADA,37,32,80108,CUSCO,CUSCO,WANCHAQ,30/10/2025
ENERO - DICIEMBRE,2024,06/01/2025,CUSCO,PROVINCIAL,PENAL,PENAL,DENUNCIA,DELITOS DE CORRUPCION DE FUNCIONARIOS,892,836,80108,CUSCO,CUSCO,WANCHAQ,30/10/2025
ENERO - DICIEMBRE,2024,06/01/2025,CUSCO,PROVINCIAL,PENAL,PENAL,DENUNCIA,DELITOS DE TRAFICO ILICITO DE DROGAS,117,117,80108,CUSCO,CUSCO,WANCHAQ,30/10/2025
ENERO - DICIEMBRE,2024,06/01/2025,CUSCO,PROVINCIAL,PENAL,PENAL,DENUNCIA,DELITOS DE TRATA DE PERSONAS,64,62,80108,CUSCO,CUSCO,WANCHAQ,30/10/2025
ENERO - DICIEMBRE,2024,06/01/2025,CUSCO,PROVINCIAL,PENAL,PENAL,DENUNCIA,MATERIA AMBIENTAL,390,356,80108,CUSCO,CUSCO,WANCHAQ,30/10/2025
ENERO - DICIEMBRE,2024,06/01/2025,CUSCO,PROVINCIAL,PENAL,PENAL,DENUNCIA,TURISMO,305,291,80108,CUSCO,CUSCO,WANCHAQ,30/10/2025
ENERO - DICIEMBRE,2024,06/01/2025,CUSCO,PROVINCIAL,PENAL,PENAL,DENUNCIA,VIOLENCIA CONTRA LA MUJER Y LOS INTEGRANTES DEL GRUPO FAMILIAR,13580,13197,80108,CUSCO,CUSCO,WANCHAQ,30/10/2025
ENERO - DICIEMBRE,2024,06/01/2025,CUSCO,PROVINCIAL,PENAL,PENAL,DENUNCIA,,31327,29401,80108,CUSCO,CUSCO,WANCHAQ,30/10/2025
ENERO - DICIEMBRE,2024,06/01/2025,CUSCO,PROVINCIAL,PENAL,PENAL,EXPEDIENTE,DELITOS DE TRAFICO ILICITO DE DROGAS,6,2,80108,CUSCO,CUSCO,WANCHAQ,30/10/2025
ENERO - DICIEMBRE,2024,06/01/2025,CUSCO,PROVINCIAL,PENAL,PENAL,EXPEDIENTE,,2,2,80108,CUSCO,CUSCO,WANCHAQ,30/10/2025
ENERO - DICIEMBRE,2024,06/01/2025,CUSCO,PROVINCIAL,PENAL,PENAL,INVESTIGACION PREVENTIVA,MATERIA AMBIENTAL,3,3,80108,CUSCO,CUSCO,WANCHAQ,30/10/2025
ENERO - DICIEMBRE,2024,06/01/2025,CUSCO,PROVINCIAL,PENAL,PENAL,INVESTIGACION PREVENTIVA,,1880,1843,80108,CUSCO,CUSCO,WANCHAQ,30/10/2025
ENERO - DICIEMBRE,2024,06/01/2025,CUSCO,SUPERIOR,CIVIL,CIVIL,EXPEDIENTE,,47,44,80108,CUSCO,CUSCO,WANCHAQ,30/10/2025
ENERO - DICIEMBRE,2024,06/01/2025,CUSCO,SUPERIOR,FAMILIA,FAMILIA CIVIL,EXPEDIENTE,,213,175,80108,CUSCO,CUSCO,WANCHAQ,30/10/2025
ENERO - DICIEMBRE,2024,06/01/2025,CUSCO,SUPERIOR,FAMILIA,FAMILIA PENAL,EXPEDIENTE,,65,50,80108,CUSCO,CUSCO,WANCHAQ,30/10/2025
ENERO - DICIEMBRE,2024,06/01/2025,CUSCO,SUPERIOR,FAMILIA,FAMILIA TUTELAR,EXPEDIENTE,,569,468,80108,CUSCO,CUSCO,WANCHAQ,30/10/2025
ENERO - DICIEMBRE,2024,06/01/2025,CUSCO,SUPERIOR,FAMILIA,VIOLENCIA FAMILIAR,EXPEDIENTE,,96,83,80108,CUSCO,CUSCO,WANCHAQ,30/10/2025
ENERO - DICIEMBRE,2024,06/01/2025,CUSCO,SUPERIOR,FAMILIA,VIOLENCIA FAMILIAR,INCIDENTE,,22,21,80108,CUSCO,CUSCO,WANCHAQ,30/10/2025
ENERO - DICIEMBRE,2024,06/01/2025,CUSCO,SUPERIOR,PENAL,PENAL,APELACION DENUNCIA,VIOLENCIA CONTRA LA MUJER Y LOS INTEGRANTES DEL GRUPO FAMILIAR,1021,1018,80108,CUSCO,CUSCO,WANCHAQ,30/10/2025
ENERO - DICIEMBRE,2024,06/01/2025,CUSCO,SUPERIOR,PENAL,PENAL,APELACION DENUNCIA,,1061,1001,80108,CUSCO,CUSCO,WANCHAQ,30/10/2025
ENERO - DICIEMBRE,2024,06/01/2025,CUSCO,SUPERIOR,PENAL,PENAL,APELACION EXPEDIENTE,VIOLENCIA CONTRA LA MUJER Y LOS INTEGRANTES DEL GRUPO FAMILIAR,1,1,80108,CUSCO,CUSCO,WANCHAQ,30/10/2025
ENERO - DICIEMBRE,2024,06/01/2025,CUSCO,SUPERIOR,PENAL,PENAL,APELACION EXPEDIENTE,,154,150,80108,CUSCO,CUSCO,WANCHAQ,30/10/2025
ENERO - DICIEMBRE,2024,06/01/2025,CUSCO,SUPERIOR,PENAL,PENAL,CONSULTAS,VIOLENCIA CONTRA LA MUJER Y LOS INTEGRANTES DEL GRUPO FAMILIAR,89,89,80108,CUSCO,CUSCO,WANCHAQ,30/10/2025
ENERO - DICIEMBRE,2024,06/01/2025,CUSCO,SUPERIOR,PENAL,PENAL,CONSULTAS,,420,391,80108,CUSCO,CUSCO,WANCHAQ,30/10/2025
ENERO - DICIEMBRE,2024,06/01/2025,CUSCO,SUPERIOR,PENAL,PENAL,DENUNCIA,,232,224,80108,CUSCO,CUSCO,WANCHAQ,30/10/2025
ENERO - DICIEMBRE,2024,06/01/2025,CUSCO,SUPERIOR,PENAL,PENAL,EXCLUSION FISCAL,,28,28,80108,CUSCO,CUSCO,WANCHAQ,30/10/2025
ENERO - DICIEMBRE,2024,06/01/2025,CUSCO,SUPERIOR,PENAL,PENAL,EXPEDIENTE,,29,27,80108,CUSCO,CUSCO,WANCHAQ,30/10/2025
ENERO - DICIEMBRE,2024,06/01/2025,CUSCO,SUPERIOR,PENAL,PENAL,INCIDENTE-EXPEDIENTE,,5,5,80108,CUSCO,CUSCO,WANCHAQ,30/10/2025
ENERO - DICIEMBRE,2024,06/01/2025,CUSCO,SUPERIOR,PENAL,PENAL,QUEJAS,VIOLENCIA CONTRA LA MUJER Y LOS INTEGRANTES DEL GRUPO FAMILIAR,252,251,80108,CUSCO,CUSCO,WANCHAQ,30/10/2025
ENERO - DICIEMBRE,2024,06/01/2025,CUSCO,SUPERIOR,PENAL,PENAL,QUEJAS,,1764,1685,80108,CUSCO,CUSCO,WANCHAQ,30/10/2025
ENERO - DICIEMBRE,2024,06/01/2025,HUANCAVELICA,PROVINCIAL,CIVIL,CIVIL,EXPEDIENTE,,12,12,90101,HUANCAVELICA,HUANCAVELICA,HUANCAVELICA,30/10/2025
ENERO - DICIEMBRE,2024,06/01/2025,HUANCAVELICA,PROVINCIAL,FAMILIA,FAMILIA CIVIL,EXPEDIENTE,,159,158,90101,HUANCAVELICA,HUANCAVELICA,HUANCAVELICA,30/10/2025
ENERO - DICIEMBRE,2024,06/01/2025,HUANCAVELICA,PROVINCIAL,FAMILIA,FAMILIA PENAL,DENUNCIA,,119,109,90101,HUANCAVELICA,HUANCAVELICA,HUANCAVELICA,30/10/2025
ENERO - DICIEMBRE,2024,06/01/2025,HUANCAVELICA,PROVINCIAL,FAMILIA,FAMILIA PENAL,EXPEDIENTE,,38,38,90101,HUANCAVELICA,HUANCAVELICA,HUANCAVELICA,30/10/2025
ENERO - DICIEMBRE,2024,06/01/2025,HUANCAVELICA,PROVINCIAL,FAMILIA,FAMILIA TUTELAR,DENUNCIA,,159,155,90101,HUANCAVELICA,HUANCAVELICA,HUANCAVELICA,30/10/2025
ENERO - DICIEMBRE,2024,06/01/2025,HUANCAVELICA,PROVINCIAL,FAMILIA,FAMILIA TUTELAR,EXPEDIENTE,,24,20,90101,HUANCAVELICA,HUANCAVELICA,HUANCAVELICA,30/10/2025
ENERO - DICIEMBRE,2024,06/01/2025,HUANCAVELICA,PROVINCIAL,FAMILIA,VIOLENCIA FAMILIAR,DENUNCIA,,3,3,90101,HUANCAVELICA,HUANCAVELICA,HUANCAVELICA,30/10/2025
ENERO - DICIEMBRE,2024,06/01/2025,HUANCAVELICA,PROVINCIAL,FAMILIA,VIOLENCIA FAMILIAR,EXPEDIENTE,,8,5,90101,HUANCAVELICA,HUANCAVELICA,HUANCAVELICA,30/10/2025
ENERO - DICIEMBRE,2024,06/01/2025,HUANCAVELICA,PROVINCIAL,PENAL,PENAL,DENUNCIA,CONTRA LA CRIMINALIDAD ORGANIZADA,61,60,90101,HUANCAVELICA,HUANCAVELICA,HUANCAVELICA,30/10/2025
ENERO - DICIEMBRE,2024,06/01/2025,HUANCAVELICA,PROVINCIAL,PENAL,PENAL,DENUNCIA,DELITOS DE CORRUPCION DE FUNCIONARIOS,329,327,90101,HUANCAVELICA,HUANCAVELICA,HUANCAVELICA,30/10/2025
ENERO - DICIEMBRE,2024,06/01/2025,HUANCAVELICA,PROVINCIAL,PENAL,PENAL,DENUNCIA,MATERIA AMBIENTAL,113,113,90101,HUANCAVELICA,HUANCAVELICA,HUANCAVELICA,30/10/2025
ENERO - DICIEMBRE,2024,06/01/2025,HUANCAVELICA,PROVINCIAL,PENAL,PENAL,DENUNCIA,VIOLENCIA CONTRA LA MUJER Y LOS INTEGRANTES DEL GRUPO FAMILIAR,682,674,90101,HUANCAVELICA,HUANCAVELICA,HUANCAVELICA,30/10/2025
ENERO - DICIEMBRE,2024,06/01/2025,HUANCAVELICA,PROVINCIAL,PENAL,PENAL,DENUNCIA,,4536,4468,90101,HUANCAVELICA,HUANCAVELICA,HUANCAVELICA,30/10/2025
ENERO - DICIEMBRE,2024,06/01/2025,HUANCAVELICA,PROVINCIAL,PENAL,PENAL,INVESTIGACION PREVENTIVA,MATERIA AMBIENTAL,14,14,90101,HUANCAVELICA,HUANCAVELICA,HUANCAVELICA,30/10/2025
ENERO - DICIEMBRE,2024,06/01/2025,HUANCAVELICA,PROVINCIAL,PENAL,PENAL,INVESTIGACION PREVENTIVA,,1018,1017,90101,HUANCAVELICA,HUANCAVELICA,HUANCAVELICA,30/10/2025
ENERO - DICIEMBRE,2024,06/01/2025,HUANCAVELICA,SUPERIOR,FAMILIA,FAMILIA CIVIL,EXPEDIENTE,,9,9,90101,HUANCAVELICA,HUANCAVELICA,HUANCAVELICA,30/10/2025
ENERO - DICIEMBRE,2024,06/01/2025,HUANCAVELICA,SUPERIOR,FAMILIA,FAMILIA CIVIL,INCIDENTE,,2,2,90101,HUANCAVELICA,HUANCAVELICA,HUANCAVELICA,30/10/2025
ENERO - DICIEMBRE,2024,06/01/2025,HUANCAVELICA,SUPERIOR,FAMILIA,FAMILIA PENAL,EXPEDIENTE,,10,10,90101,HUANCAVELICA,HUANCAVELICA,HUANCAVELICA,30/10/2025
ENERO - DICIEMBRE,2024,06/01/2025,HUANCAVELICA,SUPERIOR,FAMILIA,FAMILIA TUTELAR,EXPEDIENTE,,1,1,90101,HUANCAVELICA,HUANCAVELICA,HUANCAVELICA,30/10/2025
ENERO - DICIEMBRE,2024,06/01/2025,HUANCAVELICA,SUPERIOR,FAMILIA,VIOLENCIA FAMILIAR,INCIDENTE,,28,28,90101,HUANCAVELICA,HUANCAVELICA,HUANCAVELICA,30/10/2025
ENERO - DICIEMBRE,2024,06/01/2025,HUANCAVELICA,SUPERIOR,PENAL,PENAL,APELACION DENUNCIA,DELITOS DE CORRUPCION DE FUNCIONARIOS,82,82,90101,HUANCAVELICA,HUANCAVELICA,HUANCAVELICA,30/10/2025
ENERO - DICIEMBRE,2024,06/01/2025,HUANCAVELICA,SUPERIOR,PENAL,PENAL,APELACION DENUNCIA,,325,325,90101,HUANCAVELICA,HUANCAVELICA,HUANCAVELICA,30/10/2025
ENERO - DICIEMBRE,2024,06/01/2025,HUANCAVELICA,SUPERIOR,PENAL,PENAL,APELACION EXPEDIENTE,DELITOS DE CORRUPCION DE FUNCIONARIOS,1,1,90101,HUANCAVELICA,HUANCAVELICA,HUANCAVELICA,30/10/2025
ENERO - DICIEMBRE,2024,06/01/2025,HUANCAVELICA,SUPERIOR,PENAL,PENAL,APELACION EXPEDIENTE,,6,6,90101,HUANCAVELICA,HUANCAVELICA,HUANCAVELICA,30/10/2025
ENERO - DICIEMBRE,2024,06/01/2025,HUANCAVELICA,SUPERIOR,PENAL,PENAL,CONSULTAS,DELITOS DE CORRUPCION DE FUNCIONARIOS,25,25,90101,HUANCAVELICA,HUANCAVELICA,HUANCAVELICA,30/10/2025
ENERO - DICIEMBRE,2024,06/01/2025,HUANCAVELICA,SUPERIOR,PENAL,PENAL,CONSULTAS,,63,63,90101,HUANCAVELICA,HUANCAVELICA,HUANCAVELICA,30/10/2025
ENERO - DICIEMBRE,2024,06/01/2025,HUANCAVELICA,SUPERIOR,PENAL,PENAL,DENUNCIA,DELITOS DE CORRUPCION DE FUNCIONARIOS,5,5,90101,HUANCAVELICA,HUANCAVELICA,HUANCAVELICA,30/10/2025
ENERO - DICIEMBRE,2024,06/01/2025,HUANCAVELICA,SUPERIOR,PENAL,PENAL,DENUNCIA,,21,21,90101,HUANCAVELICA,HUANCAVELICA,HUANCAVELICA,30/10/2025
ENERO - DICIEMBRE,2024,06/01/2025,HUANCAVELICA,SUPERIOR,PENAL,PENAL,EXCLUSION FISCAL,DELITOS DE CORRUPCION DE FUNCIONARIOS,1,1,90101,HUANCAVELICA,HUANCAVELICA,HUANCAVELICA,30/10/2025
ENERO - DICIEMBRE,2024,06/01/2025,HUANCAVELICA,SUPERIOR,PENAL,PENAL,EXCLUSION FISCAL,,14,14,90101,HUANCAVELICA,HUANCAVELICA,HUANCAVELICA,30/10/2025
ENERO - DICIEMBRE,2024,06/01/2025,HUANCAVELICA,SUPERIOR,PENAL,PENAL,EXPEDIENTE,,24,21,90101,HUANCAVELICA,HUANCAVELICA,HUANCAVELICA,30/10/2025
ENERO - DICIEMBRE,2024,06/01/2025,HUANCAVELICA,SUPERIOR,PENAL,PENAL,INCIDENTE-EXPEDIENTE,,1,1,90101,HUANCAVELICA,HUANCAVELICA,HUANCAVELICA,30/10/2025
ENERO - DICIEMBRE,2024,06/01/2025,HUANCAVELICA,SUPERIOR,PENAL,PENAL,QUEJAS,DELITOS DE CORRUPCION DE FUNCIONARIOS,24,24,90101,HUANCAVELICA,HUANCAVELICA,HUANCAVELICA,30/10/2025
ENERO - DICIEMBRE,2024,06/01/2025,HUANCAVELICA,SUPERIOR,PENAL,PENAL,QUEJAS,,282,282,90101,HUANCAVELICA,HUANCAVELICA,HUANCAVELICA,30/10/2025
ENERO - DICIEMBRE,2024,06/01/2025,HUANUCO,PROVINCIAL,CIVIL,CIVIL,EXPEDIENTE,,74,58,100101,HUANUCO,HUANUCO,HUANUCO,30/10/2025
ENERO - DICIEMBRE,2024,06/01/2025,HUANUCO,PROVINCIAL,FAMILIA,ACTOS CONTRA LA LIBERTAD SEXUAL,DENUNCIA,,253,235,100101,HUANUCO,HUANUCO,HUANUCO,30/10/2025
ENERO - DICIEMBRE,2024,06/01/2025,HUANUCO,PROVINCIAL,FAMILIA,FAMILIA CIVIL,EXPEDIENTE,,909,874,100101,HUANUCO,HUANUCO,HUANUCO,30/10/2025
ENERO - DICIEMBRE,2024,06/01/2025,HUANUCO,PROVINCIAL,FAMILIA,FAMILIA PENAL,DENUNCIA,,992,938,100101,HUANUCO,HUANUCO,HUANUCO,30/10/2025
ENERO - DICIEMBRE,2024,06/01/2025,HUANUCO,PROVINCIAL,FAMILIA,FAMILIA PENAL,EXPEDIENTE,,229,222,100101,HUANUCO,HUANUCO,HUANUCO,30/10/2025
ENERO - DICIEMBRE,2024,06/01/2025,HUANUCO,PROVINCIAL,FAMILIA,FAMILIA TUTELAR,DENUNCIA,,1480,1452,100101,HUANUCO,HUANUCO,HUANUCO,30/10/2025
ENERO - DICIEMBRE,2024,06/01/2025,HUANUCO,PROVINCIAL,FAMILIA,FAMILIA TUTELAR,EXPEDIENTE,,152,146,100101,HUANUCO,HUANUCO,HUANUCO,30/10/2025
ENERO - DICIEMBRE,2024,06/01/2025,HUANUCO,PROVINCIAL,FAMILIA,VIOLENCIA FAMILIAR,DENUNCIA,,528,475,100101,HUANUCO,HUANUCO,HUANUCO,30/10/2025
ENERO - DICIEMBRE,2024,06/01/2025,HUANUCO,PROVINCIAL,FAMILIA,VIOLENCIA FAMILIAR,EXPEDIENTE,,4,4,100101,HUANUCO,HUANUCO,HUANUCO,30/10/2025
ENERO - DICIEMBRE,2024,06/01/2025,HUANUCO,PROVINCIAL,PENAL,PENAL,DENUNCIA,CONTRA LA CRIMINALIDAD ORGANIZADA,38,35,100101,HUANUCO,HUANUCO,HUANUCO,30/10/2025
ENERO - DICIEMBRE,2024,06/01/2025,HUANUCO,PROVINCIAL,PENAL,PENAL,DENUNCIA,DELITOS DE CORRUPCION DE FUNCIONARIOS,490,401,100101,HUANUCO,HUANUCO,HUANUCO,30/10/2025
ENERO - DICIEMBRE,2024,06/01/2025,HUANUCO,PROVINCIAL,PENAL,PENAL,DENUNCIA,DELITOS DE TRAFICO ILICITO DE DROGAS,371,366,100101,HUANUCO,HUANUCO,HUANUCO,30/10/2025
ENERO - DICIEMBRE,2024,06/01/2025,HUANUCO,PROVINCIAL,PENAL,PENAL,DENUNCIA,DELITOS DE TRATA DE PERSONAS,115,114,100101,HUANUCO,HUANUCO,HUANUCO,30/10/2025
ENERO - DICIEMBRE,2024,06/01/2025,HUANUCO,PROVINCIAL,PENAL,PENAL,DENUNCIA,MATERIA AMBIENTAL,642,637,100101,HUANUCO,HUANUCO,HUANUCO,30/10/2025
ENERO - DICIEMBRE,2024,06/01/2025,HUANUCO,PROVINCIAL,PENAL,PENAL,DENUNCIA,,35416,33857,100101,HUANUCO,HUANUCO,HUANUCO,30/10/2025
ENERO - DICIEMBRE,2024,06/01/2025,HUANUCO,PROVINCIAL,PENAL,PENAL,EXPEDIENTE,,8,7,100101,HUANUCO,HUANUCO,HUANUCO,30/10/2025
ENERO - DICIEMBRE,2024,06/01/2025,HUANUCO,PROVINCIAL,PENAL,PENAL,INVESTIGACION PREVENTIVA,MATERIA AMBIENTAL,450,270,100101,HUANUCO,HUANUCO,HUANUCO,30/10/2025
ENERO - DICIEMBRE,2024,06/01/2025,HUANUCO,PROVINCIAL,PENAL,PENAL,INVESTIGACION PREVENTIVA,,1686,1666,100101,HUANUCO,HUANUCO,HUANUCO,30/10/2025
ENERO - DICIEMBRE,2024,06/01/2025,HUANUCO,SUPERIOR,CIVIL,CIVIL,EXPEDIENTE,,21,21,100101,HUANUCO,HUANUCO,HUANUCO,30/10/2025
ENERO - DICIEMBRE,2024,06/01/2025,HUANUCO,SUPERIOR,FAMILIA,FAMILIA CIVIL,EXPEDIENTE,,99,98,100101,HUANUCO,HUANUCO,HUANUCO,30/10/2025
ENERO - DICIEMBRE,2024,06/01/2025,HUANUCO,SUPERIOR,FAMILIA,FAMILIA CIVIL,INCIDENTE,,1,1,100101,HUANUCO,HUANUCO,HUANUCO,30/10/2025
ENERO - DICIEMBRE,2024,06/01/2025,HUANUCO,SUPERIOR,FAMILIA,FAMILIA PENAL,EXPEDIENTE,,46,45,100101,HUANUCO,HUANUCO,HUANUCO,30/10/2025
ENERO - DICIEMBRE,2024,06/01/2025,HUANUCO,SUPERIOR,FAMILIA,FAMILIA TUTELAR,EXPEDIENTE,,3,2,100101,HUANUCO,HUANUCO,HUANUCO,30/10/2025
ENERO - DICIEMBRE,2024,06/01/2025,HUANUCO,SUPERIOR,FAMILIA,VIOLENCIA FAMILIAR,EXPEDIENTE,,141,138,100101,HUANUCO,HUANUCO,HUANUCO,30/10/2025
ENERO - DICIEMBRE,2024,06/01/2025,HUANUCO,SUPERIOR,FAMILIA,VIOLENCIA FAMILIAR,INCIDENTE,,23,23,100101,HUANUCO,HUANUCO,HUANUCO,30/10/2025
ENERO - DICIEMBRE,2024,06/01/2025,HUANUCO,SUPERIOR,PENAL,PENAL,APELACION DENUNCIA,DELITOS DE CORRUPCION DE FUNCIONARIOS,97,70,100101,HUANUCO,HUANUCO,HUANUCO,30/10/2025
ENERO - DICIEMBRE,2024,06/01/2025,HUANUCO,SUPERIOR,PENAL,PENAL,APELACION DENUNCIA,,1355,1353,100101,HUANUCO,HUANUCO,HUANUCO,30/10/2025
ENERO - DICIEMBRE,2024,06/01/2025,HUANUCO,SUPERIOR,PENAL,PENAL,APELACION EXPEDIENTE,DELITOS DE CORRUPCION DE FUNCIONARIOS,2,1,100101,HUANUCO,HUANUCO,HUANUCO,30/10/2025
ENERO - DICIEMBRE,2024,06/01/2025,HUANUCO,SUPERIOR,PENAL,PENAL,CONSULTAS,DELITOS DE CORRUPCION DE FUNCIONARIOS,31,31,100101,HUANUCO,HUANUCO,HUANUCO,30/10/2025
ENERO - DICIEMBRE,2024,06/01/2025,HUANUCO,SUPERIOR,PENAL,PENAL,CONSULTAS,,442,442,100101,HUANUCO,HUANUCO,HUANUCO,30/10/2025
ENERO - DICIEMBRE,2024,06/01/2025,HUANUCO,SUPERIOR,PENAL,PENAL,DENUNCIA,DELITOS DE CORRUPCION DE FUNCIONARIOS,5,4,100101,HUANUCO,HUANUCO,HUANUCO,30/10/2025
ENERO - DICIEMBRE,2024,06/01/2025,HUANUCO,SUPERIOR,PENAL,PENAL,DENUNCIA,,81,81,100101,HUANUCO,HUANUCO,HUANUCO,30/10/2025
ENERO - DICIEMBRE,2024,06/01/2025,HUANUCO,SUPERIOR,PENAL,PENAL,EXCLUSION FISCAL,DELITOS DE CORRUPCION DE FUNCIONARIOS,8,7,100101,HUANUCO,HUANUCO,HUANUCO,30/10/2025
ENERO - DICIEMBRE,2024,06/01/2025,HUANUCO,SUPERIOR,PENAL,PENAL,EXCLUSION FISCAL,,68,68,100101,HUANUCO,HUANUCO,HUANUCO,30/10/2025
ENERO - DICIEMBRE,2024,06/01/2025,HUANUCO,SUPERIOR,PENAL,PENAL,EXPEDIENTE,,190,170,100101,HUANUCO,HUANUCO,HUANUCO,30/10/2025
ENERO - DICIEMBRE,2024,06/01/2025,HUANUCO,SUPERIOR,PENAL,PENAL,INCIDENTE-EXPEDIENTE,,26,23,100101,HUANUCO,HUANUCO,HUANUCO,30/10/2025
ENERO - DICIEMBRE,2024,06/01/2025,HUANUCO,SUPERIOR,PENAL,PENAL,QUEJAS,DELITOS DE CORRUPCION DE FUNCIONARIOS,58,58,100101,HUANUCO,HUANUCO,HUANUCO,30/10/2025
ENERO - DICIEMBRE,2024,06/01/2025,HUANUCO,SUPERIOR,PENAL,PENAL,QUEJAS,,1378,1378,100101,HUANUCO,HUANUCO,HUANUCO,30/10/2025
ENERO - DICIEMBRE,2024,06/01/2025,HUAURA,PROVINCIAL,CIVIL,CIVIL,EXPEDIENTE,,21,15,150801,LIMA,HUAURA,HUACHO,30/10/2025
ENERO - DICIEMBRE,2024,06/01/2025,HUAURA,PROVINCIAL,FAMILIA,FAMILIA CIVIL,EXPEDIENTE,,964,926,150801,LIMA,HUAURA,HUACHO,30/10/2025
ENERO - DICIEMBRE,2024,06/01/2025,HUAURA,PROVINCIAL,FAMILIA,FAMILIA PENAL,DENUNCIA,,448,401,150801,LIMA,HUAURA,HUACHO,30/10/2025
ENERO - DICIEMBRE,2024,06/01/2025,HUAURA,PROVINCIAL,FAMILIA,FAMILIA PENAL,EXPEDIENTE,,137,131,150801,LIMA,HUAURA,HUACHO,30/10/2025
ENERO - DICIEMBRE,2024,06/01/2025,HUAURA,PROVINCIAL,FAMILIA,FAMILIA TUTELAR,DENUNCIA,,141,131,150801,LIMA,HUAURA,HUACHO,30/10/2025
ENERO - DICIEMBRE,2024,06/01/2025,HUAURA,PROVINCIAL,FAMILIA,FAMILIA TUTELAR,EXPEDIENTE,,107,98,150801,LIMA,HUAURA,HUACHO,30/10/2025
ENERO - DICIEMBRE,2024,06/01/2025,HUAURA,PROVINCIAL,FAMILIA,VIOLENCIA FAMILIAR,DENUNCIA,,7,7,150801,LIMA,HUAURA,HUACHO,30/10/2025
ENERO - DICIEMBRE,2024,06/01/2025,HUAURA,PROVINCIAL,FAMILIA,VIOLENCIA FAMILIAR,EXPEDIENTE,,1,,150801,LIMA,HUAURA,HUACHO,30/10/2025
ENERO - DICIEMBRE,2024,06/01/2025,HUAURA,PROVINCIAL,PENAL,PENAL,DENUNCIA,CONTRA LA CRIMINALIDAD ORGANIZADA,76,76,150801,LIMA,HUAURA,HUACHO,30/10/2025
ENERO - DICIEMBRE,2024,06/01/2025,HUAURA,PROVINCIAL,PENAL,PENAL,DENUNCIA,DELITOS DE CORRUPCION DE FUNCIONARIOS,309,291,150801,LIMA,HUAURA,HUACHO,30/10/2025
ENERO - DICIEMBRE,2024,06/01/2025,HUAURA,PROVINCIAL,PENAL,PENAL,DENUNCIA,VIOLENCIA CONTRA LA MUJER Y LOS INTEGRANTES DEL GRUPO FAMILIAR,746,746,150801,LIMA,HUAURA,HUACHO,30/10/2025
ENERO - DICIEMBRE,2024,06/01/2025,HUAURA,PROVINCIAL,PENAL,PENAL,DENUNCIA,,21545,20507,150801,LIMA,HUAURA,HUACHO,30/10/2025
ENERO - DICIEMBRE,2024,06/01/2025,HUAURA,SUPERIOR,FAMILIA,FAMILIA CIVIL,EXPEDIENTE,,53,53,150801,LIMA,HUAURA,HUACHO,30/10/2025
ENERO - DICIEMBRE,2024,06/01/2025,HUAURA,SUPERIOR,FAMILIA,FAMILIA PENAL,EXPEDIENTE,,34,34,150801,LIMA,HUAURA,HUACHO,30/10/2025
ENERO - DICIEMBRE,2024,06/01/2025,HUAURA,SUPERIOR,FAMILIA,FAMILIA TUTELAR,EXPEDIENTE,,6,6,150801,LIMA,HUAURA,HUACHO,30/10/2025
ENERO - DICIEMBRE,2024,06/01/2025,HUAURA,SUPERIOR,FAMILIA,VIOLENCIA FAMILIAR,EXPEDIENTE,,176,176,150801,LIMA,HUAURA,HUACHO,30/10/2025
ENERO - DICIEMBRE,2024,06/01/2025,HUAURA,SUPERIOR,FAMILIA,VIOLENCIA FAMILIAR,INCIDENTE,,5,2,150801,LIMA,HUAURA,HUACHO,30/10/2025
ENERO - DICIEMBRE,2024,06/01/2025,HUAURA,SUPERIOR,PENAL,PENAL,APELACION DENUNCIA,,925,916,150801,LIMA,HUAURA,HUACHO,30/10/2025
ENERO - DICIEMBRE,2024,06/01/2025,HUAURA,SUPERIOR,PENAL,PENAL,APELACION EXPEDIENTE,,2,2,150801,LIMA,HUAURA,HUACHO,30/10/2025
ENERO - DICIEMBRE,2024,06/01/2025,HUAURA,SUPERIOR,PENAL,PENAL,CONSULTAS,,152,152,150801,LIMA,HUAURA,HUACHO,30/10/2025
ENERO - DICIEMBRE,2024,06/01/2025,HUAURA,SUPERIOR,PENAL,PENAL,DENUNCIA,,47,47,150801,LIMA,HUAURA,HUACHO,30/10/2025
ENERO - DICIEMBRE,2024,06/01/2025,HUAURA,SUPERIOR,PENAL,PENAL,EXCLUSION FISCAL,,23,23,150801,LIMA,HUAURA,HUACHO,30/10/2025
ENERO - DICIEMBRE,2024,06/01/2025,HUAURA,SUPERIOR,PENAL,PENAL,EXPEDIENTE,,11,11,150801,LIMA,HUAURA,HUACHO,30/10/2025
ENERO - DICIEMBRE,2024,06/01/2025,HUAURA,SUPERIOR,PENAL,PENAL,QUEJAS,,750,750,150801,LIMA,HUAURA,HUACHO,30/10/2025
ENERO - DICIEMBRE,2024,06/01/2025,ICA,PROVINCIAL,CIVIL,CIVIL,EXPEDIENTE,,28,24,110101,ICA,ICA,ICA,30/10/2025
ENERO - DICIEMBRE,2024,06/01/2025,ICA,PROVINCIAL,FAMILIA,ACTOS CONTRA LA LIBERTAD SEXUAL,DENUNCIA,,1,1,110101,ICA,ICA,ICA,30/10/2025
ENERO - DICIEMBRE,2024,06/01/2025,ICA,PROVINCIAL,FAMILIA,FAMILIA CIVIL,EXPEDIENTE,,1531,1452,110101,ICA,ICA,ICA,30/10/2025
ENERO - DICIEMBRE,2024,06/01/2025,ICA,PROVINCIAL,FAMILIA,FAMILIA PENAL,DENUNCIA,,767,566,110101,ICA,ICA,ICA,30/10/2025
ENERO - DICIEMBRE,2024,06/01/2025,ICA,PROVINCIAL,FAMILIA,FAMILIA PENAL,EXPEDIENTE,,220,207,110101,ICA,ICA,ICA,30/10/2025
ENERO - DICIEMBRE,2024,06/01/2025,ICA,PROVINCIAL,FAMILIA,FAMILIA TUTELAR,DENUNCIA,,360,262,110101,ICA,ICA,ICA,30/10/2025
ENERO - DICIEMBRE,2024,06/01/2025,ICA,PROVINCIAL,FAMILIA,FAMILIA TUTELAR,EXPEDIENTE,,95,91,110101,ICA,ICA,ICA,30/10/2025
ENERO - DICIEMBRE,2024,06/01/2025,ICA,PROVINCIAL,FAMILIA,VIOLENCIA FAMILIAR,DENUNCIA,,36,36,110101,ICA,ICA,ICA,30/10/2025
ENERO - DICIEMBRE,2024,06/01/2025,ICA,PROVINCIAL,FAMILIA,VIOLENCIA FAMILIAR,EXPEDIENTE,,1,1,110101,ICA,ICA,ICA,30/10/2025
ENERO - DICIEMBRE,2024,06/01/2025,ICA,PROVINCIAL,PENAL,PENAL,DENUNCIA,CONTRA LA CRIMINALIDAD ORGANIZADA,63,55,110101,ICA,ICA,ICA,30/10/2025
ENERO - DICIEMBRE,2024,06/01/2025,ICA,PROVINCIAL,PENAL,PENAL,DENUNCIA,DELITOS DE CORRUPCION DE FUNCIONARIOS,363,279,110101,ICA,ICA,ICA,30/10/2025
ENERO - DICIEMBRE,2024,06/01/2025,ICA,PROVINCIAL,PENAL,PENAL,DENUNCIA,MATERIA AMBIENTAL,346,344,110101,ICA,ICA,ICA,30/10/2025
ENERO - DICIEMBRE,2024,06/01/2025,ICA,PROVINCIAL,PENAL,PENAL,DENUNCIA,,40438,32347,110101,ICA,ICA,ICA,30/10/2025
ENERO - DICIEMBRE,2024,06/01/2025,ICA,PROVINCIAL,PENAL,PENAL,INVESTIGACION PREVENTIVA,MATERIA AMBIENTAL,43,43,110101,ICA,ICA,ICA,30/10/2025
ENERO - DICIEMBRE,2024,06/01/2025,ICA,PROVINCIAL,PENAL,PENAL,INVESTIGACION PREVENTIVA,,484,467,110101,ICA,ICA,ICA,30/10/2025
ENERO - DICIEMBRE,2024,06/01/2025,ICA,SUPERIOR,CIVIL,CIVIL,EXPEDIENTE,,30,30,110101,ICA,ICA,ICA,30/10/2025
ENERO - DICIEMBRE,2024,06/01/2025,ICA,SUPERIOR,FAMILIA,FAMILIA CIVIL,EXPEDIENTE,,204,184,110101,ICA,ICA,ICA,30/10/2025
ENERO - DICIEMBRE,2024,06/01/2025,ICA,SUPERIOR,FAMILIA,FAMILIA CIVIL,INCIDENTE,,7,7,110101,ICA,ICA,ICA,30/10/2025
ENERO - DICIEMBRE,2024,06/01/2025,ICA,SUPERIOR,FAMILIA,FAMILIA PENAL,EXPEDIENTE,,38,37,110101,ICA,ICA,ICA,30/10/2025
ENERO - DICIEMBRE,2024,06/01/2025,ICA,SUPERIOR,FAMILIA,FAMILIA PENAL,INCIDENTE,,3,3,110101,ICA,ICA,ICA,30/10/2025
ENERO - DICIEMBRE,2024,06/01/2025,ICA,SUPERIOR,FAMILIA,FAMILIA TUTELAR,EXPEDIENTE,,38,34,110101,ICA,ICA,ICA,30/10/2025
ENERO - DICIEMBRE,2024,06/01/2025,ICA,SUPERIOR,FAMILIA,VIOLENCIA FAMILIAR,EXPEDIENTE,,225,213,110101,ICA,ICA,ICA,30/10/2025
ENERO - DICIEMBRE,2024,06/01/2025,ICA,SUPERIOR,FAMILIA,VIOLENCIA FAMILIAR,INCIDENTE,,144,138,110101,ICA,ICA,ICA,30/10/2025
ENERO - DICIEMBRE,2024,06/01/2025,ICA,SUPERIOR,PENAL,PENAL,APELACION DENUNCIA,,2125,2102,110101,ICA,ICA,ICA,30/10/2025
ENERO - DICIEMBRE,2024,06/01/2025,ICA,SUPERIOR,PENAL,PENAL,APELACION EXPEDIENTE,,14,13,110101,ICA,ICA,ICA,30/10/2025
ENERO - DICIEMBRE,2024,06/01/2025,ICA,SUPERIOR,PENAL,PENAL,CONSULTAS,,425,421,110101,ICA,ICA,ICA,30/10/2025
ENERO - DICIEMBRE,2024,06/01/2025,ICA,SUPERIOR,PENAL,PENAL,DENUNCIA,,135,135,110101,ICA,ICA,ICA,30/10/2025
ENERO - DICIEMBRE,2024,06/01/2025,ICA,SUPERIOR,PENAL,PENAL,EXCLUSION FISCAL,,106,106,110101,ICA,ICA,ICA,30/10/2025
ENERO - DICIEMBRE,2024,06/01/2025,ICA,SUPERIOR,PENAL,PENAL,EXPEDIENTE,,40,39,110101,ICA,ICA,ICA,30/10/2025
ENERO - DICIEMBRE,2024,06/01/2025,ICA,SUPERIOR,PENAL,PENAL,QUEJAS,,1548,1537,110101,ICA,ICA,ICA,30/10/2025
ENERO - DICIEMBRE,2024,06/01/2025,JUNIN,PROVINCIAL,CIVIL,CIVIL,EXPEDIENTE,,25,22,120114,JUNIN,HUANCAYO,EL TAMBO,30/10/2025
ENERO - DICIEMBRE,2024,06/01/2025,JUNIN,PROVINCIAL,FAMILIA,ACTOS CONTRA LA LIBERTAD SEXUAL,DENUNCIA,,68,63,120114,JUNIN,HUANCAYO,EL TAMBO,30/10/2025
ENERO - DICIEMBRE,2024,06/01/2025,JUNIN,PROVINCIAL,FAMILIA,FAMILIA CIVIL,EXPEDIENTE,,1303,1229,120114,JUNIN,HUANCAYO,EL TAMBO,30/10/2025
ENERO - DICIEMBRE,2024,06/01/2025,JUNIN,PROVINCIAL,FAMILIA,FAMILIA PENAL,DENUNCIA,,878,718,120114,JUNIN,HUANCAYO,EL TAMBO,30/10/2025
ENERO - DICIEMBRE,2024,06/01/2025,JUNIN,PROVINCIAL,FAMILIA,FAMILIA PENAL,EXPEDIENTE,,188,170,120114,JUNIN,HUANCAYO,EL TAMBO,30/10/2025
ENERO - DICIEMBRE,2024,06/01/2025,JUNIN,PROVINCIAL,FAMILIA,FAMILIA TUTELAR,DENUNCIA,,466,431,120114,JUNIN,HUANCAYO,EL TAMBO,30/10/2025
ENERO - DICIEMBRE,2024,06/01/2025,JUNIN,PROVINCIAL,FAMILIA,FAMILIA TUTELAR,EXPEDIENTE,,70,66,120114,JUNIN,HUANCAYO,EL TAMBO,30/10/2025
ENERO - DICIEMBRE,2024,06/01/2025,JUNIN,PROVINCIAL,FAMILIA,VIOLENCIA FAMILIAR,DENUNCIA,,13,12,120114,JUNIN,HUANCAYO,EL TAMBO,30/10/2025
ENERO - DICIEMBRE,2024,06/01/2025,JUNIN,PROVINCIAL,PENAL,PENAL,DENUNCIA,CONTRA LA CRIMINALIDAD ORGANIZADA,90,89,120114,JUNIN,HUANCAYO,EL TAMBO,30/10/2025
ENERO - DICIEMBRE,2024,06/01/2025,JUNIN,PROVINCIAL,PENAL,PENAL,DENUNCIA,DELITOS DE CORRUPCION DE FUNCIONARIOS,676,634,120114,JUNIN,HUANCAYO,EL TAMBO,30/10/2025
ENERO - DICIEMBRE,2024,06/01/2025,JUNIN,PROVINCIAL,PENAL,PENAL,DENUNCIA,DELITOS DE TRAFICO ILICITO DE DROGAS,38,38,120114,JUNIN,HUANCAYO,EL TAMBO,30/10/2025
ENERO - DICIEMBRE,2024,06/01/2025,JUNIN,PROVINCIAL,PENAL,PENAL,DENUNCIA,MATERIA AMBIENTAL,391,389,120114,JUNIN,HUANCAYO,EL TAMBO,30/10/2025
ENERO - DICIEMBRE,2024,06/01/2025,JUNIN,PROVINCIAL,PENAL,PENAL,DENUNCIA,VIOLENCIA CONTRA LA MUJER Y LOS INTEGRANTES DEL GRUPO FAMILIAR,10145,9890,120114,JUNIN,HUANCAYO,EL TAMBO,30/10/2025
ENERO - DICIEMBRE,2024,06/01/2025,JUNIN,PROVINCIAL,PENAL,PENAL,DENUNCIA,,34716,32222,120114,JUNIN,HUANCAYO,EL TAMBO,30/10/2025
ENERO - DICIEMBRE,2024,06/01/2025,JUNIN,PROVINCIAL,PENAL,PENAL,EXPEDIENTE,,19,10,120114,JUNIN,HUANCAYO,EL TAMBO,30/10/2025
ENERO - DICIEMBRE,2024,06/01/2025,JUNIN,PROVINCIAL,PENAL,PENAL,INVESTIGACION PREVENTIVA,MATERIA AMBIENTAL,82,82,120114,JUNIN,HUANCAYO,EL TAMBO,30/10/2025
ENERO - DICIEMBRE,2024,06/01/2025,JUNIN,PROVINCIAL,PENAL,PENAL,INVESTIGACION PREVENTIVA,,851,851,120114,JUNIN,HUANCAYO,EL TAMBO,30/10/2025
ENERO - DICIEMBRE,2024,06/01/2025,JUNIN,SUPERIOR,CIVIL,CIVIL,EXPEDIENTE,,35,33,120114,JUNIN,HUANCAYO,EL TAMBO,30/10/2025
ENERO - DICIEMBRE,2024,06/01/2025,JUNIN,SUPERIOR,FAMILIA,FAMILIA CIVIL,EXPEDIENTE,,39,38,120114,JUNIN,HUANCAYO,EL TAMBO,30/10/2025
ENERO - DICIEMBRE,2024,06/01/2025,JUNIN,SUPERIOR,FAMILIA,FAMILIA PENAL,EXPEDIENTE,,32,32,120114,JUNIN,HUANCAYO,EL TAMBO,30/10/2025
ENERO - DICIEMBRE,2024,06/01/2025,JUNIN,SUPERIOR,FAMILIA,FAMILIA PENAL,INCIDENTE,,1,1,120114,JUNIN,HUANCAYO,EL TAMBO,30/10/2025
ENERO - DICIEMBRE,2024,06/01/2025,JUNIN,SUPERIOR,FAMILIA,FAMILIA TUTELAR,EXPEDIENTE,,4,4,120114,JUNIN,HUANCAYO,EL TAMBO,30/10/2025
ENERO - DICIEMBRE,2024,06/01/2025,JUNIN,SUPERIOR,FAMILIA,VIOLENCIA FAMILIAR,EXPEDIENTE,,172,172,120114,JUNIN,HUANCAYO,EL TAMBO,30/10/2025
ENERO - DICIEMBRE,2024,06/01/2025,JUNIN,SUPERIOR,FAMILIA,VIOLENCIA FAMILIAR,INCIDENTE,,2,2,120114,JUNIN,HUANCAYO,EL TAMBO,30/10/2025
ENERO - DICIEMBRE,2024,06/01/2025,JUNIN,SUPERIOR,PENAL,PENAL,APELACION DENUNCIA,DELITOS DE CORRUPCION DE FUNCIONARIOS,199,199,120114,JUNIN,HUANCAYO,EL TAMBO,30/10/2025
ENERO - DICIEMBRE,2024,06/01/2025,JUNIN,SUPERIOR,PENAL,PENAL,APELACION DENUNCIA,VIOLENCIA CONTRA LA MUJER Y LOS INTEGRANTES DEL GRUPO FAMILIAR,157,153,120114,JUNIN,HUANCAYO,EL TAMBO,30/10/2025
ENERO - DICIEMBRE,2024,06/01/2025,JUNIN,SUPERIOR,PENAL,PENAL,APELACION DENUNCIA,,1365,1365,120114,JUNIN,HUANCAYO,EL TAMBO,30/10/2025
ENERO - DICIEMBRE,2024,06/01/2025,JUNIN,SUPERIOR,PENAL,PENAL,APELACION EXPEDIENTE,VIOLENCIA CONTRA LA MUJER Y LOS INTEGRANTES DEL GRUPO FAMILIAR,56,56,120114,JUNIN,HUANCAYO,EL TAMBO,30/10/2025
ENERO - DICIEMBRE,2024,06/01/2025,JUNIN,SUPERIOR,PENAL,PENAL,APELACION EXPEDIENTE,,601,601,120114,JUNIN,HUANCAYO,EL TAMBO,30/10/2025
ENERO - DICIEMBRE,2024,06/01/2025,JUNIN,SUPERIOR,PENAL,PENAL,CONSULTAS,DELITOS DE CORRUPCION DE FUNCIONARIOS,8,8,120114,JUNIN,HUANCAYO,EL TAMBO,30/10/2025
ENERO - DICIEMBRE,2024,06/01/2025,JUNIN,SUPERIOR,PENAL,PENAL,CONSULTAS,VIOLENCIA CONTRA LA MUJER Y LOS INTEGRANTES DEL GRUPO FAMILIAR,65,63,120114,JUNIN,HUANCAYO,EL TAMBO,30/10/2025
ENERO - DICIEMBRE,2024,06/01/2025,JUNIN,SUPERIOR,PENAL,PENAL,CONSULTAS,,221,218,120114,JUNIN,HUANCAYO,EL TAMBO,30/10/2025
ENERO - DICIEMBRE,2024,06/01/2025,JUNIN,SUPERIOR,PENAL,PENAL,DENUNCIA,DELITOS DE CORRUPCION DE FUNCIONARIOS,27,27,120114,JUNIN,HUANCAYO,EL TAMBO,30/10/2025
ENERO - DICIEMBRE,2024,06/01/2025,JUNIN,SUPERIOR,PENAL,PENAL,DENUNCIA,VIOLENCIA CONTRA LA MUJER Y LOS INTEGRANTES DEL GRUPO FAMILIAR,1,1,120114,JUNIN,HUANCAYO,EL TAMBO,30/10/2025
ENERO - DICIEMBRE,2024,06/01/2025,JUNIN,SUPERIOR,PENAL,PENAL,DENUNCIA,,124,124,120114,JUNIN,HUANCAYO,EL TAMBO,30/10/2025
ENERO - DICIEMBRE,2024,06/01/2025,JUNIN,SUPERIOR,PENAL,PENAL,EXCLUSION FISCAL,DELITOS DE CORRUPCION DE FUNCIONARIOS,3,2,120114,JUNIN,HUANCAYO,EL TAMBO,30/10/2025
ENERO - DICIEMBRE,2024,06/01/2025,JUNIN,SUPERIOR,PENAL,PENAL,EXCLUSION FISCAL,VIOLENCIA CONTRA LA MUJER Y LOS INTEGRANTES DEL GRUPO FAMILIAR,9,9,120114,JUNIN,HUANCAYO,EL TAMBO,30/10/2025
ENERO - DICIEMBRE,2024,06/01/2025,JUNIN,SUPERIOR,PENAL,PENAL,EXCLUSION FISCAL,,67,67,120114,JUNIN,HUANCAYO,EL TAMBO,30/10/2025
ENERO - DICIEMBRE,2024,06/01/2025,JUNIN,SUPERIOR,PENAL,PENAL,EXPEDIENTE,,69,69,120114,JUNIN,HUANCAYO,EL TAMBO,30/10/2025
ENERO - DICIEMBRE,2024,06/01/2025,JUNIN,SUPERIOR,PENAL,PENAL,INCIDENTE-EXPEDIENTE,,11,9,120114,JUNIN,HUANCAYO,EL TAMBO,30/10/2025
ENERO - DICIEMBRE,2024,06/01/2025,JUNIN,SUPERIOR,PENAL,PENAL,QUEJAS,DELITOS DE CORRUPCION DE FUNCIONARIOS,86,86,120114,JUNIN,HUANCAYO,EL TAMBO,30/10/2025
ENERO - DICIEMBRE,2024,06/01/2025,JUNIN,SUPERIOR,PENAL,PENAL,QUEJAS,VIOLENCIA CONTRA LA MUJER Y LOS INTEGRANTES DEL GRUPO FAMILIAR,162,144,120114,JUNIN,HUANCAYO,EL TAMBO,30/10/2025
ENERO - DICIEMBRE,2024,06/01/2025,JUNIN,SUPERIOR,PENAL,PENAL,QUEJAS,,1150,1147,120114,JUNIN,HUANCAYO,EL TAMBO,30/10/2025
ENERO - DICIEMBRE,2024,06/01/2025,LA LIBERTAD,PROVINCIAL,CIVIL,CIVIL,EXPEDIENTE,,56,17,130101,LA LIBERTAD,TRUJILLO,TRUJILLO,30/10/2025
ENERO - DICIEMBRE,2024,06/01/2025,LA LIBERTAD,PROVINCIAL,FAMILIA,ACTOS CONTRA LA LIBERTAD SEXUAL,DENUNCIA,,90,80,130101,LA LIBERTAD,TRUJILLO,TRUJILLO,30/10/2025
ENERO - DICIEMBRE,2024,06/01/2025,LA LIBERTAD,PROVINCIAL,FAMILIA,FAMILIA CIVIL,EXPEDIENTE,,763,613,130101,LA LIBERTAD,TRUJILLO,TRUJILLO,30/10/2025
ENERO - DICIEMBRE,2024,06/01/2025,LA LIBERTAD,PROVINCIAL,FAMILIA,FAMILIA PENAL,DENUNCIA,,1273,804,130101,LA LIBERTAD,TRUJILLO,TRUJILLO,30/10/2025
ENERO - DICIEMBRE,2024,06/01/2025,LA LIBERTAD,PROVINCIAL,FAMILIA,FAMILIA PENAL,EXPEDIENTE,,198,162,130101,LA LIBERTAD,TRUJILLO,TRUJILLO,30/10/2025
ENERO - DICIEMBRE,2024,06/01/2025,LA LIBERTAD,PROVINCIAL,FAMILIA,FAMILIA TUTELAR,DENUNCIA,,1037,554,130101,LA LIBERTAD,TRUJILLO,TRUJILLO,30/10/2025
ENERO - DICIEMBRE,2024,06/01/2025,LA LIBERTAD,PROVINCIAL,FAMILIA,FAMILIA TUTELAR,EXPEDIENTE,,55,40,130101,LA LIBERTAD,TRUJILLO,TRUJILLO,30/10/2025
ENERO - DICIEMBRE,2024,06/01/2025,LA LIBERTAD,PROVINCIAL,FAMILIA,VIOLENCIA FAMILIAR,DENUNCIA,,109,105,130101,LA LIBERTAD,TRUJILLO,TRUJILLO,30/10/2025
ENERO - DICIEMBRE,2024,06/01/2025,LA LIBERTAD,PROVINCIAL,FAMILIA,VIOLENCIA FAMILIAR,EXPEDIENTE,,3,2,130101,LA LIBERTAD,TRUJILLO,TRUJILLO,30/10/2025
ENERO - DICIEMBRE,2024,06/01/2025,LA LIBERTAD,PROVINCIAL,PENAL,PENAL,DENUNCIA,CONTRA LA CRIMINALIDAD ORGANIZADA,58,58,130101,LA LIBERTAD,TRUJILLO,TRUJILLO,30/10/2025
ENERO - DICIEMBRE,2024,06/01/2025,LA LIBERTAD,PROVINCIAL,PENAL,PENAL,DENUNCIA,DELITOS DE CIBERDELINCUENCIA,1550,1532,130101,LA LIBERTAD,TRUJILLO,TRUJILLO,30/10/2025
ENERO - DICIEMBRE,2024,06/01/2025,LA LIBERTAD,PROVINCIAL,PENAL,PENAL,DENUNCIA,DELITOS DE CORRUPCION DE FUNCIONARIOS,602,558,130101,LA LIBERTAD,TRUJILLO,TRUJILLO,30/10/2025
ENERO - DICIEMBRE,2024,06/01/2025,LA LIBERTAD,PROVINCIAL,PENAL,PENAL,DENUNCIA,DELITOS DE TRAFICO ILICITO DE DROGAS,238,238,130101,LA LIBERTAD,TRUJILLO,TRUJILLO,30/10/2025
ENERO - DICIEMBRE,2024,06/01/2025,LA LIBERTAD,PROVINCIAL,PENAL,PENAL,DENUNCIA,DELITOS DE TRATA DE PERSONAS,56,56,130101,LA LIBERTAD,TRUJILLO,TRUJILLO,30/10/2025
ENERO - DICIEMBRE,2024,06/01/2025,LA LIBERTAD,PROVINCIAL,PENAL,PENAL,DENUNCIA,MATERIA AMBIENTAL,489,442,130101,LA LIBERTAD,TRUJILLO,TRUJILLO,30/10/2025
ENERO - DICIEMBRE,2024,06/01/2025,LA LIBERTAD,PROVINCIAL,PENAL,PENAL,DENUNCIA,VIOLENCIA CONTRA LA MUJER Y LOS INTEGRANTES DEL GRUPO FAMILIAR,2953,2892,130101,LA LIBERTAD,TRUJILLO,TRUJILLO,30/10/2025
ENERO - DICIEMBRE,2024,06/01/2025,LA LIBERTAD,PROVINCIAL,PENAL,PENAL,DENUNCIA,,54224,49155,130101,LA LIBERTAD,TRUJILLO,TRUJILLO,30/10/2025
ENERO - DICIEMBRE,2024,06/01/2025,LA LIBERTAD,PROVINCIAL,PENAL,PENAL,EXPEDIENTE,,5,4,130101,LA LIBERTAD,TRUJILLO,TRUJILLO,30/10/2025
ENERO - DICIEMBRE,2024,06/01/2025,LA LIBERTAD,PROVINCIAL,PENAL,PENAL,INVESTIGACION PREVENTIVA,MATERIA AMBIENTAL,15,14,130101,LA LIBERTAD,TRUJILLO,TRUJILLO,30/10/2025
ENERO - DICIEMBRE,2024,06/01/2025,LA LIBERTAD,PROVINCIAL,PENAL,PENAL,INVESTIGACION PREVENTIVA,,582,579,130101,LA LIBERTAD,TRUJILLO,TRUJILLO,30/10/2025
ENERO - DICIEMBRE,2024,06/01/2025,LA LIBERTAD,SUPERIOR,CIVIL,CIVIL,EXPEDIENTE,,21,21,130101,LA LIBERTAD,TRUJILLO,TRUJILLO,30/10/2025
ENERO - DICIEMBRE,2024,06/01/2025,LA LIBERTAD,SUPERIOR,FAMILIA,FAMILIA CIVIL,EXPEDIENTE,,43,43,130101,LA LIBERTAD,TRUJILLO,TRUJILLO,30/10/2025
ENERO - DICIEMBRE,2024,06/01/2025,LA LIBERTAD,SUPERIOR,FAMILIA,FAMILIA CIVIL,INCIDENTE,,1,1,130101,LA LIBERTAD,TRUJILLO,TRUJILLO,30/10/2025
ENERO - DICIEMBRE,2024,06/01/2025,LA LIBERTAD,SUPERIOR,FAMILIA,FAMILIA PENAL,EXPEDIENTE,,66,66,130101,LA LIBERTAD,TRUJILLO,TRUJILLO,30/10/2025
ENERO - DICIEMBRE,2024,06/01/2025,LA LIBERTAD,SUPERIOR,FAMILIA,FAMILIA PENAL,INCIDENTE,,4,4,130101,LA LIBERTAD,TRUJILLO,TRUJILLO,30/10/2025
ENERO - DICIEMBRE,2024,06/01/2025,LA LIBERTAD,SUPERIOR,FAMILIA,FAMILIA TUTELAR,EXPEDIENTE,,4,4,130101,LA LIBERTAD,TRUJILLO,TRUJILLO,30/10/2025
ENERO - DICIEMBRE,2024,06/01/2025,LA LIBERTAD,SUPERIOR,FAMILIA,VIOLENCIA FAMILIAR,EXPEDIENTE,,698,698,130101,LA LIBERTAD,TRUJILLO,TRUJILLO,30/10/2025
ENERO - DICIEMBRE,2024,06/01/2025,LA LIBERTAD,SUPERIOR,FAMILIA,VIOLENCIA FAMILIAR,INCIDENTE,,16,16,130101,LA LIBERTAD,TRUJILLO,TRUJILLO,30/10/2025
ENERO - DICIEMBRE,2024,06/01/2025,LA LIBERTAD,SUPERIOR,PENAL,PENAL,APELACION DENUNCIA,,2618,2616,130101,LA LIBERTAD,TRUJILLO,TRUJILLO,30/10/2025
ENERO - DICIEMBRE,2024,06/01/2025,LA LIBERTAD,SUPERIOR,PENAL,PENAL,CONSULTAS,,284,268,130101,LA LIBERTAD,TRUJILLO,TRUJILLO,30/10/2025
ENERO - DICIEMBRE,2024,06/01/2025,LA LIBERTAD,SUPERIOR,PENAL,PENAL,DENUNCIA,,120,119,130101,LA LIBERTAD,TRUJILLO,TRUJILLO,30/10/2025
ENERO - DICIEMBRE,2024,06/01/2025,LA LIBERTAD,SUPERIOR,PENAL,PENAL,EXCLUSION FISCAL,,70,68,130101,LA LIBERTAD,TRUJILLO,TRUJILLO,30/10/2025
ENERO - DICIEMBRE,2024,06/01/2025,LA LIBERTAD,SUPERIOR,PENAL,PENAL,EXPEDIENTE,,230,227,130101,LA LIBERTAD,TRUJILLO,TRUJILLO,30/10/2025
ENERO - DICIEMBRE,2024,06/01/2025,LA LIBERTAD,SUPERIOR,PENAL,PENAL,QUEJAS,,1852,1764,130101,LA LIBERTAD,TRUJILLO,TRUJILLO,30/10/2025
ENERO - DICIEMBRE,2024,06/01/2025,LAMBAYEQUE,PROVINCIAL,CIVIL,CIVIL,EXPEDIENTE,,66,52,140101,LAMBAYEQUE,CHICLAYO,CHICLAYO,30/10/2025
ENERO - DICIEMBRE,2024,06/01/2025,LAMBAYEQUE,PROVINCIAL,FAMILIA,ACTOS CONTRA LA LIBERTAD SEXUAL,DENUNCIA,,237,218,140101,LAMBAYEQUE,CHICLAYO,CHICLAYO,30/10/2025
ENERO - DICIEMBRE,2024,06/01/2025,LAMBAYEQUE,PROVINCIAL,FAMILIA,FAMILIA CIVIL,EXPEDIENTE,,3269,2604,140101,LAMBAYEQUE,CHICLAYO,CHICLAYO,30/10/2025
ENERO - DICIEMBRE,2024,06/01/2025,LAMBAYEQUE,PROVINCIAL,FAMILIA,FAMILIA PENAL,DENUNCIA,,1968,1599,140101,LAMBAYEQUE,CHICLAYO,CHICLAYO,30/10/2025
ENERO - DICIEMBRE,2024,06/01/2025,LAMBAYEQUE,PROVINCIAL,FAMILIA,FAMILIA PENAL,EXPEDIENTE,,368,346,140101,LAMBAYEQUE,CHICLAYO,CHICLAYO,30/10/2025
ENERO - DICIEMBRE,2024,06/01/2025,LAMBAYEQUE,PROVINCIAL,FAMILIA,FAMILIA TUTELAR,DENUNCIA,,636,571,140101,LAMBAYEQUE,CHICLAYO,CHICLAYO,30/10/2025
ENERO - DICIEMBRE,2024,06/01/2025,LAMBAYEQUE,PROVINCIAL,FAMILIA,FAMILIA TUTELAR,EXPEDIENTE,,170,145,140101,LAMBAYEQUE,CHICLAYO,CHICLAYO,30/10/2025
ENERO - DICIEMBRE,2024,06/01/2025,LAMBAYEQUE,PROVINCIAL,FAMILIA,VIOLENCIA FAMILIAR,DENUNCIA,,243,234,140101,LAMBAYEQUE,CHICLAYO,CHICLAYO,30/10/2025
ENERO - DICIEMBRE,2024,06/01/2025,LAMBAYEQUE,PROVINCIAL,FAMILIA,VIOLENCIA FAMILIAR,EXPEDIENTE,,6,5,140101,LAMBAYEQUE,CHICLAYO,CHICLAYO,30/10/2025
ENERO - DICIEMBRE,2024,06/01/2025,LAMBAYEQUE,PROVINCIAL,PENAL,PENAL,DENUNCIA,CONTRA LA CRIMINALIDAD ORGANIZADA,152,139,140101,LAMBAYEQUE,CHICLAYO,CHICLAYO,30/10/2025
ENERO - DICIEMBRE,2024,06/01/2025,LAMBAYEQUE,PROVINCIAL,PENAL,PENAL,DENUNCIA,DELITOS DE CORRUPCION DE FUNCIONARIOS,714,682,140101,LAMBAYEQUE,CHICLAYO,CHICLAYO,30/10/2025
ENERO - DICIEMBRE,2024,06/01/2025,LAMBAYEQUE,PROVINCIAL,PENAL,PENAL,DENUNCIA,DELITOS DE TRAFICO ILICITO DE DROGAS,204,204,140101,LAMBAYEQUE,CHICLAYO,CHICLAYO,30/10/2025
ENERO - DICIEMBRE,2024,06/01/2025,LAMBAYEQUE,PROVINCIAL,PENAL,PENAL,DENUNCIA,MATERIA AMBIENTAL,442,440,140101,LAMBAYEQUE,CHICLAYO,CHICLAYO,30/10/2025
ENERO - DICIEMBRE,2024,06/01/2025,LAMBAYEQUE,PROVINCIAL,PENAL,PENAL,DENUNCIA,VIOLENCIA CONTRA LA MUJER Y LOS INTEGRANTES DEL GRUPO FAMILIAR,7654,7258,140101,LAMBAYEQUE,CHICLAYO,CHICLAYO,30/10/2025
ENERO - DICIEMBRE,2024,06/01/2025,LAMBAYEQUE,PROVINCIAL,PENAL,PENAL,DENUNCIA,,80786,73831,140101,LAMBAYEQUE,CHICLAYO,CHICLAYO,30/10/2025
ENERO - DICIEMBRE,2024,06/01/2025,LAMBAYEQUE,PROVINCIAL,PENAL,PENAL,EXPEDIENTE,DELITOS DE TRAFICO ILICITO DE DROGAS,1,1,140101,LAMBAYEQUE,CHICLAYO,CHICLAYO,30/10/2025
ENERO - DICIEMBRE,2024,06/01/2025,LAMBAYEQUE,PROVINCIAL,PENAL,PENAL,EXPEDIENTE,,5,1,140101,LAMBAYEQUE,CHICLAYO,CHICLAYO,30/10/2025
ENERO - DICIEMBRE,2024,06/01/2025,LAMBAYEQUE,PROVINCIAL,PENAL,PENAL,INVESTIGACION PREVENTIVA,MATERIA AMBIENTAL,11,11,140101,LAMBAYEQUE,CHICLAYO,CHICLAYO,30/10/2025
ENERO - DICIEMBRE,2024,06/01/2025,LAMBAYEQUE,PROVINCIAL,PENAL,PENAL,INVESTIGACION PREVENTIVA,,1458,1456,140101,LAMBAYEQUE,CHICLAYO,CHICLAYO,30/10/2025
ENERO - DICIEMBRE,2024,06/01/2025,LAMBAYEQUE,SUPERIOR,CIVIL,CIVIL,EXPEDIENTE,,2,,140101,LAMBAYEQUE,CHICLAYO,CHICLAYO,30/10/2025
ENERO - DICIEMBRE,2024,06/01/2025,LAMBAYEQUE,SUPERIOR,FAMILIA,FAMILIA CIVIL,EXPEDIENTE,,58,48,140101,LAMBAYEQUE,CHICLAYO,CHICLAYO,30/10/2025
ENERO - DICIEMBRE,2024,06/01/2025,LAMBAYEQUE,SUPERIOR,FAMILIA,FAMILIA PENAL,EXPEDIENTE,,55,47,140101,LAMBAYEQUE,CHICLAYO,CHICLAYO,30/10/2025
ENERO - DICIEMBRE,2024,06/01/2025,LAMBAYEQUE,SUPERIOR,FAMILIA,FAMILIA PENAL,INCIDENTE,,3,2,140101,LAMBAYEQUE,CHICLAYO,CHICLAYO,30/10/2025
ENERO - DICIEMBRE,2024,06/01/2025,LAMBAYEQUE,SUPERIOR,FAMILIA,FAMILIA TUTELAR,EXPEDIENTE,,69,64,140101,LAMBAYEQUE,CHICLAYO,CHICLAYO,30/10/2025
ENERO - DICIEMBRE,2024,06/01/2025,LAMBAYEQUE,SUPERIOR,FAMILIA,VIOLENCIA FAMILIAR,EXPEDIENTE,,6,5,140101,LAMBAYEQUE,CHICLAYO,CHICLAYO,30/10/2025
ENERO - DICIEMBRE,2024,06/01/2025,LAMBAYEQUE,SUPERIOR,FAMILIA,VIOLENCIA FAMILIAR,INCIDENTE,,337,301,140101,LAMBAYEQUE,CHICLAYO,CHICLAYO,30/10/2025
ENERO - DICIEMBRE,2024,06/01/2025,LAMBAYEQUE,SUPERIOR,PENAL,PENAL,APELACION DENUNCIA,,1982,1980,140101,LAMBAYEQUE,CHICLAYO,CHICLAYO,30/10/2025
ENERO - DICIEMBRE,2024,06/01/2025,LAMBAYEQUE,SUPERIOR,PENAL,PENAL,APELACION EXPEDIENTE,,2,2,140101,LAMBAYEQUE,CHICLAYO,CHICLAYO,30/10/2025
ENERO - DICIEMBRE,2024,06/01/2025,LAMBAYEQUE,SUPERIOR,PENAL,PENAL,CONSULTAS,,317,303,140101,LAMBAYEQUE,CHICLAYO,CHICLAYO,30/10/2025
ENERO - DICIEMBRE,2024,06/01/2025,LAMBAYEQUE,SUPERIOR,PENAL,PENAL,DENUNCIA,,111,108,140101,LAMBAYEQUE,CHICLAYO,CHICLAYO,30/10/2025
ENERO - DICIEMBRE,2024,06/01/2025,LAMBAYEQUE,SUPERIOR,PENAL,PENAL,EXCLUSION FISCAL,,30,30,140101,LAMBAYEQUE,CHICLAYO,CHICLAYO,30/10/2025
ENERO - DICIEMBRE,2024,06/01/2025,LAMBAYEQUE,SUPERIOR,PENAL,PENAL,EXPEDIENTE,,179,139,140101,LAMBAYEQUE,CHICLAYO,CHICLAYO,30/10/2025
ENERO - DICIEMBRE,2024,06/01/2025,LAMBAYEQUE,SUPERIOR,PENAL,PENAL,INCIDENTE-EXPEDIENTE,,1,1,140101,LAMBAYEQUE,CHICLAYO,CHICLAYO,30/10/2025
ENERO - DICIEMBRE,2024,06/01/2025,LAMBAYEQUE,SUPERIOR,PENAL,PENAL,QUEJAS,,2520,2434,140101,LAMBAYEQUE,CHICLAYO,CHICLAYO,30/10/2025
ENERO - DICIEMBRE,2024,06/01/2025,LIMA CENTRO,PROVINCIAL,CIVIL,CIVIL,EXPEDIENTE,,626,523,150101,LIMA,LIMA,LIMA,30/10/2025
ENERO - DICIEMBRE,2024,06/01/2025,LIMA CENTRO,PROVINCIAL,FAMILIA,ACTOS CONTRA LA LIBERTAD SEXUAL,DENUNCIA,,293,209,150101,LIMA,LIMA,LIMA,30/10/2025
ENERO - DICIEMBRE,2024,06/01/2025,LIMA CENTRO,PROVINCIAL,FAMILIA,FAMILIA CIVIL,EXPEDIENTE,,2830,2681,150101,LIMA,LIMA,LIMA,30/10/2025
ENERO - DICIEMBRE,2024,06/01/2025,LIMA CENTRO,PROVINCIAL,FAMILIA,FAMILIA PENAL,DENUNCIA,,1856,1634,150101,LIMA,LIMA,LIMA,30/10/2025
ENERO - DICIEMBRE,2024,06/01/2025,LIMA CENTRO,PROVINCIAL,FAMILIA,FAMILIA PENAL,EXPEDIENTE,,637,626,150101,LIMA,LIMA,LIMA,30/10/2025
ENERO - DICIEMBRE,2024,06/01/2025,LIMA CENTRO,PROVINCIAL,FAMILIA,FAMILIA TUTELAR,DENUNCIA,,4168,3705,150101,LIMA,LIMA,LIMA,30/10/2025
ENERO - DICIEMBRE,2024,06/01/2025,LIMA CENTRO,PROVINCIAL,FAMILIA,FAMILIA TUTELAR,EXPEDIENTE,,86,83,150101,LIMA,LIMA,LIMA,30/10/2025
ENERO - DICIEMBRE,2024,06/01/2025,LIMA CENTRO,PROVINCIAL,FAMILIA,VIOLENCIA FAMILIAR,DENUNCIA,,21,19,150101,LIMA,LIMA,LIMA,30/10/2025
ENERO - DICIEMBRE,2024,06/01/2025,LIMA CENTRO,PROVINCIAL,PENAL,PENAL,DENUNCIA,CONTRA LA CRIMINALIDAD ORGANIZADA,458,417,150101,LIMA,LIMA,LIMA,30/10/2025
ENERO - DICIEMBRE,2024,06/01/2025,LIMA CENTRO,PROVINCIAL,PENAL,PENAL,DENUNCIA,DELITOS ADUANEROS Y CONTRA LA PROPIEDAD INTELECTUAL,1607,1526,150101,LIMA,LIMA,LIMA,30/10/2025
ENERO - DICIEMBRE,2024,06/01/2025,LIMA CENTRO,PROVINCIAL,PENAL,PENAL,DENUNCIA,DELITOS DE CIBERDELINCUENCIA,13657,11685,150101,LIMA,LIMA,LIMA,30/10/2025
ENERO - DICIEMBRE,2024,06/01/2025,LIMA CENTRO,PROVINCIAL,PENAL,PENAL,DENUNCIA,DELITOS DE CORRUPCION DE FUNCIONARIOS,1596,1419,150101,LIMA,LIMA,LIMA,30/10/2025
ENERO - DICIEMBRE,2024,06/01/2025,LIMA CENTRO,PROVINCIAL,PENAL,PENAL,DENUNCIA,DELITOS DE TRAFICO ILICITO DE DROGAS,156,151,150101,LIMA,LIMA,LIMA,30/10/2025
ENERO - DICIEMBRE,2024,06/01/2025,LIMA CENTRO,PROVINCIAL,PENAL,PENAL,DENUNCIA,DELITOS DE TRATA DE PERSONAS,395,317,150101,LIMA,LIMA,LIMA,30/10/2025
ENERO - DICIEMBRE,2024,06/01/2025,LIMA CENTRO,PROVINCIAL,PENAL,PENAL,DENUNCIA,DELITOS TRIBUTARIOS,132,124,150101,LIMA,LIMA,LIMA,30/10/2025
ENERO - DICIEMBRE,2024,06/01/2025,LIMA CENTRO,PROVINCIAL,PENAL,PENAL,DENUNCIA,LAVADO DE ACTIVOS Y PERDIDA DE DOMINIO,369,343,150101,LIMA,LIMA,LIMA,30/10/2025
ENERO - DICIEMBRE,2024,06/01/2025,LIMA CENTRO,PROVINCIAL,PENAL,PENAL,DENUNCIA,MATERIA AMBIENTAL,290,253,150101,LIMA,LIMA,LIMA,30/10/2025
ENERO - DICIEMBRE,2024,06/01/2025,LIMA CENTRO,PROVINCIAL,PENAL,PENAL,DENUNCIA,TRANSITO Y SEGURIDAD VIAL,1,,150101,LIMA,LIMA,LIMA,30/10/2025
ENERO - DICIEMBRE,2024,06/01/2025,LIMA CENTRO,PROVINCIAL,PENAL,PENAL,DENUNCIA,VIOLENCIA CONTRA LA MUJER Y LOS INTEGRANTES DEL GRUPO FAMILIAR,20982,17509,150101,LIMA,LIMA,LIMA,30/10/2025
ENERO - DICIEMBRE,2024,06/01/2025,LIMA CENTRO,PROVINCIAL,PENAL,PENAL,DENUNCIA,,80896,67357,150101,LIMA,LIMA,LIMA,30/10/2025
ENERO - DICIEMBRE,2024,06/01/2025,LIMA CENTRO,PROVINCIAL,PENAL,PENAL,EXPEDIENTE,DELITOS ADUANEROS Y CONTRA LA PROPIEDAD INTELECTUAL,315,295,150101,LIMA,LIMA,LIMA,30/10/2025
ENERO - DICIEMBRE,2024,06/01/2025,LIMA CENTRO,PROVINCIAL,PENAL,PENAL,EXPEDIENTE,DELITOS DE TRAFICO ILICITO DE DROGAS,1,1,150101,LIMA,LIMA,LIMA,30/10/2025
ENERO - DICIEMBRE,2024,06/01/2025,LIMA CENTRO,PROVINCIAL,PENAL,PENAL,EXPEDIENTE,MATERIA AMBIENTAL,56,48,150101,LIMA,LIMA,LIMA,30/10/2025
ENERO - DICIEMBRE,2024,06/01/2025,LIMA CENTRO,PROVINCIAL,PENAL,PENAL,EXPEDIENTE,TRANSITO Y SEGURIDAD VIAL,770,577,150101,LIMA,LIMA,LIMA,30/10/2025
ENERO - DICIEMBRE,2024,06/01/2025,LIMA CENTRO,SUPERIOR,CIVIL,CIVIL,EXPEDIENTE,,12,12,150101,LIMA,LIMA,LIMA,30/10/2025
ENERO - DICIEMBRE,2024,06/01/2025,LIMA CENTRO,SUPERIOR,FAMILIA,FAMILIA CIVIL,EXPEDIENTE,,644,635,150101,LIMA,LIMA,LIMA,30/10/2025
ENERO - DICIEMBRE,2024,06/01/2025,LIMA CENTRO,SUPERIOR,FAMILIA,FAMILIA CIVIL,INCIDENTE,,10,10,150101,LIMA,LIMA,LIMA,30/10/2025
ENERO - DICIEMBRE,2024,06/01/2025,LIMA CENTRO,SUPERIOR,FAMILIA,FAMILIA PENAL,EXPEDIENTE,,65,62,150101,LIMA,LIMA,LIMA,30/10/2025
ENERO - DICIEMBRE,2024,06/01/2025,LIMA CENTRO,SUPERIOR,FAMILIA,FAMILIA TUTELAR,EXPEDIENTE,,40,40,150101,LIMA,LIMA,LIMA,30/10/2025
ENERO - DICIEMBRE,2024,06/01/2025,LIMA CENTRO,SUPERIOR,FAMILIA,VIOLENCIA FAMILIAR,EXPEDIENTE,,643,633,150101,LIMA,LIMA,LIMA,30/10/2025
ENERO - DICIEMBRE,2024,06/01/2025,LIMA CENTRO,SUPERIOR,FAMILIA,VIOLENCIA FAMILIAR,INCIDENTE,,458,458,150101,LIMA,LIMA,LIMA,30/10/2025
ENERO - DICIEMBRE,2024,06/01/2025,LIMA CENTRO,SUPERIOR,PENAL,PENAL,APELACION DENUNCIA,CONTRA LA CRIMINALIDAD ORGANIZADA,200,200,150101,LIMA,LIMA,LIMA,30/10/2025
ENERO - DICIEMBRE,2024,06/01/2025,LIMA CENTRO,SUPERIOR,PENAL,PENAL,APELACION DENUNCIA,DELITOS DE CORRUPCION DE FUNCIONARIOS,306,295,150101,LIMA,LIMA,LIMA,30/10/2025
ENERO - DICIEMBRE,2024,06/01/2025,LIMA CENTRO,SUPERIOR,PENAL,PENAL,APELACION DENUNCIA,DELITOS DE TRATA DE PERSONAS,4,4,150101,LIMA,LIMA,LIMA,30/10/2025
ENERO - DICIEMBRE,2024,06/01/2025,LIMA CENTRO,SUPERIOR,PENAL,PENAL,APELACION DENUNCIA,LAVADO DE ACTIVOS Y PERDIDA DE DOMINIO,77,77,150101,LIMA,LIMA,LIMA,30/10/2025
ENERO - DICIEMBRE,2024,06/01/2025,LIMA CENTRO,SUPERIOR,PENAL,PENAL,APELACION DENUNCIA,,8,8,150101,LIMA,LIMA,LIMA,30/10/2025
ENERO - DICIEMBRE,2024,06/01/2025,LIMA CENTRO,SUPERIOR,PENAL,PENAL,APELACION EXPEDIENTE,CONTRA LA CRIMINALIDAD ORGANIZADA,185,185,150101,LIMA,LIMA,LIMA,30/10/2025
ENERO - DICIEMBRE,2024,06/01/2025,LIMA CENTRO,SUPERIOR,PENAL,PENAL,APELACION EXPEDIENTE,DELITOS DE CORRUPCION DE FUNCIONARIOS,150,150,150101,LIMA,LIMA,LIMA,30/10/2025
ENERO - DICIEMBRE,2024,06/01/2025,LIMA CENTRO,SUPERIOR,PENAL,PENAL,APELACION EXPEDIENTE,DELITOS DE TRATA DE PERSONAS,1,1,150101,LIMA,LIMA,LIMA,30/10/2025
ENERO - DICIEMBRE,2024,06/01/2025,LIMA CENTRO,SUPERIOR,PENAL,PENAL,APELACION EXPEDIENTE,LAVADO DE ACTIVOS Y PERDIDA DE DOMINIO,46,46,150101,LIMA,LIMA,LIMA,30/10/2025
ENERO - DICIEMBRE,2024,06/01/2025,LIMA CENTRO,SUPERIOR,PENAL,PENAL,APELACION EXPEDIENTE,,16,16,150101,LIMA,LIMA,LIMA,30/10/2025
ENERO - DICIEMBRE,2024,06/01/2025,LIMA CENTRO,SUPERIOR,PENAL,PENAL,CONSULTAS,CONTRA LA CRIMINALIDAD ORGANIZADA,12,12,150101,LIMA,LIMA,LIMA,30/10/2025
ENERO - DICIEMBRE,2024,06/01/2025,LIMA CENTRO,SUPERIOR,PENAL,PENAL,CONSULTAS,DELITOS DE CORRUPCION DE FUNCIONARIOS,78,75,150101,LIMA,LIMA,LIMA,30/10/2025
ENERO - DICIEMBRE,2024,06/01/2025,LIMA CENTRO,SUPERIOR,PENAL,PENAL,CONSULTAS,DELITOS DE TRATA DE PERSONAS,11,11,150101,LIMA,LIMA,LIMA,30/10/2025
ENERO - DICIEMBRE,2024,06/01/2025,LIMA CENTRO,SUPERIOR,PENAL,PENAL,CONSULTAS,LAVADO DE ACTIVOS Y PERDIDA DE DOMINIO,89,85,150101,LIMA,LIMA,LIMA,30/10/2025
ENERO - DICIEMBRE,2024,06/01/2025,LIMA CENTRO,SUPERIOR,PENAL,PENAL,CONSULTAS,,34,34,150101,LIMA,LIMA,LIMA,30/10/2025
ENERO - DICIEMBRE,2024,06/01/2025,LIMA CENTRO,SUPERIOR,PENAL,PENAL,CONTIENDA,DELITOS DE CIBERDELINCUENCIA,503,428,150101,LIMA,LIMA,LIMA,30/10/2025
ENERO - DICIEMBRE,2024,06/01/2025,LIMA CENTRO,SUPERIOR,PENAL,PENAL,CONTIENDA,DELITOS DE TRATA DE PERSONAS,7,7,150101,LIMA,LIMA,LIMA,30/10/2025
ENERO - DICIEMBRE,2024,06/01/2025,LIMA CENTRO,SUPERIOR,PENAL,PENAL,CONTIENDA,VIOLENCIA CONTRA LA MUJER Y LOS INTEGRANTES DEL GRUPO FAMILIAR,475,415,150101,LIMA,LIMA,LIMA,30/10/2025
ENERO - DICIEMBRE,2024,06/01/2025,LIMA CENTRO,SUPERIOR,PENAL,PENAL,CONTIENDA,,985,892,150101,LIMA,LIMA,LIMA,30/10/2025
ENERO - DICIEMBRE,2024,06/01/2025,LIMA CENTRO,SUPERIOR,PENAL,PENAL,DENUNCIA,DELITOS DE CORRUPCION DE FUNCIONARIOS,108,107,150101,LIMA,LIMA,LIMA,30/10/2025
ENERO - DICIEMBRE,2024,06/01/2025,LIMA CENTRO,SUPERIOR,PENAL,PENAL,DENUNCIA,,654,639,150101,LIMA,LIMA,LIMA,30/10/2025
ENERO - DICIEMBRE,2024,06/01/2025,LIMA CENTRO,SUPERIOR,PENAL,PENAL,EXCLUSION FISCAL,CONTRA LA CRIMINALIDAD ORGANIZADA,2,2,150101,LIMA,LIMA,LIMA,30/10/2025
ENERO - DICIEMBRE,2024,06/01/2025,LIMA CENTRO,SUPERIOR,PENAL,PENAL,EXCLUSION FISCAL,DELITOS DE CORRUPCION DE FUNCIONARIOS,6,6,150101,LIMA,LIMA,LIMA,30/10/2025
ENERO - DICIEMBRE,2024,06/01/2025,LIMA CENTRO,SUPERIOR,PENAL,PENAL,EXCLUSION FISCAL,LAVADO DE ACTIVOS Y PERDIDA DE DOMINIO,6,6,150101,LIMA,LIMA,LIMA,30/10/2025
ENERO - DICIEMBRE,2024,06/01/2025,LIMA CENTRO,SUPERIOR,PENAL,PENAL,EXCLUSION FISCAL,,8,8,150101,LIMA,LIMA,LIMA,30/10/2025
ENERO - DICIEMBRE,2024,06/01/2025,LIMA CENTRO,SUPERIOR,PENAL,PENAL,EXPEDIENTE,CONTRA LA CRIMINALIDAD ORGANIZADA,108,104,150101,LIMA,LIMA,LIMA,30/10/2025
ENERO - DICIEMBRE,2024,06/01/2025,LIMA CENTRO,SUPERIOR,PENAL,PENAL,EXPEDIENTE,DELITOS DE CORRUPCION DE FUNCIONARIOS,98,47,150101,LIMA,LIMA,LIMA,30/10/2025
ENERO - DICIEMBRE,2024,06/01/2025,LIMA CENTRO,SUPERIOR,PENAL,PENAL,EXPEDIENTE,DELITOS DE TRATA DE PERSONAS,49,45,150101,LIMA,LIMA,LIMA,30/10/2025
ENERO - DICIEMBRE,2024,06/01/2025,LIMA CENTRO,SUPERIOR,PENAL,PENAL,EXPEDIENTE,LAVADO DE ACTIVOS Y PERDIDA DE DOMINIO,72,48,150101,LIMA,LIMA,LIMA,30/10/2025
ENERO - DICIEMBRE,2024,06/01/2025,LIMA CENTRO,SUPERIOR,PENAL,PENAL,EXPEDIENTE,VIOLENCIA CONTRA LA MUJER Y LOS INTEGRANTES DEL GRUPO FAMILIAR,949,885,150101,LIMA,LIMA,LIMA,30/10/2025
ENERO - DICIEMBRE,2024,06/01/2025,LIMA CENTRO,SUPERIOR,PENAL,PENAL,EXPEDIENTE,,3172,2799,150101,LIMA,LIMA,LIMA,30/10/2025
ENERO - DICIEMBRE,2024,06/01/2025,LIMA CENTRO,SUPERIOR,PENAL,PENAL,INCIDENTE,DELITOS DE CIBERDELINCUENCIA,71,65,150101,LIMA,LIMA,LIMA,30/10/2025
ENERO - DICIEMBRE,2024,06/01/2025,LIMA CENTRO,SUPERIOR,PENAL,PENAL,INCIDENTE,DELITOS DE TRATA DE PERSONAS,58,58,150101,LIMA,LIMA,LIMA,30/10/2025
ENERO - DICIEMBRE,2024,06/01/2025,LIMA CENTRO,SUPERIOR,PENAL,PENAL,INCIDENTE,VIOLENCIA CONTRA LA MUJER Y LOS INTEGRANTES DEL GRUPO FAMILIAR,184,183,150101,LIMA,LIMA,LIMA,30/10/2025
ENERO - DICIEMBRE,2024,06/01/2025,LIMA CENTRO,SUPERIOR,PENAL,PENAL,INCIDENTE,,854,794,150101,LIMA,LIMA,LIMA,30/10/2025
ENERO - DICIEMBRE,2024,06/01/2025,LIMA CENTRO,SUPERIOR,PENAL,PENAL,INCIDENTE-EXPEDIENTE,CONTRA LA CRIMINALIDAD ORGANIZADA,2,2,150101,LIMA,LIMA,LIMA,30/10/2025
ENERO - DICIEMBRE,2024,06/01/2025,LIMA CENTRO,SUPERIOR,PENAL,PENAL,INCIDENTE-EXPEDIENTE,DELITOS DE CORRUPCION DE FUNCIONARIOS,1,1,150101,LIMA,LIMA,LIMA,30/10/2025
ENERO - DICIEMBRE,2024,06/01/2025,LIMA CENTRO,SUPERIOR,PENAL,PENAL,INCIDENTE-EXPEDIENTE,LAVADO DE ACTIVOS Y PERDIDA DE DOMINIO,5,2,150101,LIMA,LIMA,LIMA,30/10/2025
ENERO - DICIEMBRE,2024,06/01/2025,LIMA CENTRO,SUPERIOR,PENAL,PENAL,INCIDENTE-EXPEDIENTE,,46,44,150101,LIMA,LIMA,LIMA,30/10/2025
ENERO - DICIEMBRE,2024,06/01/2025,LIMA CENTRO,SUPERIOR,PENAL,PENAL,QUEJAS,CONTRA LA CRIMINALIDAD ORGANIZADA,103,103,150101,LIMA,LIMA,LIMA,30/10/2025
ENERO - DICIEMBRE,2024,06/01/2025,LIMA CENTRO,SUPERIOR,PENAL,PENAL,QUEJAS,DELITOS DE CIBERDELINCUENCIA,160,158,150101,LIMA,LIMA,LIMA,30/10/2025
ENERO - DICIEMBRE,2024,06/01/2025,LIMA CENTRO,SUPERIOR,PENAL,PENAL,QUEJAS,DELITOS DE CORRUPCION DE FUNCIONARIOS,241,227,150101,LIMA,LIMA,LIMA,30/10/2025
ENERO - DICIEMBRE,2024,06/01/2025,LIMA CENTRO,SUPERIOR,PENAL,PENAL,QUEJAS,DELITOS DE TRATA DE PERSONAS,10,10,150101,LIMA,LIMA,LIMA,30/10/2025
ENERO - DICIEMBRE,2024,06/01/2025,LIMA CENTRO,SUPERIOR,PENAL,PENAL,QUEJAS,LAVADO DE ACTIVOS Y PERDIDA DE DOMINIO,172,168,150101,LIMA,LIMA,LIMA,30/10/2025
ENERO - DICIEMBRE,2024,06/01/2025,LIMA CENTRO,SUPERIOR,PENAL,PENAL,QUEJAS,VIOLENCIA CONTRA LA MUJER Y LOS INTEGRANTES DEL GRUPO FAMILIAR,1006,980,150101,LIMA,LIMA,LIMA,30/10/2025
ENERO - DICIEMBRE,2024,06/01/2025,LIMA CENTRO,SUPERIOR,PENAL,PENAL,QUEJAS,,5799,5574,150101,LIMA,LIMA,LIMA,30/10/2025
ENERO - DICIEMBRE,2024,06/01/2025,LIMA CENTRO,SUPREMA,FAMILIA,FAMILIA,PROCESO FAMILIA,,16330,13492,150101,LIMA,LIMA,LIMA,30/10/2025
ENERO - DICIEMBRE,2024,06/01/2025,LIMA CENTRO,SUPREMA,PENAL,PENAL,PROCESO PENAL,DELITOS DE CORRUPCION DE FUNCIONARIOS,2225,2223,150101,LIMA,LIMA,LIMA,30/10/2025
ENERO - DICIEMBRE,2024,06/01/2025,LIMA CENTRO,SUPREMA,PENAL,PENAL,PROCESO PENAL,,2191,1957,150101,LIMA,LIMA,LIMA,30/10/2025
ENERO - DICIEMBRE,2024,06/01/2025,LIMA ESTE,PROVINCIAL,CIVIL,CIVIL,EXPEDIENTE,,40,34,150137,LIMA,LIMA,SANTA ANITA,30/10/2025
ENERO - DICIEMBRE,2024,06/01/2025,LIMA ESTE,PROVINCIAL,FAMILIA,ACTOS CONTRA LA LIBERTAD SEXUAL,DENUNCIA,,1,1,150137,LIMA,LIMA,SANTA ANITA,30/10/2025
ENERO - DICIEMBRE,2024,06/01/2025,LIMA ESTE,PROVINCIAL,FAMILIA,FAMILIA CIVIL,EXPEDIENTE,,1089,1044,150137,LIMA,LIMA,SANTA ANITA,30/10/2025
ENERO - DICIEMBRE,2024,06/01/2025,LIMA ESTE,PROVINCIAL,FAMILIA,FAMILIA PENAL,DENUNCIA,,1507,1397,150137,LIMA,LIMA,SANTA ANITA,30/10/2025
ENERO - DICIEMBRE,2024,06/01/2025,LIMA ESTE,PROVINCIAL,FAMILIA,FAMILIA PENAL,EXPEDIENTE,,256,244,150137,LIMA,LIMA,SANTA ANITA,30/10/2025
ENERO - DICIEMBRE,2024,06/01/2025,LIMA ESTE,PROVINCIAL,FAMILIA,FAMILIA TUTELAR,DENUNCIA,,648,614,150137,LIMA,LIMA,SANTA ANITA,30/10/2025
ENERO - DICIEMBRE,2024,06/01/2025,LIMA ESTE,PROVINCIAL,FAMILIA,FAMILIA TUTELAR,EXPEDIENTE,,144,138,150137,LIMA,LIMA,SANTA ANITA,30/10/2025
ENERO - DICIEMBRE,2024,06/01/2025,LIMA ESTE,PROVINCIAL,FAMILIA,VIOLENCIA FAMILIAR,DENUNCIA,,2,2,150137,LIMA,LIMA,SANTA ANITA,30/10/2025
ENERO - DICIEMBRE,2024,06/01/2025,LIMA ESTE,PROVINCIAL,FAMILIA,VIOLENCIA FAMILIAR,EXPEDIENTE,,1,1,150137,LIMA,LIMA,SANTA ANITA,30/10/2025
ENERO - DICIEMBRE,2024,06/01/2025,LIMA ESTE,PROVINCIAL,PENAL,PENAL,DENUNCIA,DELITOS DE CORRUPCION DE FUNCIONARIOS,383,311,150137,LIMA,LIMA,SANTA ANITA,30/10/2025
ENERO - DICIEMBRE,2024,06/01/2025,LIMA ESTE,PROVINCIAL,PENAL,PENAL,DENUNCIA,VIOLENCIA CONTRA LA MUJER Y LOS INTEGRANTES DEL GRUPO FAMILIAR,24158,21569,150137,LIMA,LIMA,SANTA ANITA,30/10/2025
ENERO - DICIEMBRE,2024,06/01/2025,LIMA ESTE,PROVINCIAL,PENAL,PENAL,DENUNCIA,,60003,53737,150137,LIMA,LIMA,SANTA ANITA,30/10/2025
ENERO - DICIEMBRE,2024,06/01/2025,LIMA ESTE,PROVINCIAL,PENAL,PENAL,EXPEDIENTE,VIOLENCIA CONTRA LA MUJER Y LOS INTEGRANTES DEL GRUPO FAMILIAR,10,10,150137,LIMA,LIMA,SANTA ANITA,30/10/2025
ENERO - DICIEMBRE,2024,06/01/2025,LIMA ESTE,PROVINCIAL,PENAL,PENAL,EXPEDIENTE,,590,546,150137,LIMA,LIMA,SANTA ANITA,30/10/2025
ENERO - DICIEMBRE,2024,06/01/2025,LIMA ESTE,SUPERIOR,FAMILIA,FAMILIA CIVIL,EXPEDIENTE,,101,101,150137,LIMA,LIMA,SANTA ANITA,30/10/2025
ENERO - DICIEMBRE,2024,06/01/2025,LIMA ESTE,SUPERIOR,FAMILIA,FAMILIA CIVIL,INCIDENTE,,135,123,150137,LIMA,LIMA,SANTA ANITA,30/10/2025
ENERO - DICIEMBRE,2024,06/01/2025,LIMA ESTE,SUPERIOR,FAMILIA,FAMILIA PENAL,EXPEDIENTE,,20,20,150137,LIMA,LIMA,SANTA ANITA,30/10/2025
ENERO - DICIEMBRE,2024,06/01/2025,LIMA ESTE,SUPERIOR,FAMILIA,FAMILIA PENAL,INCIDENTE,,40,39,150137,LIMA,LIMA,SANTA ANITA,30/10/2025
ENERO - DICIEMBRE,2024,06/01/2025,LIMA ESTE,SUPERIOR,FAMILIA,FAMILIA TUTELAR,EXPEDIENTE,,24,24,150137,LIMA,LIMA,SANTA ANITA,30/10/2025
ENERO - DICIEMBRE,2024,06/01/2025,LIMA ESTE,SUPERIOR,FAMILIA,VIOLENCIA FAMILIAR,EXPEDIENTE,,316,316,150137,LIMA,LIMA,SANTA ANITA,30/10/2025
ENERO - DICIEMBRE,2024,06/01/2025,LIMA ESTE,SUPERIOR,FAMILIA,VIOLENCIA FAMILIAR,INCIDENTE,,1074,1071,150137,LIMA,LIMA,SANTA ANITA,30/10/2025
ENERO - DICIEMBRE,2024,06/01/2025,LIMA ESTE,SUPERIOR,PENAL,PENAL,APELACION DENUNCIA,VIOLENCIA CONTRA LA MUJER Y LOS INTEGRANTES DEL GRUPO FAMILIAR,2,2,150137,LIMA,LIMA,SANTA ANITA,30/10/2025
ENERO - DICIEMBRE,2024,06/01/2025,LIMA ESTE,SUPERIOR,PENAL,PENAL,APELACION DENUNCIA,,1,1,150137,LIMA,LIMA,SANTA ANITA,30/10/2025
ENERO - DICIEMBRE,2024,06/01/2025,LIMA ESTE,SUPERIOR,PENAL,PENAL,APELACION EXPEDIENTE,VIOLENCIA CONTRA LA MUJER Y LOS INTEGRANTES DEL GRUPO FAMILIAR,127,110,150137,LIMA,LIMA,SANTA ANITA,30/10/2025
ENERO - DICIEMBRE,2024,06/01/2025,LIMA ESTE,SUPERIOR,PENAL,PENAL,APELACION EXPEDIENTE,,221,188,150137,LIMA,LIMA,SANTA ANITA,30/10/2025
ENERO - DICIEMBRE,2024,06/01/2025,LIMA ESTE,SUPERIOR,PENAL,PENAL,CONSULTAS,VIOLENCIA CONTRA LA MUJER Y LOS INTEGRANTES DEL GRUPO FAMILIAR,82,78,150137,LIMA,LIMA,SANTA ANITA,30/10/2025
ENERO - DICIEMBRE,2024,06/01/2025,LIMA ESTE,SUPERIOR,PENAL,PENAL,CONSULTAS,,307,275,150137,LIMA,LIMA,SANTA ANITA,30/10/2025
ENERO - DICIEMBRE,2024,06/01/2025,LIMA ESTE,SUPERIOR,PENAL,PENAL,DENUNCIA,,137,124,150137,LIMA,LIMA,SANTA ANITA,30/10/2025
ENERO - DICIEMBRE,2024,06/01/2025,LIMA ESTE,SUPERIOR,PENAL,PENAL,EXCLUSION FISCAL,VIOLENCIA CONTRA LA MUJER Y LOS INTEGRANTES DEL GRUPO FAMILIAR,8,8,150137,LIMA,LIMA,SANTA ANITA,30/10/2025
ENERO - DICIEMBRE,2024,06/01/2025,LIMA ESTE,SUPERIOR,PENAL,PENAL,EXCLUSION FISCAL,,20,19,150137,LIMA,LIMA,SANTA ANITA,30/10/2025
ENERO - DICIEMBRE,2024,06/01/2025,LIMA ESTE,SUPERIOR,PENAL,PENAL,EXPEDIENTE,VIOLENCIA CONTRA LA MUJER Y LOS INTEGRANTES DEL GRUPO FAMILIAR,7,7,150137,LIMA,LIMA,SANTA ANITA,30/10/2025
ENERO - DICIEMBRE,2024,06/01/2025,LIMA ESTE,SUPERIOR,PENAL,PENAL,EXPEDIENTE,,161,126,150137,LIMA,LIMA,SANTA ANITA,30/10/2025
ENERO - DICIEMBRE,2024,06/01/2025,LIMA ESTE,SUPERIOR,PENAL,PENAL,INCIDENTE-EXPEDIENTE,,22,20,150137,LIMA,LIMA,SANTA ANITA,30/10/2025
ENERO - DICIEMBRE,2024,06/01/2025,LIMA ESTE,SUPERIOR,PENAL,PENAL,QUEJAS,VIOLENCIA CONTRA LA MUJER Y LOS INTEGRANTES DEL GRUPO FAMILIAR,429,319,150137,LIMA,LIMA,SANTA ANITA,30/10/2025
ENERO - DICIEMBRE,2024,06/01/2025,LIMA ESTE,SUPERIOR,PENAL,PENAL,QUEJAS,,1847,1331,150137,LIMA,LIMA,SANTA ANITA,30/10/2025
ENERO - DICIEMBRE,2024,06/01/2025,LIMA NOROESTE,PROVINCIAL,CIVIL,CIVIL,EXPEDIENTE,,236,232,70106,CALLAO,CALLAO,VENTANILLA,30/10/2025
ENERO - DICIEMBRE,2024,06/01/2025,LIMA NOROESTE,PROVINCIAL,FAMILIA,ACTOS CONTRA LA LIBERTAD SEXUAL,DENUNCIA,,1,1,70106,CALLAO,CALLAO,VENTANILLA,30/10/2025
ENERO - DICIEMBRE,2024,06/01/2025,LIMA NOROESTE,PROVINCIAL,FAMILIA,FAMILIA CIVIL,EXPEDIENTE,,605,593,70106,CALLAO,CALLAO,VENTANILLA,30/10/2025
ENERO - DICIEMBRE,2024,06/01/2025,LIMA NOROESTE,PROVINCIAL,FAMILIA,FAMILIA PENAL,DENUNCIA,,526,508,70106,CALLAO,CALLAO,VENTANILLA,30/10/2025
ENERO - DICIEMBRE,2024,06/01/2025,LIMA NOROESTE,PROVINCIAL,FAMILIA,FAMILIA PENAL,EXPEDIENTE,,208,203,70106,CALLAO,CALLAO,VENTANILLA,30/10/2025
ENERO - DICIEMBRE,2024,06/01/2025,LIMA NOROESTE,PROVINCIAL,FAMILIA,FAMILIA TUTELAR,DENUNCIA,,484,464,70106,CALLAO,CALLAO,VENTANILLA,30/10/2025
ENERO - DICIEMBRE,2024,06/01/2025,LIMA NOROESTE,PROVINCIAL,FAMILIA,FAMILIA TUTELAR,EXPEDIENTE,,24,23,70106,CALLAO,CALLAO,VENTANILLA,30/10/2025
ENERO - DICIEMBRE,2024,06/01/2025,LIMA NOROESTE,PROVINCIAL,PENAL,PENAL,DENUNCIA,CONTRA LA CRIMINALIDAD ORGANIZADA,62,62,70106,CALLAO,CALLAO,VENTANILLA,30/10/2025
ENERO - DICIEMBRE,2024,06/01/2025,LIMA NOROESTE,PROVINCIAL,PENAL,PENAL,DENUNCIA,DELITOS ADUANEROS Y CONTRA LA PROPIEDAD INTELECTUAL,211,211,70106,CALLAO,CALLAO,VENTANILLA,30/10/2025
ENERO - DICIEMBRE,2024,06/01/2025,LIMA NOROESTE,PROVINCIAL,PENAL,PENAL,DENUNCIA,DELITOS DE CORRUPCION DE FUNCIONARIOS,151,150,70106,CALLAO,CALLAO,VENTANILLA,30/10/2025
ENERO - DICIEMBRE,2024,06/01/2025,LIMA NOROESTE,PROVINCIAL,PENAL,PENAL,DENUNCIA,DELITOS DE TRAFICO ILICITO DE DROGAS,121,121,70106,CALLAO,CALLAO,VENTANILLA,30/10/2025
ENERO - DICIEMBRE,2024,06/01/2025,LIMA NOROESTE,PROVINCIAL,PENAL,PENAL,DENUNCIA,MATERIA AMBIENTAL,90,85,70106,CALLAO,CALLAO,VENTANILLA,30/10/2025
ENERO - DICIEMBRE,2024,06/01/2025,LIMA NOROESTE,PROVINCIAL,PENAL,PENAL,DENUNCIA,VIOLENCIA CONTRA LA MUJER Y LOS INTEGRANTES DEL GRUPO FAMILIAR,8130,7672,70106,CALLAO,CALLAO,VENTANILLA,30/10/2025
ENERO - DICIEMBRE,2024,06/01/2025,LIMA NOROESTE,PROVINCIAL,PENAL,PENAL,DENUNCIA,,18018,16512,70106,CALLAO,CALLAO,VENTANILLA,30/10/2025
ENERO - DICIEMBRE,2024,06/01/2025,LIMA NOROESTE,PROVINCIAL,PENAL,PENAL,INVESTIGACION PREVENTIVA,MATERIA AMBIENTAL,108,108,70106,CALLAO,CALLAO,VENTANILLA,30/10/2025
ENERO - DICIEMBRE,2024,06/01/2025,LIMA NOROESTE,SUPERIOR,CIVIL,CIVIL,EXPEDIENTE,,25,24,70106,CALLAO,CALLAO,VENTANILLA,30/10/2025
ENERO - DICIEMBRE,2024,06/01/2025,LIMA NOROESTE,SUPERIOR,FAMILIA,FAMILIA CIVIL,EXPEDIENTE,,102,97,70106,CALLAO,CALLAO,VENTANILLA,30/10/2025
ENERO - DICIEMBRE,2024,06/01/2025,LIMA NOROESTE,SUPERIOR,FAMILIA,FAMILIA PENAL,EXPEDIENTE,,14,10,70106,CALLAO,CALLAO,VENTANILLA,30/10/2025
ENERO - DICIEMBRE,2024,06/01/2025,LIMA NOROESTE,SUPERIOR,FAMILIA,VIOLENCIA FAMILIAR,EXPEDIENTE,,227,221,70106,CALLAO,CALLAO,VENTANILLA,30/10/2025
ENERO - DICIEMBRE,2024,06/01/2025,LIMA NOROESTE,SUPERIOR,PENAL,PENAL,APELACION DENUNCIA,,531,528,70106,CALLAO,CALLAO,VENTANILLA,30/10/2025
ENERO - DICIEMBRE,2024,06/01/2025,LIMA NOROESTE,SUPERIOR,PENAL,PENAL,APELACION EXPEDIENTE,,21,20,70106,CALLAO,CALLAO,VENTANILLA,30/10/2025
ENERO - DICIEMBRE,2024,06/01/2025,LIMA NOROESTE,SUPERIOR,PENAL,PENAL,CONSULTAS,,35,33,70106,CALLAO,CALLAO,VENTANILLA,30/10/2025
ENERO - DICIEMBRE,2024,06/01/2025,LIMA NOROESTE,SUPERIOR,PENAL,PENAL,CONTIENDA,,105,99,70106,CALLAO,CALLAO,VENTANILLA,30/10/2025
ENERO - DICIEMBRE,2024,06/01/2025,LIMA NOROESTE,SUPERIOR,PENAL,PENAL,DENUNCIA,,61,43,70106,CALLAO,CALLAO,VENTANILLA,30/10/2025
ENERO - DICIEMBRE,2024,06/01/2025,LIMA NOROESTE,SUPERIOR,PENAL,PENAL,EXCLUSION FISCAL,,6,5,70106,CALLAO,CALLAO,VENTANILLA,30/10/2025
ENERO - DICIEMBRE,2024,06/01/2025,LIMA NOROESTE,SUPERIOR,PENAL,PENAL,EXPEDIENTE,,10,10,70106,CALLAO,CALLAO,VENTANILLA,30/10/2025
ENERO - DICIEMBRE,2024,06/01/2025,LIMA NOROESTE,SUPERIOR,PENAL,PENAL,INCIDENTE,,124,117,70106,CALLAO,CALLAO,VENTANILLA,30/10/2025
ENERO - DICIEMBRE,2024,06/01/2025,LIMA NOROESTE,SUPERIOR,PENAL,PENAL,QUEJAS,,906,880,70106,CALLAO,CALLAO,VENTANILLA,30/10/2025
ENERO - DICIEMBRE,2024,06/01/2025,LIMA NORTE,PROVINCIAL,CIVIL,CIVIL,EXPEDIENTE,,452,446,150112,LIMA,LIMA,INDEPENDENCIA,30/10/2025
ENERO - DICIEMBRE,2024,06/01/2025,LIMA NORTE,PROVINCIAL,FAMILIA,FAMILIA CIVIL,EXPEDIENTE,,2676,2625,150112,LIMA,LIMA,INDEPENDENCIA,30/10/2025
ENERO - DICIEMBRE,2024,06/01/2025,LIMA NORTE,PROVINCIAL,FAMILIA,FAMILIA PENAL,DENUNCIA,,1581,1538,150112,LIMA,LIMA,INDEPENDENCIA,30/10/2025
ENERO - DICIEMBRE,2024,06/01/2025,LIMA NORTE,PROVINCIAL,FAMILIA,FAMILIA PENAL,EXPEDIENTE,,560,559,150112,LIMA,LIMA,INDEPENDENCIA,30/10/2025
ENERO - DICIEMBRE,2024,06/01/2025,LIMA NORTE,PROVINCIAL,FAMILIA,FAMILIA TUTELAR,DENUNCIA,,1743,1693,150112,LIMA,LIMA,INDEPENDENCIA,30/10/2025
ENERO - DICIEMBRE,2024,06/01/2025,LIMA NORTE,PROVINCIAL,FAMILIA,FAMILIA TUTELAR,EXPEDIENTE,,64,64,150112,LIMA,LIMA,INDEPENDENCIA,30/10/2025
ENERO - DICIEMBRE,2024,06/01/2025,LIMA NORTE,PROVINCIAL,FAMILIA,VIOLENCIA FAMILIAR,DENUNCIA,,122,122,150112,LIMA,LIMA,INDEPENDENCIA,30/10/2025
ENERO - DICIEMBRE,2024,06/01/2025,LIMA NORTE,PROVINCIAL,PENAL,PENAL,DENUNCIA,DELITOS ADUANEROS Y CONTRA LA PROPIEDAD INTELECTUAL,219,218,150112,LIMA,LIMA,INDEPENDENCIA,30/10/2025
ENERO - DICIEMBRE,2024,06/01/2025,LIMA NORTE,PROVINCIAL,PENAL,PENAL,DENUNCIA,DELITOS DE CORRUPCION DE FUNCIONARIOS,457,425,150112,LIMA,LIMA,INDEPENDENCIA,30/10/2025
ENERO - DICIEMBRE,2024,06/01/2025,LIMA NORTE,PROVINCIAL,PENAL,PENAL,DENUNCIA,DELITOS DE TRAFICO ILICITO DE DROGAS,210,205,150112,LIMA,LIMA,INDEPENDENCIA,30/10/2025
ENERO - DICIEMBRE,2024,06/01/2025,LIMA NORTE,PROVINCIAL,PENAL,PENAL,DENUNCIA,DELITOS DE TRATA DE PERSONAS,253,247,150112,LIMA,LIMA,INDEPENDENCIA,30/10/2025
ENERO - DICIEMBRE,2024,06/01/2025,LIMA NORTE,PROVINCIAL,PENAL,PENAL,DENUNCIA,LAVADO DE ACTIVOS Y PERDIDA DE DOMINIO,61,61,150112,LIMA,LIMA,INDEPENDENCIA,30/10/2025
ENERO - DICIEMBRE,2024,06/01/2025,LIMA NORTE,PROVINCIAL,PENAL,PENAL,DENUNCIA,MATERIA AMBIENTAL,62,62,150112,LIMA,LIMA,INDEPENDENCIA,30/10/2025
ENERO - DICIEMBRE,2024,06/01/2025,LIMA NORTE,PROVINCIAL,PENAL,PENAL,DENUNCIA,TRANSITO Y SEGURIDAD VIAL,4841,4602,150112,LIMA,LIMA,INDEPENDENCIA,30/10/2025
ENERO - DICIEMBRE,2024,06/01/2025,LIMA NORTE,PROVINCIAL,PENAL,PENAL,DENUNCIA,VIOLENCIA CONTRA LA MUJER Y LOS INTEGRANTES DEL GRUPO FAMILIAR,27151,25874,150112,LIMA,LIMA,INDEPENDENCIA,30/10/2025
ENERO - DICIEMBRE,2024,06/01/2025,LIMA NORTE,PROVINCIAL,PENAL,PENAL,DENUNCIA,,47686,43620,150112,LIMA,LIMA,INDEPENDENCIA,30/10/2025
ENERO - DICIEMBRE,2024,06/01/2025,LIMA NORTE,PROVINCIAL,PENAL,PENAL,EXPEDIENTE,DELITOS ADUANEROS Y CONTRA LA PROPIEDAD INTELECTUAL,2,1,150112,LIMA,LIMA,INDEPENDENCIA,30/10/2025
ENERO - DICIEMBRE,2024,06/01/2025,LIMA NORTE,PROVINCIAL,PENAL,PENAL,EXPEDIENTE,DELITOS DE TRAFICO ILICITO DE DROGAS,23,18,150112,LIMA,LIMA,INDEPENDENCIA,30/10/2025
ENERO - DICIEMBRE,2024,06/01/2025,LIMA NORTE,PROVINCIAL,PENAL,PENAL,EXPEDIENTE,DELITOS DE TRATA DE PERSONAS,1,1,150112,LIMA,LIMA,INDEPENDENCIA,30/10/2025
ENERO - DICIEMBRE,2024,06/01/2025,LIMA NORTE,PROVINCIAL,PENAL,PENAL,EXPEDIENTE,MATERIA AMBIENTAL,4,3,150112,LIMA,LIMA,INDEPENDENCIA,30/10/2025
ENERO - DICIEMBRE,2024,06/01/2025,LIMA NORTE,PROVINCIAL,PENAL,PENAL,EXPEDIENTE,VIOLENCIA CONTRA LA MUJER Y LOS INTEGRANTES DEL GRUPO FAMILIAR,1,,150112,LIMA,LIMA,INDEPENDENCIA,30/10/2025
ENERO - DICIEMBRE,2024,06/01/2025,LIMA NORTE,PROVINCIAL,PENAL,PENAL,EXPEDIENTE,,30,26,150112,LIMA,LIMA,INDEPENDENCIA,30/10/2025
ENERO - DICIEMBRE,2024,06/01/2025,LIMA NORTE,PROVINCIAL,PENAL,PENAL,INVESTIGACION PREVENTIVA,MATERIA AMBIENTAL,62,54,150112,LIMA,LIMA,INDEPENDENCIA,30/10/2025
ENERO - DICIEMBRE,2024,06/01/2025,LIMA NORTE,SUPERIOR,CIVIL,CIVIL,EXPEDIENTE,,93,88,150112,LIMA,LIMA,INDEPENDENCIA,30/10/2025
ENERO - DICIEMBRE,2024,06/01/2025,LIMA NORTE,SUPERIOR,FAMILIA,FAMILIA CIVIL,EXPEDIENTE,,370,345,150112,LIMA,LIMA,INDEPENDENCIA,30/10/2025
ENERO - DICIEMBRE,2024,06/01/2025,LIMA NORTE,SUPERIOR,FAMILIA,FAMILIA PENAL,EXPEDIENTE,,21,20,150112,LIMA,LIMA,INDEPENDENCIA,30/10/2025
ENERO - DICIEMBRE,2024,06/01/2025,LIMA NORTE,SUPERIOR,FAMILIA,FAMILIA TUTELAR,EXPEDIENTE,,6,5,150112,LIMA,LIMA,INDEPENDENCIA,30/10/2025
ENERO - DICIEMBRE,2024,06/01/2025,LIMA NORTE,SUPERIOR,FAMILIA,VIOLENCIA FAMILIAR,EXPEDIENTE,,1282,1230,150112,LIMA,LIMA,INDEPENDENCIA,30/10/2025
ENERO - DICIEMBRE,2024,06/01/2025,LIMA NORTE,SUPERIOR,PENAL,PENAL,APELACION DENUNCIA,DELITOS DE CORRUPCION DE FUNCIONARIOS,44,44,150112,LIMA,LIMA,INDEPENDENCIA,30/10/2025
ENERO - DICIEMBRE,2024,06/01/2025,LIMA NORTE,SUPERIOR,PENAL,PENAL,APELACION DENUNCIA,VIOLENCIA CONTRA LA MUJER Y LOS INTEGRANTES DEL GRUPO FAMILIAR,233,233,150112,LIMA,LIMA,INDEPENDENCIA,30/10/2025
ENERO - DICIEMBRE,2024,06/01/2025,LIMA NORTE,SUPERIOR,PENAL,PENAL,APELACION DENUNCIA,,1778,1742,150112,LIMA,LIMA,INDEPENDENCIA,30/10/2025
ENERO - DICIEMBRE,2024,06/01/2025,LIMA NORTE,SUPERIOR,PENAL,PENAL,APELACION EXPEDIENTE,,83,83,150112,LIMA,LIMA,INDEPENDENCIA,30/10/2025
ENERO - DICIEMBRE,2024,06/01/2025,LIMA NORTE,SUPERIOR,PENAL,PENAL,CONSULTAS,DELITOS DE CORRUPCION DE FUNCIONARIOS,10,10,150112,LIMA,LIMA,INDEPENDENCIA,30/10/2025
ENERO - DICIEMBRE,2024,06/01/2025,LIMA NORTE,SUPERIOR,PENAL,PENAL,CONSULTAS,VIOLENCIA CONTRA LA MUJER Y LOS INTEGRANTES DEL GRUPO FAMILIAR,89,89,150112,LIMA,LIMA,INDEPENDENCIA,30/10/2025
ENERO - DICIEMBRE,2024,06/01/2025,LIMA NORTE,SUPERIOR,PENAL,PENAL,CONSULTAS,,382,374,150112,LIMA,LIMA,INDEPENDENCIA,30/10/2025
ENERO - DICIEMBRE,2024,06/01/2025,LIMA NORTE,SUPERIOR,PENAL,PENAL,DENUNCIA,DELITOS DE CORRUPCION DE FUNCIONARIOS,24,23,150112,LIMA,LIMA,INDEPENDENCIA,30/10/2025
ENERO - DICIEMBRE,2024,06/01/2025,LIMA NORTE,SUPERIOR,PENAL,PENAL,DENUNCIA,,114,114,150112,LIMA,LIMA,INDEPENDENCIA,30/10/2025
ENERO - DICIEMBRE,2024,06/01/2025,LIMA NORTE,SUPERIOR,PENAL,PENAL,EXCLUSION FISCAL,DELITOS DE CORRUPCION DE FUNCIONARIOS,3,3,150112,LIMA,LIMA,INDEPENDENCIA,30/10/2025
ENERO - DICIEMBRE,2024,06/01/2025,LIMA NORTE,SUPERIOR,PENAL,PENAL,EXCLUSION FISCAL,VIOLENCIA CONTRA LA MUJER Y LOS INTEGRANTES DEL GRUPO FAMILIAR,6,6,150112,LIMA,LIMA,INDEPENDENCIA,30/10/2025
ENERO - DICIEMBRE,2024,06/01/2025,LIMA NORTE,SUPERIOR,PENAL,PENAL,EXCLUSION FISCAL,,32,32,150112,LIMA,LIMA,INDEPENDENCIA,30/10/2025
ENERO - DICIEMBRE,2024,06/01/2025,LIMA NORTE,SUPERIOR,PENAL,PENAL,EXPEDIENTE,DELITOS DE CORRUPCION DE FUNCIONARIOS,3,3,150112,LIMA,LIMA,INDEPENDENCIA,30/10/2025
ENERO - DICIEMBRE,2024,06/01/2025,LIMA NORTE,SUPERIOR,PENAL,PENAL,EXPEDIENTE,,224,123,150112,LIMA,LIMA,INDEPENDENCIA,30/10/2025
ENERO - DICIEMBRE,2024,06/01/2025,LIMA NORTE,SUPERIOR,PENAL,PENAL,INCIDENTE-EXPEDIENTE,,17,15,150112,LIMA,LIMA,INDEPENDENCIA,30/10/2025
ENERO - DICIEMBRE,2024,06/01/2025,LIMA NORTE,SUPERIOR,PENAL,PENAL,QUEJAS,DELITOS DE CORRUPCION DE FUNCIONARIOS,27,27,150112,LIMA,LIMA,INDEPENDENCIA,30/10/2025
ENERO - DICIEMBRE,2024,06/01/2025,LIMA NORTE,SUPERIOR,PENAL,PENAL,QUEJAS,VIOLENCIA CONTRA LA MUJER Y LOS INTEGRANTES DEL GRUPO FAMILIAR,569,569,150112,LIMA,LIMA,INDEPENDENCIA,30/10/2025
ENERO - DICIEMBRE,2024,06/01/2025,LIMA NORTE,SUPERIOR,PENAL,PENAL,QUEJAS,,1483,1446,150112,LIMA,LIMA,INDEPENDENCIA,30/10/2025
ENERO - DICIEMBRE,2024,06/01/2025,LIMA SUR,PROVINCIAL,CIVIL,CIVIL,EXPEDIENTE,,45,45,150142,LIMA,LIMA,VILLA EL SALVADOR,30/10/2025
ENERO - DICIEMBRE,2024,06/01/2025,LIMA SUR,PROVINCIAL,FAMILIA,ACTOS CONTRA LA LIBERTAD SEXUAL,DENUNCIA,,2,2,150142,LIMA,LIMA,VILLA EL SALVADOR,30/10/2025
ENERO - DICIEMBRE,2024,06/01/2025,LIMA SUR,PROVINCIAL,FAMILIA,FAMILIA CIVIL,EXPEDIENTE,,1303,1264,150142,LIMA,LIMA,VILLA EL SALVADOR,30/10/2025
ENERO - DICIEMBRE,2024,06/01/2025,LIMA SUR,PROVINCIAL,FAMILIA,FAMILIA PENAL,DENUNCIA,,1347,1265,150142,LIMA,LIMA,VILLA EL SALVADOR,30/10/2025
ENERO - DICIEMBRE,2024,06/01/2025,LIMA SUR,PROVINCIAL,FAMILIA,FAMILIA PENAL,EXPEDIENTE,,371,363,150142,LIMA,LIMA,VILLA EL SALVADOR,30/10/2025
ENERO - DICIEMBRE,2024,06/01/2025,LIMA SUR,PROVINCIAL,FAMILIA,FAMILIA TUTELAR,DENUNCIA,,530,503,150142,LIMA,LIMA,VILLA EL SALVADOR,30/10/2025
ENERO - DICIEMBRE,2024,06/01/2025,LIMA SUR,PROVINCIAL,FAMILIA,FAMILIA TUTELAR,EXPEDIENTE,,93,89,150142,LIMA,LIMA,VILLA EL SALVADOR,30/10/2025
ENERO - DICIEMBRE,2024,06/01/2025,LIMA SUR,PROVINCIAL,FAMILIA,VIOLENCIA FAMILIAR,DENUNCIA,,1,1,150142,LIMA,LIMA,VILLA EL SALVADOR,30/10/2025
ENERO - DICIEMBRE,2024,06/01/2025,LIMA SUR,PROVINCIAL,FAMILIA,VIOLENCIA FAMILIAR,EXPEDIENTE,,5,5,150142,LIMA,LIMA,VILLA EL SALVADOR,30/10/2025
ENERO - DICIEMBRE,2024,06/01/2025,LIMA SUR,PROVINCIAL,PENAL,PENAL,DENUNCIA,DELITOS DE CORRUPCION DE FUNCIONARIOS,323,309,150142,LIMA,LIMA,VILLA EL SALVADOR,30/10/2025
ENERO - DICIEMBRE,2024,06/01/2025,LIMA SUR,PROVINCIAL,PENAL,PENAL,DENUNCIA,VIOLENCIA CONTRA LA MUJER Y LOS INTEGRANTES DEL GRUPO FAMILIAR,21784,20022,150142,LIMA,LIMA,VILLA EL SALVADOR,30/10/2025
ENERO - DICIEMBRE,2024,06/01/2025,LIMA SUR,PROVINCIAL,PENAL,PENAL,DENUNCIA,,41875,38858,150142,LIMA,LIMA,VILLA EL SALVADOR,30/10/2025
ENERO - DICIEMBRE,2024,06/01/2025,LIMA SUR,PROVINCIAL,PENAL,PENAL,EXPEDIENTE,VIOLENCIA CONTRA LA MUJER Y LOS INTEGRANTES DEL GRUPO FAMILIAR,169,155,150142,LIMA,LIMA,VILLA EL SALVADOR,30/10/2025
ENERO - DICIEMBRE,2024,06/01/2025,LIMA SUR,PROVINCIAL,PENAL,PENAL,EXPEDIENTE,,1036,834,150142,LIMA,LIMA,VILLA EL SALVADOR,30/10/2025
ENERO - DICIEMBRE,2024,06/01/2025,LIMA SUR,SUPERIOR,CIVIL,CIVIL,EXPEDIENTE,,11,11,150142,LIMA,LIMA,VILLA EL SALVADOR,30/10/2025
ENERO - DICIEMBRE,2024,06/01/2025,LIMA SUR,SUPERIOR,FAMILIA,FAMILIA CIVIL,EXPEDIENTE,,359,347,150142,LIMA,LIMA,VILLA EL SALVADOR,30/10/2025
ENERO - DICIEMBRE,2024,06/01/2025,LIMA SUR,SUPERIOR,FAMILIA,FAMILIA CIVIL,INCIDENTE,,1,1,150142,LIMA,LIMA,VILLA EL SALVADOR,30/10/2025
ENERO - DICIEMBRE,2024,06/01/2025,LIMA SUR,SUPERIOR,FAMILIA,FAMILIA PENAL,EXPEDIENTE,,37,37,150142,LIMA,LIMA,VILLA EL SALVADOR,30/10/2025
ENERO - DICIEMBRE,2024,06/01/2025,LIMA SUR,SUPERIOR,FAMILIA,VIOLENCIA FAMILIAR,EXPEDIENTE,,568,510,150142,LIMA,LIMA,VILLA EL SALVADOR,30/10/2025
ENERO - DICIEMBRE,2024,06/01/2025,LIMA SUR,SUPERIOR,FAMILIA,VIOLENCIA FAMILIAR,INCIDENTE,,1,1,150142,LIMA,LIMA,VILLA EL SALVADOR,30/10/2025
ENERO - DICIEMBRE,2024,06/01/2025,LIMA SUR,SUPERIOR,PENAL,PENAL,APELACION DENUNCIA,DELITOS DE CORRUPCION DE FUNCIONARIOS,69,68,150142,LIMA,LIMA,VILLA EL SALVADOR,30/10/2025
ENERO - DICIEMBRE,2024,06/01/2025,LIMA SUR,SUPERIOR,PENAL,PENAL,APELACION DENUNCIA,,42,42,150142,LIMA,LIMA,VILLA EL SALVADOR,30/10/2025
ENERO - DICIEMBRE,2024,06/01/2025,LIMA SUR,SUPERIOR,PENAL,PENAL,CONSULTAS,DELITOS DE CORRUPCION DE FUNCIONARIOS,7,7,150142,LIMA,LIMA,VILLA EL SALVADOR,30/10/2025
ENERO - DICIEMBRE,2024,06/01/2025,LIMA SUR,SUPERIOR,PENAL,PENAL,CONSULTAS,,256,255,150142,LIMA,LIMA,VILLA EL SALVADOR,30/10/2025
ENERO - DICIEMBRE,2024,06/01/2025,LIMA SUR,SUPERIOR,PENAL,PENAL,DENUNCIA,DELITOS DE CORRUPCION DE FUNCIONARIOS,25,25,150142,LIMA,LIMA,VILLA EL SALVADOR,30/10/2025
ENERO - DICIEMBRE,2024,06/01/2025,LIMA SUR,SUPERIOR,PENAL,PENAL,DENUNCIA,,65,65,150142,LIMA,LIMA,VILLA EL SALVADOR,30/10/2025
ENERO - DICIEMBRE,2024,06/01/2025,LIMA SUR,SUPERIOR,PENAL,PENAL,EXCLUSION FISCAL,DELITOS DE CORRUPCION DE FUNCIONARIOS,2,2,150142,LIMA,LIMA,VILLA EL SALVADOR,30/10/2025
ENERO - DICIEMBRE,2024,06/01/2025,LIMA SUR,SUPERIOR,PENAL,PENAL,EXCLUSION FISCAL,,11,11,150142,LIMA,LIMA,VILLA EL SALVADOR,30/10/2025
ENERO - DICIEMBRE,2024,06/01/2025,LIMA SUR,SUPERIOR,PENAL,PENAL,EXPEDIENTE,DELITOS DE CORRUPCION DE FUNCIONARIOS,4,2,150142,LIMA,LIMA,VILLA EL SALVADOR,30/10/2025
ENERO - DICIEMBRE,2024,06/01/2025,LIMA SUR,SUPERIOR,PENAL,PENAL,EXPEDIENTE,,641,640,150142,LIMA,LIMA,VILLA EL SALVADOR,30/10/2025
ENERO - DICIEMBRE,2024,06/01/2025,LIMA SUR,SUPERIOR,PENAL,PENAL,INCIDENTE-EXPEDIENTE,,10,10,150142,LIMA,LIMA,VILLA EL SALVADOR,30/10/2025
ENERO - DICIEMBRE,2024,06/01/2025,LIMA SUR,SUPERIOR,PENAL,PENAL,QUEJAS,DELITOS DE CORRUPCION DE FUNCIONARIOS,48,48,150142,LIMA,LIMA,VILLA EL SALVADOR,30/10/2025
ENERO - DICIEMBRE,2024,06/01/2025,LIMA SUR,SUPERIOR,PENAL,PENAL,QUEJAS,,1877,1877,150142,LIMA,LIMA,VILLA EL SALVADOR,30/10/2025
ENERO - DICIEMBRE,2024,06/01/2025,LORETO,PROVINCIAL,CIVIL,CIVIL,EXPEDIENTE,,18,12,160101,LORETO,MAYNAS,IQUITOS,30/10/2025
ENERO - DICIEMBRE,2024,06/01/2025,LORETO,PROVINCIAL,FAMILIA,ACTOS CONTRA LA LIBERTAD SEXUAL,DENUNCIA,,1,1,160101,LORETO,MAYNAS,IQUITOS,30/10/2025
ENERO - DICIEMBRE,2024,06/01/2025,LORETO,PROVINCIAL,FAMILIA,FAMILIA CIVIL,EXPEDIENTE,,440,422,160101,LORETO,MAYNAS,IQUITOS,30/10/2025
ENERO - DICIEMBRE,2024,06/01/2025,LORETO,PROVINCIAL,FAMILIA,FAMILIA PENAL,DENUNCIA,,579,516,160101,LORETO,MAYNAS,IQUITOS,30/10/2025
ENERO - DICIEMBRE,2024,06/01/2025,LORETO,PROVINCIAL,FAMILIA,FAMILIA PENAL,EXPEDIENTE,,108,104,160101,LORETO,MAYNAS,IQUITOS,30/10/2025
ENERO - DICIEMBRE,2024,06/01/2025,LORETO,PROVINCIAL,FAMILIA,FAMILIA TUTELAR,DENUNCIA,,414,357,160101,LORETO,MAYNAS,IQUITOS,30/10/2025
ENERO - DICIEMBRE,2024,06/01/2025,LORETO,PROVINCIAL,FAMILIA,FAMILIA TUTELAR,EXPEDIENTE,,29,27,160101,LORETO,MAYNAS,IQUITOS,30/10/2025
ENERO - DICIEMBRE,2024,06/01/2025,LORETO,PROVINCIAL,FAMILIA,VIOLENCIA FAMILIAR,DENUNCIA,,89,84,160101,LORETO,MAYNAS,IQUITOS,30/10/2025
ENERO - DICIEMBRE,2024,06/01/2025,LORETO,PROVINCIAL,FAMILIA,VIOLENCIA FAMILIAR,EXPEDIENTE,,2,2,160101,LORETO,MAYNAS,IQUITOS,30/10/2025
ENERO - DICIEMBRE,2024,06/01/2025,LORETO,PROVINCIAL,PENAL,PENAL,DENUNCIA,DELITOS DE CORRUPCION DE FUNCIONARIOS,544,503,160101,LORETO,MAYNAS,IQUITOS,30/10/2025
ENERO - DICIEMBRE,2024,06/01/2025,LORETO,PROVINCIAL,PENAL,PENAL,DENUNCIA,DELITOS DE TRAFICO ILICITO DE DROGAS,150,149,160101,LORETO,MAYNAS,IQUITOS,30/10/2025
ENERO - DICIEMBRE,2024,06/01/2025,LORETO,PROVINCIAL,PENAL,PENAL,DENUNCIA,DELITOS DE TRATA DE PERSONAS,116,112,160101,LORETO,MAYNAS,IQUITOS,30/10/2025
ENERO - DICIEMBRE,2024,06/01/2025,LORETO,PROVINCIAL,PENAL,PENAL,DENUNCIA,MATERIA AMBIENTAL,900,888,160101,LORETO,MAYNAS,IQUITOS,30/10/2025
ENERO - DICIEMBRE,2024,06/01/2025,LORETO,PROVINCIAL,PENAL,PENAL,DENUNCIA,VIOLENCIA CONTRA LA MUJER Y LOS INTEGRANTES DEL GRUPO FAMILIAR,3290,3015,160101,LORETO,MAYNAS,IQUITOS,30/10/2025
ENERO - DICIEMBRE,2024,06/01/2025,LORETO,PROVINCIAL,PENAL,PENAL,DENUNCIA,,17626,16583,160101,LORETO,MAYNAS,IQUITOS,30/10/2025
ENERO - DICIEMBRE,2024,06/01/2025,LORETO,PROVINCIAL,PENAL,PENAL,EXPEDIENTE,DELITOS DE TRAFICO ILICITO DE DROGAS,4,4,160101,LORETO,MAYNAS,IQUITOS,30/10/2025
ENERO - DICIEMBRE,2024,06/01/2025,LORETO,PROVINCIAL,PENAL,PENAL,EXPEDIENTE,,18,6,160101,LORETO,MAYNAS,IQUITOS,30/10/2025
ENERO - DICIEMBRE,2024,06/01/2025,LORETO,PROVINCIAL,PENAL,PENAL,INVESTIGACION PREVENTIVA,MATERIA AMBIENTAL,14,14,160101,LORETO,MAYNAS,IQUITOS,30/10/2025
ENERO - DICIEMBRE,2024,06/01/2025,LORETO,PROVINCIAL,PENAL,PENAL,INVESTIGACION PREVENTIVA,,921,903,160101,LORETO,MAYNAS,IQUITOS,30/10/2025
ENERO - DICIEMBRE,2024,06/01/2025,LORETO,SUPERIOR,CIVIL,CIVIL,EXPEDIENTE,,1,1,160101,LORETO,MAYNAS,IQUITOS,30/10/2025
ENERO - DICIEMBRE,2024,06/01/2025,LORETO,SUPERIOR,FAMILIA,FAMILIA CIVIL,EXPEDIENTE,,65,65,160101,LORETO,MAYNAS,IQUITOS,30/10/2025
ENERO - DICIEMBRE,2024,06/01/2025,LORETO,SUPERIOR,FAMILIA,FAMILIA PENAL,EXPEDIENTE,,19,19,160101,LORETO,MAYNAS,IQUITOS,30/10/2025
ENERO - DICIEMBRE,2024,06/01/2025,LORETO,SUPERIOR,FAMILIA,FAMILIA TUTELAR,EXPEDIENTE,,4,4,160101,LORETO,MAYNAS,IQUITOS,30/10/2025
ENERO - DICIEMBRE,2024,06/01/2025,LORETO,SUPERIOR,FAMILIA,VIOLENCIA FAMILIAR,EXPEDIENTE,,89,88,160101,LORETO,MAYNAS,IQUITOS,30/10/2025
ENERO - DICIEMBRE,2024,06/01/2025,LORETO,SUPERIOR,PENAL,PENAL,APELACION DENUNCIA,DELITOS DE CORRUPCION DE FUNCIONARIOS,30,30,160101,LORETO,MAYNAS,IQUITOS,30/10/2025
ENERO - DICIEMBRE,2024,06/01/2025,LORETO,SUPERIOR,PENAL,PENAL,APELACION DENUNCIA,,690,690,160101,LORETO,MAYNAS,IQUITOS,30/10/2025
ENERO - DICIEMBRE,2024,06/01/2025,LORETO,SUPERIOR,PENAL,PENAL,APELACION EXPEDIENTE,DELITOS DE CORRUPCION DE FUNCIONARIOS,3,3,160101,LORETO,MAYNAS,IQUITOS,30/10/2025
ENERO - DICIEMBRE,2024,06/01/2025,LORETO,SUPERIOR,PENAL,PENAL,CONSULTAS,DELITOS DE CORRUPCION DE FUNCIONARIOS,132,132,160101,LORETO,MAYNAS,IQUITOS,30/10/2025
ENERO - DICIEMBRE,2024,06/01/2025,LORETO,SUPERIOR,PENAL,PENAL,CONSULTAS,,232,232,160101,LORETO,MAYNAS,IQUITOS,30/10/2025
ENERO - DICIEMBRE,2024,06/01/2025,LORETO,SUPERIOR,PENAL,PENAL,DENUNCIA,DELITOS DE CORRUPCION DE FUNCIONARIOS,21,21,160101,LORETO,MAYNAS,IQUITOS,30/10/2025
ENERO - DICIEMBRE,2024,06/01/2025,LORETO,SUPERIOR,PENAL,PENAL,DENUNCIA,,122,122,160101,LORETO,MAYNAS,IQUITOS,30/10/2025
ENERO - DICIEMBRE,2024,06/01/2025,LORETO,SUPERIOR,PENAL,PENAL,EXCLUSION FISCAL,,25,25,160101,LORETO,MAYNAS,IQUITOS,30/10/2025
ENERO - DICIEMBRE,2024,06/01/2025,LORETO,SUPERIOR,PENAL,PENAL,EXPEDIENTE,DELITOS DE CORRUPCION DE FUNCIONARIOS,28,26,160101,LORETO,MAYNAS,IQUITOS,30/10/2025
ENERO - DICIEMBRE,2024,06/01/2025,LORETO,SUPERIOR,PENAL,PENAL,EXPEDIENTE,,175,151,160101,LORETO,MAYNAS,IQUITOS,30/10/2025
ENERO - DICIEMBRE,2024,06/01/2025,LORETO,SUPERIOR,PENAL,PENAL,INCIDENTE-EXPEDIENTE,,2,2,160101,LORETO,MAYNAS,IQUITOS,30/10/2025
ENERO - DICIEMBRE,2024,06/01/2025,LORETO,SUPERIOR,PENAL,PENAL,QUEJAS,DELITOS DE CORRUPCION DE FUNCIONARIOS,54,54,160101,LORETO,MAYNAS,IQUITOS,30/10/2025
ENERO - DICIEMBRE,2024,06/01/2025,LORETO,SUPERIOR,PENAL,PENAL,QUEJAS,,716,716,160101,LORETO,MAYNAS,IQUITOS,30/10/2025
ENERO - DICIEMBRE,2024,06/01/2025,MADRE DE DIOS,PROVINCIAL,CIVIL,CIVIL,EXPEDIENTE,,17,13,170101,MADRE DE DIOS,TAMBOPATA,TAMBOPATA,30/10/2025
ENERO - DICIEMBRE,2024,06/01/2025,MADRE DE DIOS,PROVINCIAL,FAMILIA,ACTOS CONTRA LA LIBERTAD SEXUAL,DENUNCIA,,7,3,170101,MADRE DE DIOS,TAMBOPATA,TAMBOPATA,30/10/2025
ENERO - DICIEMBRE,2024,06/01/2025,MADRE DE DIOS,PROVINCIAL,FAMILIA,FAMILIA CIVIL,EXPEDIENTE,,269,192,170101,MADRE DE DIOS,TAMBOPATA,TAMBOPATA,30/10/2025
ENERO - DICIEMBRE,2024,06/01/2025,MADRE DE DIOS,PROVINCIAL,FAMILIA,FAMILIA PENAL,DENUNCIA,,256,101,170101,MADRE DE DIOS,TAMBOPATA,TAMBOPATA,30/10/2025
ENERO - DICIEMBRE,2024,06/01/2025,MADRE DE DIOS,PROVINCIAL,FAMILIA,FAMILIA PENAL,EXPEDIENTE,,116,109,170101,MADRE DE DIOS,TAMBOPATA,TAMBOPATA,30/10/2025
ENERO - DICIEMBRE,2024,06/01/2025,MADRE DE DIOS,PROVINCIAL,FAMILIA,FAMILIA TUTELAR,DENUNCIA,,75,44,170101,MADRE DE DIOS,TAMBOPATA,TAMBOPATA,30/10/2025
ENERO - DICIEMBRE,2024,06/01/2025,MADRE DE DIOS,PROVINCIAL,FAMILIA,FAMILIA TUTELAR,EXPEDIENTE,,124,79,170101,MADRE DE DIOS,TAMBOPATA,TAMBOPATA,30/10/2025
ENERO - DICIEMBRE,2024,06/01/2025,MADRE DE DIOS,PROVINCIAL,FAMILIA,VIOLENCIA FAMILIAR,DENUNCIA,,160,131,170101,MADRE DE DIOS,TAMBOPATA,TAMBOPATA,30/10/2025
ENERO - DICIEMBRE,2024,06/01/2025,MADRE DE DIOS,PROVINCIAL,FAMILIA,VIOLENCIA FAMILIAR,EXPEDIENTE,,5,4,170101,MADRE DE DIOS,TAMBOPATA,TAMBOPATA,30/10/2025
ENERO - DICIEMBRE,2024,06/01/2025,MADRE DE DIOS,PROVINCIAL,PENAL,PENAL,DENUNCIA,CONTRA LA CRIMINALIDAD ORGANIZADA,6,4,170101,MADRE DE DIOS,TAMBOPATA,TAMBOPATA,30/10/2025
ENERO - DICIEMBRE,2024,06/01/2025,MADRE DE DIOS,PROVINCIAL,PENAL,PENAL,DENUNCIA,DELITOS DE CORRUPCION DE FUNCIONARIOS,204,201,170101,MADRE DE DIOS,TAMBOPATA,TAMBOPATA,30/10/2025
ENERO - DICIEMBRE,2024,06/01/2025,MADRE DE DIOS,PROVINCIAL,PENAL,PENAL,DENUNCIA,DELITOS DE TRAFICO ILICITO DE DROGAS,89,89,170101,MADRE DE DIOS,TAMBOPATA,TAMBOPATA,30/10/2025
ENERO - DICIEMBRE,2024,06/01/2025,MADRE DE DIOS,PROVINCIAL,PENAL,PENAL,DENUNCIA,DELITOS DE TRATA DE PERSONAS,191,190,170101,MADRE DE DIOS,TAMBOPATA,TAMBOPATA,30/10/2025
ENERO - DICIEMBRE,2024,06/01/2025,MADRE DE DIOS,PROVINCIAL,PENAL,PENAL,DENUNCIA,MATERIA AMBIENTAL,1075,1074,170101,MADRE DE DIOS,TAMBOPATA,TAMBOPATA,30/10/2025
ENERO - DICIEMBRE,2024,06/01/2025,MADRE DE DIOS,PROVINCIAL,PENAL,PENAL,DENUNCIA,,13984,13679,170101,MADRE DE DIOS,TAMBOPATA,TAMBOPATA,30/10/2025
ENERO - DICIEMBRE,2024,06/01/2025,MADRE DE DIOS,PROVINCIAL,PENAL,PENAL,EXPEDIENTE,,6,3,170101,MADRE DE DIOS,TAMBOPATA,TAMBOPATA,30/10/2025
ENERO - DICIEMBRE,2024,06/01/2025,MADRE DE DIOS,PROVINCIAL,PENAL,PENAL,INVESTIGACION PREVENTIVA,MATERIA AMBIENTAL,8,8,170101,MADRE DE DIOS,TAMBOPATA,TAMBOPATA,30/10/2025
ENERO - DICIEMBRE,2024,06/01/2025,MADRE DE DIOS,PROVINCIAL,PENAL,PENAL,INVESTIGACION PREVENTIVA,,568,568,170101,MADRE DE DIOS,TAMBOPATA,TAMBOPATA,30/10/2025
ENERO - DICIEMBRE,2024,06/01/2025,MADRE DE DIOS,SUPERIOR,FAMILIA,FAMILIA CIVIL,EXPEDIENTE,,41,40,170101,MADRE DE DIOS,TAMBOPATA,TAMBOPATA,30/10/2025
ENERO - DICIEMBRE,2024,06/01/2025,MADRE DE DIOS,SUPERIOR,FAMILIA,FAMILIA PENAL,EXPEDIENTE,,17,16,170101,MADRE DE DIOS,TAMBOPATA,TAMBOPATA,30/10/2025
ENERO - DICIEMBRE,2024,06/01/2025,MADRE DE DIOS,SUPERIOR,FAMILIA,FAMILIA TUTELAR,EXPEDIENTE,,30,30,170101,MADRE DE DIOS,TAMBOPATA,TAMBOPATA,30/10/2025
ENERO - DICIEMBRE,2024,06/01/2025,MADRE DE DIOS,SUPERIOR,FAMILIA,VIOLENCIA FAMILIAR,EXPEDIENTE,,65,64,170101,MADRE DE DIOS,TAMBOPATA,TAMBOPATA,30/10/2025
ENERO - DICIEMBRE,2024,06/01/2025,MADRE DE DIOS,SUPERIOR,PENAL,PENAL,APELACION DENUNCIA,,646,639,170101,MADRE DE DIOS,TAMBOPATA,TAMBOPATA,30/10/2025
ENERO - DICIEMBRE,2024,06/01/2025,MADRE DE DIOS,SUPERIOR,PENAL,PENAL,CONSULTAS,,51,50,170101,MADRE DE DIOS,TAMBOPATA,TAMBOPATA,30/10/2025
ENERO - DICIEMBRE,2024,06/01/2025,MADRE DE DIOS,SUPERIOR,PENAL,PENAL,DENUNCIA,,47,46,170101,MADRE DE DIOS,TAMBOPATA,TAMBOPATA,30/10/2025
ENERO - DICIEMBRE,2024,06/01/2025,MADRE DE DIOS,SUPERIOR,PENAL,PENAL,EXCLUSION FISCAL,,10,10,170101,MADRE DE DIOS,TAMBOPATA,TAMBOPATA,30/10/2025
ENERO - DICIEMBRE,2024,06/01/2025,MADRE DE DIOS,SUPERIOR,PENAL,PENAL,EXPEDIENTE,,34,34,170101,MADRE DE DIOS,TAMBOPATA,TAMBOPATA,30/10/2025
ENERO - DICIEMBRE,2024,06/01/2025,MADRE DE DIOS,SUPERIOR,PENAL,PENAL,INCIDENTE-EXPEDIENTE,,16,16,170101,MADRE DE DIOS,TAMBOPATA,TAMBOPATA,30/10/2025
ENERO - DICIEMBRE,2024,06/01/2025,MADRE DE DIOS,SUPERIOR,PENAL,PENAL,QUEJAS,,283,282,170101,MADRE DE DIOS,TAMBOPATA,TAMBOPATA,30/10/2025
ENERO - DICIEMBRE,2024,06/01/2025,MOQUEGUA,PROVINCIAL,CIVIL,CIVIL,EXPEDIENTE,,12,9,180101,MOQUEGUA,MARISCAL NIETO,MOQUEGUA,30/10/2025
ENERO - DICIEMBRE,2024,06/01/2025,MOQUEGUA,PROVINCIAL,FAMILIA,ACTOS CONTRA LA LIBERTAD SEXUAL,DENUNCIA,,2,2,180101,MOQUEGUA,MARISCAL NIETO,MOQUEGUA,30/10/2025
ENERO - DICIEMBRE,2024,06/01/2025,MOQUEGUA,PROVINCIAL,FAMILIA,FAMILIA CIVIL,EXPEDIENTE,,353,329,180101,MOQUEGUA,MARISCAL NIETO,MOQUEGUA,30/10/2025
ENERO - DICIEMBRE,2024,06/01/2025,MOQUEGUA,PROVINCIAL,FAMILIA,FAMILIA PENAL,DENUNCIA,,264,245,180101,MOQUEGUA,MARISCAL NIETO,MOQUEGUA,30/10/2025
ENERO - DICIEMBRE,2024,06/01/2025,MOQUEGUA,PROVINCIAL,FAMILIA,FAMILIA PENAL,EXPEDIENTE,,16,14,180101,MOQUEGUA,MARISCAL NIETO,MOQUEGUA,30/10/2025
ENERO - DICIEMBRE,2024,06/01/2025,MOQUEGUA,PROVINCIAL,FAMILIA,FAMILIA TUTELAR,DENUNCIA,,480,440,180101,MOQUEGUA,MARISCAL NIETO,MOQUEGUA,30/10/2025
ENERO - DICIEMBRE,2024,06/01/2025,MOQUEGUA,PROVINCIAL,FAMILIA,FAMILIA TUTELAR,EXPEDIENTE,,18,17,180101,MOQUEGUA,MARISCAL NIETO,MOQUEGUA,30/10/2025
ENERO - DICIEMBRE,2024,06/01/2025,MOQUEGUA,PROVINCIAL,FAMILIA,VIOLENCIA FAMILIAR,DENUNCIA,,11,11,180101,MOQUEGUA,MARISCAL NIETO,MOQUEGUA,30/10/2025
ENERO - DICIEMBRE,2024,06/01/2025,MOQUEGUA,PROVINCIAL,PENAL,PENAL,DENUNCIA,DELITOS DE CORRUPCION DE FUNCIONARIOS,400,375,180101,MOQUEGUA,MARISCAL NIETO,MOQUEGUA,30/10/2025
ENERO - DICIEMBRE,2024,06/01/2025,MOQUEGUA,PROVINCIAL,PENAL,PENAL,DENUNCIA,VIOLENCIA CONTRA LA MUJER Y LOS INTEGRANTES DEL GRUPO FAMILIAR,2689,2661,180101,MOQUEGUA,MARISCAL NIETO,MOQUEGUA,30/10/2025
ENERO - DICIEMBRE,2024,06/01/2025,MOQUEGUA,PROVINCIAL,PENAL,PENAL,DENUNCIA,,7622,7319,180101,MOQUEGUA,MARISCAL NIETO,MOQUEGUA,30/10/2025
ENERO - DICIEMBRE,2024,06/01/2025,MOQUEGUA,PROVINCIAL,PENAL,PENAL,INVESTIGACION PREVENTIVA,DELITOS DE CORRUPCION DE FUNCIONARIOS,13,11,180101,MOQUEGUA,MARISCAL NIETO,MOQUEGUA,30/10/2025
ENERO - DICIEMBRE,2024,06/01/2025,MOQUEGUA,PROVINCIAL,PENAL,PENAL,INVESTIGACION PREVENTIVA,,853,850,180101,MOQUEGUA,MARISCAL NIETO,MOQUEGUA,30/10/2025
ENERO - DICIEMBRE,2024,06/01/2025,MOQUEGUA,SUPERIOR,CIVIL,CIVIL,EXPEDIENTE,,3,3,180101,MOQUEGUA,MARISCAL NIETO,MOQUEGUA,30/10/2025
ENERO - DICIEMBRE,2024,06/01/2025,MOQUEGUA,SUPERIOR,FAMILIA,FAMILIA CIVIL,EXPEDIENTE,,79,77,180101,MOQUEGUA,MARISCAL NIETO,MOQUEGUA,30/10/2025
ENERO - DICIEMBRE,2024,06/01/2025,MOQUEGUA,SUPERIOR,FAMILIA,FAMILIA CIVIL,INCIDENTE,,1,1,180101,MOQUEGUA,MARISCAL NIETO,MOQUEGUA,30/10/2025
ENERO - DICIEMBRE,2024,06/01/2025,MOQUEGUA,SUPERIOR,FAMILIA,FAMILIA PENAL,EXPEDIENTE,,8,8,180101,MOQUEGUA,MARISCAL NIETO,MOQUEGUA,30/10/2025
ENERO - DICIEMBRE,2024,06/01/2025,MOQUEGUA,SUPERIOR,FAMILIA,FAMILIA TUTELAR,EXPEDIENTE,,10,10,180101,MOQUEGUA,MARISCAL NIETO,MOQUEGUA,30/10/2025
ENERO - DICIEMBRE,2024,06/01/2025,MOQUEGUA,SUPERIOR,FAMILIA,VIOLENCIA FAMILIAR,EXPEDIENTE,,114,114,180101,MOQUEGUA,MARISCAL NIETO,MOQUEGUA,30/10/2025
ENERO - DICIEMBRE,2024,06/01/2025,MOQUEGUA,SUPERIOR,PENAL,PENAL,APELACION DENUNCIA,,380,367,180101,MOQUEGUA,MARISCAL NIETO,MOQUEGUA,30/10/2025
ENERO - DICIEMBRE,2024,06/01/2025,MOQUEGUA,SUPERIOR,PENAL,PENAL,CONSULTAS,,117,117,180101,MOQUEGUA,MARISCAL NIETO,MOQUEGUA,30/10/2025
ENERO - DICIEMBRE,2024,06/01/2025,MOQUEGUA,SUPERIOR,PENAL,PENAL,DENUNCIA,,39,39,180101,MOQUEGUA,MARISCAL NIETO,MOQUEGUA,30/10/2025
ENERO - DICIEMBRE,2024,06/01/2025,MOQUEGUA,SUPERIOR,PENAL,PENAL,EXCLUSION FISCAL,,11,10,180101,MOQUEGUA,MARISCAL NIETO,MOQUEGUA,30/10/2025
ENERO - DICIEMBRE,2024,06/01/2025,MOQUEGUA,SUPERIOR,PENAL,PENAL,EXPEDIENTE,,3,3,180101,MOQUEGUA,MARISCAL NIETO,MOQUEGUA,30/10/2025
ENERO - DICIEMBRE,2024,06/01/2025,MOQUEGUA,SUPERIOR,PENAL,PENAL,QUEJAS,,608,608,180101,MOQUEGUA,MARISCAL NIETO,MOQUEGUA,30/10/2025
ENERO - DICIEMBRE,2024,06/01/2025,PASCO,PROVINCIAL,CIVIL,CIVIL,EXPEDIENTE,,4,2,190113,PASCO,PASCO,YANACANCHA,30/10/2025
ENERO - DICIEMBRE,2024,06/01/2025,PASCO,PROVINCIAL,FAMILIA,ACTOS CONTRA LA LIBERTAD SEXUAL,DENUNCIA,,3,3,190113,PASCO,PASCO,YANACANCHA,30/10/2025
ENERO - DICIEMBRE,2024,06/01/2025,PASCO,PROVINCIAL,FAMILIA,FAMILIA CIVIL,EXPEDIENTE,,296,270,190113,PASCO,PASCO,YANACANCHA,30/10/2025
ENERO - DICIEMBRE,2024,06/01/2025,PASCO,PROVINCIAL,FAMILIA,FAMILIA PENAL,DENUNCIA,,133,106,190113,PASCO,PASCO,YANACANCHA,30/10/2025
ENERO - DICIEMBRE,2024,06/01/2025,PASCO,PROVINCIAL,FAMILIA,FAMILIA PENAL,EXPEDIENTE,,33,26,190113,PASCO,PASCO,YANACANCHA,30/10/2025
ENERO - DICIEMBRE,2024,06/01/2025,PASCO,PROVINCIAL,FAMILIA,FAMILIA TUTELAR,DENUNCIA,,275,178,190113,PASCO,PASCO,YANACANCHA,30/10/2025
ENERO - DICIEMBRE,2024,06/01/2025,PASCO,PROVINCIAL,FAMILIA,FAMILIA TUTELAR,EXPEDIENTE,,21,19,190113,PASCO,PASCO,YANACANCHA,30/10/2025
ENERO - DICIEMBRE,2024,06/01/2025,PASCO,PROVINCIAL,FAMILIA,VIOLENCIA FAMILIAR,DENUNCIA,,2,,190113,PASCO,PASCO,YANACANCHA,30/10/2025
ENERO - DICIEMBRE,2024,06/01/2025,PASCO,PROVINCIAL,FAMILIA,VIOLENCIA FAMILIAR,EXPEDIENTE,,5,2,190113,PASCO,PASCO,YANACANCHA,30/10/2025
ENERO - DICIEMBRE,2024,06/01/2025,PASCO,PROVINCIAL,PENAL,PENAL,DENUNCIA,DELITOS DE CORRUPCION DE FUNCIONARIOS,265,257,190113,PASCO,PASCO,YANACANCHA,30/10/2025
ENERO - DICIEMBRE,2024,06/01/2025,PASCO,PROVINCIAL,PENAL,PENAL,DENUNCIA,MATERIA AMBIENTAL,546,546,190113,PASCO,PASCO,YANACANCHA,30/10/2025
ENERO - DICIEMBRE,2024,06/01/2025,PASCO,PROVINCIAL,PENAL,PENAL,DENUNCIA,,5945,5532,190113,PASCO,PASCO,YANACANCHA,30/10/2025
ENERO - DICIEMBRE,2024,06/01/2025,PASCO,PROVINCIAL,PENAL,PENAL,INVESTIGACION PREVENTIVA,MATERIA AMBIENTAL,18,18,190113,PASCO,PASCO,YANACANCHA,30/10/2025
ENERO - DICIEMBRE,2024,06/01/2025,PASCO,PROVINCIAL,PENAL,PENAL,INVESTIGACION PREVENTIVA,,265,260,190113,PASCO,PASCO,YANACANCHA,30/10/2025
ENERO - DICIEMBRE,2024,06/01/2025,PASCO,SUPERIOR,FAMILIA,FAMILIA CIVIL,EXPEDIENTE,,15,14,190113,PASCO,PASCO,YANACANCHA,30/10/2025
ENERO - DICIEMBRE,2024,06/01/2025,PASCO,SUPERIOR,FAMILIA,FAMILIA PENAL,EXPEDIENTE,,4,4,190113,PASCO,PASCO,YANACANCHA,30/10/2025
ENERO - DICIEMBRE,2024,06/01/2025,PASCO,SUPERIOR,FAMILIA,FAMILIA TUTELAR,EXPEDIENTE,,1,,190113,PASCO,PASCO,YANACANCHA,30/10/2025
ENERO - DICIEMBRE,2024,06/01/2025,PASCO,SUPERIOR,FAMILIA,VIOLENCIA FAMILIAR,EXPEDIENTE,,23,23,190113,PASCO,PASCO,YANACANCHA,30/10/2025
ENERO - DICIEMBRE,2024,06/01/2025,PASCO,SUPERIOR,FAMILIA,VIOLENCIA FAMILIAR,INCIDENTE,,7,,190113,PASCO,PASCO,YANACANCHA,30/10/2025
ENERO - DICIEMBRE,2024,06/01/2025,PASCO,SUPERIOR,PENAL,PENAL,APELACION DENUNCIA,DELITOS DE CORRUPCION DE FUNCIONARIOS,38,38,190113,PASCO,PASCO,YANACANCHA,30/10/2025
ENERO - DICIEMBRE,2024,06/01/2025,PASCO,SUPERIOR,PENAL,PENAL,APELACION DENUNCIA,,235,233,190113,PASCO,PASCO,YANACANCHA,30/10/2025
ENERO - DICIEMBRE,2024,06/01/2025,PASCO,SUPERIOR,PENAL,PENAL,APELACION EXPEDIENTE,DELITOS DE CORRUPCION DE FUNCIONARIOS,3,3,190113,PASCO,PASCO,YANACANCHA,30/10/2025
ENERO - DICIEMBRE,2024,06/01/2025,PASCO,SUPERIOR,PENAL,PENAL,APELACION EXPEDIENTE,,2,2,190113,PASCO,PASCO,YANACANCHA,30/10/2025
ENERO - DICIEMBRE,2024,06/01/2025,PASCO,SUPERIOR,PENAL,PENAL,CONSULTAS,DELITOS DE CORRUPCION DE FUNCIONARIOS,22,22,190113,PASCO,PASCO,YANACANCHA,30/10/2025
ENERO - DICIEMBRE,2024,06/01/2025,PASCO,SUPERIOR,PENAL,PENAL,CONSULTAS,,98,97,190113,PASCO,PASCO,YANACANCHA,30/10/2025
ENERO - DICIEMBRE,2024,06/01/2025,PASCO,SUPERIOR,PENAL,PENAL,DENUNCIA,DELITOS DE CORRUPCION DE FUNCIONARIOS,12,12,190113,PASCO,PASCO,YANACANCHA,30/10/2025
ENERO - DICIEMBRE,2024,06/01/2025,PASCO,SUPERIOR,PENAL,PENAL,DENUNCIA,,36,36,190113,PASCO,PASCO,YANACANCHA,30/10/2025
ENERO - DICIEMBRE,2024,06/01/2025,PASCO,SUPERIOR,PENAL,PENAL,EXCLUSION FISCAL,DELITOS DE CORRUPCION DE FUNCIONARIOS,3,3,190113,PASCO,PASCO,YANACANCHA,30/10/2025
ENERO - DICIEMBRE,2024,06/01/2025,PASCO,SUPERIOR,PENAL,PENAL,EXCLUSION FISCAL,,23,23,190113,PASCO,PASCO,YANACANCHA,30/10/2025
ENERO - DICIEMBRE,2024,06/01/2025,PASCO,SUPERIOR,PENAL,PENAL,EXPEDIENTE,,38,32,190113,PASCO,PASCO,YANACANCHA,30/10/2025
ENERO - DICIEMBRE,2024,06/01/2025,PASCO,SUPERIOR,PENAL,PENAL,INCIDENTE-EXPEDIENTE,,2,2,190113,PASCO,PASCO,YANACANCHA,30/10/2025
ENERO - DICIEMBRE,2024,06/01/2025,PASCO,SUPERIOR,PENAL,PENAL,QUEJAS,DELITOS DE CORRUPCION DE FUNCIONARIOS,66,66,190113,PASCO,PASCO,YANACANCHA,30/10/2025
ENERO - DICIEMBRE,2024,06/01/2025,PASCO,SUPERIOR,PENAL,PENAL,QUEJAS,,354,351,190113,PASCO,PASCO,YANACANCHA,30/10/2025
ENERO - DICIEMBRE,2024,06/01/2025,PIURA,PROVINCIAL,FAMILIA,ACTOS CONTRA LA LIBERTAD SEXUAL,DENUNCIA,,39,37,200101,PIURA,PIURA,PIURA,30/10/2025
ENERO - DICIEMBRE,2024,06/01/2025,PIURA,PROVINCIAL,FAMILIA,FAMILIA CIVIL,EXPEDIENTE,,574,528,200101,PIURA,PIURA,PIURA,30/10/2025
ENERO - DICIEMBRE,2024,06/01/2025,PIURA,PROVINCIAL,FAMILIA,FAMILIA PENAL,DENUNCIA,,865,779,200101,PIURA,PIURA,PIURA,30/10/2025
ENERO - DICIEMBRE,2024,06/01/2025,PIURA,PROVINCIAL,FAMILIA,FAMILIA PENAL,EXPEDIENTE,,165,162,200101,PIURA,PIURA,PIURA,30/10/2025
ENERO - DICIEMBRE,2024,06/01/2025,PIURA,PROVINCIAL,FAMILIA,FAMILIA TUTELAR,DENUNCIA,,239,206,200101,PIURA,PIURA,PIURA,30/10/2025
ENERO - DICIEMBRE,2024,06/01/2025,PIURA,PROVINCIAL,FAMILIA,FAMILIA TUTELAR,EXPEDIENTE,,65,62,200101,PIURA,PIURA,PIURA,30/10/2025
ENERO - DICIEMBRE,2024,06/01/2025,PIURA,PROVINCIAL,FAMILIA,VIOLENCIA FAMILIAR,DENUNCIA,,5,5,200101,PIURA,PIURA,PIURA,30/10/2025
ENERO - DICIEMBRE,2024,06/01/2025,PIURA,PROVINCIAL,FAMILIA,VIOLENCIA FAMILIAR,EXPEDIENTE,,5,4,200101,PIURA,PIURA,PIURA,30/10/2025
ENERO - DICIEMBRE,2024,06/01/2025,PIURA,PROVINCIAL,PENAL,PENAL,DENUNCIA,CONTRA LA CRIMINALIDAD ORGANIZADA,69,66,200101,PIURA,PIURA,PIURA,30/10/2025
ENERO - DICIEMBRE,2024,06/01/2025,PIURA,PROVINCIAL,PENAL,PENAL,DENUNCIA,DELITOS DE CORRUPCION DE FUNCIONARIOS,521,437,200101,PIURA,PIURA,PIURA,30/10/2025
ENERO - DICIEMBRE,2024,06/01/2025,PIURA,PROVINCIAL,PENAL,PENAL,DENUNCIA,DELITOS DE TRAFICO ILICITO DE DROGAS,204,204,200101,PIURA,PIURA,PIURA,30/10/2025
ENERO - DICIEMBRE,2024,06/01/2025,PIURA,PROVINCIAL,PENAL,PENAL,DENUNCIA,DELITOS DE TRATA DE PERSONAS,233,231,200101,PIURA,PIURA,PIURA,30/10/2025
ENERO - DICIEMBRE,2024,06/01/2025,PIURA,PROVINCIAL,PENAL,PENAL,DENUNCIA,MATERIA AMBIENTAL,171,170,200101,PIURA,PIURA,PIURA,30/10/2025
ENERO - DICIEMBRE,2024,06/01/2025,PIURA,PROVINCIAL,PENAL,PENAL,DENUNCIA,VIOLENCIA CONTRA LA MUJER Y LOS INTEGRANTES DEL GRUPO FAMILIAR,11505,11026,200101,PIURA,PIURA,PIURA,30/10/2025
ENERO - DICIEMBRE,2024,06/01/2025,PIURA,PROVINCIAL,PENAL,PENAL,DENUNCIA,,33867,31849,200101,PIURA,PIURA,PIURA,30/10/2025
ENERO - DICIEMBRE,2024,06/01/2025,PIURA,PROVINCIAL,PENAL,PENAL,INVESTIGACION PREVENTIVA,MATERIA AMBIENTAL,141,141,200101,PIURA,PIURA,PIURA,30/10/2025
ENERO - DICIEMBRE,2024,06/01/2025,PIURA,PROVINCIAL,PENAL,PENAL,INVESTIGACION PREVENTIVA,,171,171,200101,PIURA,PIURA,PIURA,30/10/2025
ENERO - DICIEMBRE,2024,06/01/2025,PIURA,SUPERIOR,FAMILIA,FAMILIA CIVIL,EXPEDIENTE,,46,45,200101,PIURA,PIURA,PIURA,30/10/2025
ENERO - DICIEMBRE,2024,06/01/2025,PIURA,SUPERIOR,FAMILIA,FAMILIA PENAL,EXPEDIENTE,,49,49,200101,PIURA,PIURA,PIURA,30/10/2025
ENERO - DICIEMBRE,2024,06/01/2025,PIURA,SUPERIOR,FAMILIA,FAMILIA PENAL,INCIDENTE,,1,1,200101,PIURA,PIURA,PIURA,30/10/2025
ENERO - DICIEMBRE,2024,06/01/2025,PIURA,SUPERIOR,FAMILIA,FAMILIA TUTELAR,EXPEDIENTE,,4,4,200101,PIURA,PIURA,PIURA,30/10/2025
ENERO - DICIEMBRE,2024,06/01/2025,PIURA,SUPERIOR,FAMILIA,VIOLENCIA FAMILIAR,EXPEDIENTE,,535,534,200101,PIURA,PIURA,PIURA,30/10/2025
ENERO - DICIEMBRE,2024,06/01/2025,PIURA,SUPERIOR,FAMILIA,VIOLENCIA FAMILIAR,INCIDENTE,,2,2,200101,PIURA,PIURA,PIURA,30/10/2025
ENERO - DICIEMBRE,2024,06/01/2025,PIURA,SUPERIOR,PENAL,PENAL,APELACION DENUNCIA,,1783,1776,200101,PIURA,PIURA,PIURA,30/10/2025
ENERO - DICIEMBRE,2024,06/01/2025,PIURA,SUPERIOR,PENAL,PENAL,APELACION EXPEDIENTE,,272,272,200101,PIURA,PIURA,PIURA,30/10/2025
ENERO - DICIEMBRE,2024,06/01/2025,PIURA,SUPERIOR,PENAL,PENAL,CONSULTAS,,341,334,200101,PIURA,PIURA,PIURA,30/10/2025
ENERO - DICIEMBRE,2024,06/01/2025,PIURA,SUPERIOR,PENAL,PENAL,DENUNCIA,,118,118,200101,PIURA,PIURA,PIURA,30/10/2025
ENERO - DICIEMBRE,2024,06/01/2025,PIURA,SUPERIOR,PENAL,PENAL,EXCLUSION FISCAL,,34,34,200101,PIURA,PIURA,PIURA,30/10/2025
ENERO - DICIEMBRE,2024,06/01/2025,PIURA,SUPERIOR,PENAL,PENAL,EXPEDIENTE,,56,55,200101,PIURA,PIURA,PIURA,30/10/2025
ENERO - DICIEMBRE,2024,06/01/2025,PIURA,SUPERIOR,PENAL,PENAL,INCIDENTE-EXPEDIENTE,,28,28,200101,PIURA,PIURA,PIURA,30/10/2025
ENERO - DICIEMBRE,2024,06/01/2025,PIURA,SUPERIOR,PENAL,PENAL,QUEJAS,,1633,1555,200101,PIURA,PIURA,PIURA,30/10/2025
ENERO - DICIEMBRE,2024,06/01/2025,PUNO,PROVINCIAL,CIVIL,CIVIL,EXPEDIENTE,,25,11,210101,PUNO,PUNO,PUNO,30/10/2025
ENERO - DICIEMBRE,2024,06/01/2025,PUNO,PROVINCIAL,FAMILIA,ACTOS CONTRA LA LIBERTAD SEXUAL,DENUNCIA,,30,25,210101,PUNO,PUNO,PUNO,30/10/2025
ENERO - DICIEMBRE,2024,06/01/2025,PUNO,PROVINCIAL,FAMILIA,FAMILIA CIVIL,EXPEDIENTE,,1005,889,210101,PUNO,PUNO,PUNO,30/10/2025
ENERO - DICIEMBRE,2024,06/01/2025,PUNO,PROVINCIAL,FAMILIA,FAMILIA PENAL,DENUNCIA,,339,287,210101,PUNO,PUNO,PUNO,30/10/2025
ENERO - DICIEMBRE,2024,06/01/2025,PUNO,PROVINCIAL,FAMILIA,FAMILIA PENAL,EXPEDIENTE,,112,94,210101,PUNO,PUNO,PUNO,30/10/2025
ENERO - DICIEMBRE,2024,06/01/2025,PUNO,PROVINCIAL,FAMILIA,FAMILIA TUTELAR,DENUNCIA,,300,251,210101,PUNO,PUNO,PUNO,30/10/2025
ENERO - DICIEMBRE,2024,06/01/2025,PUNO,PROVINCIAL,FAMILIA,FAMILIA TUTELAR,EXPEDIENTE,,180,162,210101,PUNO,PUNO,PUNO,30/10/2025
ENERO - DICIEMBRE,2024,06/01/2025,PUNO,PROVINCIAL,FAMILIA,VIOLENCIA FAMILIAR,DENUNCIA,,15,13,210101,PUNO,PUNO,PUNO,30/10/2025
ENERO - DICIEMBRE,2024,06/01/2025,PUNO,PROVINCIAL,FAMILIA,VIOLENCIA FAMILIAR,EXPEDIENTE,,1,1,210101,PUNO,PUNO,PUNO,30/10/2025
ENERO - DICIEMBRE,2024,06/01/2025,PUNO,PROVINCIAL,PENAL,PENAL,DENUNCIA,CONTRA LA CRIMINALIDAD ORGANIZADA,33,32,210101,PUNO,PUNO,PUNO,30/10/2025
ENERO - DICIEMBRE,2024,06/01/2025,PUNO,PROVINCIAL,PENAL,PENAL,DENUNCIA,DELITOS ADUANEROS Y CONTRA LA PROPIEDAD INTELECTUAL,630,585,210101,PUNO,PUNO,PUNO,30/10/2025
ENERO - DICIEMBRE,2024,06/01/2025,PUNO,PROVINCIAL,PENAL,PENAL,DENUNCIA,DELITOS DE CORRUPCION DE FUNCIONARIOS,560,484,210101,PUNO,PUNO,PUNO,30/10/2025
ENERO - DICIEMBRE,2024,06/01/2025,PUNO,PROVINCIAL,PENAL,PENAL,DENUNCIA,DELITOS DE TRAFICO ILICITO DE DROGAS,217,217,210101,PUNO,PUNO,PUNO,30/10/2025
ENERO - DICIEMBRE,2024,06/01/2025,PUNO,PROVINCIAL,PENAL,PENAL,DENUNCIA,DELITOS DE TRATA DE PERSONAS,196,196,210101,PUNO,PUNO,PUNO,30/10/2025
ENERO - DICIEMBRE,2024,06/01/2025,PUNO,PROVINCIAL,PENAL,PENAL,DENUNCIA,LAVADO DE ACTIVOS Y PERDIDA DE DOMINIO,76,75,210101,PUNO,PUNO,PUNO,30/10/2025
ENERO - DICIEMBRE,2024,06/01/2025,PUNO,PROVINCIAL,PENAL,PENAL,DENUNCIA,MATERIA AMBIENTAL,450,444,210101,PUNO,PUNO,PUNO,30/10/2025
ENERO - DICIEMBRE,2024,06/01/2025,PUNO,PROVINCIAL,PENAL,PENAL,DENUNCIA,,25670,22644,210101,PUNO,PUNO,PUNO,30/10/2025
ENERO - DICIEMBRE,2024,06/01/2025,PUNO,PROVINCIAL,PENAL,PENAL,EXPEDIENTE,DELITOS ADUANEROS Y CONTRA LA PROPIEDAD INTELECTUAL,1,,210101,PUNO,PUNO,PUNO,30/10/2025
ENERO - DICIEMBRE,2024,06/01/2025,PUNO,PROVINCIAL,PENAL,PENAL,EXPEDIENTE,,5,5,210101,PUNO,PUNO,PUNO,30/10/2025
ENERO - DICIEMBRE,2024,06/01/2025,PUNO,PROVINCIAL,PENAL,PENAL,INVESTIGACION PREVENTIVA,DELITOS ADUANEROS Y CONTRA LA PROPIEDAD INTELECTUAL,1,1,210101,PUNO,PUNO,PUNO,30/10/2025
ENERO - DICIEMBRE,2024,06/01/2025,PUNO,PROVINCIAL,PENAL,PENAL,INVESTIGACION PREVENTIVA,MATERIA AMBIENTAL,17,17,210101,PUNO,PUNO,PUNO,30/10/2025
ENERO - DICIEMBRE,2024,06/01/2025,PUNO,PROVINCIAL,PENAL,PENAL,INVESTIGACION PREVENTIVA,,1788,1747,210101,PUNO,PUNO,PUNO,30/10/2025
ENERO - DICIEMBRE,2024,06/01/2025,PUNO,SUPERIOR,CIVIL,CIVIL,EXPEDIENTE,,17,15,210101,PUNO,PUNO,PUNO,30/10/2025
ENERO - DICIEMBRE,2024,06/01/2025,PUNO,SUPERIOR,FAMILIA,FAMILIA CIVIL,EXPEDIENTE,,208,181,210101,PUNO,PUNO,PUNO,30/10/2025
ENERO - DICIEMBRE,2024,06/01/2025,PUNO,SUPERIOR,FAMILIA,FAMILIA CIVIL,INCIDENTE,,5,4,210101,PUNO,PUNO,PUNO,30/10/2025
ENERO - DICIEMBRE,2024,06/01/2025,PUNO,SUPERIOR,FAMILIA,FAMILIA PENAL,EXPEDIENTE,,53,43,210101,PUNO,PUNO,PUNO,30/10/2025
ENERO - DICIEMBRE,2024,06/01/2025,PUNO,SUPERIOR,FAMILIA,FAMILIA TUTELAR,EXPEDIENTE,,52,48,210101,PUNO,PUNO,PUNO,30/10/2025
ENERO - DICIEMBRE,2024,06/01/2025,PUNO,SUPERIOR,FAMILIA,VIOLENCIA FAMILIAR,EXPEDIENTE,,180,160,210101,PUNO,PUNO,PUNO,30/10/2025
ENERO - DICIEMBRE,2024,06/01/2025,PUNO,SUPERIOR,PENAL,PENAL,APELACION DENUNCIA,,1689,1674,210101,PUNO,PUNO,PUNO,30/10/2025
ENERO - DICIEMBRE,2024,06/01/2025,PUNO,SUPERIOR,PENAL,PENAL,APELACION EXPEDIENTE,,28,16,210101,PUNO,PUNO,PUNO,30/10/2025
ENERO - DICIEMBRE,2024,06/01/2025,PUNO,SUPERIOR,PENAL,PENAL,CONSULTAS,,425,393,210101,PUNO,PUNO,PUNO,30/10/2025
ENERO - DICIEMBRE,2024,06/01/2025,PUNO,SUPERIOR,PENAL,PENAL,DENUNCIA,,91,90,210101,PUNO,PUNO,PUNO,30/10/2025
ENERO - DICIEMBRE,2024,06/01/2025,PUNO,SUPERIOR,PENAL,PENAL,EXCLUSION FISCAL,,29,29,210101,PUNO,PUNO,PUNO,30/10/2025
ENERO - DICIEMBRE,2024,06/01/2025,PUNO,SUPERIOR,PENAL,PENAL,EXPEDIENTE,,43,38,210101,PUNO,PUNO,PUNO,30/10/2025
ENERO - DICIEMBRE,2024,06/01/2025,PUNO,SUPERIOR,PENAL,PENAL,INCIDENTE-EXPEDIENTE,,28,26,210101,PUNO,PUNO,PUNO,30/10/2025
ENERO - DICIEMBRE,2024,06/01/2025,PUNO,SUPERIOR,PENAL,PENAL,QUEJAS,,1221,1130,210101,PUNO,PUNO,PUNO,30/10/2025
ENERO - DICIEMBRE,2024,06/01/2025,SAN MARTIN,PROVINCIAL,CIVIL,CIVIL,EXPEDIENTE,,91,64,220101,SAN MARTIN,MOYOBAMBA,MOYOBAMBA,30/10/2025
ENERO - DICIEMBRE,2024,06/01/2025,SAN MARTIN,PROVINCIAL,FAMILIA,ACTOS CONTRA LA LIBERTAD SEXUAL,DENUNCIA,,24,18,220101,SAN MARTIN,MOYOBAMBA,MOYOBAMBA,30/10/2025
ENERO - DICIEMBRE,2024,06/01/2025,SAN MARTIN,PROVINCIAL,FAMILIA,FAMILIA CIVIL,EXPEDIENTE,,832,700,220101,SAN MARTIN,MOYOBAMBA,MOYOBAMBA,30/10/2025
ENERO - DICIEMBRE,2024,06/01/2025,SAN MARTIN,PROVINCIAL,FAMILIA,FAMILIA PENAL,DENUNCIA,,872,644,220101,SAN MARTIN,MOYOBAMBA,MOYOBAMBA,30/10/2025
ENERO - DICIEMBRE,2024,06/01/2025,SAN MARTIN,PROVINCIAL,FAMILIA,FAMILIA PENAL,EXPEDIENTE,,209,191,220101,SAN MARTIN,MOYOBAMBA,MOYOBAMBA,30/10/2025
ENERO - DICIEMBRE,2024,06/01/2025,SAN MARTIN,PROVINCIAL,FAMILIA,FAMILIA TUTELAR,DENUNCIA,,1355,1138,220101,SAN MARTIN,MOYOBAMBA,MOYOBAMBA,30/10/2025
ENERO - DICIEMBRE,2024,06/01/2025,SAN MARTIN,PROVINCIAL,FAMILIA,FAMILIA TUTELAR,EXPEDIENTE,,456,421,220101,SAN MARTIN,MOYOBAMBA,MOYOBAMBA,30/10/2025
ENERO - DICIEMBRE,2024,06/01/2025,SAN MARTIN,PROVINCIAL,FAMILIA,VIOLENCIA FAMILIAR,DENUNCIA,,68,61,220101,SAN MARTIN,MOYOBAMBA,MOYOBAMBA,30/10/2025
ENERO - DICIEMBRE,2024,06/01/2025,SAN MARTIN,PROVINCIAL,FAMILIA,VIOLENCIA FAMILIAR,EXPEDIENTE,,1,,220101,SAN MARTIN,MOYOBAMBA,MOYOBAMBA,30/10/2025
ENERO - DICIEMBRE,2024,06/01/2025,SAN MARTIN,PROVINCIAL,PENAL,PENAL,DENUNCIA,CONTRA LA CRIMINALIDAD ORGANIZADA,40,40,220101,SAN MARTIN,MOYOBAMBA,MOYOBAMBA,30/10/2025
ENERO - DICIEMBRE,2024,06/01/2025,SAN MARTIN,PROVINCIAL,PENAL,PENAL,DENUNCIA,DELITOS DE CORRUPCION DE FUNCIONARIOS,483,440,220101,SAN MARTIN,MOYOBAMBA,MOYOBAMBA,30/10/2025
ENERO - DICIEMBRE,2024,06/01/2025,SAN MARTIN,PROVINCIAL,PENAL,PENAL,DENUNCIA,DELITOS DE TRAFICO ILICITO DE DROGAS,85,85,220101,SAN MARTIN,MOYOBAMBA,MOYOBAMBA,30/10/2025
ENERO - DICIEMBRE,2024,06/01/2025,SAN MARTIN,PROVINCIAL,PENAL,PENAL,DENUNCIA,MATERIA AMBIENTAL,931,913,220101,SAN MARTIN,MOYOBAMBA,MOYOBAMBA,30/10/2025
ENERO - DICIEMBRE,2024,06/01/2025,SAN MARTIN,PROVINCIAL,PENAL,PENAL,DENUNCIA,,29106,27474,220101,SAN MARTIN,MOYOBAMBA,MOYOBAMBA,30/10/2025
ENERO - DICIEMBRE,2024,06/01/2025,SAN MARTIN,PROVINCIAL,PENAL,PENAL,EXPEDIENTE,,6,4,220101,SAN MARTIN,MOYOBAMBA,MOYOBAMBA,30/10/2025
ENERO - DICIEMBRE,2024,06/01/2025,SAN MARTIN,PROVINCIAL,PENAL,PENAL,INVESTIGACION PREVENTIVA,MATERIA AMBIENTAL,76,73,220101,SAN MARTIN,MOYOBAMBA,MOYOBAMBA,30/10/2025
ENERO - DICIEMBRE,2024,06/01/2025,SAN MARTIN,PROVINCIAL,PENAL,PENAL,INVESTIGACION PREVENTIVA,,197,196,220101,SAN MARTIN,MOYOBAMBA,MOYOBAMBA,30/10/2025
ENERO - DICIEMBRE,2024,06/01/2025,SAN MARTIN,SUPERIOR,CIVIL,CIVIL,EXPEDIENTE,,1,,220101,SAN MARTIN,MOYOBAMBA,MOYOBAMBA,30/10/2025
ENERO - DICIEMBRE,2024,06/01/2025,SAN MARTIN,SUPERIOR,FAMILIA,FAMILIA CIVIL,EXPEDIENTE,,53,49,220101,SAN MARTIN,MOYOBAMBA,MOYOBAMBA,30/10/2025
ENERO - DICIEMBRE,2024,06/01/2025,SAN MARTIN,SUPERIOR,FAMILIA,FAMILIA CIVIL,INCIDENTE,,8,8,220101,SAN MARTIN,MOYOBAMBA,MOYOBAMBA,30/10/2025
ENERO - DICIEMBRE,2024,06/01/2025,SAN MARTIN,SUPERIOR,FAMILIA,FAMILIA PENAL,EXPEDIENTE,,38,34,220101,SAN MARTIN,MOYOBAMBA,MOYOBAMBA,30/10/2025
ENERO - DICIEMBRE,2024,06/01/2025,SAN MARTIN,SUPERIOR,FAMILIA,FAMILIA PENAL,INCIDENTE,,5,5,220101,SAN MARTIN,MOYOBAMBA,MOYOBAMBA,30/10/2025
ENERO - DICIEMBRE,2024,06/01/2025,SAN MARTIN,SUPERIOR,FAMILIA,FAMILIA TUTELAR,EXPEDIENTE,,137,137,220101,SAN MARTIN,MOYOBAMBA,MOYOBAMBA,30/10/2025
ENERO - DICIEMBRE,2024,06/01/2025,SAN MARTIN,SUPERIOR,FAMILIA,VIOLENCIA FAMILIAR,EXPEDIENTE,,100,93,220101,SAN MARTIN,MOYOBAMBA,MOYOBAMBA,30/10/2025
ENERO - DICIEMBRE,2024,06/01/2025,SAN MARTIN,SUPERIOR,FAMILIA,VIOLENCIA FAMILIAR,INCIDENTE,,61,60,220101,SAN MARTIN,MOYOBAMBA,MOYOBAMBA,30/10/2025
ENERO - DICIEMBRE,2024,06/01/2025,SAN MARTIN,SUPERIOR,PENAL,PENAL,APELACION DENUNCIA,,1138,1102,220101,SAN MARTIN,MOYOBAMBA,MOYOBAMBA,30/10/2025
ENERO - DICIEMBRE,2024,06/01/2025,SAN MARTIN,SUPERIOR,PENAL,PENAL,APELACION EXPEDIENTE,,40,39,220101,SAN MARTIN,MOYOBAMBA,MOYOBAMBA,30/10/2025
ENERO - DICIEMBRE,2024,06/01/2025,SAN MARTIN,SUPERIOR,PENAL,PENAL,CONSULTAS,,177,175,220101,SAN MARTIN,MOYOBAMBA,MOYOBAMBA,30/10/2025
ENERO - DICIEMBRE,2024,06/01/2025,SAN MARTIN,SUPERIOR,PENAL,PENAL,DENUNCIA,,102,85,220101,SAN MARTIN,MOYOBAMBA,MOYOBAMBA,30/10/2025
ENERO - DICIEMBRE,2024,06/01/2025,SAN MARTIN,SUPERIOR,PENAL,PENAL,EXCLUSION FISCAL,,35,35,220101,SAN MARTIN,MOYOBAMBA,MOYOBAMBA,30/10/2025
ENERO - DICIEMBRE,2024,06/01/2025,SAN MARTIN,SUPERIOR,PENAL,PENAL,EXPEDIENTE,,52,52,220101,SAN MARTIN,MOYOBAMBA,MOYOBAMBA,30/10/2025
ENERO - DICIEMBRE,2024,06/01/2025,SAN MARTIN,SUPERIOR,PENAL,PENAL,INCIDENTE-EXPEDIENTE,,8,6,220101,SAN MARTIN,MOYOBAMBA,MOYOBAMBA,30/10/2025
ENERO - DICIEMBRE,2024,06/01/2025,SAN MARTIN,SUPERIOR,PENAL,PENAL,QUEJAS,,867,811,220101,SAN MARTIN,MOYOBAMBA,MOYOBAMBA,30/10/2025
ENERO - DICIEMBRE,2024,06/01/2025,SANTA,PROVINCIAL,CIVIL,CIVIL,EXPEDIENTE,,102,87,21801,ANCASH,SANTA,CHIMBOTE,30/10/2025
ENERO - DICIEMBRE,2024,06/01/2025,SANTA,PROVINCIAL,FAMILIA,ACTOS CONTRA LA LIBERTAD SEXUAL,DENUNCIA,,56,55,21801,ANCASH,SANTA,CHIMBOTE,30/10/2025
ENERO - DICIEMBRE,2024,06/01/2025,SANTA,PROVINCIAL,FAMILIA,FAMILIA CIVIL,EXPEDIENTE,,1001,908,21801,ANCASH,SANTA,CHIMBOTE,30/10/2025
ENERO - DICIEMBRE,2024,06/01/2025,SANTA,PROVINCIAL,FAMILIA,FAMILIA PENAL,DENUNCIA,,584,497,21801,ANCASH,SANTA,CHIMBOTE,30/10/2025
ENERO - DICIEMBRE,2024,06/01/2025,SANTA,PROVINCIAL,FAMILIA,FAMILIA PENAL,EXPEDIENTE,,53,47,21801,ANCASH,SANTA,CHIMBOTE,30/10/2025
ENERO - DICIEMBRE,2024,06/01/2025,SANTA,PROVINCIAL,FAMILIA,FAMILIA TUTELAR,DENUNCIA,,510,493,21801,ANCASH,SANTA,CHIMBOTE,30/10/2025
ENERO - DICIEMBRE,2024,06/01/2025,SANTA,PROVINCIAL,FAMILIA,FAMILIA TUTELAR,EXPEDIENTE,,99,80,21801,ANCASH,SANTA,CHIMBOTE,30/10/2025
ENERO - DICIEMBRE,2024,06/01/2025,SANTA,PROVINCIAL,FAMILIA,VIOLENCIA FAMILIAR,DENUNCIA,,44,44,21801,ANCASH,SANTA,CHIMBOTE,30/10/2025
ENERO - DICIEMBRE,2024,06/01/2025,SANTA,PROVINCIAL,PENAL,PENAL,DENUNCIA,CONTRA LA CRIMINALIDAD ORGANIZADA,32,31,21801,ANCASH,SANTA,CHIMBOTE,30/10/2025
ENERO - DICIEMBRE,2024,06/01/2025,SANTA,PROVINCIAL,PENAL,PENAL,DENUNCIA,DELITOS DE CORRUPCION DE FUNCIONARIOS,317,236,21801,ANCASH,SANTA,CHIMBOTE,30/10/2025
ENERO - DICIEMBRE,2024,06/01/2025,SANTA,PROVINCIAL,PENAL,PENAL,DENUNCIA,DELITOS DE TRAFICO ILICITO DE DROGAS,105,105,21801,ANCASH,SANTA,CHIMBOTE,30/10/2025
ENERO - DICIEMBRE,2024,06/01/2025,SANTA,PROVINCIAL,PENAL,PENAL,DENUNCIA,LAVADO DE ACTIVOS Y PERDIDA DE DOMINIO,14,12,21801,ANCASH,SANTA,CHIMBOTE,30/10/2025
ENERO - DICIEMBRE,2024,06/01/2025,SANTA,PROVINCIAL,PENAL,PENAL,DENUNCIA,MATERIA AMBIENTAL,148,132,21801,ANCASH,SANTA,CHIMBOTE,30/10/2025
ENERO - DICIEMBRE,2024,06/01/2025,SANTA,PROVINCIAL,PENAL,PENAL,DENUNCIA,,25893,24157,21801,ANCASH,SANTA,CHIMBOTE,30/10/2025
ENERO - DICIEMBRE,2024,06/01/2025,SANTA,PROVINCIAL,PENAL,PENAL,EXPEDIENTE,,5,3,21801,ANCASH,SANTA,CHIMBOTE,30/10/2025
ENERO - DICIEMBRE,2024,06/01/2025,SANTA,PROVINCIAL,PENAL,PENAL,INVESTIGACION PREVENTIVA,MATERIA AMBIENTAL,79,78,21801,ANCASH,SANTA,CHIMBOTE,30/10/2025
ENERO - DICIEMBRE,2024,06/01/2025,SANTA,PROVINCIAL,PENAL,PENAL,INVESTIGACION PREVENTIVA,,540,535,21801,ANCASH,SANTA,CHIMBOTE,30/10/2025
ENERO - DICIEMBRE,2024,06/01/2025,SANTA,SUPERIOR,FAMILIA,FAMILIA CIVIL,EXPEDIENTE,,54,54,21801,ANCASH,SANTA,CHIMBOTE,30/10/2025
ENERO - DICIEMBRE,2024,06/01/2025,SANTA,SUPERIOR,FAMILIA,FAMILIA CIVIL,INCIDENTE,,6,6,21801,ANCASH,SANTA,CHIMBOTE,30/10/2025
ENERO - DICIEMBRE,2024,06/01/2025,SANTA,SUPERIOR,FAMILIA,FAMILIA PENAL,EXPEDIENTE,,26,26,21801,ANCASH,SANTA,CHIMBOTE,30/10/2025
ENERO - DICIEMBRE,2024,06/01/2025,SANTA,SUPERIOR,FAMILIA,FAMILIA PENAL,INCIDENTE,,7,7,21801,ANCASH,SANTA,CHIMBOTE,30/10/2025
ENERO - DICIEMBRE,2024,06/01/2025,SANTA,SUPERIOR,FAMILIA,VIOLENCIA FAMILIAR,EXPEDIENTE,,83,83,21801,ANCASH,SANTA,CHIMBOTE,30/10/2025
ENERO - DICIEMBRE,2024,06/01/2025,SANTA,SUPERIOR,FAMILIA,VIOLENCIA FAMILIAR,INCIDENTE,,293,286,21801,ANCASH,SANTA,CHIMBOTE,30/10/2025
ENERO - DICIEMBRE,2024,06/01/2025,SANTA,SUPERIOR,PENAL,PENAL,APELACION DENUNCIA,DELITOS DE CORRUPCION DE FUNCIONARIOS,60,60,21801,ANCASH,SANTA,CHIMBOTE,30/10/2025
ENERO - DICIEMBRE,2024,06/01/2025,SANTA,SUPERIOR,PENAL,PENAL,APELACION DENUNCIA,,924,921,21801,ANCASH,SANTA,CHIMBOTE,30/10/2025
ENERO - DICIEMBRE,2024,06/01/2025,SANTA,SUPERIOR,PENAL,PENAL,APELACION EXPEDIENTE,,1,1,21801,ANCASH,SANTA,CHIMBOTE,30/10/2025
ENERO - DICIEMBRE,2024,06/01/2025,SANTA,SUPERIOR,PENAL,PENAL,CONSULTAS,DELITOS DE CORRUPCION DE FUNCIONARIOS,18,18,21801,ANCASH,SANTA,CHIMBOTE,30/10/2025
ENERO - DICIEMBRE,2024,06/01/2025,SANTA,SUPERIOR,PENAL,PENAL,CONSULTAS,,211,196,21801,ANCASH,SANTA,CHIMBOTE,30/10/2025
ENERO - DICIEMBRE,2024,06/01/2025,SANTA,SUPERIOR,PENAL,PENAL,DENUNCIA,DELITOS DE CORRUPCION DE FUNCIONARIOS,14,14,21801,ANCASH,SANTA,CHIMBOTE,30/10/2025
ENERO - DICIEMBRE,2024,06/01/2025,SANTA,SUPERIOR,PENAL,PENAL,DENUNCIA,,76,73,21801,ANCASH,SANTA,CHIMBOTE,30/10/2025
ENERO - DICIEMBRE,2024,06/01/2025,SANTA,SUPERIOR,PENAL,PENAL,EXCLUSION FISCAL,DELITOS DE CORRUPCION DE FUNCIONARIOS,3,3,21801,ANCASH,SANTA,CHIMBOTE,30/10/2025
ENERO - DICIEMBRE,2024,06/01/2025,SANTA,SUPERIOR,PENAL,PENAL,EXCLUSION FISCAL,,18,18,21801,ANCASH,SANTA,CHIMBOTE,30/10/2025
ENERO - DICIEMBRE,2024,06/01/2025,SANTA,SUPERIOR,PENAL,PENAL,EXPEDIENTE,,32,26,21801,ANCASH,SANTA,CHIMBOTE,30/10/2025
ENERO - DICIEMBRE,2024,06/01/2025,SANTA,SUPERIOR,PENAL,PENAL,INCIDENTE-EXPEDIENTE,,9,8,21801,ANCASH,SANTA,CHIMBOTE,30/10/2025
ENERO - DICIEMBRE,2024,06/01/2025,SANTA,SUPERIOR,PENAL,PENAL,QUEJAS,DELITOS DE CORRUPCION DE FUNCIONARIOS,55,55,21801,ANCASH,SANTA,CHIMBOTE,30/10/2025
ENERO - DICIEMBRE,2024,06/01/2025,SANTA,SUPERIOR,PENAL,PENAL,QUEJAS,,1158,1019,21801,ANCASH,SANTA,CHIMBOTE,30/10/2025
ENERO - DICIEMBRE,2024,06/01/2025,SELVA CENTRAL,PROVINCIAL,CIVIL,CIVIL,EXPEDIENTE,,5,,120301,JUNIN,CHANCHAMAYO,CHANCHAMAYO,30/10/2025
ENERO - DICIEMBRE,2024,06/01/2025,SELVA CENTRAL,PROVINCIAL,FAMILIA,ACTOS CONTRA LA LIBERTAD SEXUAL,DENUNCIA,,3,2,120301,JUNIN,CHANCHAMAYO,CHANCHAMAYO,30/10/2025
ENERO - DICIEMBRE,2024,06/01/2025,SELVA CENTRAL,PROVINCIAL,FAMILIA,FAMILIA CIVIL,EXPEDIENTE,,340,273,120301,JUNIN,CHANCHAMAYO,CHANCHAMAYO,30/10/2025
ENERO - DICIEMBRE,2024,06/01/2025,SELVA CENTRAL,PROVINCIAL,FAMILIA,FAMILIA PENAL,DENUNCIA,,560,449,120301,JUNIN,CHANCHAMAYO,CHANCHAMAYO,30/10/2025
ENERO - DICIEMBRE,2024,06/01/2025,SELVA CENTRAL,PROVINCIAL,FAMILIA,FAMILIA PENAL,EXPEDIENTE,,48,38,120301,JUNIN,CHANCHAMAYO,CHANCHAMAYO,30/10/2025
ENERO - DICIEMBRE,2024,06/01/2025,SELVA CENTRAL,PROVINCIAL,FAMILIA,FAMILIA TUTELAR,DENUNCIA,,260,245,120301,JUNIN,CHANCHAMAYO,CHANCHAMAYO,30/10/2025
ENERO - DICIEMBRE,2024,06/01/2025,SELVA CENTRAL,PROVINCIAL,FAMILIA,FAMILIA TUTELAR,EXPEDIENTE,,61,51,120301,JUNIN,CHANCHAMAYO,CHANCHAMAYO,30/10/2025
ENERO - DICIEMBRE,2024,06/01/2025,SELVA CENTRAL,PROVINCIAL,FAMILIA,VIOLENCIA FAMILIAR,DENUNCIA,,9,8,120301,JUNIN,CHANCHAMAYO,CHANCHAMAYO,30/10/2025
ENERO - DICIEMBRE,2024,06/01/2025,SELVA CENTRAL,PROVINCIAL,FAMILIA,VIOLENCIA FAMILIAR,EXPEDIENTE,,18,17,120301,JUNIN,CHANCHAMAYO,CHANCHAMAYO,30/10/2025
ENERO - DICIEMBRE,2024,06/01/2025,SELVA CENTRAL,PROVINCIAL,PENAL,PENAL,DENUNCIA,DELITOS DE CORRUPCION DE FUNCIONARIOS,296,291,120301,JUNIN,CHANCHAMAYO,CHANCHAMAYO,30/10/2025
ENERO - DICIEMBRE,2024,06/01/2025,SELVA CENTRAL,PROVINCIAL,PENAL,PENAL,DENUNCIA,DELITOS DE TRAFICO ILICITO DE DROGAS,202,202,120301,JUNIN,CHANCHAMAYO,CHANCHAMAYO,30/10/2025
ENERO - DICIEMBRE,2024,06/01/2025,SELVA CENTRAL,PROVINCIAL,PENAL,PENAL,DENUNCIA,MATERIA AMBIENTAL,619,619,120301,JUNIN,CHANCHAMAYO,CHANCHAMAYO,30/10/2025
ENERO - DICIEMBRE,2024,06/01/2025,SELVA CENTRAL,PROVINCIAL,PENAL,PENAL,DENUNCIA,,18467,17612,120301,JUNIN,CHANCHAMAYO,CHANCHAMAYO,30/10/2025
ENERO - DICIEMBRE,2024,06/01/2025,SELVA CENTRAL,PROVINCIAL,PENAL,PENAL,INVESTIGACION PREVENTIVA,MATERIA AMBIENTAL,1,1,120301,JUNIN,CHANCHAMAYO,CHANCHAMAYO,30/10/2025
ENERO - DICIEMBRE,2024,06/01/2025,SELVA CENTRAL,PROVINCIAL,PENAL,PENAL,INVESTIGACION PREVENTIVA,,1226,1165,120301,JUNIN,CHANCHAMAYO,CHANCHAMAYO,30/10/2025
ENERO - DICIEMBRE,2024,06/01/2025,SELVA CENTRAL,SUPERIOR,CIVIL,CIVIL,EXPEDIENTE,,2,2,120301,JUNIN,CHANCHAMAYO,CHANCHAMAYO,30/10/2025
ENERO - DICIEMBRE,2024,06/01/2025,SELVA CENTRAL,SUPERIOR,FAMILIA,FAMILIA CIVIL,EXPEDIENTE,,32,32,120301,JUNIN,CHANCHAMAYO,CHANCHAMAYO,30/10/2025
ENERO - DICIEMBRE,2024,06/01/2025,SELVA CENTRAL,SUPERIOR,FAMILIA,FAMILIA CIVIL,INCIDENTE,,11,10,120301,JUNIN,CHANCHAMAYO,CHANCHAMAYO,30/10/2025
ENERO - DICIEMBRE,2024,06/01/2025,SELVA CENTRAL,SUPERIOR,FAMILIA,FAMILIA PENAL,EXPEDIENTE,,9,9,120301,JUNIN,CHANCHAMAYO,CHANCHAMAYO,30/10/2025
ENERO - DICIEMBRE,2024,06/01/2025,SELVA CENTRAL,SUPERIOR,FAMILIA,FAMILIA PENAL,INCIDENTE,,8,8,120301,JUNIN,CHANCHAMAYO,CHANCHAMAYO,30/10/2025
ENERO - DICIEMBRE,2024,06/01/2025,SELVA CENTRAL,SUPERIOR,FAMILIA,FAMILIA TUTELAR,EXPEDIENTE,,2,2,120301,JUNIN,CHANCHAMAYO,CHANCHAMAYO,30/10/2025
ENERO - DICIEMBRE,2024,06/01/2025,SELVA CENTRAL,SUPERIOR,FAMILIA,VIOLENCIA FAMILIAR,EXPEDIENTE,,15,14,120301,JUNIN,CHANCHAMAYO,CHANCHAMAYO,30/10/2025
ENERO - DICIEMBRE,2024,06/01/2025,SELVA CENTRAL,SUPERIOR,FAMILIA,VIOLENCIA FAMILIAR,INCIDENTE,,108,105,120301,JUNIN,CHANCHAMAYO,CHANCHAMAYO,30/10/2025
ENERO - DICIEMBRE,2024,06/01/2025,SELVA CENTRAL,SUPERIOR,PENAL,PENAL,APELACION DENUNCIA,,591,580,120301,JUNIN,CHANCHAMAYO,CHANCHAMAYO,30/10/2025
ENERO - DICIEMBRE,2024,06/01/2025,SELVA CENTRAL,SUPERIOR,PENAL,PENAL,APELACION EXPEDIENTE,,7,7,120301,JUNIN,CHANCHAMAYO,CHANCHAMAYO,30/10/2025
ENERO - DICIEMBRE,2024,06/01/2025,SELVA CENTRAL,SUPERIOR,PENAL,PENAL,CONSULTAS,,105,104,120301,JUNIN,CHANCHAMAYO,CHANCHAMAYO,30/10/2025
ENERO - DICIEMBRE,2024,06/01/2025,SELVA CENTRAL,SUPERIOR,PENAL,PENAL,DENUNCIA,,55,52,120301,JUNIN,CHANCHAMAYO,CHANCHAMAYO,30/10/2025
ENERO - DICIEMBRE,2024,06/01/2025,SELVA CENTRAL,SUPERIOR,PENAL,PENAL,EXCLUSION FISCAL,,13,13,120301,JUNIN,CHANCHAMAYO,CHANCHAMAYO,30/10/2025
ENERO - DICIEMBRE,2024,06/01/2025,SELVA CENTRAL,SUPERIOR,PENAL,PENAL,EXPEDIENTE,,35,28,120301,JUNIN,CHANCHAMAYO,CHANCHAMAYO,30/10/2025
ENERO - DICIEMBRE,2024,06/01/2025,SELVA CENTRAL,SUPERIOR,PENAL,PENAL,INCIDENTE-EXPEDIENTE,,19,19,120301,JUNIN,CHANCHAMAYO,CHANCHAMAYO,30/10/2025
ENERO - DICIEMBRE,2024,06/01/2025,SELVA CENTRAL,SUPERIOR,PENAL,PENAL,QUEJAS,,364,355,120301,JUNIN,CHANCHAMAYO,CHANCHAMAYO,30/10/2025
ENERO - DICIEMBRE,2024,06/01/2025,SULLANA,PROVINCIAL,CIVIL,CIVIL,EXPEDIENTE,,1,1,200601,PIURA,SULLANA,SULLANA,30/10/2025
ENERO - DICIEMBRE,2024,06/01/2025,SULLANA,PROVINCIAL,FAMILIA,ACTOS CONTRA LA LIBERTAD SEXUAL,DENUNCIA,,1,1,200601,PIURA,SULLANA,SULLANA,30/10/2025
ENERO - DICIEMBRE,2024,06/01/2025,SULLANA,PROVINCIAL,FAMILIA,FAMILIA CIVIL,EXPEDIENTE,,364,359,200601,PIURA,SULLANA,SULLANA,30/10/2025
ENERO - DICIEMBRE,2024,06/01/2025,SULLANA,PROVINCIAL,FAMILIA,FAMILIA PENAL,DENUNCIA,,401,391,200601,PIURA,SULLANA,SULLANA,30/10/2025
ENERO - DICIEMBRE,2024,06/01/2025,SULLANA,PROVINCIAL,FAMILIA,FAMILIA PENAL,EXPEDIENTE,,68,68,200601,PIURA,SULLANA,SULLANA,30/10/2025
ENERO - DICIEMBRE,2024,06/01/2025,SULLANA,PROVINCIAL,FAMILIA,FAMILIA TUTELAR,DENUNCIA,,144,140,200601,PIURA,SULLANA,SULLANA,30/10/2025
ENERO - DICIEMBRE,2024,06/01/2025,SULLANA,PROVINCIAL,FAMILIA,FAMILIA TUTELAR,EXPEDIENTE,,16,16,200601,PIURA,SULLANA,SULLANA,30/10/2025
ENERO - DICIEMBRE,2024,06/01/2025,SULLANA,PROVINCIAL,FAMILIA,VIOLENCIA FAMILIAR,EXPEDIENTE,,1,1,200601,PIURA,SULLANA,SULLANA,30/10/2025
ENERO - DICIEMBRE,2024,06/01/2025,SULLANA,PROVINCIAL,PENAL,PENAL,DENUNCIA,DELITOS DE CORRUPCION DE FUNCIONARIOS,248,231,200601,PIURA,SULLANA,SULLANA,30/10/2025
ENERO - DICIEMBRE,2024,06/01/2025,SULLANA,PROVINCIAL,PENAL,PENAL,DENUNCIA,MATERIA AMBIENTAL,487,483,200601,PIURA,SULLANA,SULLANA,30/10/2025
ENERO - DICIEMBRE,2024,06/01/2025,SULLANA,PROVINCIAL,PENAL,PENAL,DENUNCIA,,18850,17589,200601,PIURA,SULLANA,SULLANA,30/10/2025
ENERO - DICIEMBRE,2024,06/01/2025,SULLANA,PROVINCIAL,PENAL,PENAL,EXPEDIENTE,,2,1,200601,PIURA,SULLANA,SULLANA,30/10/2025
ENERO - DICIEMBRE,2024,06/01/2025,SULLANA,PROVINCIAL,PENAL,PENAL,INVESTIGACION PREVENTIVA,,509,501,200601,PIURA,SULLANA,SULLANA,30/10/2025
ENERO - DICIEMBRE,2024,06/01/2025,SULLANA,SUPERIOR,CIVIL,CIVIL,EXPEDIENTE,,1,1,200601,PIURA,SULLANA,SULLANA,30/10/2025
ENERO - DICIEMBRE,2024,06/01/2025,SULLANA,SUPERIOR,FAMILIA,FAMILIA CIVIL,EXPEDIENTE,,9,9,200601,PIURA,SULLANA,SULLANA,30/10/2025
ENERO - DICIEMBRE,2024,06/01/2025,SULLANA,SUPERIOR,FAMILIA,FAMILIA CIVIL,INCIDENTE,,1,1,200601,PIURA,SULLANA,SULLANA,30/10/2025
ENERO - DICIEMBRE,2024,06/01/2025,SULLANA,SUPERIOR,FAMILIA,FAMILIA PENAL,EXPEDIENTE,,19,18,200601,PIURA,SULLANA,SULLANA,30/10/2025
ENERO - DICIEMBRE,2024,06/01/2025,SULLANA,SUPERIOR,FAMILIA,FAMILIA PENAL,INCIDENTE,,1,1,200601,PIURA,SULLANA,SULLANA,30/10/2025
ENERO - DICIEMBRE,2024,06/01/2025,SULLANA,SUPERIOR,FAMILIA,FAMILIA TUTELAR,EXPEDIENTE,,2,2,200601,PIURA,SULLANA,SULLANA,30/10/2025
ENERO - DICIEMBRE,2024,06/01/2025,SULLANA,SUPERIOR,FAMILIA,VIOLENCIA FAMILIAR,EXPEDIENTE,,92,87,200601,PIURA,SULLANA,SULLANA,30/10/2025
ENERO - DICIEMBRE,2024,06/01/2025,SULLANA,SUPERIOR,PENAL,PENAL,APELACION DENUNCIA,,1581,1578,200601,PIURA,SULLANA,SULLANA,30/10/2025
ENERO - DICIEMBRE,2024,06/01/2025,SULLANA,SUPERIOR,PENAL,PENAL,APELACION EXPEDIENTE,,39,37,200601,PIURA,SULLANA,SULLANA,30/10/2025
ENERO - DICIEMBRE,2024,06/01/2025,SULLANA,SUPERIOR,PENAL,PENAL,CONSULTAS,,112,108,200601,PIURA,SULLANA,SULLANA,30/10/2025
ENERO - DICIEMBRE,2024,06/01/2025,SULLANA,SUPERIOR,PENAL,PENAL,DENUNCIA,,33,33,200601,PIURA,SULLANA,SULLANA,30/10/2025
ENERO - DICIEMBRE,2024,06/01/2025,SULLANA,SUPERIOR,PENAL,PENAL,EXCLUSION FISCAL,,11,11,200601,PIURA,SULLANA,SULLANA,30/10/2025
ENERO - DICIEMBRE,2024,06/01/2025,SULLANA,SUPERIOR,PENAL,PENAL,QUEJAS,,749,695,200601,PIURA,SULLANA,SULLANA,30/10/2025
ENERO - DICIEMBRE,2024,06/01/2025,TACNA,PROVINCIAL,CIVIL,CIVIL,EXPEDIENTE,,48,41,230101,TACNA,TACNA,TACNA,30/10/2025
ENERO - DICIEMBRE,2024,06/01/2025,TACNA,PROVINCIAL,FAMILIA,FAMILIA CIVIL,EXPEDIENTE,,680,666,230101,TACNA,TACNA,TACNA,30/10/2025
ENERO - DICIEMBRE,2024,06/01/2025,TACNA,PROVINCIAL,FAMILIA,FAMILIA PENAL,DENUNCIA,,305,255,230101,TACNA,TACNA,TACNA,30/10/2025
ENERO - DICIEMBRE,2024,06/01/2025,TACNA,PROVINCIAL,FAMILIA,FAMILIA PENAL,EXPEDIENTE,,28,28,230101,TACNA,TACNA,TACNA,30/10/2025
ENERO - DICIEMBRE,2024,06/01/2025,TACNA,PROVINCIAL,FAMILIA,FAMILIA TUTELAR,DENUNCIA,,93,75,230101,TACNA,TACNA,TACNA,30/10/2025
ENERO - DICIEMBRE,2024,06/01/2025,TACNA,PROVINCIAL,FAMILIA,FAMILIA TUTELAR,EXPEDIENTE,,50,49,230101,TACNA,TACNA,TACNA,30/10/2025
ENERO - DICIEMBRE,2024,06/01/2025,TACNA,PROVINCIAL,FAMILIA,VIOLENCIA FAMILIAR,EXPEDIENTE,,2,2,230101,TACNA,TACNA,TACNA,30/10/2025
ENERO - DICIEMBRE,2024,06/01/2025,TACNA,PROVINCIAL,PENAL,PENAL,DENUNCIA,DELITOS ADUANEROS Y CONTRA LA PROPIEDAD INTELECTUAL,637,633,230101,TACNA,TACNA,TACNA,30/10/2025
ENERO - DICIEMBRE,2024,06/01/2025,TACNA,PROVINCIAL,PENAL,PENAL,DENUNCIA,DELITOS DE CORRUPCION DE FUNCIONARIOS,370,341,230101,TACNA,TACNA,TACNA,30/10/2025
ENERO - DICIEMBRE,2024,06/01/2025,TACNA,PROVINCIAL,PENAL,PENAL,DENUNCIA,DELITOS DE TRAFICO ILICITO DE DROGAS,70,70,230101,TACNA,TACNA,TACNA,30/10/2025
ENERO - DICIEMBRE,2024,06/01/2025,TACNA,PROVINCIAL,PENAL,PENAL,DENUNCIA,DELITOS DE TRATA DE PERSONAS,99,97,230101,TACNA,TACNA,TACNA,30/10/2025
ENERO - DICIEMBRE,2024,06/01/2025,TACNA,PROVINCIAL,PENAL,PENAL,DENUNCIA,LAVADO DE ACTIVOS Y PERDIDA DE DOMINIO,40,39,230101,TACNA,TACNA,TACNA,30/10/2025
ENERO - DICIEMBRE,2024,06/01/2025,TACNA,PROVINCIAL,PENAL,PENAL,DENUNCIA,MATERIA AMBIENTAL,114,114,230101,TACNA,TACNA,TACNA,30/10/2025
ENERO - DICIEMBRE,2024,06/01/2025,TACNA,PROVINCIAL,PENAL,PENAL,DENUNCIA,VIOLENCIA CONTRA LA MUJER Y LOS INTEGRANTES DEL GRUPO FAMILIAR,1344,1340,230101,TACNA,TACNA,TACNA,30/10/2025
ENERO - DICIEMBRE,2024,06/01/2025,TACNA,PROVINCIAL,PENAL,PENAL,DENUNCIA,,14708,14121,230101,TACNA,TACNA,TACNA,30/10/2025
ENERO - DICIEMBRE,2024,06/01/2025,TACNA,PROVINCIAL,PENAL,PENAL,EXPEDIENTE,,3,2,230101,TACNA,TACNA,TACNA,30/10/2025
ENERO - DICIEMBRE,2024,06/01/2025,TACNA,PROVINCIAL,PENAL,PENAL,INVESTIGACION PREVENTIVA,DELITOS DE CORRUPCION DE FUNCIONARIOS,4,4,230101,TACNA,TACNA,TACNA,30/10/2025
ENERO - DICIEMBRE,2024,06/01/2025,TACNA,PROVINCIAL,PENAL,PENAL,INVESTIGACION PREVENTIVA,MATERIA AMBIENTAL,76,76,230101,TACNA,TACNA,TACNA,30/10/2025
ENERO - DICIEMBRE,2024,06/01/2025,TACNA,PROVINCIAL,PENAL,PENAL,INVESTIGACION PREVENTIVA,,1109,1106,230101,TACNA,TACNA,TACNA,30/10/2025
ENERO - DICIEMBRE,2024,06/01/2025,TACNA,SUPERIOR,CIVIL,CIVIL,EXPEDIENTE,,19,19,230101,TACNA,TACNA,TACNA,30/10/2025
ENERO - DICIEMBRE,2024,06/01/2025,TACNA,SUPERIOR,FAMILIA,FAMILIA CIVIL,EXPEDIENTE,,165,165,230101,TACNA,TACNA,TACNA,30/10/2025
ENERO - DICIEMBRE,2024,06/01/2025,TACNA,SUPERIOR,FAMILIA,FAMILIA PENAL,EXPEDIENTE,,15,15,230101,TACNA,TACNA,TACNA,30/10/2025
ENERO - DICIEMBRE,2024,06/01/2025,TACNA,SUPERIOR,FAMILIA,FAMILIA TUTELAR,EXPEDIENTE,,5,5,230101,TACNA,TACNA,TACNA,30/10/2025
ENERO - DICIEMBRE,2024,06/01/2025,TACNA,SUPERIOR,FAMILIA,VIOLENCIA FAMILIAR,EXPEDIENTE,,232,230,230101,TACNA,TACNA,TACNA,30/10/2025
ENERO - DICIEMBRE,2024,06/01/2025,TACNA,SUPERIOR,PENAL,PENAL,APELACION DENUNCIA,,841,840,230101,TACNA,TACNA,TACNA,30/10/2025
ENERO - DICIEMBRE,2024,06/01/2025,TACNA,SUPERIOR,PENAL,PENAL,CONSULTAS,,209,207,230101,TACNA,TACNA,TACNA,30/10/2025
ENERO - DICIEMBRE,2024,06/01/2025,TACNA,SUPERIOR,PENAL,PENAL,DENUNCIA,,59,59,230101,TACNA,TACNA,TACNA,30/10/2025
ENERO - DICIEMBRE,2024,06/01/2025,TACNA,SUPERIOR,PENAL,PENAL,EXCLUSION FISCAL,,17,17,230101,TACNA,TACNA,TACNA,30/10/2025
ENERO - DICIEMBRE,2024,06/01/2025,TACNA,SUPERIOR,PENAL,PENAL,EXPEDIENTE,,41,40,230101,TACNA,TACNA,TACNA,30/10/2025
ENERO - DICIEMBRE,2024,06/01/2025,TACNA,SUPERIOR,PENAL,PENAL,QUEJAS,,1551,1551,230101,TACNA,TACNA,TACNA,30/10/2025
ENERO - DICIEMBRE,2024,06/01/2025,TUMBES,PROVINCIAL,CIVIL,CIVIL,EXPEDIENTE,,4,3,240101,TUMBES,TUMBES,TUMBES,30/10/2025
ENERO - DICIEMBRE,2024,06/01/2025,TUMBES,PROVINCIAL,FAMILIA,ACTOS CONTRA LA LIBERTAD SEXUAL,DENUNCIA,,19,18,240101,TUMBES,TUMBES,TUMBES,30/10/2025
ENERO - DICIEMBRE,2024,06/01/2025,TUMBES,PROVINCIAL,FAMILIA,FAMILIA CIVIL,EXPEDIENTE,,376,373,240101,TUMBES,TUMBES,TUMBES,30/10/2025
ENERO - DICIEMBRE,2024,06/01/2025,TUMBES,PROVINCIAL,FAMILIA,FAMILIA PENAL,DENUNCIA,,259,242,240101,TUMBES,TUMBES,TUMBES,30/10/2025
ENERO - DICIEMBRE,2024,06/01/2025,TUMBES,PROVINCIAL,FAMILIA,FAMILIA PENAL,EXPEDIENTE,,51,51,240101,TUMBES,TUMBES,TUMBES,30/10/2025
ENERO - DICIEMBRE,2024,06/01/2025,TUMBES,PROVINCIAL,FAMILIA,FAMILIA TUTELAR,DENUNCIA,,18,16,240101,TUMBES,TUMBES,TUMBES,30/10/2025
ENERO - DICIEMBRE,2024,06/01/2025,TUMBES,PROVINCIAL,FAMILIA,FAMILIA TUTELAR,EXPEDIENTE,,143,139,240101,TUMBES,TUMBES,TUMBES,30/10/2025
ENERO - DICIEMBRE,2024,06/01/2025,TUMBES,PROVINCIAL,PENAL,PENAL,DENUNCIA,CONTRA LA CRIMINALIDAD ORGANIZADA,14,14,240101,TUMBES,TUMBES,TUMBES,30/10/2025
ENERO - DICIEMBRE,2024,06/01/2025,TUMBES,PROVINCIAL,PENAL,PENAL,DENUNCIA,DELITOS ADUANEROS Y CONTRA LA PROPIEDAD INTELECTUAL,268,252,240101,TUMBES,TUMBES,TUMBES,30/10/2025
ENERO - DICIEMBRE,2024,06/01/2025,TUMBES,PROVINCIAL,PENAL,PENAL,DENUNCIA,DELITOS DE CORRUPCION DE FUNCIONARIOS,293,291,240101,TUMBES,TUMBES,TUMBES,30/10/2025
ENERO - DICIEMBRE,2024,06/01/2025,TUMBES,PROVINCIAL,PENAL,PENAL,DENUNCIA,DELITOS DE TRAFICO ILICITO DE DROGAS,57,57,240101,TUMBES,TUMBES,TUMBES,30/10/2025
ENERO - DICIEMBRE,2024,06/01/2025,TUMBES,PROVINCIAL,PENAL,PENAL,DENUNCIA,DELITOS DE TRATA DE PERSONAS,172,172,240101,TUMBES,TUMBES,TUMBES,30/10/2025
ENERO - DICIEMBRE,2024,06/01/2025,TUMBES,PROVINCIAL,PENAL,PENAL,DENUNCIA,LAVADO DE ACTIVOS Y PERDIDA DE DOMINIO,19,19,240101,TUMBES,TUMBES,TUMBES,30/10/2025
ENERO - DICIEMBRE,2024,06/01/2025,TUMBES,PROVINCIAL,PENAL,PENAL,DENUNCIA,MATERIA AMBIENTAL,184,184,240101,TUMBES,TUMBES,TUMBES,30/10/2025
ENERO - DICIEMBRE,2024,06/01/2025,TUMBES,PROVINCIAL,PENAL,PENAL,DENUNCIA,VIOLENCIA CONTRA LA MUJER Y LOS INTEGRANTES DEL GRUPO FAMILIAR,1630,1630,240101,TUMBES,TUMBES,TUMBES,30/10/2025
ENERO - DICIEMBRE,2024,06/01/2025,TUMBES,PROVINCIAL,PENAL,PENAL,DENUNCIA,,7392,7282,240101,TUMBES,TUMBES,TUMBES,30/10/2025
ENERO - DICIEMBRE,2024,06/01/2025,TUMBES,PROVINCIAL,PENAL,PENAL,EXPEDIENTE,,2,1,240101,TUMBES,TUMBES,TUMBES,30/10/2025
ENERO - DICIEMBRE,2024,06/01/2025,TUMBES,PROVINCIAL,PENAL,PENAL,INVESTIGACION PREVENTIVA,MATERIA AMBIENTAL,45,45,240101,TUMBES,TUMBES,TUMBES,30/10/2025
ENERO - DICIEMBRE,2024,06/01/2025,TUMBES,PROVINCIAL,PENAL,PENAL,INVESTIGACION PREVENTIVA,,552,551,240101,TUMBES,TUMBES,TUMBES,30/10/2025
ENERO - DICIEMBRE,2024,06/01/2025,TUMBES,SUPERIOR,CIVIL,CIVIL,EXPEDIENTE,,8,8,240101,TUMBES,TUMBES,TUMBES,30/10/2025
ENERO - DICIEMBRE,2024,06/01/2025,TUMBES,SUPERIOR,FAMILIA,FAMILIA CIVIL,EXPEDIENTE,,49,48,240101,TUMBES,TUMBES,TUMBES,30/10/2025
ENERO - DICIEMBRE,2024,06/01/2025,TUMBES,SUPERIOR,FAMILIA,FAMILIA PENAL,EXPEDIENTE,,12,12,240101,TUMBES,TUMBES,TUMBES,30/10/2025
ENERO - DICIEMBRE,2024,06/01/2025,TUMBES,SUPERIOR,FAMILIA,VIOLENCIA FAMILIAR,EXPEDIENTE,,3,3,240101,TUMBES,TUMBES,TUMBES,30/10/2025
ENERO - DICIEMBRE,2024,06/01/2025,TUMBES,SUPERIOR,PENAL,PENAL,APELACION DENUNCIA,,616,597,240101,TUMBES,TUMBES,TUMBES,30/10/2025
ENERO - DICIEMBRE,2024,06/01/2025,TUMBES,SUPERIOR,PENAL,PENAL,CONSULTAS,,106,106,240101,TUMBES,TUMBES,TUMBES,30/10/2025
ENERO - DICIEMBRE,2024,06/01/2025,TUMBES,SUPERIOR,PENAL,PENAL,DENUNCIA,,33,33,240101,TUMBES,TUMBES,TUMBES,30/10/2025
ENERO - DICIEMBRE,2024,06/01/2025,TUMBES,SUPERIOR,PENAL,PENAL,EXCLUSION FISCAL,,3,3,240101,TUMBES,TUMBES,TUMBES,30/10/2025
ENERO - DICIEMBRE,2024,06/01/2025,TUMBES,SUPERIOR,PENAL,PENAL,EXPEDIENTE,,5,5,240101,TUMBES,TUMBES,TUMBES,30/10/2025
ENERO - DICIEMBRE,2024,06/01/2025,TUMBES,SUPERIOR,PENAL,PENAL,INCIDENTE-EXPEDIENTE,,1,1,240101,TUMBES,TUMBES,TUMBES,30/10/2025
ENERO - DICIEMBRE,2024,06/01/2025,TUMBES,SUPERIOR,PENAL,PENAL,QUEJAS,,524,523,240101,TUMBES,TUMBES,TUMBES,30/10/2025
ENERO - DICIEMBRE,2024,06/01/2025,UCAYALI,PROVINCIAL,CIVIL,CIVIL,EXPEDIENTE,,41,34,250101,UCAYALI,CORONEL PORTILLO,CALLERIA,30/10/2025
ENERO - DICIEMBRE,2024,06/01/2025,UCAYALI,PROVINCIAL,FAMILIA,ACTOS CONTRA LA LIBERTAD SEXUAL,DENUNCIA,,26,21,250101,UCAYALI,CORONEL PORTILLO,CALLERIA,30/10/2025
ENERO - DICIEMBRE,2024,06/01/2025,UCAYALI,PROVINCIAL,FAMILIA,FAMILIA CIVIL,EXPEDIENTE,,396,378,250101,UCAYALI,CORONEL PORTILLO,CALLERIA,30/10/2025
ENERO - DICIEMBRE,2024,06/01/2025,UCAYALI,PROVINCIAL,FAMILIA,FAMILIA PENAL,DENUNCIA,,827,738,250101,UCAYALI,CORONEL PORTILLO,CALLERIA,30/10/2025
ENERO - DICIEMBRE,2024,06/01/2025,UCAYALI,PROVINCIAL,FAMILIA,FAMILIA PENAL,EXPEDIENTE,,184,174,250101,UCAYALI,CORONEL PORTILLO,CALLERIA,30/10/2025
ENERO - DICIEMBRE,2024,06/01/2025,UCAYALI,PROVINCIAL,FAMILIA,FAMILIA TUTELAR,DENUNCIA,,449,346,250101,UCAYALI,CORONEL PORTILLO,CALLERIA,30/10/2025
ENERO - DICIEMBRE,2024,06/01/2025,UCAYALI,PROVINCIAL,FAMILIA,FAMILIA TUTELAR,EXPEDIENTE,,119,113,250101,UCAYALI,CORONEL PORTILLO,CALLERIA,30/10/2025
ENERO - DICIEMBRE,2024,06/01/2025,UCAYALI,PROVINCIAL,FAMILIA,VIOLENCIA FAMILIAR,DENUNCIA,,20,12,250101,UCAYALI,CORONEL PORTILLO,CALLERIA,30/10/2025
ENERO - DICIEMBRE,2024,06/01/2025,UCAYALI,PROVINCIAL,FAMILIA,VIOLENCIA FAMILIAR,EXPEDIENTE,,5,5,250101,UCAYALI,CORONEL PORTILLO,CALLERIA,30/10/2025
ENERO - DICIEMBRE,2024,06/01/2025,UCAYALI,PROVINCIAL,PENAL,PENAL,DENUNCIA,CONTRA LA CRIMINALIDAD ORGANIZADA,54,47,250101,UCAYALI,CORONEL PORTILLO,CALLERIA,30/10/2025
ENERO - DICIEMBRE,2024,06/01/2025,UCAYALI,PROVINCIAL,PENAL,PENAL,DENUNCIA,DELITOS DE CORRUPCION DE FUNCIONARIOS,523,480,250101,UCAYALI,CORONEL PORTILLO,CALLERIA,30/10/2025
ENERO - DICIEMBRE,2024,06/01/2025,UCAYALI,PROVINCIAL,PENAL,PENAL,DENUNCIA,DELITOS DE TRAFICO ILICITO DE DROGAS,565,564,250101,UCAYALI,CORONEL PORTILLO,CALLERIA,30/10/2025
ENERO - DICIEMBRE,2024,06/01/2025,UCAYALI,PROVINCIAL,PENAL,PENAL,DENUNCIA,MATERIA AMBIENTAL,2430,2016,250101,UCAYALI,CORONEL PORTILLO,CALLERIA,30/10/2025
ENERO - DICIEMBRE,2024,06/01/2025,UCAYALI,PROVINCIAL,PENAL,PENAL,DENUNCIA,,21594,19703,250101,UCAYALI,CORONEL PORTILLO,CALLERIA,30/10/2025
ENERO - DICIEMBRE,2024,06/01/2025,UCAYALI,PROVINCIAL,PENAL,PENAL,INVESTIGACION PREVENTIVA,MATERIA AMBIENTAL,9,5,250101,UCAYALI,CORONEL PORTILLO,CALLERIA,30/10/2025
ENERO - DICIEMBRE,2024,06/01/2025,UCAYALI,PROVINCIAL,PENAL,PENAL,INVESTIGACION PREVENTIVA,,562,555,250101,UCAYALI,CORONEL PORTILLO,CALLERIA,30/10/2025
ENERO - DICIEMBRE,2024,06/01/2025,UCAYALI,SUPERIOR,CIVIL,CIVIL,EXPEDIENTE,,4,4,250101,UCAYALI,CORONEL PORTILLO,CALLERIA,30/10/2025
ENERO - DICIEMBRE,2024,06/01/2025,UCAYALI,SUPERIOR,FAMILIA,FAMILIA CIVIL,EXPEDIENTE,,123,120,250101,UCAYALI,CORONEL PORTILLO,CALLERIA,30/10/2025
ENERO - DICIEMBRE,2024,06/01/2025,UCAYALI,SUPERIOR,FAMILIA,FAMILIA PENAL,EXPEDIENTE,,47,47,250101,UCAYALI,CORONEL PORTILLO,CALLERIA,30/10/2025
ENERO - DICIEMBRE,2024,06/01/2025,UCAYALI,SUPERIOR,FAMILIA,FAMILIA PENAL,INCIDENTE,,2,2,250101,UCAYALI,CORONEL PORTILLO,CALLERIA,30/10/2025
ENERO - DICIEMBRE,2024,06/01/2025,UCAYALI,SUPERIOR,FAMILIA,FAMILIA TUTELAR,EXPEDIENTE,,73,72,250101,UCAYALI,CORONEL PORTILLO,CALLERIA,30/10/2025
ENERO - DICIEMBRE,2024,06/01/2025,UCAYALI,SUPERIOR,FAMILIA,VIOLENCIA FAMILIAR,EXPEDIENTE,,53,53,250101,UCAYALI,CORONEL PORTILLO,CALLERIA,30/10/2025
ENERO - DICIEMBRE,2024,06/01/2025,UCAYALI,SUPERIOR,FAMILIA,VIOLENCIA FAMILIAR,INCIDENTE,,7,7,250101,UCAYALI,CORONEL PORTILLO,CALLERIA,30/10/2025
ENERO - DICIEMBRE,2024,06/01/2025,UCAYALI,SUPERIOR,PENAL,PENAL,APELACION DENUNCIA,DELITOS DE CORRUPCION DE FUNCIONARIOS,70,70,250101,UCAYALI,CORONEL PORTILLO,CALLERIA,30/10/2025
ENERO - DICIEMBRE,2024,06/01/2025,UCAYALI,SUPERIOR,PENAL,PENAL,APELACION DENUNCIA,,1182,1122,250101,UCAYALI,CORONEL PORTILLO,CALLERIA,30/10/2025
ENERO - DICIEMBRE,2024,06/01/2025,UCAYALI,SUPERIOR,PENAL,PENAL,APELACION EXPEDIENTE,,5,5,250101,UCAYALI,CORONEL PORTILLO,CALLERIA,30/10/2025
ENERO - DICIEMBRE,2024,06/01/2025,UCAYALI,SUPERIOR,PENAL,PENAL,CONSULTAS,DELITOS DE CORRUPCION DE FUNCIONARIOS,12,12,250101,UCAYALI,CORONEL PORTILLO,CALLERIA,30/10/2025
ENERO - DICIEMBRE,2024,06/01/2025,UCAYALI,SUPERIOR,PENAL,PENAL,CONSULTAS,,259,225,250101,UCAYALI,CORONEL PORTILLO,CALLERIA,30/10/2025
ENERO - DICIEMBRE,2024,06/01/2025,UCAYALI,SUPERIOR,PENAL,PENAL,DENUNCIA,DELITOS DE CORRUPCION DE FUNCIONARIOS,33,31,250101,UCAYALI,CORONEL PORTILLO,CALLERIA,30/10/2025
ENERO - DICIEMBRE,2024,06/01/2025,UCAYALI,SUPERIOR,PENAL,PENAL,DENUNCIA,,69,67,250101,UCAYALI,CORONEL PORTILLO,CALLERIA,30/10/2025
ENERO - DICIEMBRE,2024,06/01/2025,UCAYALI,SUPERIOR,PENAL,PENAL,EXCLUSION FISCAL,DELITOS DE CORRUPCION DE FUNCIONARIOS,1,1,250101,UCAYALI,CORONEL PORTILLO,CALLERIA,30/10/2025
ENERO - DICIEMBRE,2024,06/01/2025,UCAYALI,SUPERIOR,PENAL,PENAL,EXCLUSION FISCAL,,24,23,250101,UCAYALI,CORONEL PORTILLO,CALLERIA,30/10/2025
ENERO - DICIEMBRE,2024,06/01/2025,UCAYALI,SUPERIOR,PENAL,PENAL,EXPEDIENTE,,113,108,250101,UCAYALI,CORONEL PORTILLO,CALLERIA,30/10/2025
ENERO - DICIEMBRE,2024,06/01/2025,UCAYALI,SUPERIOR,PENAL,PENAL,QUEJAS,DELITOS DE CORRUPCION DE FUNCIONARIOS,34,34,250101,UCAYALI,CORONEL PORTILLO,CALLERIA,30/10/2025
ENERO - DICIEMBRE,2024,06/01/2025,UCAYALI,SUPERIOR,PENAL,PENAL,QUEJAS,,754,608,250101,UCAYALI,CORONEL PORTILLO,CALLERIA,30/10/2025
