periodo,anio,fecha_descarga,distrito_fiscal,tipo_fiscalia,materia,especialidad,tipo_caso,especilizada,ingresado,atendido,ubigeo_pjfs,dpto_pjfs,prov_pjfs,dist_pjfs,fecha_corte
ENERO - DICIEMBRE,2025,05/01/2026,AMAZONAS,PROVINCIAL,CIVIL,CIVIL,EXPEDIENTE,,61,54,010101,AMAZONAS,AMAZONAS,CHACHAPOYAS,09/01/2026
ENERO - DICIEMBRE,2025,05/01/2026,AMAZONAS,PROVINCIAL,FAMILIA,ACTOS CONTRA LA LIBERTAD SEXUAL,DENUNCIA,,19,17,010101,AMAZONAS,AMAZONAS,CHACHAPOYAS,09/01/2026
ENERO - DICIEMBRE,2025,05/01/2026,AMAZONAS,PROVINCIAL,FAMILIA,FAMILIA CIVIL,EXPEDIENTE,,344,324,010101,AMAZONAS,AMAZONAS,CHACHAPOYAS,09/01/2026
ENERO - DICIEMBRE,2025,05/01/2026,AMAZONAS,PROVINCIAL,FAMILIA,FAMILIA PENAL,DENUNCIA,,280,235,010101,AMAZONAS,AMAZONAS,CHACHAPOYAS,09/01/2026
ENERO - DICIEMBRE,2025,05/01/2026,AMAZONAS,PROVINCIAL,FAMILIA,FAMILIA PENAL,EXPEDIENTE,,44,41,010101,AMAZONAS,AMAZONAS,CHACHAPOYAS,09/01/2026
ENERO - DICIEMBRE,2025,05/01/2026,AMAZONAS,PROVINCIAL,FAMILIA,FAMILIA TUTELAR,DENUNCIA,,571,520,010101,AMAZONAS,AMAZONAS,CHACHAPOYAS,09/01/2026
ENERO - DICIEMBRE,2025,05/01/2026,AMAZONAS,PROVINCIAL,FAMILIA,FAMILIA TUTELAR,EXPEDIENTE,,67,53,010101,AMAZONAS,AMAZONAS,CHACHAPOYAS,09/01/2026
ENERO - DICIEMBRE,2025,05/01/2026,AMAZONAS,PROVINCIAL,FAMILIA,VIOLENCIA FAMILIAR,DENUNCIA,,8,8,010101,AMAZONAS,AMAZONAS,CHACHAPOYAS,09/01/2026
ENERO - DICIEMBRE,2025,05/01/2026,AMAZONAS,PROVINCIAL,PENAL,PENAL,DENUNCIA,CONTRA LA CRIMINALIDAD ORGANIZADA,39,38,010101,AMAZONAS,AMAZONAS,CHACHAPOYAS,09/01/2026
ENERO - DICIEMBRE,2025,05/01/2026,AMAZONAS,PROVINCIAL,PENAL,PENAL,DENUNCIA,DELITOS DE CORRUPCION DE FUNCIONARIOS,335,318,010101,AMAZONAS,AMAZONAS,CHACHAPOYAS,09/01/2026
ENERO - DICIEMBRE,2025,05/01/2026,AMAZONAS,PROVINCIAL,PENAL,PENAL,DENUNCIA,DELITOS DE TRAFICO ILICITO DE DROGAS,64,63,010101,AMAZONAS,AMAZONAS,CHACHAPOYAS,09/01/2026
ENERO - DICIEMBRE,2025,05/01/2026,AMAZONAS,PROVINCIAL,PENAL,PENAL,DENUNCIA,MATERIA AMBIENTAL,444,444,010101,AMAZONAS,AMAZONAS,CHACHAPOYAS,09/01/2026
ENERO - DICIEMBRE,2025,05/01/2026,AMAZONAS,PROVINCIAL,PENAL,PENAL,DENUNCIA,VIOLENCIA CONTRA LA MUJER Y LOS INTEGRANTES DEL GRUPO FAMILIAR,2257,2143,010101,AMAZONAS,AMAZONAS,CHACHAPOYAS,09/01/2026
ENERO - DICIEMBRE,2025,05/01/2026,AMAZONAS,PROVINCIAL,PENAL,PENAL,DENUNCIA,,13126,12312,010101,AMAZONAS,AMAZONAS,CHACHAPOYAS,09/01/2026
ENERO - DICIEMBRE,2025,05/01/2026,AMAZONAS,PROVINCIAL,PENAL,PENAL,INVESTIGACION PREVENTIVA,MATERIA AMBIENTAL,76,76,010101,AMAZONAS,AMAZONAS,CHACHAPOYAS,09/01/2026
ENERO - DICIEMBRE,2025,05/01/2026,AMAZONAS,PROVINCIAL,PENAL,PENAL,INVESTIGACION PREVENTIVA,,448,447,010101,AMAZONAS,AMAZONAS,CHACHAPOYAS,09/01/2026
ENERO - DICIEMBRE,2025,05/01/2026,AMAZONAS,SUPERIOR,CIVIL,CIVIL,EXPEDIENTE,,6,6,010101,AMAZONAS,AMAZONAS,CHACHAPOYAS,09/01/2026
ENERO - DICIEMBRE,2025,05/01/2026,AMAZONAS,SUPERIOR,FAMILIA,FAMILIA CIVIL,EXPEDIENTE,,2,2,010101,AMAZONAS,AMAZONAS,CHACHAPOYAS,09/01/2026
ENERO - DICIEMBRE,2025,05/01/2026,AMAZONAS,SUPERIOR,FAMILIA,FAMILIA CIVIL,INCIDENTE,,5,5,010101,AMAZONAS,AMAZONAS,CHACHAPOYAS,09/01/2026
ENERO - DICIEMBRE,2025,05/01/2026,AMAZONAS,SUPERIOR,FAMILIA,FAMILIA PENAL,EXPEDIENTE,,11,9,010101,AMAZONAS,AMAZONAS,CHACHAPOYAS,09/01/2026
ENERO - DICIEMBRE,2025,05/01/2026,AMAZONAS,SUPERIOR,FAMILIA,FAMILIA PENAL,INCIDENTE,,2,2,010101,AMAZONAS,AMAZONAS,CHACHAPOYAS,09/01/2026
ENERO - DICIEMBRE,2025,05/01/2026,AMAZONAS,SUPERIOR,FAMILIA,FAMILIA TUTELAR,EXPEDIENTE,,2,2,010101,AMAZONAS,AMAZONAS,CHACHAPOYAS,09/01/2026
ENERO - DICIEMBRE,2025,05/01/2026,AMAZONAS,SUPERIOR,FAMILIA,VIOLENCIA FAMILIAR,EXPEDIENTE,,49,45,010101,AMAZONAS,AMAZONAS,CHACHAPOYAS,09/01/2026
ENERO - DICIEMBRE,2025,05/01/2026,AMAZONAS,SUPERIOR,FAMILIA,VIOLENCIA FAMILIAR,INCIDENTE,,49,46,010101,AMAZONAS,AMAZONAS,CHACHAPOYAS,09/01/2026
ENERO - DICIEMBRE,2025,05/01/2026,AMAZONAS,SUPERIOR,PENAL,PENAL,APELACION DENUNCIA,,971,949,010101,AMAZONAS,AMAZONAS,CHACHAPOYAS,09/01/2026
ENERO - DICIEMBRE,2025,05/01/2026,AMAZONAS,SUPERIOR,PENAL,PENAL,APELACION EXPEDIENTE,,14,14,010101,AMAZONAS,AMAZONAS,CHACHAPOYAS,09/01/2026
ENERO - DICIEMBRE,2025,05/01/2026,AMAZONAS,SUPERIOR,PENAL,PENAL,CONSULTAS,,206,202,010101,AMAZONAS,AMAZONAS,CHACHAPOYAS,09/01/2026
ENERO - DICIEMBRE,2025,05/01/2026,AMAZONAS,SUPERIOR,PENAL,PENAL,DENUNCIA,,43,42,010101,AMAZONAS,AMAZONAS,CHACHAPOYAS,09/01/2026
ENERO - DICIEMBRE,2025,05/01/2026,AMAZONAS,SUPERIOR,PENAL,PENAL,EXCLUSION FISCAL,,16,16,010101,AMAZONAS,AMAZONAS,CHACHAPOYAS,09/01/2026
ENERO - DICIEMBRE,2025,05/01/2026,AMAZONAS,SUPERIOR,PENAL,PENAL,EXPEDIENTE,,24,21,010101,AMAZONAS,AMAZONAS,CHACHAPOYAS,09/01/2026
ENERO - DICIEMBRE,2025,05/01/2026,AMAZONAS,SUPERIOR,PENAL,PENAL,INCIDENTE-EXPEDIENTE,,26,20,010101,AMAZONAS,AMAZONAS,CHACHAPOYAS,09/01/2026
ENERO - DICIEMBRE,2025,05/01/2026,AMAZONAS,SUPERIOR,PENAL,PENAL,QUEJAS,,548,538,010101,AMAZONAS,AMAZONAS,CHACHAPOYAS,09/01/2026
ENERO - DICIEMBRE,2025,05/01/2026,ANCASH,PROVINCIAL,CIVIL,CIVIL,EXPEDIENTE,,27,24,020101,ANCASH,ANCASH,HUARAZ,09/01/2026
ENERO - DICIEMBRE,2025,05/01/2026,ANCASH,PROVINCIAL,FAMILIA,ACTOS CONTRA LA LIBERTAD SEXUAL,DENUNCIA,,31,21,020101,ANCASH,ANCASH,HUARAZ,09/01/2026
ENERO - DICIEMBRE,2025,05/01/2026,ANCASH,PROVINCIAL,FAMILIA,FAMILIA CIVIL,EXPEDIENTE,,821,780,020101,ANCASH,ANCASH,HUARAZ,09/01/2026
ENERO - DICIEMBRE,2025,05/01/2026,ANCASH,PROVINCIAL,FAMILIA,FAMILIA PENAL,DENUNCIA,,464,427,020101,ANCASH,ANCASH,HUARAZ,09/01/2026
ENERO - DICIEMBRE,2025,05/01/2026,ANCASH,PROVINCIAL,FAMILIA,FAMILIA PENAL,EXPEDIENTE,,70,69,020101,ANCASH,ANCASH,HUARAZ,09/01/2026
ENERO - DICIEMBRE,2025,05/01/2026,ANCASH,PROVINCIAL,FAMILIA,FAMILIA TUTELAR,DENUNCIA,,590,564,020101,ANCASH,ANCASH,HUARAZ,09/01/2026
ENERO - DICIEMBRE,2025,05/01/2026,ANCASH,PROVINCIAL,FAMILIA,FAMILIA TUTELAR,EXPEDIENTE,,76,74,020101,ANCASH,ANCASH,HUARAZ,09/01/2026
ENERO - DICIEMBRE,2025,05/01/2026,ANCASH,PROVINCIAL,FAMILIA,VIOLENCIA FAMILIAR,DENUNCIA,,139,133,020101,ANCASH,ANCASH,HUARAZ,09/01/2026
ENERO - DICIEMBRE,2025,05/01/2026,ANCASH,PROVINCIAL,FAMILIA,VIOLENCIA FAMILIAR,EXPEDIENTE,,2,2,020101,ANCASH,ANCASH,HUARAZ,09/01/2026
ENERO - DICIEMBRE,2025,05/01/2026,ANCASH,PROVINCIAL,PENAL,PENAL,DENUNCIA,DELITOS DE CORRUPCION DE FUNCIONARIOS,790,747,020101,ANCASH,ANCASH,HUARAZ,09/01/2026
ENERO - DICIEMBRE,2025,05/01/2026,ANCASH,PROVINCIAL,PENAL,PENAL,DENUNCIA,MATERIA AMBIENTAL,149,137,020101,ANCASH,ANCASH,HUARAZ,09/01/2026
ENERO - DICIEMBRE,2025,05/01/2026,ANCASH,PROVINCIAL,PENAL,PENAL,DENUNCIA,VIOLENCIA CONTRA LA MUJER Y LOS INTEGRANTES DEL GRUPO FAMILIAR,3441,3361,020101,ANCASH,ANCASH,HUARAZ,09/01/2026
ENERO - DICIEMBRE,2025,05/01/2026,ANCASH,PROVINCIAL,PENAL,PENAL,DENUNCIA,,18353,17788,020101,ANCASH,ANCASH,HUARAZ,09/01/2026
ENERO - DICIEMBRE,2025,05/01/2026,ANCASH,PROVINCIAL,PENAL,PENAL,EXPEDIENTE,,4,3,020101,ANCASH,ANCASH,HUARAZ,09/01/2026
ENERO - DICIEMBRE,2025,05/01/2026,ANCASH,PROVINCIAL,PENAL,PENAL,INVESTIGACION PREVENTIVA,MATERIA AMBIENTAL,56,56,020101,ANCASH,ANCASH,HUARAZ,09/01/2026
ENERO - DICIEMBRE,2025,05/01/2026,ANCASH,PROVINCIAL,PENAL,PENAL,INVESTIGACION PREVENTIVA,,218,216,020101,ANCASH,ANCASH,HUARAZ,09/01/2026
ENERO - DICIEMBRE,2025,05/01/2026,ANCASH,SUPERIOR,CIVIL,CIVIL,EXPEDIENTE,,12,11,020101,ANCASH,ANCASH,HUARAZ,09/01/2026
ENERO - DICIEMBRE,2025,05/01/2026,ANCASH,SUPERIOR,FAMILIA,FAMILIA CIVIL,EXPEDIENTE,,140,138,020101,ANCASH,ANCASH,HUARAZ,09/01/2026
ENERO - DICIEMBRE,2025,05/01/2026,ANCASH,SUPERIOR,FAMILIA,FAMILIA CIVIL,INCIDENTE,,1,1,020101,ANCASH,ANCASH,HUARAZ,09/01/2026
ENERO - DICIEMBRE,2025,05/01/2026,ANCASH,SUPERIOR,FAMILIA,FAMILIA PENAL,EXPEDIENTE,,48,47,020101,ANCASH,ANCASH,HUARAZ,09/01/2026
ENERO - DICIEMBRE,2025,05/01/2026,ANCASH,SUPERIOR,FAMILIA,FAMILIA PENAL,INCIDENTE,,2,2,020101,ANCASH,ANCASH,HUARAZ,09/01/2026
ENERO - DICIEMBRE,2025,05/01/2026,ANCASH,SUPERIOR,FAMILIA,FAMILIA TUTELAR,EXPEDIENTE,,19,19,020101,ANCASH,ANCASH,HUARAZ,09/01/2026
ENERO - DICIEMBRE,2025,05/01/2026,ANCASH,SUPERIOR,FAMILIA,VIOLENCIA FAMILIAR,EXPEDIENTE,,251,247,020101,ANCASH,ANCASH,HUARAZ,09/01/2026
ENERO - DICIEMBRE,2025,05/01/2026,ANCASH,SUPERIOR,FAMILIA,VIOLENCIA FAMILIAR,INCIDENTE,,9,9,020101,ANCASH,ANCASH,HUARAZ,09/01/2026
ENERO - DICIEMBRE,2025,05/01/2026,ANCASH,SUPERIOR,PENAL,PENAL,APELACION DENUNCIA,DELITOS DE CORRUPCION DE FUNCIONARIOS,170,170,020101,ANCASH,ANCASH,HUARAZ,09/01/2026
ENERO - DICIEMBRE,2025,05/01/2026,ANCASH,SUPERIOR,PENAL,PENAL,APELACION DENUNCIA,,976,919,020101,ANCASH,ANCASH,HUARAZ,09/01/2026
ENERO - DICIEMBRE,2025,05/01/2026,ANCASH,SUPERIOR,PENAL,PENAL,APELACION EXPEDIENTE,DELITOS DE CORRUPCION DE FUNCIONARIOS,42,42,020101,ANCASH,ANCASH,HUARAZ,09/01/2026
ENERO - DICIEMBRE,2025,05/01/2026,ANCASH,SUPERIOR,PENAL,PENAL,APELACION EXPEDIENTE,,10,10,020101,ANCASH,ANCASH,HUARAZ,09/01/2026
ENERO - DICIEMBRE,2025,05/01/2026,ANCASH,SUPERIOR,PENAL,PENAL,CONSULTAS,DELITOS DE CORRUPCION DE FUNCIONARIOS,63,63,020101,ANCASH,ANCASH,HUARAZ,09/01/2026
ENERO - DICIEMBRE,2025,05/01/2026,ANCASH,SUPERIOR,PENAL,PENAL,CONSULTAS,,287,285,020101,ANCASH,ANCASH,HUARAZ,09/01/2026
ENERO - DICIEMBRE,2025,05/01/2026,ANCASH,SUPERIOR,PENAL,PENAL,DENUNCIA,DELITOS DE CORRUPCION DE FUNCIONARIOS,75,74,020101,ANCASH,ANCASH,HUARAZ,09/01/2026
ENERO - DICIEMBRE,2025,05/01/2026,ANCASH,SUPERIOR,PENAL,PENAL,DENUNCIA,,169,169,020101,ANCASH,ANCASH,HUARAZ,09/01/2026
ENERO - DICIEMBRE,2025,05/01/2026,ANCASH,SUPERIOR,PENAL,PENAL,EXCLUSION FISCAL,DELITOS DE CORRUPCION DE FUNCIONARIOS,16,16,020101,ANCASH,ANCASH,HUARAZ,09/01/2026
ENERO - DICIEMBRE,2025,05/01/2026,ANCASH,SUPERIOR,PENAL,PENAL,EXCLUSION FISCAL,,31,31,020101,ANCASH,ANCASH,HUARAZ,09/01/2026
ENERO - DICIEMBRE,2025,05/01/2026,ANCASH,SUPERIOR,PENAL,PENAL,EXPEDIENTE,DELITOS DE CORRUPCION DE FUNCIONARIOS,7,4,020101,ANCASH,ANCASH,HUARAZ,09/01/2026
ENERO - DICIEMBRE,2025,05/01/2026,ANCASH,SUPERIOR,PENAL,PENAL,EXPEDIENTE,,13,13,020101,ANCASH,ANCASH,HUARAZ,09/01/2026
ENERO - DICIEMBRE,2025,05/01/2026,ANCASH,SUPERIOR,PENAL,PENAL,INCIDENTE-EXPEDIENTE,DELITOS DE CORRUPCION DE FUNCIONARIOS,9,7,020101,ANCASH,ANCASH,HUARAZ,09/01/2026
ENERO - DICIEMBRE,2025,05/01/2026,ANCASH,SUPERIOR,PENAL,PENAL,INCIDENTE-EXPEDIENTE,,9,9,020101,ANCASH,ANCASH,HUARAZ,09/01/2026
ENERO - DICIEMBRE,2025,05/01/2026,ANCASH,SUPERIOR,PENAL,PENAL,QUEJAS,DELITOS DE CORRUPCION DE FUNCIONARIOS,208,206,020101,ANCASH,ANCASH,HUARAZ,09/01/2026
ENERO - DICIEMBRE,2025,05/01/2026,ANCASH,SUPERIOR,PENAL,PENAL,QUEJAS,,1407,1390,020101,ANCASH,ANCASH,HUARAZ,09/01/2026
ENERO - DICIEMBRE,2025,05/01/2026,APURIMAC,PROVINCIAL,CIVIL,CIVIL,EXPEDIENTE,,53,51,030101,APURIMAC,APURIMAC,ABANCAY,09/01/2026
ENERO - DICIEMBRE,2025,05/01/2026,APURIMAC,PROVINCIAL,FAMILIA,ACTOS CONTRA LA LIBERTAD SEXUAL,DENUNCIA,,9,6,030101,APURIMAC,APURIMAC,ABANCAY,09/01/2026
ENERO - DICIEMBRE,2025,05/01/2026,APURIMAC,PROVINCIAL,FAMILIA,FAMILIA CIVIL,EXPEDIENTE,,518,482,030101,APURIMAC,APURIMAC,ABANCAY,09/01/2026
ENERO - DICIEMBRE,2025,05/01/2026,APURIMAC,PROVINCIAL,FAMILIA,FAMILIA PENAL,DENUNCIA,,419,377,030101,APURIMAC,APURIMAC,ABANCAY,09/01/2026
ENERO - DICIEMBRE,2025,05/01/2026,APURIMAC,PROVINCIAL,FAMILIA,FAMILIA PENAL,EXPEDIENTE,,100,95,030101,APURIMAC,APURIMAC,ABANCAY,09/01/2026
ENERO - DICIEMBRE,2025,05/01/2026,APURIMAC,PROVINCIAL,FAMILIA,FAMILIA TUTELAR,DENUNCIA,,4519,3723,030101,APURIMAC,APURIMAC,ABANCAY,09/01/2026
ENERO - DICIEMBRE,2025,05/01/2026,APURIMAC,PROVINCIAL,FAMILIA,FAMILIA TUTELAR,EXPEDIENTE,,390,371,030101,APURIMAC,APURIMAC,ABANCAY,09/01/2026
ENERO - DICIEMBRE,2025,05/01/2026,APURIMAC,PROVINCIAL,FAMILIA,VIOLENCIA FAMILIAR,DENUNCIA,,27,24,030101,APURIMAC,APURIMAC,ABANCAY,09/01/2026
ENERO - DICIEMBRE,2025,05/01/2026,APURIMAC,PROVINCIAL,FAMILIA,VIOLENCIA FAMILIAR,EXPEDIENTE,,1,1,030101,APURIMAC,APURIMAC,ABANCAY,09/01/2026
ENERO - DICIEMBRE,2025,05/01/2026,APURIMAC,PROVINCIAL,PENAL,PENAL,DENUNCIA,CONTRA LA CRIMINALIDAD ORGANIZADA,37,34,030101,APURIMAC,APURIMAC,ABANCAY,09/01/2026
ENERO - DICIEMBRE,2025,05/01/2026,APURIMAC,PROVINCIAL,PENAL,PENAL,DENUNCIA,DELITOS DE CORRUPCION DE FUNCIONARIOS,307,291,030101,APURIMAC,APURIMAC,ABANCAY,09/01/2026
ENERO - DICIEMBRE,2025,05/01/2026,APURIMAC,PROVINCIAL,PENAL,PENAL,DENUNCIA,DELITOS DE TRAFICO ILICITO DE DROGAS,41,41,030101,APURIMAC,APURIMAC,ABANCAY,09/01/2026
ENERO - DICIEMBRE,2025,05/01/2026,APURIMAC,PROVINCIAL,PENAL,PENAL,DENUNCIA,MATERIA AMBIENTAL,167,156,030101,APURIMAC,APURIMAC,ABANCAY,09/01/2026
ENERO - DICIEMBRE,2025,05/01/2026,APURIMAC,PROVINCIAL,PENAL,PENAL,DENUNCIA,,17083,15434,030101,APURIMAC,APURIMAC,ABANCAY,09/01/2026
ENERO - DICIEMBRE,2025,05/01/2026,APURIMAC,PROVINCIAL,PENAL,PENAL,EXPEDIENTE,,2,1,030101,APURIMAC,APURIMAC,ABANCAY,09/01/2026
ENERO - DICIEMBRE,2025,05/01/2026,APURIMAC,PROVINCIAL,PENAL,PENAL,INVESTIGACION PREVENTIVA,MATERIA AMBIENTAL,1,1,030101,APURIMAC,APURIMAC,ABANCAY,09/01/2026
ENERO - DICIEMBRE,2025,05/01/2026,APURIMAC,PROVINCIAL,PENAL,PENAL,INVESTIGACION PREVENTIVA,,360,349,030101,APURIMAC,APURIMAC,ABANCAY,09/01/2026
ENERO - DICIEMBRE,2025,05/01/2026,APURIMAC,SUPERIOR,CIVIL,CIVIL,EXPEDIENTE,,1,0,030101,APURIMAC,APURIMAC,ABANCAY,09/01/2026
ENERO - DICIEMBRE,2025,05/01/2026,APURIMAC,SUPERIOR,FAMILIA,FAMILIA CIVIL,EXPEDIENTE,,58,58,030101,APURIMAC,APURIMAC,ABANCAY,09/01/2026
ENERO - DICIEMBRE,2025,05/01/2026,APURIMAC,SUPERIOR,FAMILIA,FAMILIA CIVIL,INCIDENTE,,1,1,030101,APURIMAC,APURIMAC,ABANCAY,09/01/2026
ENERO - DICIEMBRE,2025,05/01/2026,APURIMAC,SUPERIOR,FAMILIA,FAMILIA PENAL,EXPEDIENTE,,28,28,030101,APURIMAC,APURIMAC,ABANCAY,09/01/2026
ENERO - DICIEMBRE,2025,05/01/2026,APURIMAC,SUPERIOR,FAMILIA,FAMILIA PENAL,INCIDENTE,,2,2,030101,APURIMAC,APURIMAC,ABANCAY,09/01/2026
ENERO - DICIEMBRE,2025,05/01/2026,APURIMAC,SUPERIOR,FAMILIA,FAMILIA TUTELAR,EXPEDIENTE,,15,15,030101,APURIMAC,APURIMAC,ABANCAY,09/01/2026
ENERO - DICIEMBRE,2025,05/01/2026,APURIMAC,SUPERIOR,FAMILIA,VIOLENCIA FAMILIAR,EXPEDIENTE,,41,41,030101,APURIMAC,APURIMAC,ABANCAY,09/01/2026
ENERO - DICIEMBRE,2025,05/01/2026,APURIMAC,SUPERIOR,FAMILIA,VIOLENCIA FAMILIAR,INCIDENTE,,91,91,030101,APURIMAC,APURIMAC,ABANCAY,09/01/2026
ENERO - DICIEMBRE,2025,05/01/2026,APURIMAC,SUPERIOR,PENAL,PENAL,APELACION DENUNCIA,DELITOS DE CORRUPCION DE FUNCIONARIOS,79,79,030101,APURIMAC,APURIMAC,ABANCAY,09/01/2026
ENERO - DICIEMBRE,2025,05/01/2026,APURIMAC,SUPERIOR,PENAL,PENAL,APELACION DENUNCIA,,645,641,030101,APURIMAC,APURIMAC,ABANCAY,09/01/2026
ENERO - DICIEMBRE,2025,05/01/2026,APURIMAC,SUPERIOR,PENAL,PENAL,APELACION EXPEDIENTE,,1,1,030101,APURIMAC,APURIMAC,ABANCAY,09/01/2026
ENERO - DICIEMBRE,2025,05/01/2026,APURIMAC,SUPERIOR,PENAL,PENAL,CONSULTAS,DELITOS DE CORRUPCION DE FUNCIONARIOS,9,9,030101,APURIMAC,APURIMAC,ABANCAY,09/01/2026
ENERO - DICIEMBRE,2025,05/01/2026,APURIMAC,SUPERIOR,PENAL,PENAL,CONSULTAS,,85,84,030101,APURIMAC,APURIMAC,ABANCAY,09/01/2026
ENERO - DICIEMBRE,2025,05/01/2026,APURIMAC,SUPERIOR,PENAL,PENAL,DENUNCIA,DELITOS DE CORRUPCION DE FUNCIONARIOS,13,13,030101,APURIMAC,APURIMAC,ABANCAY,09/01/2026
ENERO - DICIEMBRE,2025,05/01/2026,APURIMAC,SUPERIOR,PENAL,PENAL,DENUNCIA,,65,65,030101,APURIMAC,APURIMAC,ABANCAY,09/01/2026
ENERO - DICIEMBRE,2025,05/01/2026,APURIMAC,SUPERIOR,PENAL,PENAL,EXCLUSION FISCAL,,11,11,030101,APURIMAC,APURIMAC,ABANCAY,09/01/2026
ENERO - DICIEMBRE,2025,05/01/2026,APURIMAC,SUPERIOR,PENAL,PENAL,EXPEDIENTE,,23,21,030101,APURIMAC,APURIMAC,ABANCAY,09/01/2026
ENERO - DICIEMBRE,2025,05/01/2026,APURIMAC,SUPERIOR,PENAL,PENAL,INCIDENTE-EXPEDIENTE,,14,12,030101,APURIMAC,APURIMAC,ABANCAY,09/01/2026
ENERO - DICIEMBRE,2025,05/01/2026,APURIMAC,SUPERIOR,PENAL,PENAL,QUEJAS,DELITOS DE CORRUPCION DE FUNCIONARIOS,35,35,030101,APURIMAC,APURIMAC,ABANCAY,09/01/2026
ENERO - DICIEMBRE,2025,05/01/2026,APURIMAC,SUPERIOR,PENAL,PENAL,QUEJAS,,586,566,030101,APURIMAC,APURIMAC,ABANCAY,09/01/2026
ENERO - DICIEMBRE,2025,05/01/2026,AREQUIPA,PROVINCIAL,CIVIL,CIVIL,EXPEDIENTE,,76,51,040101,AREQUIPA,AREQUIPA,AREQUIPA,09/01/2026
ENERO - DICIEMBRE,2025,05/01/2026,AREQUIPA,PROVINCIAL,FAMILIA,ACTOS CONTRA LA LIBERTAD SEXUAL,DENUNCIA,,46,43,040101,AREQUIPA,AREQUIPA,AREQUIPA,09/01/2026
ENERO - DICIEMBRE,2025,05/01/2026,AREQUIPA,PROVINCIAL,FAMILIA,FAMILIA CIVIL,EXPEDIENTE,,2001,1945,040101,AREQUIPA,AREQUIPA,AREQUIPA,09/01/2026
ENERO - DICIEMBRE,2025,05/01/2026,AREQUIPA,PROVINCIAL,FAMILIA,FAMILIA PENAL,DENUNCIA,,1212,1095,040101,AREQUIPA,AREQUIPA,AREQUIPA,09/01/2026
ENERO - DICIEMBRE,2025,05/01/2026,AREQUIPA,PROVINCIAL,FAMILIA,FAMILIA PENAL,EXPEDIENTE,,215,205,040101,AREQUIPA,AREQUIPA,AREQUIPA,09/01/2026
ENERO - DICIEMBRE,2025,05/01/2026,AREQUIPA,PROVINCIAL,FAMILIA,FAMILIA TUTELAR,DENUNCIA,,975,881,040101,AREQUIPA,AREQUIPA,AREQUIPA,09/01/2026
ENERO - DICIEMBRE,2025,05/01/2026,AREQUIPA,PROVINCIAL,FAMILIA,FAMILIA TUTELAR,EXPEDIENTE,,293,288,040101,AREQUIPA,AREQUIPA,AREQUIPA,09/01/2026
ENERO - DICIEMBRE,2025,05/01/2026,AREQUIPA,PROVINCIAL,FAMILIA,VIOLENCIA FAMILIAR,DENUNCIA,,9,9,040101,AREQUIPA,AREQUIPA,AREQUIPA,09/01/2026
ENERO - DICIEMBRE,2025,05/01/2026,AREQUIPA,PROVINCIAL,PENAL,PENAL,DENUNCIA,CONTRA LA CRIMINALIDAD ORGANIZADA,88,86,040101,AREQUIPA,AREQUIPA,AREQUIPA,09/01/2026
ENERO - DICIEMBRE,2025,05/01/2026,AREQUIPA,PROVINCIAL,PENAL,PENAL,DENUNCIA,DELITOS DE CIBERDELINCUENCIA,1956,1925,040101,AREQUIPA,AREQUIPA,AREQUIPA,09/01/2026
ENERO - DICIEMBRE,2025,05/01/2026,AREQUIPA,PROVINCIAL,PENAL,PENAL,DENUNCIA,DELITOS DE CORRUPCION DE FUNCIONARIOS,630,566,040101,AREQUIPA,AREQUIPA,AREQUIPA,09/01/2026
ENERO - DICIEMBRE,2025,05/01/2026,AREQUIPA,PROVINCIAL,PENAL,PENAL,DENUNCIA,DELITOS DE TRATA DE PERSONAS,212,205,040101,AREQUIPA,AREQUIPA,AREQUIPA,09/01/2026
ENERO - DICIEMBRE,2025,05/01/2026,AREQUIPA,PROVINCIAL,PENAL,PENAL,DENUNCIA,LAVADO DE ACTIVOS Y PERDIDA DE DOMINIO,90,85,040101,AREQUIPA,AREQUIPA,AREQUIPA,09/01/2026
ENERO - DICIEMBRE,2025,05/01/2026,AREQUIPA,PROVINCIAL,PENAL,PENAL,DENUNCIA,MATERIA AMBIENTAL,366,358,040101,AREQUIPA,AREQUIPA,AREQUIPA,09/01/2026
ENERO - DICIEMBRE,2025,05/01/2026,AREQUIPA,PROVINCIAL,PENAL,PENAL,DENUNCIA,VIOLENCIA CONTRA LA MUJER Y LOS INTEGRANTES DEL GRUPO FAMILIAR,18797,18406,040101,AREQUIPA,AREQUIPA,AREQUIPA,09/01/2026
ENERO - DICIEMBRE,2025,05/01/2026,AREQUIPA,PROVINCIAL,PENAL,PENAL,DENUNCIA,,52883,47084,040101,AREQUIPA,AREQUIPA,AREQUIPA,09/01/2026
ENERO - DICIEMBRE,2025,05/01/2026,AREQUIPA,PROVINCIAL,PENAL,PENAL,EXPEDIENTE,,1,0,040101,AREQUIPA,AREQUIPA,AREQUIPA,09/01/2026
ENERO - DICIEMBRE,2025,05/01/2026,AREQUIPA,PROVINCIAL,PENAL,PENAL,INVESTIGACION PREVENTIVA,MATERIA AMBIENTAL,22,22,040101,AREQUIPA,AREQUIPA,AREQUIPA,09/01/2026
ENERO - DICIEMBRE,2025,05/01/2026,AREQUIPA,PROVINCIAL,PENAL,PENAL,INVESTIGACION PREVENTIVA,,466,455,040101,AREQUIPA,AREQUIPA,AREQUIPA,09/01/2026
ENERO - DICIEMBRE,2025,05/01/2026,AREQUIPA,SUPERIOR,CIVIL,CIVIL,EXPEDIENTE,,75,71,040101,AREQUIPA,AREQUIPA,AREQUIPA,09/01/2026
ENERO - DICIEMBRE,2025,05/01/2026,AREQUIPA,SUPERIOR,FAMILIA,FAMILIA CIVIL,EXPEDIENTE,,590,511,040101,AREQUIPA,AREQUIPA,AREQUIPA,09/01/2026
ENERO - DICIEMBRE,2025,05/01/2026,AREQUIPA,SUPERIOR,FAMILIA,FAMILIA CIVIL,INCIDENTE,,30,26,040101,AREQUIPA,AREQUIPA,AREQUIPA,09/01/2026
ENERO - DICIEMBRE,2025,05/01/2026,AREQUIPA,SUPERIOR,FAMILIA,FAMILIA PENAL,EXPEDIENTE,,46,35,040101,AREQUIPA,AREQUIPA,AREQUIPA,09/01/2026
ENERO - DICIEMBRE,2025,05/01/2026,AREQUIPA,SUPERIOR,FAMILIA,FAMILIA PENAL,INCIDENTE,,3,3,040101,AREQUIPA,AREQUIPA,AREQUIPA,09/01/2026
ENERO - DICIEMBRE,2025,05/01/2026,AREQUIPA,SUPERIOR,FAMILIA,FAMILIA TUTELAR,EXPEDIENTE,,47,40,040101,AREQUIPA,AREQUIPA,AREQUIPA,09/01/2026
ENERO - DICIEMBRE,2025,05/01/2026,AREQUIPA,SUPERIOR,FAMILIA,VIOLENCIA FAMILIAR,EXPEDIENTE,,1179,984,040101,AREQUIPA,AREQUIPA,AREQUIPA,09/01/2026
ENERO - DICIEMBRE,2025,05/01/2026,AREQUIPA,SUPERIOR,FAMILIA,VIOLENCIA FAMILIAR,INCIDENTE,,304,295,040101,AREQUIPA,AREQUIPA,AREQUIPA,09/01/2026
ENERO - DICIEMBRE,2025,05/01/2026,AREQUIPA,SUPERIOR,PENAL,PENAL,APELACION DENUNCIA,VIOLENCIA CONTRA LA MUJER Y LOS INTEGRANTES DEL GRUPO FAMILIAR,439,420,040101,AREQUIPA,AREQUIPA,AREQUIPA,09/01/2026
ENERO - DICIEMBRE,2025,05/01/2026,AREQUIPA,SUPERIOR,PENAL,PENAL,APELACION DENUNCIA,,2281,1801,040101,AREQUIPA,AREQUIPA,AREQUIPA,09/01/2026
ENERO - DICIEMBRE,2025,05/01/2026,AREQUIPA,SUPERIOR,PENAL,PENAL,CONSULTAS,VIOLENCIA CONTRA LA MUJER Y LOS INTEGRANTES DEL GRUPO FAMILIAR,150,150,040101,AREQUIPA,AREQUIPA,AREQUIPA,09/01/2026
ENERO - DICIEMBRE,2025,05/01/2026,AREQUIPA,SUPERIOR,PENAL,PENAL,CONSULTAS,,352,297,040101,AREQUIPA,AREQUIPA,AREQUIPA,09/01/2026
ENERO - DICIEMBRE,2025,05/01/2026,AREQUIPA,SUPERIOR,PENAL,PENAL,DENUNCIA,,175,172,040101,AREQUIPA,AREQUIPA,AREQUIPA,09/01/2026
ENERO - DICIEMBRE,2025,05/01/2026,AREQUIPA,SUPERIOR,PENAL,PENAL,EXCLUSION FISCAL,VIOLENCIA CONTRA LA MUJER Y LOS INTEGRANTES DEL GRUPO FAMILIAR,9,9,040101,AREQUIPA,AREQUIPA,AREQUIPA,09/01/2026
ENERO - DICIEMBRE,2025,05/01/2026,AREQUIPA,SUPERIOR,PENAL,PENAL,EXCLUSION FISCAL,,57,47,040101,AREQUIPA,AREQUIPA,AREQUIPA,09/01/2026
ENERO - DICIEMBRE,2025,05/01/2026,AREQUIPA,SUPERIOR,PENAL,PENAL,EXPEDIENTE,,44,28,040101,AREQUIPA,AREQUIPA,AREQUIPA,09/01/2026
ENERO - DICIEMBRE,2025,05/01/2026,AREQUIPA,SUPERIOR,PENAL,PENAL,INCIDENTE-EXPEDIENTE,,7,6,040101,AREQUIPA,AREQUIPA,AREQUIPA,09/01/2026
ENERO - DICIEMBRE,2025,05/01/2026,AREQUIPA,SUPERIOR,PENAL,PENAL,QUEJAS,VIOLENCIA CONTRA LA MUJER Y LOS INTEGRANTES DEL GRUPO FAMILIAR,603,600,040101,AREQUIPA,AREQUIPA,AREQUIPA,09/01/2026
ENERO - DICIEMBRE,2025,05/01/2026,AREQUIPA,SUPERIOR,PENAL,PENAL,QUEJAS,,3011,2893,040101,AREQUIPA,AREQUIPA,AREQUIPA,09/01/2026
ENERO - DICIEMBRE,2025,05/01/2026,AYACUCHO,PROVINCIAL,CIVIL,CIVIL,EXPEDIENTE,,15,12,050110,AYACUCHO,AYACUCHO,HUAMANGA,09/01/2026
ENERO - DICIEMBRE,2025,05/01/2026,AYACUCHO,PROVINCIAL,FAMILIA,ACTOS CONTRA LA LIBERTAD SEXUAL,DENUNCIA,,95,85,050110,AYACUCHO,AYACUCHO,HUAMANGA,09/01/2026
ENERO - DICIEMBRE,2025,05/01/2026,AYACUCHO,PROVINCIAL,FAMILIA,FAMILIA CIVIL,EXPEDIENTE,,455,379,050110,AYACUCHO,AYACUCHO,HUAMANGA,09/01/2026
ENERO - DICIEMBRE,2025,05/01/2026,AYACUCHO,PROVINCIAL,FAMILIA,FAMILIA PENAL,DENUNCIA,,571,475,050110,AYACUCHO,AYACUCHO,HUAMANGA,09/01/2026
ENERO - DICIEMBRE,2025,05/01/2026,AYACUCHO,PROVINCIAL,FAMILIA,FAMILIA PENAL,EXPEDIENTE,,156,142,050110,AYACUCHO,AYACUCHO,HUAMANGA,09/01/2026
ENERO - DICIEMBRE,2025,05/01/2026,AYACUCHO,PROVINCIAL,FAMILIA,FAMILIA TUTELAR,DENUNCIA,,2335,2018,050110,AYACUCHO,AYACUCHO,HUAMANGA,09/01/2026
ENERO - DICIEMBRE,2025,05/01/2026,AYACUCHO,PROVINCIAL,FAMILIA,FAMILIA TUTELAR,EXPEDIENTE,,107,84,050110,AYACUCHO,AYACUCHO,HUAMANGA,09/01/2026
ENERO - DICIEMBRE,2025,05/01/2026,AYACUCHO,PROVINCIAL,FAMILIA,VIOLENCIA FAMILIAR,DENUNCIA,,168,146,050110,AYACUCHO,AYACUCHO,HUAMANGA,09/01/2026
ENERO - DICIEMBRE,2025,05/01/2026,AYACUCHO,PROVINCIAL,FAMILIA,VIOLENCIA FAMILIAR,EXPEDIENTE,,11,11,050110,AYACUCHO,AYACUCHO,HUAMANGA,09/01/2026
ENERO - DICIEMBRE,2025,05/01/2026,AYACUCHO,PROVINCIAL,PENAL,PENAL,DENUNCIA,CONTRA LA CRIMINALIDAD ORGANIZADA,91,87,050110,AYACUCHO,AYACUCHO,HUAMANGA,09/01/2026
ENERO - DICIEMBRE,2025,05/01/2026,AYACUCHO,PROVINCIAL,PENAL,PENAL,DENUNCIA,DELITOS DE CORRUPCION DE FUNCIONARIOS,712,693,050110,AYACUCHO,AYACUCHO,HUAMANGA,09/01/2026
ENERO - DICIEMBRE,2025,05/01/2026,AYACUCHO,PROVINCIAL,PENAL,PENAL,DENUNCIA,DELITOS DE TRAFICO ILICITO DE DROGAS,411,407,050110,AYACUCHO,AYACUCHO,HUAMANGA,09/01/2026
ENERO - DICIEMBRE,2025,05/01/2026,AYACUCHO,PROVINCIAL,PENAL,PENAL,DENUNCIA,MATERIA AMBIENTAL,445,438,050110,AYACUCHO,AYACUCHO,HUAMANGA,09/01/2026
ENERO - DICIEMBRE,2025,05/01/2026,AYACUCHO,PROVINCIAL,PENAL,PENAL,DENUNCIA,,26891,24883,050110,AYACUCHO,AYACUCHO,HUAMANGA,09/01/2026
ENERO - DICIEMBRE,2025,05/01/2026,AYACUCHO,PROVINCIAL,PENAL,PENAL,EXPEDIENTE,DELITOS DE TRAFICO ILICITO DE DROGAS,52,32,050110,AYACUCHO,AYACUCHO,HUAMANGA,09/01/2026
ENERO - DICIEMBRE,2025,05/01/2026,AYACUCHO,PROVINCIAL,PENAL,PENAL,INVESTIGACION PREVENTIVA,MATERIA AMBIENTAL,126,125,050110,AYACUCHO,AYACUCHO,HUAMANGA,09/01/2026
ENERO - DICIEMBRE,2025,05/01/2026,AYACUCHO,PROVINCIAL,PENAL,PENAL,INVESTIGACION PREVENTIVA,,393,384,050110,AYACUCHO,AYACUCHO,HUAMANGA,09/01/2026
ENERO - DICIEMBRE,2025,05/01/2026,AYACUCHO,PROVINCIAL,PENAL,PENAL,INVESTIGACION,DELITOS DE CORRUPCION DE FUNCIONARIOS,2,2,050110,AYACUCHO,AYACUCHO,HUAMANGA,09/01/2026
ENERO - DICIEMBRE,2025,05/01/2026,AYACUCHO,PROVINCIAL,PENAL,PENAL,INVESTIGACION,,33,32,050110,AYACUCHO,AYACUCHO,HUAMANGA,09/01/2026
ENERO - DICIEMBRE,2025,05/01/2026,AYACUCHO,SUPERIOR,CIVIL,CIVIL,EXPEDIENTE,,2,2,050110,AYACUCHO,AYACUCHO,HUAMANGA,09/01/2026
ENERO - DICIEMBRE,2025,05/01/2026,AYACUCHO,SUPERIOR,FAMILIA,FAMILIA CIVIL,EXPEDIENTE,,17,14,050110,AYACUCHO,AYACUCHO,HUAMANGA,09/01/2026
ENERO - DICIEMBRE,2025,05/01/2026,AYACUCHO,SUPERIOR,FAMILIA,FAMILIA CIVIL,INCIDENTE,,3,3,050110,AYACUCHO,AYACUCHO,HUAMANGA,09/01/2026
ENERO - DICIEMBRE,2025,05/01/2026,AYACUCHO,SUPERIOR,FAMILIA,FAMILIA PENAL,EXPEDIENTE,,29,29,050110,AYACUCHO,AYACUCHO,HUAMANGA,09/01/2026
ENERO - DICIEMBRE,2025,05/01/2026,AYACUCHO,SUPERIOR,FAMILIA,FAMILIA TUTELAR,EXPEDIENTE,,6,6,050110,AYACUCHO,AYACUCHO,HUAMANGA,09/01/2026
ENERO - DICIEMBRE,2025,05/01/2026,AYACUCHO,SUPERIOR,FAMILIA,VIOLENCIA FAMILIAR,EXPEDIENTE,,238,235,050110,AYACUCHO,AYACUCHO,HUAMANGA,09/01/2026
ENERO - DICIEMBRE,2025,05/01/2026,AYACUCHO,SUPERIOR,FAMILIA,VIOLENCIA FAMILIAR,INCIDENTE,,8,8,050110,AYACUCHO,AYACUCHO,HUAMANGA,09/01/2026
ENERO - DICIEMBRE,2025,05/01/2026,AYACUCHO,SUPERIOR,PENAL,PENAL,APELACION DENUNCIA,DELITOS DE CORRUPCION DE FUNCIONARIOS,117,117,050110,AYACUCHO,AYACUCHO,HUAMANGA,09/01/2026
ENERO - DICIEMBRE,2025,05/01/2026,AYACUCHO,SUPERIOR,PENAL,PENAL,APELACION DENUNCIA,,1123,1116,050110,AYACUCHO,AYACUCHO,HUAMANGA,09/01/2026
ENERO - DICIEMBRE,2025,05/01/2026,AYACUCHO,SUPERIOR,PENAL,PENAL,APELACION EXPEDIENTE,,4,4,050110,AYACUCHO,AYACUCHO,HUAMANGA,09/01/2026
ENERO - DICIEMBRE,2025,05/01/2026,AYACUCHO,SUPERIOR,PENAL,PENAL,CONSULTAS,DELITOS DE CORRUPCION DE FUNCIONARIOS,28,27,050110,AYACUCHO,AYACUCHO,HUAMANGA,09/01/2026
ENERO - DICIEMBRE,2025,05/01/2026,AYACUCHO,SUPERIOR,PENAL,PENAL,CONSULTAS,,172,172,050110,AYACUCHO,AYACUCHO,HUAMANGA,09/01/2026
ENERO - DICIEMBRE,2025,05/01/2026,AYACUCHO,SUPERIOR,PENAL,PENAL,DENUNCIA,DELITOS DE CORRUPCION DE FUNCIONARIOS,18,18,050110,AYACUCHO,AYACUCHO,HUAMANGA,09/01/2026
ENERO - DICIEMBRE,2025,05/01/2026,AYACUCHO,SUPERIOR,PENAL,PENAL,DENUNCIA,,95,92,050110,AYACUCHO,AYACUCHO,HUAMANGA,09/01/2026
ENERO - DICIEMBRE,2025,05/01/2026,AYACUCHO,SUPERIOR,PENAL,PENAL,EXCLUSION FISCAL,,29,29,050110,AYACUCHO,AYACUCHO,HUAMANGA,09/01/2026
ENERO - DICIEMBRE,2025,05/01/2026,AYACUCHO,SUPERIOR,PENAL,PENAL,EXPEDIENTE,,153,148,050110,AYACUCHO,AYACUCHO,HUAMANGA,09/01/2026
ENERO - DICIEMBRE,2025,05/01/2026,AYACUCHO,SUPERIOR,PENAL,PENAL,INCIDENTE-EXPEDIENTE,,15,15,050110,AYACUCHO,AYACUCHO,HUAMANGA,09/01/2026
ENERO - DICIEMBRE,2025,05/01/2026,AYACUCHO,SUPERIOR,PENAL,PENAL,QUEJAS,DELITOS DE CORRUPCION DE FUNCIONARIOS,65,65,050110,AYACUCHO,AYACUCHO,HUAMANGA,09/01/2026
ENERO - DICIEMBRE,2025,05/01/2026,AYACUCHO,SUPERIOR,PENAL,PENAL,QUEJAS,,1401,1394,050110,AYACUCHO,AYACUCHO,HUAMANGA,09/01/2026
ENERO - DICIEMBRE,2025,05/01/2026,CAJAMARCA,PROVINCIAL,CIVIL,CIVIL,EXPEDIENTE,,104,86,060101,CAJAMARCA,CAJAMARCA,CAJAMARCA,09/01/2026
ENERO - DICIEMBRE,2025,05/01/2026,CAJAMARCA,PROVINCIAL,FAMILIA,ACTOS CONTRA LA LIBERTAD SEXUAL,DENUNCIA,,8,3,060101,CAJAMARCA,CAJAMARCA,CAJAMARCA,09/01/2026
ENERO - DICIEMBRE,2025,05/01/2026,CAJAMARCA,PROVINCIAL,FAMILIA,FAMILIA CIVIL,EXPEDIENTE,,1083,1013,060101,CAJAMARCA,CAJAMARCA,CAJAMARCA,09/01/2026
ENERO - DICIEMBRE,2025,05/01/2026,CAJAMARCA,PROVINCIAL,FAMILIA,FAMILIA PENAL,DENUNCIA,,594,545,060101,CAJAMARCA,CAJAMARCA,CAJAMARCA,09/01/2026
ENERO - DICIEMBRE,2025,05/01/2026,CAJAMARCA,PROVINCIAL,FAMILIA,FAMILIA PENAL,EXPEDIENTE,,153,148,060101,CAJAMARCA,CAJAMARCA,CAJAMARCA,09/01/2026
ENERO - DICIEMBRE,2025,05/01/2026,CAJAMARCA,PROVINCIAL,FAMILIA,FAMILIA TUTELAR,DENUNCIA,,1045,958,060101,CAJAMARCA,CAJAMARCA,CAJAMARCA,09/01/2026
ENERO - DICIEMBRE,2025,05/01/2026,CAJAMARCA,PROVINCIAL,FAMILIA,FAMILIA TUTELAR,EXPEDIENTE,,72,70,060101,CAJAMARCA,CAJAMARCA,CAJAMARCA,09/01/2026
ENERO - DICIEMBRE,2025,05/01/2026,CAJAMARCA,PROVINCIAL,FAMILIA,VIOLENCIA FAMILIAR,DENUNCIA,,36,25,060101,CAJAMARCA,CAJAMARCA,CAJAMARCA,09/01/2026
ENERO - DICIEMBRE,2025,05/01/2026,CAJAMARCA,PROVINCIAL,FAMILIA,VIOLENCIA FAMILIAR,EXPEDIENTE,,2,2,060101,CAJAMARCA,CAJAMARCA,CAJAMARCA,09/01/2026
ENERO - DICIEMBRE,2025,05/01/2026,CAJAMARCA,PROVINCIAL,PENAL,PENAL,DENUNCIA,CONTRA LA CRIMINALIDAD ORGANIZADA,36,34,060101,CAJAMARCA,CAJAMARCA,CAJAMARCA,09/01/2026
ENERO - DICIEMBRE,2025,05/01/2026,CAJAMARCA,PROVINCIAL,PENAL,PENAL,DENUNCIA,DELITOS DE CORRUPCION DE FUNCIONARIOS,455,440,060101,CAJAMARCA,CAJAMARCA,CAJAMARCA,09/01/2026
ENERO - DICIEMBRE,2025,05/01/2026,CAJAMARCA,PROVINCIAL,PENAL,PENAL,DENUNCIA,MATERIA AMBIENTAL,303,297,060101,CAJAMARCA,CAJAMARCA,CAJAMARCA,09/01/2026
ENERO - DICIEMBRE,2025,05/01/2026,CAJAMARCA,PROVINCIAL,PENAL,PENAL,DENUNCIA,VIOLENCIA CONTRA LA MUJER Y LOS INTEGRANTES DEL GRUPO FAMILIAR,2653,2608,060101,CAJAMARCA,CAJAMARCA,CAJAMARCA,09/01/2026
ENERO - DICIEMBRE,2025,05/01/2026,CAJAMARCA,PROVINCIAL,PENAL,PENAL,DENUNCIA,,22344,21652,060101,CAJAMARCA,CAJAMARCA,CAJAMARCA,09/01/2026
ENERO - DICIEMBRE,2025,05/01/2026,CAJAMARCA,PROVINCIAL,PENAL,PENAL,EXPEDIENTE,,12,10,060101,CAJAMARCA,CAJAMARCA,CAJAMARCA,09/01/2026
ENERO - DICIEMBRE,2025,05/01/2026,CAJAMARCA,PROVINCIAL,PENAL,PENAL,INVESTIGACION PREVENTIVA,MATERIA AMBIENTAL,75,75,060101,CAJAMARCA,CAJAMARCA,CAJAMARCA,09/01/2026
ENERO - DICIEMBRE,2025,05/01/2026,CAJAMARCA,PROVINCIAL,PENAL,PENAL,INVESTIGACION PREVENTIVA,,512,502,060101,CAJAMARCA,CAJAMARCA,CAJAMARCA,09/01/2026
ENERO - DICIEMBRE,2025,05/01/2026,CAJAMARCA,SUPERIOR,CIVIL,CIVIL,EXPEDIENTE,,10,10,060101,CAJAMARCA,CAJAMARCA,CAJAMARCA,09/01/2026
ENERO - DICIEMBRE,2025,05/01/2026,CAJAMARCA,SUPERIOR,FAMILIA,FAMILIA CIVIL,EXPEDIENTE,,31,31,060101,CAJAMARCA,CAJAMARCA,CAJAMARCA,09/01/2026
ENERO - DICIEMBRE,2025,05/01/2026,CAJAMARCA,SUPERIOR,FAMILIA,FAMILIA PENAL,EXPEDIENTE,,34,34,060101,CAJAMARCA,CAJAMARCA,CAJAMARCA,09/01/2026
ENERO - DICIEMBRE,2025,05/01/2026,CAJAMARCA,SUPERIOR,FAMILIA,FAMILIA PENAL,INCIDENTE,,2,2,060101,CAJAMARCA,CAJAMARCA,CAJAMARCA,09/01/2026
ENERO - DICIEMBRE,2025,05/01/2026,CAJAMARCA,SUPERIOR,FAMILIA,FAMILIA TUTELAR,EXPEDIENTE,,6,5,060101,CAJAMARCA,CAJAMARCA,CAJAMARCA,09/01/2026
ENERO - DICIEMBRE,2025,05/01/2026,CAJAMARCA,SUPERIOR,FAMILIA,VIOLENCIA FAMILIAR,EXPEDIENTE,,258,256,060101,CAJAMARCA,CAJAMARCA,CAJAMARCA,09/01/2026
ENERO - DICIEMBRE,2025,05/01/2026,CAJAMARCA,SUPERIOR,FAMILIA,VIOLENCIA FAMILIAR,INCIDENTE,,10,10,060101,CAJAMARCA,CAJAMARCA,CAJAMARCA,09/01/2026
ENERO - DICIEMBRE,2025,05/01/2026,CAJAMARCA,SUPERIOR,PENAL,PENAL,APELACION DENUNCIA,,872,872,060101,CAJAMARCA,CAJAMARCA,CAJAMARCA,09/01/2026
ENERO - DICIEMBRE,2025,05/01/2026,CAJAMARCA,SUPERIOR,PENAL,PENAL,APELACION EXPEDIENTE,,126,126,060101,CAJAMARCA,CAJAMARCA,CAJAMARCA,09/01/2026
ENERO - DICIEMBRE,2025,05/01/2026,CAJAMARCA,SUPERIOR,PENAL,PENAL,CONSULTAS,,255,243,060101,CAJAMARCA,CAJAMARCA,CAJAMARCA,09/01/2026
ENERO - DICIEMBRE,2025,05/01/2026,CAJAMARCA,SUPERIOR,PENAL,PENAL,DENUNCIA,,69,65,060101,CAJAMARCA,CAJAMARCA,CAJAMARCA,09/01/2026
ENERO - DICIEMBRE,2025,05/01/2026,CAJAMARCA,SUPERIOR,PENAL,PENAL,EXCLUSION FISCAL,,21,21,060101,CAJAMARCA,CAJAMARCA,CAJAMARCA,09/01/2026
ENERO - DICIEMBRE,2025,05/01/2026,CAJAMARCA,SUPERIOR,PENAL,PENAL,EXPEDIENTE,,6,6,060101,CAJAMARCA,CAJAMARCA,CAJAMARCA,09/01/2026
ENERO - DICIEMBRE,2025,05/01/2026,CAJAMARCA,SUPERIOR,PENAL,PENAL,INCIDENTE-EXPEDIENTE,,1,1,060101,CAJAMARCA,CAJAMARCA,CAJAMARCA,09/01/2026
ENERO - DICIEMBRE,2025,05/01/2026,CAJAMARCA,SUPERIOR,PENAL,PENAL,QUEJAS,,1537,1502,060101,CAJAMARCA,CAJAMARCA,CAJAMARCA,09/01/2026
ENERO - DICIEMBRE,2025,05/01/2026,CALLAO,PROVINCIAL,CIVIL,CIVIL,EXPEDIENTE,,7,6,070101,CALLAO,CALLAO,CALLAO,09/01/2026
ENERO - DICIEMBRE,2025,05/01/2026,CALLAO,PROVINCIAL,FAMILIA,ACTOS CONTRA LA LIBERTAD SEXUAL,DENUNCIA,,8,8,070101,CALLAO,CALLAO,CALLAO,09/01/2026
ENERO - DICIEMBRE,2025,05/01/2026,CALLAO,PROVINCIAL,FAMILIA,FAMILIA CIVIL,EXPEDIENTE,,676,623,070101,CALLAO,CALLAO,CALLAO,09/01/2026
ENERO - DICIEMBRE,2025,05/01/2026,CALLAO,PROVINCIAL,FAMILIA,FAMILIA PENAL,DENUNCIA,,625,556,070101,CALLAO,CALLAO,CALLAO,09/01/2026
ENERO - DICIEMBRE,2025,05/01/2026,CALLAO,PROVINCIAL,FAMILIA,FAMILIA PENAL,EXPEDIENTE,,168,161,070101,CALLAO,CALLAO,CALLAO,09/01/2026
ENERO - DICIEMBRE,2025,05/01/2026,CALLAO,PROVINCIAL,FAMILIA,FAMILIA TUTELAR,DENUNCIA,,933,783,070101,CALLAO,CALLAO,CALLAO,09/01/2026
ENERO - DICIEMBRE,2025,05/01/2026,CALLAO,PROVINCIAL,FAMILIA,FAMILIA TUTELAR,EXPEDIENTE,,30,30,070101,CALLAO,CALLAO,CALLAO,09/01/2026
ENERO - DICIEMBRE,2025,05/01/2026,CALLAO,PROVINCIAL,PENAL,PENAL,DENUNCIA,CONTRA LA CRIMINALIDAD ORGANIZADA,111,82,070101,CALLAO,CALLAO,CALLAO,09/01/2026
ENERO - DICIEMBRE,2025,05/01/2026,CALLAO,PROVINCIAL,PENAL,PENAL,DENUNCIA,DELITOS ADUANEROS Y CONTRA LA PROPIEDAD INTELECTUAL,299,245,070101,CALLAO,CALLAO,CALLAO,09/01/2026
ENERO - DICIEMBRE,2025,05/01/2026,CALLAO,PROVINCIAL,PENAL,PENAL,DENUNCIA,DELITOS DE CORRUPCION DE FUNCIONARIOS,257,248,070101,CALLAO,CALLAO,CALLAO,09/01/2026
ENERO - DICIEMBRE,2025,05/01/2026,CALLAO,PROVINCIAL,PENAL,PENAL,DENUNCIA,DELITOS DE TRAFICO ILICITO DE DROGAS,260,190,070101,CALLAO,CALLAO,CALLAO,09/01/2026
ENERO - DICIEMBRE,2025,05/01/2026,CALLAO,PROVINCIAL,PENAL,PENAL,DENUNCIA,DELITOS DE TRATA DE PERSONAS,49,49,070101,CALLAO,CALLAO,CALLAO,09/01/2026
ENERO - DICIEMBRE,2025,05/01/2026,CALLAO,PROVINCIAL,PENAL,PENAL,DENUNCIA,LAVADO DE ACTIVOS Y PERDIDA DE DOMINIO,36,31,070101,CALLAO,CALLAO,CALLAO,09/01/2026
ENERO - DICIEMBRE,2025,05/01/2026,CALLAO,PROVINCIAL,PENAL,PENAL,DENUNCIA,MATERIA AMBIENTAL,71,71,070101,CALLAO,CALLAO,CALLAO,09/01/2026
ENERO - DICIEMBRE,2025,05/01/2026,CALLAO,PROVINCIAL,PENAL,PENAL,DENUNCIA,TRANSITO Y SEGURIDAD VIAL,2201,1593,070101,CALLAO,CALLAO,CALLAO,09/01/2026
ENERO - DICIEMBRE,2025,05/01/2026,CALLAO,PROVINCIAL,PENAL,PENAL,DENUNCIA,VIOLENCIA CONTRA LA MUJER Y LOS INTEGRANTES DEL GRUPO FAMILIAR,6319,3973,070101,CALLAO,CALLAO,CALLAO,09/01/2026
ENERO - DICIEMBRE,2025,05/01/2026,CALLAO,PROVINCIAL,PENAL,PENAL,DENUNCIA,,18891,13830,070101,CALLAO,CALLAO,CALLAO,09/01/2026
ENERO - DICIEMBRE,2025,05/01/2026,CALLAO,PROVINCIAL,PENAL,PENAL,EXPEDIENTE,DELITOS ADUANEROS Y CONTRA LA PROPIEDAD INTELECTUAL,8,7,070101,CALLAO,CALLAO,CALLAO,09/01/2026
ENERO - DICIEMBRE,2025,05/01/2026,CALLAO,PROVINCIAL,PENAL,PENAL,EXPEDIENTE,DELITOS DE TRAFICO ILICITO DE DROGAS,7,0,070101,CALLAO,CALLAO,CALLAO,09/01/2026
ENERO - DICIEMBRE,2025,05/01/2026,CALLAO,PROVINCIAL,PENAL,PENAL,EXPEDIENTE,,18,7,070101,CALLAO,CALLAO,CALLAO,09/01/2026
ENERO - DICIEMBRE,2025,05/01/2026,CALLAO,PROVINCIAL,PENAL,PENAL,INVESTIGACION PREVENTIVA,DELITOS ADUANEROS Y CONTRA LA PROPIEDAD INTELECTUAL,2,0,070101,CALLAO,CALLAO,CALLAO,09/01/2026
ENERO - DICIEMBRE,2025,05/01/2026,CALLAO,PROVINCIAL,PENAL,PENAL,INVESTIGACION PREVENTIVA,MATERIA AMBIENTAL,14,14,070101,CALLAO,CALLAO,CALLAO,09/01/2026
ENERO - DICIEMBRE,2025,05/01/2026,CALLAO,SUPERIOR,FAMILIA,FAMILIA CIVIL,EXPEDIENTE,,62,62,070101,CALLAO,CALLAO,CALLAO,09/01/2026
ENERO - DICIEMBRE,2025,05/01/2026,CALLAO,SUPERIOR,FAMILIA,FAMILIA CIVIL,INCIDENTE,,1,1,070101,CALLAO,CALLAO,CALLAO,09/01/2026
ENERO - DICIEMBRE,2025,05/01/2026,CALLAO,SUPERIOR,FAMILIA,FAMILIA PENAL,EXPEDIENTE,,23,23,070101,CALLAO,CALLAO,CALLAO,09/01/2026
ENERO - DICIEMBRE,2025,05/01/2026,CALLAO,SUPERIOR,FAMILIA,VIOLENCIA FAMILIAR,EXPEDIENTE,,13,13,070101,CALLAO,CALLAO,CALLAO,09/01/2026
ENERO - DICIEMBRE,2025,05/01/2026,CALLAO,SUPERIOR,FAMILIA,VIOLENCIA FAMILIAR,INCIDENTE,,156,156,070101,CALLAO,CALLAO,CALLAO,09/01/2026
ENERO - DICIEMBRE,2025,05/01/2026,CALLAO,SUPERIOR,PENAL,PENAL,APELACION DENUNCIA,DELITOS DE CORRUPCION DE FUNCIONARIOS,135,135,070101,CALLAO,CALLAO,CALLAO,09/01/2026
ENERO - DICIEMBRE,2025,05/01/2026,CALLAO,SUPERIOR,PENAL,PENAL,APELACION DENUNCIA,,903,721,070101,CALLAO,CALLAO,CALLAO,09/01/2026
ENERO - DICIEMBRE,2025,05/01/2026,CALLAO,SUPERIOR,PENAL,PENAL,APELACION EXPEDIENTE,,63,26,070101,CALLAO,CALLAO,CALLAO,09/01/2026
ENERO - DICIEMBRE,2025,05/01/2026,CALLAO,SUPERIOR,PENAL,PENAL,CONSULTAS,DELITOS DE CORRUPCION DE FUNCIONARIOS,10,10,070101,CALLAO,CALLAO,CALLAO,09/01/2026
ENERO - DICIEMBRE,2025,05/01/2026,CALLAO,SUPERIOR,PENAL,PENAL,CONSULTAS,,167,119,070101,CALLAO,CALLAO,CALLAO,09/01/2026
ENERO - DICIEMBRE,2025,05/01/2026,CALLAO,SUPERIOR,PENAL,PENAL,DENUNCIA,DELITOS DE CORRUPCION DE FUNCIONARIOS,9,9,070101,CALLAO,CALLAO,CALLAO,09/01/2026
ENERO - DICIEMBRE,2025,05/01/2026,CALLAO,SUPERIOR,PENAL,PENAL,DENUNCIA,,71,52,070101,CALLAO,CALLAO,CALLAO,09/01/2026
ENERO - DICIEMBRE,2025,05/01/2026,CALLAO,SUPERIOR,PENAL,PENAL,EXCLUSION FISCAL,,12,7,070101,CALLAO,CALLAO,CALLAO,09/01/2026
ENERO - DICIEMBRE,2025,05/01/2026,CALLAO,SUPERIOR,PENAL,PENAL,EXPEDIENTE,,270,200,070101,CALLAO,CALLAO,CALLAO,09/01/2026
ENERO - DICIEMBRE,2025,05/01/2026,CALLAO,SUPERIOR,PENAL,PENAL,INCIDENTE-EXPEDIENTE,,20,12,070101,CALLAO,CALLAO,CALLAO,09/01/2026
ENERO - DICIEMBRE,2025,05/01/2026,CALLAO,SUPERIOR,PENAL,PENAL,QUEJAS,DELITOS DE CORRUPCION DE FUNCIONARIOS,15,15,070101,CALLAO,CALLAO,CALLAO,09/01/2026
ENERO - DICIEMBRE,2025,05/01/2026,CALLAO,SUPERIOR,PENAL,PENAL,QUEJAS,,875,807,070101,CALLAO,CALLAO,CALLAO,09/01/2026
ENERO - DICIEMBRE,2025,05/01/2026,CAÑETE,PROVINCIAL,CIVIL,CIVIL,EXPEDIENTE,,25,25,150501,LIMA,LIMA,CAÑETE,09/01/2026
ENERO - DICIEMBRE,2025,05/01/2026,CAÑETE,PROVINCIAL,FAMILIA,ACTOS CONTRA LA LIBERTAD SEXUAL,DENUNCIA,,1,1,150501,LIMA,LIMA,CAÑETE,09/01/2026
ENERO - DICIEMBRE,2025,05/01/2026,CAÑETE,PROVINCIAL,FAMILIA,FAMILIA CIVIL,EXPEDIENTE,,99,98,150501,LIMA,LIMA,CAÑETE,09/01/2026
ENERO - DICIEMBRE,2025,05/01/2026,CAÑETE,PROVINCIAL,FAMILIA,FAMILIA PENAL,DENUNCIA,,342,340,150501,LIMA,LIMA,CAÑETE,09/01/2026
ENERO - DICIEMBRE,2025,05/01/2026,CAÑETE,PROVINCIAL,FAMILIA,FAMILIA PENAL,EXPEDIENTE,,32,31,150501,LIMA,LIMA,CAÑETE,09/01/2026
ENERO - DICIEMBRE,2025,05/01/2026,CAÑETE,PROVINCIAL,FAMILIA,FAMILIA TUTELAR,DENUNCIA,,784,764,150501,LIMA,LIMA,CAÑETE,09/01/2026
ENERO - DICIEMBRE,2025,05/01/2026,CAÑETE,PROVINCIAL,FAMILIA,FAMILIA TUTELAR,EXPEDIENTE,,55,54,150501,LIMA,LIMA,CAÑETE,09/01/2026
ENERO - DICIEMBRE,2025,05/01/2026,CAÑETE,PROVINCIAL,FAMILIA,VIOLENCIA FAMILIAR,DENUNCIA,,28,27,150501,LIMA,LIMA,CAÑETE,09/01/2026
ENERO - DICIEMBRE,2025,05/01/2026,CAÑETE,PROVINCIAL,FAMILIA,VIOLENCIA FAMILIAR,EXPEDIENTE,,2,2,150501,LIMA,LIMA,CAÑETE,09/01/2026
ENERO - DICIEMBRE,2025,05/01/2026,CAÑETE,PROVINCIAL,PENAL,PENAL,DENUNCIA,DELITOS DE CORRUPCION DE FUNCIONARIOS,188,127,150501,LIMA,LIMA,CAÑETE,09/01/2026
ENERO - DICIEMBRE,2025,05/01/2026,CAÑETE,PROVINCIAL,PENAL,PENAL,DENUNCIA,,16473,14544,150501,LIMA,LIMA,CAÑETE,09/01/2026
ENERO - DICIEMBRE,2025,05/01/2026,CAÑETE,PROVINCIAL,PENAL,PENAL,EXPEDIENTE,,4,1,150501,LIMA,LIMA,CAÑETE,09/01/2026
ENERO - DICIEMBRE,2025,05/01/2026,CAÑETE,PROVINCIAL,PENAL,PENAL,INVESTIGACION PREVENTIVA,,161,161,150501,LIMA,LIMA,CAÑETE,09/01/2026
ENERO - DICIEMBRE,2025,05/01/2026,CAÑETE,SUPERIOR,CIVIL,CIVIL,EXPEDIENTE,,3,3,150501,LIMA,LIMA,CAÑETE,09/01/2026
ENERO - DICIEMBRE,2025,05/01/2026,CAÑETE,SUPERIOR,FAMILIA,FAMILIA CIVIL,EXPEDIENTE,,11,11,150501,LIMA,LIMA,CAÑETE,09/01/2026
ENERO - DICIEMBRE,2025,05/01/2026,CAÑETE,SUPERIOR,FAMILIA,FAMILIA PENAL,EXPEDIENTE,,9,9,150501,LIMA,LIMA,CAÑETE,09/01/2026
ENERO - DICIEMBRE,2025,05/01/2026,CAÑETE,SUPERIOR,FAMILIA,FAMILIA TUTELAR,EXPEDIENTE,,3,3,150501,LIMA,LIMA,CAÑETE,09/01/2026
ENERO - DICIEMBRE,2025,05/01/2026,CAÑETE,SUPERIOR,FAMILIA,VIOLENCIA FAMILIAR,EXPEDIENTE,,24,24,150501,LIMA,LIMA,CAÑETE,09/01/2026
ENERO - DICIEMBRE,2025,05/01/2026,CAÑETE,SUPERIOR,FAMILIA,VIOLENCIA FAMILIAR,INCIDENTE,,54,54,150501,LIMA,LIMA,CAÑETE,09/01/2026
ENERO - DICIEMBRE,2025,05/01/2026,CAÑETE,SUPERIOR,PENAL,PENAL,APELACION DENUNCIA,,541,535,150501,LIMA,LIMA,CAÑETE,09/01/2026
ENERO - DICIEMBRE,2025,05/01/2026,CAÑETE,SUPERIOR,PENAL,PENAL,APELACION EXPEDIENTE,,1,1,150501,LIMA,LIMA,CAÑETE,09/01/2026
ENERO - DICIEMBRE,2025,05/01/2026,CAÑETE,SUPERIOR,PENAL,PENAL,CONSULTAS,,97,89,150501,LIMA,LIMA,CAÑETE,09/01/2026
ENERO - DICIEMBRE,2025,05/01/2026,CAÑETE,SUPERIOR,PENAL,PENAL,DENUNCIA,,76,62,150501,LIMA,LIMA,CAÑETE,09/01/2026
ENERO - DICIEMBRE,2025,05/01/2026,CAÑETE,SUPERIOR,PENAL,PENAL,EXCLUSION FISCAL,,11,9,150501,LIMA,LIMA,CAÑETE,09/01/2026
ENERO - DICIEMBRE,2025,05/01/2026,CAÑETE,SUPERIOR,PENAL,PENAL,EXPEDIENTE,,17,16,150501,LIMA,LIMA,CAÑETE,09/01/2026
ENERO - DICIEMBRE,2025,05/01/2026,CAÑETE,SUPERIOR,PENAL,PENAL,INCIDENTE-EXPEDIENTE,,2,2,150501,LIMA,LIMA,CAÑETE,09/01/2026
ENERO - DICIEMBRE,2025,05/01/2026,CAÑETE,SUPERIOR,PENAL,PENAL,QUEJAS,,533,505,150501,LIMA,LIMA,CAÑETE,09/01/2026
ENERO - DICIEMBRE,2025,05/01/2026,CUSCO,PROVINCIAL,CIVIL,CIVIL,EXPEDIENTE,,258,233,080108,CUSCO,CUSCO,CUSCO,09/01/2026
ENERO - DICIEMBRE,2025,05/01/2026,CUSCO,PROVINCIAL,FAMILIA,ACTOS CONTRA LA LIBERTAD SEXUAL,DENUNCIA,,65,45,080108,CUSCO,CUSCO,CUSCO,09/01/2026
ENERO - DICIEMBRE,2025,05/01/2026,CUSCO,PROVINCIAL,FAMILIA,FAMILIA CIVIL,EXPEDIENTE,,1749,1592,080108,CUSCO,CUSCO,CUSCO,09/01/2026
ENERO - DICIEMBRE,2025,05/01/2026,CUSCO,PROVINCIAL,FAMILIA,FAMILIA PENAL,DENUNCIA,,973,805,080108,CUSCO,CUSCO,CUSCO,09/01/2026
ENERO - DICIEMBRE,2025,05/01/2026,CUSCO,PROVINCIAL,FAMILIA,FAMILIA PENAL,EXPEDIENTE,,364,316,080108,CUSCO,CUSCO,CUSCO,09/01/2026
ENERO - DICIEMBRE,2025,05/01/2026,CUSCO,PROVINCIAL,FAMILIA,FAMILIA TUTELAR,DENUNCIA,,1400,1261,080108,CUSCO,CUSCO,CUSCO,09/01/2026
ENERO - DICIEMBRE,2025,05/01/2026,CUSCO,PROVINCIAL,FAMILIA,FAMILIA TUTELAR,EXPEDIENTE,,305,283,080108,CUSCO,CUSCO,CUSCO,09/01/2026
ENERO - DICIEMBRE,2025,05/01/2026,CUSCO,PROVINCIAL,FAMILIA,VIOLENCIA FAMILIAR,DENUNCIA,,55,51,080108,CUSCO,CUSCO,CUSCO,09/01/2026
ENERO - DICIEMBRE,2025,05/01/2026,CUSCO,PROVINCIAL,PENAL,PENAL,DENUNCIA,CONTRA LA CRIMINALIDAD ORGANIZADA,44,44,080108,CUSCO,CUSCO,CUSCO,09/01/2026
ENERO - DICIEMBRE,2025,05/01/2026,CUSCO,PROVINCIAL,PENAL,PENAL,DENUNCIA,DELITOS DE CORRUPCION DE FUNCIONARIOS,1068,971,080108,CUSCO,CUSCO,CUSCO,09/01/2026
ENERO - DICIEMBRE,2025,05/01/2026,CUSCO,PROVINCIAL,PENAL,PENAL,DENUNCIA,DELITOS DE TRAFICO ILICITO DE DROGAS,134,134,080108,CUSCO,CUSCO,CUSCO,09/01/2026
ENERO - DICIEMBRE,2025,05/01/2026,CUSCO,PROVINCIAL,PENAL,PENAL,DENUNCIA,DELITOS DE TRATA DE PERSONAS,66,64,080108,CUSCO,CUSCO,CUSCO,09/01/2026
ENERO - DICIEMBRE,2025,05/01/2026,CUSCO,PROVINCIAL,PENAL,PENAL,DENUNCIA,MATERIA AMBIENTAL,343,303,080108,CUSCO,CUSCO,CUSCO,09/01/2026
ENERO - DICIEMBRE,2025,05/01/2026,CUSCO,PROVINCIAL,PENAL,PENAL,DENUNCIA,TURISMO,317,287,080108,CUSCO,CUSCO,CUSCO,09/01/2026
ENERO - DICIEMBRE,2025,05/01/2026,CUSCO,PROVINCIAL,PENAL,PENAL,DENUNCIA,VIOLENCIA CONTRA LA MUJER Y LOS INTEGRANTES DEL GRUPO FAMILIAR,12976,12674,080108,CUSCO,CUSCO,CUSCO,09/01/2026
ENERO - DICIEMBRE,2025,05/01/2026,CUSCO,PROVINCIAL,PENAL,PENAL,DENUNCIA,,31562,29992,080108,CUSCO,CUSCO,CUSCO,09/01/2026
ENERO - DICIEMBRE,2025,05/01/2026,CUSCO,PROVINCIAL,PENAL,PENAL,EXPEDIENTE,DELITOS DE TRAFICO ILICITO DE DROGAS,7,5,080108,CUSCO,CUSCO,CUSCO,09/01/2026
ENERO - DICIEMBRE,2025,05/01/2026,CUSCO,PROVINCIAL,PENAL,PENAL,EXPEDIENTE,,2,2,080108,CUSCO,CUSCO,CUSCO,09/01/2026
ENERO - DICIEMBRE,2025,05/01/2026,CUSCO,PROVINCIAL,PENAL,PENAL,INVESTIGACION PREVENTIVA,MATERIA AMBIENTAL,3,3,080108,CUSCO,CUSCO,CUSCO,09/01/2026
ENERO - DICIEMBRE,2025,05/01/2026,CUSCO,PROVINCIAL,PENAL,PENAL,INVESTIGACION PREVENTIVA,,809,772,080108,CUSCO,CUSCO,CUSCO,09/01/2026
ENERO - DICIEMBRE,2025,05/01/2026,CUSCO,SUPERIOR,CIVIL,CIVIL,EXPEDIENTE,,64,60,080108,CUSCO,CUSCO,CUSCO,09/01/2026
ENERO - DICIEMBRE,2025,05/01/2026,CUSCO,SUPERIOR,FAMILIA,FAMILIA CIVIL,EXPEDIENTE,,329,297,080108,CUSCO,CUSCO,CUSCO,09/01/2026
ENERO - DICIEMBRE,2025,05/01/2026,CUSCO,SUPERIOR,FAMILIA,FAMILIA CIVIL,INCIDENTE,,1,1,080108,CUSCO,CUSCO,CUSCO,09/01/2026
ENERO - DICIEMBRE,2025,05/01/2026,CUSCO,SUPERIOR,FAMILIA,FAMILIA PENAL,EXPEDIENTE,,62,59,080108,CUSCO,CUSCO,CUSCO,09/01/2026
ENERO - DICIEMBRE,2025,05/01/2026,CUSCO,SUPERIOR,FAMILIA,FAMILIA PENAL,INCIDENTE,,8,8,080108,CUSCO,CUSCO,CUSCO,09/01/2026
ENERO - DICIEMBRE,2025,05/01/2026,CUSCO,SUPERIOR,FAMILIA,FAMILIA TUTELAR,EXPEDIENTE,,550,495,080108,CUSCO,CUSCO,CUSCO,09/01/2026
ENERO - DICIEMBRE,2025,05/01/2026,CUSCO,SUPERIOR,FAMILIA,VIOLENCIA FAMILIAR,EXPEDIENTE,,51,51,080108,CUSCO,CUSCO,CUSCO,09/01/2026
ENERO - DICIEMBRE,2025,05/01/2026,CUSCO,SUPERIOR,FAMILIA,VIOLENCIA FAMILIAR,INCIDENTE,,51,51,080108,CUSCO,CUSCO,CUSCO,09/01/2026
ENERO - DICIEMBRE,2025,05/01/2026,CUSCO,SUPERIOR,PENAL,PENAL,APELACION DENUNCIA,VIOLENCIA CONTRA LA MUJER Y LOS INTEGRANTES DEL GRUPO FAMILIAR,1428,1428,080108,CUSCO,CUSCO,CUSCO,09/01/2026
ENERO - DICIEMBRE,2025,05/01/2026,CUSCO,SUPERIOR,PENAL,PENAL,APELACION DENUNCIA,,916,851,080108,CUSCO,CUSCO,CUSCO,09/01/2026
ENERO - DICIEMBRE,2025,05/01/2026,CUSCO,SUPERIOR,PENAL,PENAL,APELACION EXPEDIENTE,,77,70,080108,CUSCO,CUSCO,CUSCO,09/01/2026
ENERO - DICIEMBRE,2025,05/01/2026,CUSCO,SUPERIOR,PENAL,PENAL,CONSULTAS,VIOLENCIA CONTRA LA MUJER Y LOS INTEGRANTES DEL GRUPO FAMILIAR,72,72,080108,CUSCO,CUSCO,CUSCO,09/01/2026
ENERO - DICIEMBRE,2025,05/01/2026,CUSCO,SUPERIOR,PENAL,PENAL,CONSULTAS,,506,472,080108,CUSCO,CUSCO,CUSCO,09/01/2026
ENERO - DICIEMBRE,2025,05/01/2026,CUSCO,SUPERIOR,PENAL,PENAL,DENUNCIA,,145,140,080108,CUSCO,CUSCO,CUSCO,09/01/2026
ENERO - DICIEMBRE,2025,05/01/2026,CUSCO,SUPERIOR,PENAL,PENAL,EXCLUSION FISCAL,VIOLENCIA CONTRA LA MUJER Y LOS INTEGRANTES DEL GRUPO FAMILIAR,1,1,080108,CUSCO,CUSCO,CUSCO,09/01/2026
ENERO - DICIEMBRE,2025,05/01/2026,CUSCO,SUPERIOR,PENAL,PENAL,EXCLUSION FISCAL,,17,16,080108,CUSCO,CUSCO,CUSCO,09/01/2026
ENERO - DICIEMBRE,2025,05/01/2026,CUSCO,SUPERIOR,PENAL,PENAL,EXPEDIENTE,,21,19,080108,CUSCO,CUSCO,CUSCO,09/01/2026
ENERO - DICIEMBRE,2025,05/01/2026,CUSCO,SUPERIOR,PENAL,PENAL,INCIDENTE-EXPEDIENTE,,3,3,080108,CUSCO,CUSCO,CUSCO,09/01/2026
ENERO - DICIEMBRE,2025,05/01/2026,CUSCO,SUPERIOR,PENAL,PENAL,QUEJAS,VIOLENCIA CONTRA LA MUJER Y LOS INTEGRANTES DEL GRUPO FAMILIAR,257,257,080108,CUSCO,CUSCO,CUSCO,09/01/2026
ENERO - DICIEMBRE,2025,05/01/2026,CUSCO,SUPERIOR,PENAL,PENAL,QUEJAS,,1914,1867,080108,CUSCO,CUSCO,CUSCO,09/01/2026
ENERO - DICIEMBRE,2025,05/01/2026,HUANCAVELICA,PROVINCIAL,CIVIL,CIVIL,EXPEDIENTE,,25,23,090101,HUANCAVELICA,HUANCAVELICA,HUANCAVELICA,09/01/2026
ENERO - DICIEMBRE,2025,05/01/2026,HUANCAVELICA,PROVINCIAL,FAMILIA,ACTOS CONTRA LA LIBERTAD SEXUAL,DENUNCIA,,2,1,090101,HUANCAVELICA,HUANCAVELICA,HUANCAVELICA,09/01/2026
ENERO - DICIEMBRE,2025,05/01/2026,HUANCAVELICA,PROVINCIAL,FAMILIA,FAMILIA CIVIL,EXPEDIENTE,,195,181,090101,HUANCAVELICA,HUANCAVELICA,HUANCAVELICA,09/01/2026
ENERO - DICIEMBRE,2025,05/01/2026,HUANCAVELICA,PROVINCIAL,FAMILIA,FAMILIA PENAL,DENUNCIA,,104,88,090101,HUANCAVELICA,HUANCAVELICA,HUANCAVELICA,09/01/2026
ENERO - DICIEMBRE,2025,05/01/2026,HUANCAVELICA,PROVINCIAL,FAMILIA,FAMILIA PENAL,EXPEDIENTE,,18,16,090101,HUANCAVELICA,HUANCAVELICA,HUANCAVELICA,09/01/2026
ENERO - DICIEMBRE,2025,05/01/2026,HUANCAVELICA,PROVINCIAL,FAMILIA,FAMILIA TUTELAR,DENUNCIA,,196,177,090101,HUANCAVELICA,HUANCAVELICA,HUANCAVELICA,09/01/2026
ENERO - DICIEMBRE,2025,05/01/2026,HUANCAVELICA,PROVINCIAL,FAMILIA,FAMILIA TUTELAR,EXPEDIENTE,,49,46,090101,HUANCAVELICA,HUANCAVELICA,HUANCAVELICA,09/01/2026
ENERO - DICIEMBRE,2025,05/01/2026,HUANCAVELICA,PROVINCIAL,FAMILIA,VIOLENCIA FAMILIAR,DENUNCIA,,4,4,090101,HUANCAVELICA,HUANCAVELICA,HUANCAVELICA,09/01/2026
ENERO - DICIEMBRE,2025,05/01/2026,HUANCAVELICA,PROVINCIAL,FAMILIA,VIOLENCIA FAMILIAR,EXPEDIENTE,,4,4,090101,HUANCAVELICA,HUANCAVELICA,HUANCAVELICA,09/01/2026
ENERO - DICIEMBRE,2025,05/01/2026,HUANCAVELICA,PROVINCIAL,PENAL,PENAL,DENUNCIA,CONTRA LA CRIMINALIDAD ORGANIZADA,84,83,090101,HUANCAVELICA,HUANCAVELICA,HUANCAVELICA,09/01/2026
ENERO - DICIEMBRE,2025,05/01/2026,HUANCAVELICA,PROVINCIAL,PENAL,PENAL,DENUNCIA,DELITOS DE CORRUPCION DE FUNCIONARIOS,343,330,090101,HUANCAVELICA,HUANCAVELICA,HUANCAVELICA,09/01/2026
ENERO - DICIEMBRE,2025,05/01/2026,HUANCAVELICA,PROVINCIAL,PENAL,PENAL,DENUNCIA,MATERIA AMBIENTAL,83,83,090101,HUANCAVELICA,HUANCAVELICA,HUANCAVELICA,09/01/2026
ENERO - DICIEMBRE,2025,05/01/2026,HUANCAVELICA,PROVINCIAL,PENAL,PENAL,DENUNCIA,VIOLENCIA CONTRA LA MUJER Y LOS INTEGRANTES DEL GRUPO FAMILIAR,641,636,090101,HUANCAVELICA,HUANCAVELICA,HUANCAVELICA,09/01/2026
ENERO - DICIEMBRE,2025,05/01/2026,HUANCAVELICA,PROVINCIAL,PENAL,PENAL,DENUNCIA,,4520,4459,090101,HUANCAVELICA,HUANCAVELICA,HUANCAVELICA,09/01/2026
ENERO - DICIEMBRE,2025,05/01/2026,HUANCAVELICA,PROVINCIAL,PENAL,PENAL,INVESTIGACION PREVENTIVA,MATERIA AMBIENTAL,11,11,090101,HUANCAVELICA,HUANCAVELICA,HUANCAVELICA,09/01/2026
ENERO - DICIEMBRE,2025,05/01/2026,HUANCAVELICA,PROVINCIAL,PENAL,PENAL,INVESTIGACION PREVENTIVA,,322,320,090101,HUANCAVELICA,HUANCAVELICA,HUANCAVELICA,09/01/2026
ENERO - DICIEMBRE,2025,05/01/2026,HUANCAVELICA,SUPERIOR,FAMILIA,FAMILIA CIVIL,EXPEDIENTE,,9,9,090101,HUANCAVELICA,HUANCAVELICA,HUANCAVELICA,09/01/2026
ENERO - DICIEMBRE,2025,05/01/2026,HUANCAVELICA,SUPERIOR,FAMILIA,FAMILIA CIVIL,INCIDENTE,,1,1,090101,HUANCAVELICA,HUANCAVELICA,HUANCAVELICA,09/01/2026
ENERO - DICIEMBRE,2025,05/01/2026,HUANCAVELICA,SUPERIOR,FAMILIA,FAMILIA PENAL,EXPEDIENTE,,9,9,090101,HUANCAVELICA,HUANCAVELICA,HUANCAVELICA,09/01/2026
ENERO - DICIEMBRE,2025,05/01/2026,HUANCAVELICA,SUPERIOR,FAMILIA,FAMILIA PENAL,INCIDENTE,,2,2,090101,HUANCAVELICA,HUANCAVELICA,HUANCAVELICA,09/01/2026
ENERO - DICIEMBRE,2025,05/01/2026,HUANCAVELICA,SUPERIOR,FAMILIA,FAMILIA TUTELAR,EXPEDIENTE,,3,3,090101,HUANCAVELICA,HUANCAVELICA,HUANCAVELICA,09/01/2026
ENERO - DICIEMBRE,2025,05/01/2026,HUANCAVELICA,SUPERIOR,FAMILIA,VIOLENCIA FAMILIAR,EXPEDIENTE,,5,5,090101,HUANCAVELICA,HUANCAVELICA,HUANCAVELICA,09/01/2026
ENERO - DICIEMBRE,2025,05/01/2026,HUANCAVELICA,SUPERIOR,FAMILIA,VIOLENCIA FAMILIAR,INCIDENTE,,14,14,090101,HUANCAVELICA,HUANCAVELICA,HUANCAVELICA,09/01/2026
ENERO - DICIEMBRE,2025,05/01/2026,HUANCAVELICA,SUPERIOR,PENAL,PENAL,APELACION DENUNCIA,DELITOS DE CORRUPCION DE FUNCIONARIOS,94,94,090101,HUANCAVELICA,HUANCAVELICA,HUANCAVELICA,09/01/2026
ENERO - DICIEMBRE,2025,05/01/2026,HUANCAVELICA,SUPERIOR,PENAL,PENAL,APELACION DENUNCIA,,367,367,090101,HUANCAVELICA,HUANCAVELICA,HUANCAVELICA,09/01/2026
ENERO - DICIEMBRE,2025,05/01/2026,HUANCAVELICA,SUPERIOR,PENAL,PENAL,APELACION EXPEDIENTE,DELITOS DE CORRUPCION DE FUNCIONARIOS,1,1,090101,HUANCAVELICA,HUANCAVELICA,HUANCAVELICA,09/01/2026
ENERO - DICIEMBRE,2025,05/01/2026,HUANCAVELICA,SUPERIOR,PENAL,PENAL,APELACION EXPEDIENTE,,12,12,090101,HUANCAVELICA,HUANCAVELICA,HUANCAVELICA,09/01/2026
ENERO - DICIEMBRE,2025,05/01/2026,HUANCAVELICA,SUPERIOR,PENAL,PENAL,CONSULTAS,DELITOS DE CORRUPCION DE FUNCIONARIOS,26,26,090101,HUANCAVELICA,HUANCAVELICA,HUANCAVELICA,09/01/2026
ENERO - DICIEMBRE,2025,05/01/2026,HUANCAVELICA,SUPERIOR,PENAL,PENAL,CONSULTAS,,54,54,090101,HUANCAVELICA,HUANCAVELICA,HUANCAVELICA,09/01/2026
ENERO - DICIEMBRE,2025,05/01/2026,HUANCAVELICA,SUPERIOR,PENAL,PENAL,DENUNCIA,DELITOS DE CORRUPCION DE FUNCIONARIOS,3,3,090101,HUANCAVELICA,HUANCAVELICA,HUANCAVELICA,09/01/2026
ENERO - DICIEMBRE,2025,05/01/2026,HUANCAVELICA,SUPERIOR,PENAL,PENAL,DENUNCIA,,20,20,090101,HUANCAVELICA,HUANCAVELICA,HUANCAVELICA,09/01/2026
ENERO - DICIEMBRE,2025,05/01/2026,HUANCAVELICA,SUPERIOR,PENAL,PENAL,EXCLUSION FISCAL,,11,11,090101,HUANCAVELICA,HUANCAVELICA,HUANCAVELICA,09/01/2026
ENERO - DICIEMBRE,2025,05/01/2026,HUANCAVELICA,SUPERIOR,PENAL,PENAL,EXPEDIENTE,,5,5,090101,HUANCAVELICA,HUANCAVELICA,HUANCAVELICA,09/01/2026
ENERO - DICIEMBRE,2025,05/01/2026,HUANCAVELICA,SUPERIOR,PENAL,PENAL,INCIDENTE-EXPEDIENTE,,8,8,090101,HUANCAVELICA,HUANCAVELICA,HUANCAVELICA,09/01/2026
ENERO - DICIEMBRE,2025,05/01/2026,HUANCAVELICA,SUPERIOR,PENAL,PENAL,QUEJAS,DELITOS DE CORRUPCION DE FUNCIONARIOS,27,27,090101,HUANCAVELICA,HUANCAVELICA,HUANCAVELICA,09/01/2026
ENERO - DICIEMBRE,2025,05/01/2026,HUANCAVELICA,SUPERIOR,PENAL,PENAL,QUEJAS,,290,290,090101,HUANCAVELICA,HUANCAVELICA,HUANCAVELICA,09/01/2026
ENERO - DICIEMBRE,2025,05/01/2026,HUANUCO,PROVINCIAL,CIVIL,CIVIL,EXPEDIENTE,,223,199,100101,HUANUCO,HUANUCO,HUANUCO,09/01/2026
ENERO - DICIEMBRE,2025,05/01/2026,HUANUCO,PROVINCIAL,FAMILIA,ACTOS CONTRA LA LIBERTAD SEXUAL,DENUNCIA,,207,198,100101,HUANUCO,HUANUCO,HUANUCO,09/01/2026
ENERO - DICIEMBRE,2025,05/01/2026,HUANUCO,PROVINCIAL,FAMILIA,FAMILIA CIVIL,EXPEDIENTE,,1008,931,100101,HUANUCO,HUANUCO,HUANUCO,09/01/2026
ENERO - DICIEMBRE,2025,05/01/2026,HUANUCO,PROVINCIAL,FAMILIA,FAMILIA PENAL,DENUNCIA,,886,804,100101,HUANUCO,HUANUCO,HUANUCO,09/01/2026
ENERO - DICIEMBRE,2025,05/01/2026,HUANUCO,PROVINCIAL,FAMILIA,FAMILIA PENAL,EXPEDIENTE,,172,169,100101,HUANUCO,HUANUCO,HUANUCO,09/01/2026
ENERO - DICIEMBRE,2025,05/01/2026,HUANUCO,PROVINCIAL,FAMILIA,FAMILIA TUTELAR,DENUNCIA,,1522,1506,100101,HUANUCO,HUANUCO,HUANUCO,09/01/2026
ENERO - DICIEMBRE,2025,05/01/2026,HUANUCO,PROVINCIAL,FAMILIA,FAMILIA TUTELAR,EXPEDIENTE,,218,210,100101,HUANUCO,HUANUCO,HUANUCO,09/01/2026
ENERO - DICIEMBRE,2025,05/01/2026,HUANUCO,PROVINCIAL,FAMILIA,VIOLENCIA FAMILIAR,DENUNCIA,,605,588,100101,HUANUCO,HUANUCO,HUANUCO,09/01/2026
ENERO - DICIEMBRE,2025,05/01/2026,HUANUCO,PROVINCIAL,FAMILIA,VIOLENCIA FAMILIAR,EXPEDIENTE,,1,1,100101,HUANUCO,HUANUCO,HUANUCO,09/01/2026
ENERO - DICIEMBRE,2025,05/01/2026,HUANUCO,PROVINCIAL,PENAL,PENAL,DENUNCIA,CONTRA LA CRIMINALIDAD ORGANIZADA,59,58,100101,HUANUCO,HUANUCO,HUANUCO,09/01/2026
ENERO - DICIEMBRE,2025,05/01/2026,HUANUCO,PROVINCIAL,PENAL,PENAL,DENUNCIA,DELITOS DE CORRUPCION DE FUNCIONARIOS,501,439,100101,HUANUCO,HUANUCO,HUANUCO,09/01/2026
ENERO - DICIEMBRE,2025,05/01/2026,HUANUCO,PROVINCIAL,PENAL,PENAL,DENUNCIA,DELITOS DE TRAFICO ILICITO DE DROGAS,471,452,100101,HUANUCO,HUANUCO,HUANUCO,09/01/2026
ENERO - DICIEMBRE,2025,05/01/2026,HUANUCO,PROVINCIAL,PENAL,PENAL,DENUNCIA,DELITOS DE TRATA DE PERSONAS,99,97,100101,HUANUCO,HUANUCO,HUANUCO,09/01/2026
ENERO - DICIEMBRE,2025,05/01/2026,HUANUCO,PROVINCIAL,PENAL,PENAL,DENUNCIA,MATERIA AMBIENTAL,740,728,100101,HUANUCO,HUANUCO,HUANUCO,09/01/2026
ENERO - DICIEMBRE,2025,05/01/2026,HUANUCO,PROVINCIAL,PENAL,PENAL,DENUNCIA,,33462,31920,100101,HUANUCO,HUANUCO,HUANUCO,09/01/2026
ENERO - DICIEMBRE,2025,05/01/2026,HUANUCO,PROVINCIAL,PENAL,PENAL,INVESTIGACION PREVENTIVA,MATERIA AMBIENTAL,45,44,100101,HUANUCO,HUANUCO,HUANUCO,09/01/2026
ENERO - DICIEMBRE,2025,05/01/2026,HUANUCO,PROVINCIAL,PENAL,PENAL,INVESTIGACION PREVENTIVA,,1021,1010,100101,HUANUCO,HUANUCO,HUANUCO,09/01/2026
ENERO - DICIEMBRE,2025,05/01/2026,HUANUCO,SUPERIOR,CIVIL,CIVIL,EXPEDIENTE,,24,23,100101,HUANUCO,HUANUCO,HUANUCO,09/01/2026
ENERO - DICIEMBRE,2025,05/01/2026,HUANUCO,SUPERIOR,FAMILIA,FAMILIA CIVIL,EXPEDIENTE,,108,106,100101,HUANUCO,HUANUCO,HUANUCO,09/01/2026
ENERO - DICIEMBRE,2025,05/01/2026,HUANUCO,SUPERIOR,FAMILIA,FAMILIA PENAL,EXPEDIENTE,,53,52,100101,HUANUCO,HUANUCO,HUANUCO,09/01/2026
ENERO - DICIEMBRE,2025,05/01/2026,HUANUCO,SUPERIOR,FAMILIA,FAMILIA TUTELAR,EXPEDIENTE,,6,6,100101,HUANUCO,HUANUCO,HUANUCO,09/01/2026
ENERO - DICIEMBRE,2025,05/01/2026,HUANUCO,SUPERIOR,FAMILIA,VIOLENCIA FAMILIAR,EXPEDIENTE,,170,167,100101,HUANUCO,HUANUCO,HUANUCO,09/01/2026
ENERO - DICIEMBRE,2025,05/01/2026,HUANUCO,SUPERIOR,FAMILIA,VIOLENCIA FAMILIAR,INCIDENTE,,37,37,100101,HUANUCO,HUANUCO,HUANUCO,09/01/2026
ENERO - DICIEMBRE,2025,05/01/2026,HUANUCO,SUPERIOR,PENAL,PENAL,APELACION DENUNCIA,DELITOS DE CORRUPCION DE FUNCIONARIOS,97,67,100101,HUANUCO,HUANUCO,HUANUCO,09/01/2026
ENERO - DICIEMBRE,2025,05/01/2026,HUANUCO,SUPERIOR,PENAL,PENAL,APELACION DENUNCIA,,1434,1434,100101,HUANUCO,HUANUCO,HUANUCO,09/01/2026
ENERO - DICIEMBRE,2025,05/01/2026,HUANUCO,SUPERIOR,PENAL,PENAL,APELACION EXPEDIENTE,DELITOS DE CORRUPCION DE FUNCIONARIOS,1,0,100101,HUANUCO,HUANUCO,HUANUCO,09/01/2026
ENERO - DICIEMBRE,2025,05/01/2026,HUANUCO,SUPERIOR,PENAL,PENAL,APELACION EXPEDIENTE,,1,1,100101,HUANUCO,HUANUCO,HUANUCO,09/01/2026
ENERO - DICIEMBRE,2025,05/01/2026,HUANUCO,SUPERIOR,PENAL,PENAL,CONSULTAS,DELITOS DE CORRUPCION DE FUNCIONARIOS,48,41,100101,HUANUCO,HUANUCO,HUANUCO,09/01/2026
ENERO - DICIEMBRE,2025,05/01/2026,HUANUCO,SUPERIOR,PENAL,PENAL,CONSULTAS,,473,472,100101,HUANUCO,HUANUCO,HUANUCO,09/01/2026
ENERO - DICIEMBRE,2025,05/01/2026,HUANUCO,SUPERIOR,PENAL,PENAL,DENUNCIA,DELITOS DE CORRUPCION DE FUNCIONARIOS,12,10,100101,HUANUCO,HUANUCO,HUANUCO,09/01/2026
ENERO - DICIEMBRE,2025,05/01/2026,HUANUCO,SUPERIOR,PENAL,PENAL,DENUNCIA,,87,87,100101,HUANUCO,HUANUCO,HUANUCO,09/01/2026
ENERO - DICIEMBRE,2025,05/01/2026,HUANUCO,SUPERIOR,PENAL,PENAL,EXCLUSION FISCAL,DELITOS DE CORRUPCION DE FUNCIONARIOS,1,1,100101,HUANUCO,HUANUCO,HUANUCO,09/01/2026
ENERO - DICIEMBRE,2025,05/01/2026,HUANUCO,SUPERIOR,PENAL,PENAL,EXCLUSION FISCAL,,82,82,100101,HUANUCO,HUANUCO,HUANUCO,09/01/2026
ENERO - DICIEMBRE,2025,05/01/2026,HUANUCO,SUPERIOR,PENAL,PENAL,EXPEDIENTE,,181,177,100101,HUANUCO,HUANUCO,HUANUCO,09/01/2026
ENERO - DICIEMBRE,2025,05/01/2026,HUANUCO,SUPERIOR,PENAL,PENAL,INCIDENTE-EXPEDIENTE,,20,19,100101,HUANUCO,HUANUCO,HUANUCO,09/01/2026
ENERO - DICIEMBRE,2025,05/01/2026,HUANUCO,SUPERIOR,PENAL,PENAL,QUEJAS,DELITOS DE CORRUPCION DE FUNCIONARIOS,97,97,100101,HUANUCO,HUANUCO,HUANUCO,09/01/2026
ENERO - DICIEMBRE,2025,05/01/2026,HUANUCO,SUPERIOR,PENAL,PENAL,QUEJAS,,1491,1488,100101,HUANUCO,HUANUCO,HUANUCO,09/01/2026
ENERO - DICIEMBRE,2025,05/01/2026,HUAURA,PROVINCIAL,CIVIL,CIVIL,EXPEDIENTE,,25,18,150801,LIMA,LIMA,HUAURA,09/01/2026
ENERO - DICIEMBRE,2025,05/01/2026,HUAURA,PROVINCIAL,FAMILIA,ACTOS CONTRA LA LIBERTAD SEXUAL,DENUNCIA,,2,1,150801,LIMA,LIMA,HUAURA,09/01/2026
ENERO - DICIEMBRE,2025,05/01/2026,HUAURA,PROVINCIAL,FAMILIA,FAMILIA CIVIL,EXPEDIENTE,,826,801,150801,LIMA,LIMA,HUAURA,09/01/2026
ENERO - DICIEMBRE,2025,05/01/2026,HUAURA,PROVINCIAL,FAMILIA,FAMILIA PENAL,DENUNCIA,,337,319,150801,LIMA,LIMA,HUAURA,09/01/2026
ENERO - DICIEMBRE,2025,05/01/2026,HUAURA,PROVINCIAL,FAMILIA,FAMILIA PENAL,EXPEDIENTE,,104,96,150801,LIMA,LIMA,HUAURA,09/01/2026
ENERO - DICIEMBRE,2025,05/01/2026,HUAURA,PROVINCIAL,FAMILIA,FAMILIA TUTELAR,DENUNCIA,,158,147,150801,LIMA,LIMA,HUAURA,09/01/2026
ENERO - DICIEMBRE,2025,05/01/2026,HUAURA,PROVINCIAL,FAMILIA,FAMILIA TUTELAR,EXPEDIENTE,,61,56,150801,LIMA,LIMA,HUAURA,09/01/2026
ENERO - DICIEMBRE,2025,05/01/2026,HUAURA,PROVINCIAL,FAMILIA,VIOLENCIA FAMILIAR,DENUNCIA,,4,4,150801,LIMA,LIMA,HUAURA,09/01/2026
ENERO - DICIEMBRE,2025,05/01/2026,HUAURA,PROVINCIAL,PENAL,PENAL,DENUNCIA,CONTRA LA CRIMINALIDAD ORGANIZADA,142,134,150801,LIMA,LIMA,HUAURA,09/01/2026
ENERO - DICIEMBRE,2025,05/01/2026,HUAURA,PROVINCIAL,PENAL,PENAL,DENUNCIA,DELITOS DE CORRUPCION DE FUNCIONARIOS,284,282,150801,LIMA,LIMA,HUAURA,09/01/2026
ENERO - DICIEMBRE,2025,05/01/2026,HUAURA,PROVINCIAL,PENAL,PENAL,DENUNCIA,VIOLENCIA CONTRA LA MUJER Y LOS INTEGRANTES DEL GRUPO FAMILIAR,1099,1099,150801,LIMA,LIMA,HUAURA,09/01/2026
ENERO - DICIEMBRE,2025,05/01/2026,HUAURA,PROVINCIAL,PENAL,PENAL,DENUNCIA,,20020,18798,150801,LIMA,LIMA,HUAURA,09/01/2026
ENERO - DICIEMBRE,2025,05/01/2026,HUAURA,SUPERIOR,FAMILIA,FAMILIA CIVIL,EXPEDIENTE,,33,31,150801,LIMA,LIMA,HUAURA,09/01/2026
ENERO - DICIEMBRE,2025,05/01/2026,HUAURA,SUPERIOR,FAMILIA,FAMILIA CIVIL,INCIDENTE,,7,6,150801,LIMA,LIMA,HUAURA,09/01/2026
ENERO - DICIEMBRE,2025,05/01/2026,HUAURA,SUPERIOR,FAMILIA,FAMILIA PENAL,EXPEDIENTE,,30,29,150801,LIMA,LIMA,HUAURA,09/01/2026
ENERO - DICIEMBRE,2025,05/01/2026,HUAURA,SUPERIOR,FAMILIA,FAMILIA PENAL,INCIDENTE,,6,6,150801,LIMA,LIMA,HUAURA,09/01/2026
ENERO - DICIEMBRE,2025,05/01/2026,HUAURA,SUPERIOR,FAMILIA,FAMILIA TUTELAR,EXPEDIENTE,,5,5,150801,LIMA,LIMA,HUAURA,09/01/2026
ENERO - DICIEMBRE,2025,05/01/2026,HUAURA,SUPERIOR,FAMILIA,VIOLENCIA FAMILIAR,EXPEDIENTE,,21,17,150801,LIMA,LIMA,HUAURA,09/01/2026
ENERO - DICIEMBRE,2025,05/01/2026,HUAURA,SUPERIOR,FAMILIA,VIOLENCIA FAMILIAR,INCIDENTE,,146,131,150801,LIMA,LIMA,HUAURA,09/01/2026
ENERO - DICIEMBRE,2025,05/01/2026,HUAURA,SUPERIOR,PENAL,PENAL,APELACION DENUNCIA,,1064,1062,150801,LIMA,LIMA,HUAURA,09/01/2026
ENERO - DICIEMBRE,2025,05/01/2026,HUAURA,SUPERIOR,PENAL,PENAL,APELACION EXPEDIENTE,,2,2,150801,LIMA,LIMA,HUAURA,09/01/2026
ENERO - DICIEMBRE,2025,05/01/2026,HUAURA,SUPERIOR,PENAL,PENAL,CONSULTAS,,158,158,150801,LIMA,LIMA,HUAURA,09/01/2026
ENERO - DICIEMBRE,2025,05/01/2026,HUAURA,SUPERIOR,PENAL,PENAL,DENUNCIA,,43,43,150801,LIMA,LIMA,HUAURA,09/01/2026
ENERO - DICIEMBRE,2025,05/01/2026,HUAURA,SUPERIOR,PENAL,PENAL,EXCLUSION FISCAL,,17,17,150801,LIMA,LIMA,HUAURA,09/01/2026
ENERO - DICIEMBRE,2025,05/01/2026,HUAURA,SUPERIOR,PENAL,PENAL,EXPEDIENTE,,7,7,150801,LIMA,LIMA,HUAURA,09/01/2026
ENERO - DICIEMBRE,2025,05/01/2026,HUAURA,SUPERIOR,PENAL,PENAL,QUEJAS,,760,760,150801,LIMA,LIMA,HUAURA,09/01/2026
ENERO - DICIEMBRE,2025,05/01/2026,ICA,PROVINCIAL,CIVIL,CIVIL,EXPEDIENTE,,33,29,110101,ICA,ICA,ICA,09/01/2026
ENERO - DICIEMBRE,2025,05/01/2026,ICA,PROVINCIAL,FAMILIA,ACTOS CONTRA LA LIBERTAD SEXUAL,DENUNCIA,,3,3,110101,ICA,ICA,ICA,09/01/2026
ENERO - DICIEMBRE,2025,05/01/2026,ICA,PROVINCIAL,FAMILIA,FAMILIA CIVIL,EXPEDIENTE,,1022,968,110101,ICA,ICA,ICA,09/01/2026
ENERO - DICIEMBRE,2025,05/01/2026,ICA,PROVINCIAL,FAMILIA,FAMILIA PENAL,DENUNCIA,,802,689,110101,ICA,ICA,ICA,09/01/2026
ENERO - DICIEMBRE,2025,05/01/2026,ICA,PROVINCIAL,FAMILIA,FAMILIA PENAL,EXPEDIENTE,,173,161,110101,ICA,ICA,ICA,09/01/2026
ENERO - DICIEMBRE,2025,05/01/2026,ICA,PROVINCIAL,FAMILIA,FAMILIA TUTELAR,DENUNCIA,,444,408,110101,ICA,ICA,ICA,09/01/2026
ENERO - DICIEMBRE,2025,05/01/2026,ICA,PROVINCIAL,FAMILIA,FAMILIA TUTELAR,EXPEDIENTE,,70,69,110101,ICA,ICA,ICA,09/01/2026
ENERO - DICIEMBRE,2025,05/01/2026,ICA,PROVINCIAL,FAMILIA,VIOLENCIA FAMILIAR,DENUNCIA,,54,52,110101,ICA,ICA,ICA,09/01/2026
ENERO - DICIEMBRE,2025,05/01/2026,ICA,PROVINCIAL,FAMILIA,VIOLENCIA FAMILIAR,EXPEDIENTE,,1,1,110101,ICA,ICA,ICA,09/01/2026
ENERO - DICIEMBRE,2025,05/01/2026,ICA,PROVINCIAL,PENAL,PENAL,DENUNCIA,CONTRA LA CRIMINALIDAD ORGANIZADA,80,78,110101,ICA,ICA,ICA,09/01/2026
ENERO - DICIEMBRE,2025,05/01/2026,ICA,PROVINCIAL,PENAL,PENAL,DENUNCIA,DELITOS DE CORRUPCION DE FUNCIONARIOS,351,285,110101,ICA,ICA,ICA,09/01/2026
ENERO - DICIEMBRE,2025,05/01/2026,ICA,PROVINCIAL,PENAL,PENAL,DENUNCIA,MATERIA AMBIENTAL,225,217,110101,ICA,ICA,ICA,09/01/2026
ENERO - DICIEMBRE,2025,05/01/2026,ICA,PROVINCIAL,PENAL,PENAL,DENUNCIA,,40546,33052,110101,ICA,ICA,ICA,09/01/2026
ENERO - DICIEMBRE,2025,05/01/2026,ICA,PROVINCIAL,PENAL,PENAL,INVESTIGACION PREVENTIVA,MATERIA AMBIENTAL,7,6,110101,ICA,ICA,ICA,09/01/2026
ENERO - DICIEMBRE,2025,05/01/2026,ICA,PROVINCIAL,PENAL,PENAL,INVESTIGACION PREVENTIVA,,151,142,110101,ICA,ICA,ICA,09/01/2026
ENERO - DICIEMBRE,2025,05/01/2026,ICA,SUPERIOR,CIVIL,CIVIL,EXPEDIENTE,,41,37,110101,ICA,ICA,ICA,09/01/2026
ENERO - DICIEMBRE,2025,05/01/2026,ICA,SUPERIOR,FAMILIA,FAMILIA CIVIL,EXPEDIENTE,,177,160,110101,ICA,ICA,ICA,09/01/2026
ENERO - DICIEMBRE,2025,05/01/2026,ICA,SUPERIOR,FAMILIA,FAMILIA CIVIL,INCIDENTE,,1,1,110101,ICA,ICA,ICA,09/01/2026
ENERO - DICIEMBRE,2025,05/01/2026,ICA,SUPERIOR,FAMILIA,FAMILIA PENAL,EXPEDIENTE,,45,44,110101,ICA,ICA,ICA,09/01/2026
ENERO - DICIEMBRE,2025,05/01/2026,ICA,SUPERIOR,FAMILIA,FAMILIA PENAL,INCIDENTE,,2,2,110101,ICA,ICA,ICA,09/01/2026
ENERO - DICIEMBRE,2025,05/01/2026,ICA,SUPERIOR,FAMILIA,FAMILIA TUTELAR,EXPEDIENTE,,12,12,110101,ICA,ICA,ICA,09/01/2026
ENERO - DICIEMBRE,2025,05/01/2026,ICA,SUPERIOR,FAMILIA,VIOLENCIA FAMILIAR,EXPEDIENTE,,391,384,110101,ICA,ICA,ICA,09/01/2026
ENERO - DICIEMBRE,2025,05/01/2026,ICA,SUPERIOR,FAMILIA,VIOLENCIA FAMILIAR,INCIDENTE,,69,69,110101,ICA,ICA,ICA,09/01/2026
ENERO - DICIEMBRE,2025,05/01/2026,ICA,SUPERIOR,PENAL,PENAL,APELACION DENUNCIA,,2180,2145,110101,ICA,ICA,ICA,09/01/2026
ENERO - DICIEMBRE,2025,05/01/2026,ICA,SUPERIOR,PENAL,PENAL,APELACION EXPEDIENTE,,40,40,110101,ICA,ICA,ICA,09/01/2026
ENERO - DICIEMBRE,2025,05/01/2026,ICA,SUPERIOR,PENAL,PENAL,CONSULTAS,,305,299,110101,ICA,ICA,ICA,09/01/2026
ENERO - DICIEMBRE,2025,05/01/2026,ICA,SUPERIOR,PENAL,PENAL,DENUNCIA,,131,129,110101,ICA,ICA,ICA,09/01/2026
ENERO - DICIEMBRE,2025,05/01/2026,ICA,SUPERIOR,PENAL,PENAL,EXCLUSION FISCAL,,52,52,110101,ICA,ICA,ICA,09/01/2026
ENERO - DICIEMBRE,2025,05/01/2026,ICA,SUPERIOR,PENAL,PENAL,EXPEDIENTE,,27,25,110101,ICA,ICA,ICA,09/01/2026
ENERO - DICIEMBRE,2025,05/01/2026,ICA,SUPERIOR,PENAL,PENAL,INCIDENTE-EXPEDIENTE,,1,0,110101,ICA,ICA,ICA,09/01/2026
ENERO - DICIEMBRE,2025,05/01/2026,ICA,SUPERIOR,PENAL,PENAL,QUEJAS,,1681,1677,110101,ICA,ICA,ICA,09/01/2026
ENERO - DICIEMBRE,2025,05/01/2026,JUNIN,PROVINCIAL,CIVIL,CIVIL,EXPEDIENTE,,34,34,120114,JUNIN,JUNIN,HUANCAYO,09/01/2026
ENERO - DICIEMBRE,2025,05/01/2026,JUNIN,PROVINCIAL,FAMILIA,ACTOS CONTRA LA LIBERTAD SEXUAL,DENUNCIA,,53,51,120114,JUNIN,JUNIN,HUANCAYO,09/01/2026
ENERO - DICIEMBRE,2025,05/01/2026,JUNIN,PROVINCIAL,FAMILIA,FAMILIA CIVIL,EXPEDIENTE,,1320,1274,120114,JUNIN,JUNIN,HUANCAYO,09/01/2026
ENERO - DICIEMBRE,2025,05/01/2026,JUNIN,PROVINCIAL,FAMILIA,FAMILIA PENAL,DENUNCIA,,1091,939,120114,JUNIN,JUNIN,HUANCAYO,09/01/2026
ENERO - DICIEMBRE,2025,05/01/2026,JUNIN,PROVINCIAL,FAMILIA,FAMILIA PENAL,EXPEDIENTE,,211,202,120114,JUNIN,JUNIN,HUANCAYO,09/01/2026
ENERO - DICIEMBRE,2025,05/01/2026,JUNIN,PROVINCIAL,FAMILIA,FAMILIA TUTELAR,DENUNCIA,,434,391,120114,JUNIN,JUNIN,HUANCAYO,09/01/2026
ENERO - DICIEMBRE,2025,05/01/2026,JUNIN,PROVINCIAL,FAMILIA,FAMILIA TUTELAR,EXPEDIENTE,,162,140,120114,JUNIN,JUNIN,HUANCAYO,09/01/2026
ENERO - DICIEMBRE,2025,05/01/2026,JUNIN,PROVINCIAL,FAMILIA,VIOLENCIA FAMILIAR,DENUNCIA,,10,8,120114,JUNIN,JUNIN,HUANCAYO,09/01/2026
ENERO - DICIEMBRE,2025,05/01/2026,JUNIN,PROVINCIAL,PENAL,PENAL,DENUNCIA,CONTRA LA CRIMINALIDAD ORGANIZADA,65,65,120114,JUNIN,JUNIN,HUANCAYO,09/01/2026
ENERO - DICIEMBRE,2025,05/01/2026,JUNIN,PROVINCIAL,PENAL,PENAL,DENUNCIA,DELITOS DE CORRUPCION DE FUNCIONARIOS,597,569,120114,JUNIN,JUNIN,HUANCAYO,09/01/2026
ENERO - DICIEMBRE,2025,05/01/2026,JUNIN,PROVINCIAL,PENAL,PENAL,DENUNCIA,DELITOS DE TRAFICO ILICITO DE DROGAS,43,42,120114,JUNIN,JUNIN,HUANCAYO,09/01/2026
ENERO - DICIEMBRE,2025,05/01/2026,JUNIN,PROVINCIAL,PENAL,PENAL,DENUNCIA,MATERIA AMBIENTAL,591,591,120114,JUNIN,JUNIN,HUANCAYO,09/01/2026
ENERO - DICIEMBRE,2025,05/01/2026,JUNIN,PROVINCIAL,PENAL,PENAL,DENUNCIA,VIOLENCIA CONTRA LA MUJER Y LOS INTEGRANTES DEL GRUPO FAMILIAR,9982,9681,120114,JUNIN,JUNIN,HUANCAYO,09/01/2026
ENERO - DICIEMBRE,2025,05/01/2026,JUNIN,PROVINCIAL,PENAL,PENAL,DENUNCIA,,35634,33132,120114,JUNIN,JUNIN,HUANCAYO,09/01/2026
ENERO - DICIEMBRE,2025,05/01/2026,JUNIN,PROVINCIAL,PENAL,PENAL,INVESTIGACION PREVENTIVA,MATERIA AMBIENTAL,2,2,120114,JUNIN,JUNIN,HUANCAYO,09/01/2026
ENERO - DICIEMBRE,2025,05/01/2026,JUNIN,PROVINCIAL,PENAL,PENAL,INVESTIGACION PREVENTIVA,,371,370,120114,JUNIN,JUNIN,HUANCAYO,09/01/2026
ENERO - DICIEMBRE,2025,05/01/2026,JUNIN,SUPERIOR,CIVIL,CIVIL,EXPEDIENTE,,11,11,120114,JUNIN,JUNIN,HUANCAYO,09/01/2026
ENERO - DICIEMBRE,2025,05/01/2026,JUNIN,SUPERIOR,FAMILIA,FAMILIA CIVIL,EXPEDIENTE,,37,30,120114,JUNIN,JUNIN,HUANCAYO,09/01/2026
ENERO - DICIEMBRE,2025,05/01/2026,JUNIN,SUPERIOR,FAMILIA,FAMILIA PENAL,EXPEDIENTE,,23,21,120114,JUNIN,JUNIN,HUANCAYO,09/01/2026
ENERO - DICIEMBRE,2025,05/01/2026,JUNIN,SUPERIOR,FAMILIA,FAMILIA PENAL,INCIDENTE,,9,9,120114,JUNIN,JUNIN,HUANCAYO,09/01/2026
ENERO - DICIEMBRE,2025,05/01/2026,JUNIN,SUPERIOR,FAMILIA,FAMILIA TUTELAR,EXPEDIENTE,,5,5,120114,JUNIN,JUNIN,HUANCAYO,09/01/2026
ENERO - DICIEMBRE,2025,05/01/2026,JUNIN,SUPERIOR,FAMILIA,VIOLENCIA FAMILIAR,EXPEDIENTE,,204,199,120114,JUNIN,JUNIN,HUANCAYO,09/01/2026
ENERO - DICIEMBRE,2025,05/01/2026,JUNIN,SUPERIOR,FAMILIA,VIOLENCIA FAMILIAR,INCIDENTE,,1,0,120114,JUNIN,JUNIN,HUANCAYO,09/01/2026
ENERO - DICIEMBRE,2025,05/01/2026,JUNIN,SUPERIOR,PENAL,PENAL,APELACION DENUNCIA,DELITOS DE CORRUPCION DE FUNCIONARIOS,216,216,120114,JUNIN,JUNIN,HUANCAYO,09/01/2026
ENERO - DICIEMBRE,2025,05/01/2026,JUNIN,SUPERIOR,PENAL,PENAL,APELACION DENUNCIA,VIOLENCIA CONTRA LA MUJER Y LOS INTEGRANTES DEL GRUPO FAMILIAR,286,285,120114,JUNIN,JUNIN,HUANCAYO,09/01/2026
ENERO - DICIEMBRE,2025,05/01/2026,JUNIN,SUPERIOR,PENAL,PENAL,APELACION DENUNCIA,,1467,1464,120114,JUNIN,JUNIN,HUANCAYO,09/01/2026
ENERO - DICIEMBRE,2025,05/01/2026,JUNIN,SUPERIOR,PENAL,PENAL,APELACION EXPEDIENTE,DELITOS DE CORRUPCION DE FUNCIONARIOS,1,1,120114,JUNIN,JUNIN,HUANCAYO,09/01/2026
ENERO - DICIEMBRE,2025,05/01/2026,JUNIN,SUPERIOR,PENAL,PENAL,APELACION EXPEDIENTE,VIOLENCIA CONTRA LA MUJER Y LOS INTEGRANTES DEL GRUPO FAMILIAR,81,81,120114,JUNIN,JUNIN,HUANCAYO,09/01/2026
ENERO - DICIEMBRE,2025,05/01/2026,JUNIN,SUPERIOR,PENAL,PENAL,APELACION EXPEDIENTE,,640,640,120114,JUNIN,JUNIN,HUANCAYO,09/01/2026
ENERO - DICIEMBRE,2025,05/01/2026,JUNIN,SUPERIOR,PENAL,PENAL,CONSULTAS,DELITOS DE CORRUPCION DE FUNCIONARIOS,5,4,120114,JUNIN,JUNIN,HUANCAYO,09/01/2026
ENERO - DICIEMBRE,2025,05/01/2026,JUNIN,SUPERIOR,PENAL,PENAL,CONSULTAS,VIOLENCIA CONTRA LA MUJER Y LOS INTEGRANTES DEL GRUPO FAMILIAR,81,81,120114,JUNIN,JUNIN,HUANCAYO,09/01/2026
ENERO - DICIEMBRE,2025,05/01/2026,JUNIN,SUPERIOR,PENAL,PENAL,CONSULTAS,,246,244,120114,JUNIN,JUNIN,HUANCAYO,09/01/2026
ENERO - DICIEMBRE,2025,05/01/2026,JUNIN,SUPERIOR,PENAL,PENAL,DENUNCIA,DELITOS DE CORRUPCION DE FUNCIONARIOS,11,11,120114,JUNIN,JUNIN,HUANCAYO,09/01/2026
ENERO - DICIEMBRE,2025,05/01/2026,JUNIN,SUPERIOR,PENAL,PENAL,DENUNCIA,,197,195,120114,JUNIN,JUNIN,HUANCAYO,09/01/2026
ENERO - DICIEMBRE,2025,05/01/2026,JUNIN,SUPERIOR,PENAL,PENAL,EXCLUSION FISCAL,DELITOS DE CORRUPCION DE FUNCIONARIOS,2,2,120114,JUNIN,JUNIN,HUANCAYO,09/01/2026
ENERO - DICIEMBRE,2025,05/01/2026,JUNIN,SUPERIOR,PENAL,PENAL,EXCLUSION FISCAL,VIOLENCIA CONTRA LA MUJER Y LOS INTEGRANTES DEL GRUPO FAMILIAR,13,13,120114,JUNIN,JUNIN,HUANCAYO,09/01/2026
ENERO - DICIEMBRE,2025,05/01/2026,JUNIN,SUPERIOR,PENAL,PENAL,EXCLUSION FISCAL,,69,69,120114,JUNIN,JUNIN,HUANCAYO,09/01/2026
ENERO - DICIEMBRE,2025,05/01/2026,JUNIN,SUPERIOR,PENAL,PENAL,EXPEDIENTE,,71,61,120114,JUNIN,JUNIN,HUANCAYO,09/01/2026
ENERO - DICIEMBRE,2025,05/01/2026,JUNIN,SUPERIOR,PENAL,PENAL,INCIDENTE-EXPEDIENTE,,13,11,120114,JUNIN,JUNIN,HUANCAYO,09/01/2026
ENERO - DICIEMBRE,2025,05/01/2026,JUNIN,SUPERIOR,PENAL,PENAL,QUEJAS,DELITOS DE CORRUPCION DE FUNCIONARIOS,124,124,120114,JUNIN,JUNIN,HUANCAYO,09/01/2026
ENERO - DICIEMBRE,2025,05/01/2026,JUNIN,SUPERIOR,PENAL,PENAL,QUEJAS,VIOLENCIA CONTRA LA MUJER Y LOS INTEGRANTES DEL GRUPO FAMILIAR,182,178,120114,JUNIN,JUNIN,HUANCAYO,09/01/2026
ENERO - DICIEMBRE,2025,05/01/2026,JUNIN,SUPERIOR,PENAL,PENAL,QUEJAS,,1704,1693,120114,JUNIN,JUNIN,HUANCAYO,09/01/2026
ENERO - DICIEMBRE,2025,05/01/2026,LA LIBERTAD,PROVINCIAL,CIVIL,CIVIL,EXPEDIENTE,,147,54,130101,LA LIBERTAD,LA LIBERTAD,TRUJILLO,09/01/2026
ENERO - DICIEMBRE,2025,05/01/2026,LA LIBERTAD,PROVINCIAL,FAMILIA,ACTOS CONTRA LA LIBERTAD SEXUAL,DENUNCIA,,63,58,130101,LA LIBERTAD,LA LIBERTAD,TRUJILLO,09/01/2026
ENERO - DICIEMBRE,2025,05/01/2026,LA LIBERTAD,PROVINCIAL,FAMILIA,FAMILIA CIVIL,EXPEDIENTE,,1065,757,130101,LA LIBERTAD,LA LIBERTAD,TRUJILLO,09/01/2026
ENERO - DICIEMBRE,2025,05/01/2026,LA LIBERTAD,PROVINCIAL,FAMILIA,FAMILIA PENAL,DENUNCIA,,1407,961,130101,LA LIBERTAD,LA LIBERTAD,TRUJILLO,09/01/2026
ENERO - DICIEMBRE,2025,05/01/2026,LA LIBERTAD,PROVINCIAL,FAMILIA,FAMILIA PENAL,EXPEDIENTE,,227,194,130101,LA LIBERTAD,LA LIBERTAD,TRUJILLO,09/01/2026
ENERO - DICIEMBRE,2025,05/01/2026,LA LIBERTAD,PROVINCIAL,FAMILIA,FAMILIA TUTELAR,DENUNCIA,,1332,1054,130101,LA LIBERTAD,LA LIBERTAD,TRUJILLO,09/01/2026
ENERO - DICIEMBRE,2025,05/01/2026,LA LIBERTAD,PROVINCIAL,FAMILIA,FAMILIA TUTELAR,EXPEDIENTE,,53,39,130101,LA LIBERTAD,LA LIBERTAD,TRUJILLO,09/01/2026
ENERO - DICIEMBRE,2025,05/01/2026,LA LIBERTAD,PROVINCIAL,FAMILIA,VIOLENCIA FAMILIAR,DENUNCIA,,297,246,130101,LA LIBERTAD,LA LIBERTAD,TRUJILLO,09/01/2026
ENERO - DICIEMBRE,2025,05/01/2026,LA LIBERTAD,PROVINCIAL,FAMILIA,VIOLENCIA FAMILIAR,EXPEDIENTE,,1,1,130101,LA LIBERTAD,LA LIBERTAD,TRUJILLO,09/01/2026
ENERO - DICIEMBRE,2025,05/01/2026,LA LIBERTAD,PROVINCIAL,PENAL,PENAL,DENUNCIA,CONTRA LA CRIMINALIDAD ORGANIZADA,99,97,130101,LA LIBERTAD,LA LIBERTAD,TRUJILLO,09/01/2026
ENERO - DICIEMBRE,2025,05/01/2026,LA LIBERTAD,PROVINCIAL,PENAL,PENAL,DENUNCIA,DELITOS DE CIBERDELINCUENCIA,1484,1454,130101,LA LIBERTAD,LA LIBERTAD,TRUJILLO,09/01/2026
ENERO - DICIEMBRE,2025,05/01/2026,LA LIBERTAD,PROVINCIAL,PENAL,PENAL,DENUNCIA,DELITOS DE CORRUPCION DE FUNCIONARIOS,719,643,130101,LA LIBERTAD,LA LIBERTAD,TRUJILLO,09/01/2026
ENERO - DICIEMBRE,2025,05/01/2026,LA LIBERTAD,PROVINCIAL,PENAL,PENAL,DENUNCIA,DELITOS DE TRAFICO ILICITO DE DROGAS,259,259,130101,LA LIBERTAD,LA LIBERTAD,TRUJILLO,09/01/2026
ENERO - DICIEMBRE,2025,05/01/2026,LA LIBERTAD,PROVINCIAL,PENAL,PENAL,DENUNCIA,DELITOS DE TRATA DE PERSONAS,57,57,130101,LA LIBERTAD,LA LIBERTAD,TRUJILLO,09/01/2026
ENERO - DICIEMBRE,2025,05/01/2026,LA LIBERTAD,PROVINCIAL,PENAL,PENAL,DENUNCIA,MATERIA AMBIENTAL,600,566,130101,LA LIBERTAD,LA LIBERTAD,TRUJILLO,09/01/2026
ENERO - DICIEMBRE,2025,05/01/2026,LA LIBERTAD,PROVINCIAL,PENAL,PENAL,DENUNCIA,VIOLENCIA CONTRA LA MUJER Y LOS INTEGRANTES DEL GRUPO FAMILIAR,3315,3132,130101,LA LIBERTAD,LA LIBERTAD,TRUJILLO,09/01/2026
ENERO - DICIEMBRE,2025,05/01/2026,LA LIBERTAD,PROVINCIAL,PENAL,PENAL,DENUNCIA,,53578,48789,130101,LA LIBERTAD,LA LIBERTAD,TRUJILLO,09/01/2026
ENERO - DICIEMBRE,2025,05/01/2026,LA LIBERTAD,PROVINCIAL,PENAL,PENAL,EXPEDIENTE,,6,3,130101,LA LIBERTAD,LA LIBERTAD,TRUJILLO,09/01/2026
ENERO - DICIEMBRE,2025,05/01/2026,LA LIBERTAD,PROVINCIAL,PENAL,PENAL,INVESTIGACION PREVENTIVA,MATERIA AMBIENTAL,26,26,130101,LA LIBERTAD,LA LIBERTAD,TRUJILLO,09/01/2026
ENERO - DICIEMBRE,2025,05/01/2026,LA LIBERTAD,PROVINCIAL,PENAL,PENAL,INVESTIGACION PREVENTIVA,,209,196,130101,LA LIBERTAD,LA LIBERTAD,TRUJILLO,09/01/2026
ENERO - DICIEMBRE,2025,05/01/2026,LA LIBERTAD,SUPERIOR,CIVIL,CIVIL,EXPEDIENTE,,24,24,130101,LA LIBERTAD,LA LIBERTAD,TRUJILLO,09/01/2026
ENERO - DICIEMBRE,2025,05/01/2026,LA LIBERTAD,SUPERIOR,FAMILIA,FAMILIA CIVIL,EXPEDIENTE,,65,65,130101,LA LIBERTAD,LA LIBERTAD,TRUJILLO,09/01/2026
ENERO - DICIEMBRE,2025,05/01/2026,LA LIBERTAD,SUPERIOR,FAMILIA,FAMILIA CIVIL,INCIDENTE,,1,1,130101,LA LIBERTAD,LA LIBERTAD,TRUJILLO,09/01/2026
ENERO - DICIEMBRE,2025,05/01/2026,LA LIBERTAD,SUPERIOR,FAMILIA,FAMILIA PENAL,EXPEDIENTE,,103,102,130101,LA LIBERTAD,LA LIBERTAD,TRUJILLO,09/01/2026
ENERO - DICIEMBRE,2025,05/01/2026,LA LIBERTAD,SUPERIOR,FAMILIA,FAMILIA TUTELAR,EXPEDIENTE,,8,8,130101,LA LIBERTAD,LA LIBERTAD,TRUJILLO,09/01/2026
ENERO - DICIEMBRE,2025,05/01/2026,LA LIBERTAD,SUPERIOR,FAMILIA,VIOLENCIA FAMILIAR,EXPEDIENTE,,565,565,130101,LA LIBERTAD,LA LIBERTAD,TRUJILLO,09/01/2026
ENERO - DICIEMBRE,2025,05/01/2026,LA LIBERTAD,SUPERIOR,FAMILIA,VIOLENCIA FAMILIAR,INCIDENTE,,1,1,130101,LA LIBERTAD,LA LIBERTAD,TRUJILLO,09/01/2026
ENERO - DICIEMBRE,2025,05/01/2026,LA LIBERTAD,SUPERIOR,PENAL,PENAL,APELACION DENUNCIA,,3125,3114,130101,LA LIBERTAD,LA LIBERTAD,TRUJILLO,09/01/2026
ENERO - DICIEMBRE,2025,05/01/2026,LA LIBERTAD,SUPERIOR,PENAL,PENAL,CONSULTAS,,483,442,130101,LA LIBERTAD,LA LIBERTAD,TRUJILLO,09/01/2026
ENERO - DICIEMBRE,2025,05/01/2026,LA LIBERTAD,SUPERIOR,PENAL,PENAL,DENUNCIA,,102,99,130101,LA LIBERTAD,LA LIBERTAD,TRUJILLO,09/01/2026
ENERO - DICIEMBRE,2025,05/01/2026,LA LIBERTAD,SUPERIOR,PENAL,PENAL,EXCLUSION FISCAL,,78,74,130101,LA LIBERTAD,LA LIBERTAD,TRUJILLO,09/01/2026
ENERO - DICIEMBRE,2025,05/01/2026,LA LIBERTAD,SUPERIOR,PENAL,PENAL,EXPEDIENTE,,16,16,130101,LA LIBERTAD,LA LIBERTAD,TRUJILLO,09/01/2026
ENERO - DICIEMBRE,2025,05/01/2026,LA LIBERTAD,SUPERIOR,PENAL,PENAL,QUEJAS,,1574,1487,130101,LA LIBERTAD,LA LIBERTAD,TRUJILLO,09/01/2026
ENERO - DICIEMBRE,2025,05/01/2026,LAMBAYEQUE,PROVINCIAL,CIVIL,CIVIL,EXPEDIENTE,,59,46,140101,LAMBAYEQUE,LAMBAYEQUE,CHICLAYO,09/01/2026
ENERO - DICIEMBRE,2025,05/01/2026,LAMBAYEQUE,PROVINCIAL,FAMILIA,ACTOS CONTRA LA LIBERTAD SEXUAL,DENUNCIA,,277,248,140101,LAMBAYEQUE,LAMBAYEQUE,CHICLAYO,09/01/2026
ENERO - DICIEMBRE,2025,05/01/2026,LAMBAYEQUE,PROVINCIAL,FAMILIA,FAMILIA CIVIL,EXPEDIENTE,,3500,2600,140101,LAMBAYEQUE,LAMBAYEQUE,CHICLAYO,09/01/2026
ENERO - DICIEMBRE,2025,05/01/2026,LAMBAYEQUE,PROVINCIAL,FAMILIA,FAMILIA PENAL,DENUNCIA,,1872,1448,140101,LAMBAYEQUE,LAMBAYEQUE,CHICLAYO,09/01/2026
ENERO - DICIEMBRE,2025,05/01/2026,LAMBAYEQUE,PROVINCIAL,FAMILIA,FAMILIA PENAL,EXPEDIENTE,,413,382,140101,LAMBAYEQUE,LAMBAYEQUE,CHICLAYO,09/01/2026
ENERO - DICIEMBRE,2025,05/01/2026,LAMBAYEQUE,PROVINCIAL,FAMILIA,FAMILIA TUTELAR,DENUNCIA,,564,467,140101,LAMBAYEQUE,LAMBAYEQUE,CHICLAYO,09/01/2026
ENERO - DICIEMBRE,2025,05/01/2026,LAMBAYEQUE,PROVINCIAL,FAMILIA,FAMILIA TUTELAR,EXPEDIENTE,,154,125,140101,LAMBAYEQUE,LAMBAYEQUE,CHICLAYO,09/01/2026
ENERO - DICIEMBRE,2025,05/01/2026,LAMBAYEQUE,PROVINCIAL,FAMILIA,VIOLENCIA FAMILIAR,DENUNCIA,,234,223,140101,LAMBAYEQUE,LAMBAYEQUE,CHICLAYO,09/01/2026
ENERO - DICIEMBRE,2025,05/01/2026,LAMBAYEQUE,PROVINCIAL,FAMILIA,VIOLENCIA FAMILIAR,EXPEDIENTE,,15,12,140101,LAMBAYEQUE,LAMBAYEQUE,CHICLAYO,09/01/2026
ENERO - DICIEMBRE,2025,05/01/2026,LAMBAYEQUE,PROVINCIAL,PENAL,PENAL,DENUNCIA,CONTRA LA CRIMINALIDAD ORGANIZADA,143,137,140101,LAMBAYEQUE,LAMBAYEQUE,CHICLAYO,09/01/2026
ENERO - DICIEMBRE,2025,05/01/2026,LAMBAYEQUE,PROVINCIAL,PENAL,PENAL,DENUNCIA,DELITOS DE CORRUPCION DE FUNCIONARIOS,893,849,140101,LAMBAYEQUE,LAMBAYEQUE,CHICLAYO,09/01/2026
ENERO - DICIEMBRE,2025,05/01/2026,LAMBAYEQUE,PROVINCIAL,PENAL,PENAL,DENUNCIA,DELITOS DE TRAFICO ILICITO DE DROGAS,170,169,140101,LAMBAYEQUE,LAMBAYEQUE,CHICLAYO,09/01/2026
ENERO - DICIEMBRE,2025,05/01/2026,LAMBAYEQUE,PROVINCIAL,PENAL,PENAL,DENUNCIA,MATERIA AMBIENTAL,404,403,140101,LAMBAYEQUE,LAMBAYEQUE,CHICLAYO,09/01/2026
ENERO - DICIEMBRE,2025,05/01/2026,LAMBAYEQUE,PROVINCIAL,PENAL,PENAL,DENUNCIA,VIOLENCIA CONTRA LA MUJER Y LOS INTEGRANTES DEL GRUPO FAMILIAR,7407,6991,140101,LAMBAYEQUE,LAMBAYEQUE,CHICLAYO,09/01/2026
ENERO - DICIEMBRE,2025,05/01/2026,LAMBAYEQUE,PROVINCIAL,PENAL,PENAL,DENUNCIA,,82010,74802,140101,LAMBAYEQUE,LAMBAYEQUE,CHICLAYO,09/01/2026
ENERO - DICIEMBRE,2025,05/01/2026,LAMBAYEQUE,PROVINCIAL,PENAL,PENAL,EXPEDIENTE,,2,1,140101,LAMBAYEQUE,LAMBAYEQUE,CHICLAYO,09/01/2026
ENERO - DICIEMBRE,2025,05/01/2026,LAMBAYEQUE,PROVINCIAL,PENAL,PENAL,INVESTIGACION PREVENTIVA,MATERIA AMBIENTAL,15,15,140101,LAMBAYEQUE,LAMBAYEQUE,CHICLAYO,09/01/2026
ENERO - DICIEMBRE,2025,05/01/2026,LAMBAYEQUE,PROVINCIAL,PENAL,PENAL,INVESTIGACION PREVENTIVA,,709,702,140101,LAMBAYEQUE,LAMBAYEQUE,CHICLAYO,09/01/2026
ENERO - DICIEMBRE,2025,05/01/2026,LAMBAYEQUE,SUPERIOR,CIVIL,CIVIL,EXPEDIENTE,,10,10,140101,LAMBAYEQUE,LAMBAYEQUE,CHICLAYO,09/01/2026
ENERO - DICIEMBRE,2025,05/01/2026,LAMBAYEQUE,SUPERIOR,FAMILIA,FAMILIA CIVIL,EXPEDIENTE,,104,99,140101,LAMBAYEQUE,LAMBAYEQUE,CHICLAYO,09/01/2026
ENERO - DICIEMBRE,2025,05/01/2026,LAMBAYEQUE,SUPERIOR,FAMILIA,FAMILIA CIVIL,INCIDENTE,,1,1,140101,LAMBAYEQUE,LAMBAYEQUE,CHICLAYO,09/01/2026
ENERO - DICIEMBRE,2025,05/01/2026,LAMBAYEQUE,SUPERIOR,FAMILIA,FAMILIA PENAL,EXPEDIENTE,,50,49,140101,LAMBAYEQUE,LAMBAYEQUE,CHICLAYO,09/01/2026
ENERO - DICIEMBRE,2025,05/01/2026,LAMBAYEQUE,SUPERIOR,FAMILIA,FAMILIA PENAL,INCIDENTE,,3,3,140101,LAMBAYEQUE,LAMBAYEQUE,CHICLAYO,09/01/2026
ENERO - DICIEMBRE,2025,05/01/2026,LAMBAYEQUE,SUPERIOR,FAMILIA,FAMILIA TUTELAR,EXPEDIENTE,,75,70,140101,LAMBAYEQUE,LAMBAYEQUE,CHICLAYO,09/01/2026
ENERO - DICIEMBRE,2025,05/01/2026,LAMBAYEQUE,SUPERIOR,FAMILIA,VIOLENCIA FAMILIAR,EXPEDIENTE,,16,16,140101,LAMBAYEQUE,LAMBAYEQUE,CHICLAYO,09/01/2026
ENERO - DICIEMBRE,2025,05/01/2026,LAMBAYEQUE,SUPERIOR,FAMILIA,VIOLENCIA FAMILIAR,INCIDENTE,,326,308,140101,LAMBAYEQUE,LAMBAYEQUE,CHICLAYO,09/01/2026
ENERO - DICIEMBRE,2025,05/01/2026,LAMBAYEQUE,SUPERIOR,PENAL,PENAL,APELACION DENUNCIA,,2173,2170,140101,LAMBAYEQUE,LAMBAYEQUE,CHICLAYO,09/01/2026
ENERO - DICIEMBRE,2025,05/01/2026,LAMBAYEQUE,SUPERIOR,PENAL,PENAL,CONSULTAS,,373,352,140101,LAMBAYEQUE,LAMBAYEQUE,CHICLAYO,09/01/2026
ENERO - DICIEMBRE,2025,05/01/2026,LAMBAYEQUE,SUPERIOR,PENAL,PENAL,DENUNCIA,,171,149,140101,LAMBAYEQUE,LAMBAYEQUE,CHICLAYO,09/01/2026
ENERO - DICIEMBRE,2025,05/01/2026,LAMBAYEQUE,SUPERIOR,PENAL,PENAL,EXCLUSION FISCAL,,31,30,140101,LAMBAYEQUE,LAMBAYEQUE,CHICLAYO,09/01/2026
ENERO - DICIEMBRE,2025,05/01/2026,LAMBAYEQUE,SUPERIOR,PENAL,PENAL,EXPEDIENTE,,103,95,140101,LAMBAYEQUE,LAMBAYEQUE,CHICLAYO,09/01/2026
ENERO - DICIEMBRE,2025,05/01/2026,LAMBAYEQUE,SUPERIOR,PENAL,PENAL,QUEJAS,,2599,2590,140101,LAMBAYEQUE,LAMBAYEQUE,CHICLAYO,09/01/2026
ENERO - DICIEMBRE,2025,05/01/2026,LIMA CENTRO,PROVINCIAL,CIVIL,CIVIL,EXPEDIENTE,,497,401,150101,LIMA,LIMA,LIMA,09/01/2026
ENERO - DICIEMBRE,2025,05/01/2026,LIMA CENTRO,PROVINCIAL,FAMILIA,ACTOS CONTRA LA LIBERTAD SEXUAL,DENUNCIA,,323,275,150101,LIMA,LIMA,LIMA,09/01/2026
ENERO - DICIEMBRE,2025,05/01/2026,LIMA CENTRO,PROVINCIAL,FAMILIA,FAMILIA CIVIL,EXPEDIENTE,,3123,2998,150101,LIMA,LIMA,LIMA,09/01/2026
ENERO - DICIEMBRE,2025,05/01/2026,LIMA CENTRO,PROVINCIAL,FAMILIA,FAMILIA PENAL,DENUNCIA,,1769,1571,150101,LIMA,LIMA,LIMA,09/01/2026
ENERO - DICIEMBRE,2025,05/01/2026,LIMA CENTRO,PROVINCIAL,FAMILIA,FAMILIA PENAL,EXPEDIENTE,,462,455,150101,LIMA,LIMA,LIMA,09/01/2026
ENERO - DICIEMBRE,2025,05/01/2026,LIMA CENTRO,PROVINCIAL,FAMILIA,FAMILIA TUTELAR,DENUNCIA,,3632,3327,150101,LIMA,LIMA,LIMA,09/01/2026
ENERO - DICIEMBRE,2025,05/01/2026,LIMA CENTRO,PROVINCIAL,FAMILIA,FAMILIA TUTELAR,EXPEDIENTE,,73,67,150101,LIMA,LIMA,LIMA,09/01/2026
ENERO - DICIEMBRE,2025,05/01/2026,LIMA CENTRO,PROVINCIAL,FAMILIA,VIOLENCIA FAMILIAR,DENUNCIA,,18,12,150101,LIMA,LIMA,LIMA,09/01/2026
ENERO - DICIEMBRE,2025,05/01/2026,LIMA CENTRO,PROVINCIAL,FAMILIA,VIOLENCIA FAMILIAR,EXPEDIENTE,,3,3,150101,LIMA,LIMA,LIMA,09/01/2026
ENERO - DICIEMBRE,2025,05/01/2026,LIMA CENTRO,PROVINCIAL,PENAL,PENAL,DENUNCIA,CONTRA LA CRIMINALIDAD ORGANIZADA,645,608,150101,LIMA,LIMA,LIMA,09/01/2026
ENERO - DICIEMBRE,2025,05/01/2026,LIMA CENTRO,PROVINCIAL,PENAL,PENAL,DENUNCIA,DELITOS ADUANEROS Y CONTRA LA PROPIEDAD INTELECTUAL,2114,1871,150101,LIMA,LIMA,LIMA,09/01/2026
ENERO - DICIEMBRE,2025,05/01/2026,LIMA CENTRO,PROVINCIAL,PENAL,PENAL,DENUNCIA,DELITOS DE CIBERDELINCUENCIA,12704,11240,150101,LIMA,LIMA,LIMA,09/01/2026
ENERO - DICIEMBRE,2025,05/01/2026,LIMA CENTRO,PROVINCIAL,PENAL,PENAL,DENUNCIA,DELITOS DE CORRUPCION DE FUNCIONARIOS,1981,1805,150101,LIMA,LIMA,LIMA,09/01/2026
ENERO - DICIEMBRE,2025,05/01/2026,LIMA CENTRO,PROVINCIAL,PENAL,PENAL,DENUNCIA,DELITOS DE TRAFICO ILICITO DE DROGAS,193,189,150101,LIMA,LIMA,LIMA,09/01/2026
ENERO - DICIEMBRE,2025,05/01/2026,LIMA CENTRO,PROVINCIAL,PENAL,PENAL,DENUNCIA,DELITOS DE TRATA DE PERSONAS,733,627,150101,LIMA,LIMA,LIMA,09/01/2026
ENERO - DICIEMBRE,2025,05/01/2026,LIMA CENTRO,PROVINCIAL,PENAL,PENAL,DENUNCIA,DELITOS TRIBUTARIOS,136,114,150101,LIMA,LIMA,LIMA,09/01/2026
ENERO - DICIEMBRE,2025,05/01/2026,LIMA CENTRO,PROVINCIAL,PENAL,PENAL,DENUNCIA,LAVADO DE ACTIVOS Y PERDIDA DE DOMINIO,430,397,150101,LIMA,LIMA,LIMA,09/01/2026
ENERO - DICIEMBRE,2025,05/01/2026,LIMA CENTRO,PROVINCIAL,PENAL,PENAL,DENUNCIA,MATERIA AMBIENTAL,263,244,150101,LIMA,LIMA,LIMA,09/01/2026
ENERO - DICIEMBRE,2025,05/01/2026,LIMA CENTRO,PROVINCIAL,PENAL,PENAL,DENUNCIA,VIOLENCIA CONTRA LA MUJER Y LOS INTEGRANTES DEL GRUPO FAMILIAR,22490,18767,150101,LIMA,LIMA,LIMA,09/01/2026
ENERO - DICIEMBRE,2025,05/01/2026,LIMA CENTRO,PROVINCIAL,PENAL,PENAL,DENUNCIA,,80694,71523,150101,LIMA,LIMA,LIMA,09/01/2026
ENERO - DICIEMBRE,2025,05/01/2026,LIMA CENTRO,PROVINCIAL,PENAL,PENAL,EXPEDIENTE,DELITOS ADUANEROS Y CONTRA LA PROPIEDAD INTELECTUAL,77,69,150101,LIMA,LIMA,LIMA,09/01/2026
ENERO - DICIEMBRE,2025,05/01/2026,LIMA CENTRO,PROVINCIAL,PENAL,PENAL,EXPEDIENTE,LAVADO DE ACTIVOS Y PERDIDA DE DOMINIO,2,1,150101,LIMA,LIMA,LIMA,09/01/2026
ENERO - DICIEMBRE,2025,05/01/2026,LIMA CENTRO,PROVINCIAL,PENAL,PENAL,EXPEDIENTE,MATERIA AMBIENTAL,11,10,150101,LIMA,LIMA,LIMA,09/01/2026
ENERO - DICIEMBRE,2025,05/01/2026,LIMA CENTRO,PROVINCIAL,PENAL,PENAL,EXPEDIENTE,TRANSITO Y SEGURIDAD VIAL,128,114,150101,LIMA,LIMA,LIMA,09/01/2026
ENERO - DICIEMBRE,2025,05/01/2026,LIMA CENTRO,PROVINCIAL,PENAL,PENAL,EXPEDIENTE,VIOLENCIA CONTRA LA MUJER Y LOS INTEGRANTES DEL GRUPO FAMILIAR,27,20,150101,LIMA,LIMA,LIMA,09/01/2026
ENERO - DICIEMBRE,2025,05/01/2026,LIMA CENTRO,PROVINCIAL,PENAL,PENAL,EXPEDIENTE,,1561,1308,150101,LIMA,LIMA,LIMA,09/01/2026
ENERO - DICIEMBRE,2025,05/01/2026,LIMA CENTRO,PROVINCIAL,PENAL,PENAL,INVESTIGACION,LAVADO DE ACTIVOS Y PERDIDA DE DOMINIO,1,1,150101,LIMA,LIMA,LIMA,09/01/2026
ENERO - DICIEMBRE,2025,05/01/2026,LIMA CENTRO,SUPERIOR,CIVIL,CIVIL,EXPEDIENTE,,16,14,150101,LIMA,LIMA,LIMA,09/01/2026
ENERO - DICIEMBRE,2025,05/01/2026,LIMA CENTRO,SUPERIOR,FAMILIA,FAMILIA CIVIL,EXPEDIENTE,,715,700,150101,LIMA,LIMA,LIMA,09/01/2026
ENERO - DICIEMBRE,2025,05/01/2026,LIMA CENTRO,SUPERIOR,FAMILIA,FAMILIA CIVIL,INCIDENTE,,10,10,150101,LIMA,LIMA,LIMA,09/01/2026
ENERO - DICIEMBRE,2025,05/01/2026,LIMA CENTRO,SUPERIOR,FAMILIA,FAMILIA PENAL,EXPEDIENTE,,71,69,150101,LIMA,LIMA,LIMA,09/01/2026
ENERO - DICIEMBRE,2025,05/01/2026,LIMA CENTRO,SUPERIOR,FAMILIA,FAMILIA PENAL,INCIDENTE,,1,1,150101,LIMA,LIMA,LIMA,09/01/2026
ENERO - DICIEMBRE,2025,05/01/2026,LIMA CENTRO,SUPERIOR,FAMILIA,FAMILIA TUTELAR,EXPEDIENTE,,98,98,150101,LIMA,LIMA,LIMA,09/01/2026
ENERO - DICIEMBRE,2025,05/01/2026,LIMA CENTRO,SUPERIOR,FAMILIA,VIOLENCIA FAMILIAR,EXPEDIENTE,,711,669,150101,LIMA,LIMA,LIMA,09/01/2026
ENERO - DICIEMBRE,2025,05/01/2026,LIMA CENTRO,SUPERIOR,FAMILIA,VIOLENCIA FAMILIAR,INCIDENTE,,640,638,150101,LIMA,LIMA,LIMA,09/01/2026
ENERO - DICIEMBRE,2025,05/01/2026,LIMA CENTRO,SUPERIOR,PENAL,PENAL,APELACION DENUNCIA,CONTRA LA CRIMINALIDAD ORGANIZADA,196,196,150101,LIMA,LIMA,LIMA,09/01/2026
ENERO - DICIEMBRE,2025,05/01/2026,LIMA CENTRO,SUPERIOR,PENAL,PENAL,APELACION DENUNCIA,DELITOS DE CORRUPCION DE FUNCIONARIOS,544,539,150101,LIMA,LIMA,LIMA,09/01/2026
ENERO - DICIEMBRE,2025,05/01/2026,LIMA CENTRO,SUPERIOR,PENAL,PENAL,APELACION DENUNCIA,LAVADO DE ACTIVOS Y PERDIDA DE DOMINIO,79,79,150101,LIMA,LIMA,LIMA,09/01/2026
ENERO - DICIEMBRE,2025,05/01/2026,LIMA CENTRO,SUPERIOR,PENAL,PENAL,APELACION DENUNCIA,,8,8,150101,LIMA,LIMA,LIMA,09/01/2026
ENERO - DICIEMBRE,2025,05/01/2026,LIMA CENTRO,SUPERIOR,PENAL,PENAL,APELACION EXPEDIENTE,CONTRA LA CRIMINALIDAD ORGANIZADA,213,213,150101,LIMA,LIMA,LIMA,09/01/2026
ENERO - DICIEMBRE,2025,05/01/2026,LIMA CENTRO,SUPERIOR,PENAL,PENAL,APELACION EXPEDIENTE,DELITOS DE CORRUPCION DE FUNCIONARIOS,194,192,150101,LIMA,LIMA,LIMA,09/01/2026
ENERO - DICIEMBRE,2025,05/01/2026,LIMA CENTRO,SUPERIOR,PENAL,PENAL,APELACION EXPEDIENTE,DELITOS DE TRATA DE PERSONAS,1,1,150101,LIMA,LIMA,LIMA,09/01/2026
ENERO - DICIEMBRE,2025,05/01/2026,LIMA CENTRO,SUPERIOR,PENAL,PENAL,APELACION EXPEDIENTE,LAVADO DE ACTIVOS Y PERDIDA DE DOMINIO,249,248,150101,LIMA,LIMA,LIMA,09/01/2026
ENERO - DICIEMBRE,2025,05/01/2026,LIMA CENTRO,SUPERIOR,PENAL,PENAL,APELACION EXPEDIENTE,,81,81,150101,LIMA,LIMA,LIMA,09/01/2026
ENERO - DICIEMBRE,2025,05/01/2026,LIMA CENTRO,SUPERIOR,PENAL,PENAL,CONSULTAS,CONTRA LA CRIMINALIDAD ORGANIZADA,25,25,150101,LIMA,LIMA,LIMA,09/01/2026
ENERO - DICIEMBRE,2025,05/01/2026,LIMA CENTRO,SUPERIOR,PENAL,PENAL,CONSULTAS,DELITOS DE CORRUPCION DE FUNCIONARIOS,104,101,150101,LIMA,LIMA,LIMA,09/01/2026
ENERO - DICIEMBRE,2025,05/01/2026,LIMA CENTRO,SUPERIOR,PENAL,PENAL,CONSULTAS,DELITOS DE TRATA DE PERSONAS,10,10,150101,LIMA,LIMA,LIMA,09/01/2026
ENERO - DICIEMBRE,2025,05/01/2026,LIMA CENTRO,SUPERIOR,PENAL,PENAL,CONSULTAS,LAVADO DE ACTIVOS Y PERDIDA DE DOMINIO,104,104,150101,LIMA,LIMA,LIMA,09/01/2026
ENERO - DICIEMBRE,2025,05/01/2026,LIMA CENTRO,SUPERIOR,PENAL,PENAL,CONSULTAS,,80,77,150101,LIMA,LIMA,LIMA,09/01/2026
ENERO - DICIEMBRE,2025,05/01/2026,LIMA CENTRO,SUPERIOR,PENAL,PENAL,DENUNCIA,DELITOS DE CORRUPCION DE FUNCIONARIOS,70,70,150101,LIMA,LIMA,LIMA,09/01/2026
ENERO - DICIEMBRE,2025,05/01/2026,LIMA CENTRO,SUPERIOR,PENAL,PENAL,DENUNCIA,,472,465,150101,LIMA,LIMA,LIMA,09/01/2026
ENERO - DICIEMBRE,2025,05/01/2026,LIMA CENTRO,SUPERIOR,PENAL,PENAL,EXCLUSION FISCAL,CONTRA LA CRIMINALIDAD ORGANIZADA,4,4,150101,LIMA,LIMA,LIMA,09/01/2026
ENERO - DICIEMBRE,2025,05/01/2026,LIMA CENTRO,SUPERIOR,PENAL,PENAL,EXCLUSION FISCAL,DELITOS DE CORRUPCION DE FUNCIONARIOS,4,4,150101,LIMA,LIMA,LIMA,09/01/2026
ENERO - DICIEMBRE,2025,05/01/2026,LIMA CENTRO,SUPERIOR,PENAL,PENAL,EXCLUSION FISCAL,DELITOS DE TRATA DE PERSONAS,1,1,150101,LIMA,LIMA,LIMA,09/01/2026
ENERO - DICIEMBRE,2025,05/01/2026,LIMA CENTRO,SUPERIOR,PENAL,PENAL,EXCLUSION FISCAL,LAVADO DE ACTIVOS Y PERDIDA DE DOMINIO,13,13,150101,LIMA,LIMA,LIMA,09/01/2026
ENERO - DICIEMBRE,2025,05/01/2026,LIMA CENTRO,SUPERIOR,PENAL,PENAL,EXCLUSION FISCAL,,6,6,150101,LIMA,LIMA,LIMA,09/01/2026
ENERO - DICIEMBRE,2025,05/01/2026,LIMA CENTRO,SUPERIOR,PENAL,PENAL,EXPEDIENTE,CONTRA LA CRIMINALIDAD ORGANIZADA,111,111,150101,LIMA,LIMA,LIMA,09/01/2026
ENERO - DICIEMBRE,2025,05/01/2026,LIMA CENTRO,SUPERIOR,PENAL,PENAL,EXPEDIENTE,DELITOS DE CORRUPCION DE FUNCIONARIOS,36,35,150101,LIMA,LIMA,LIMA,09/01/2026
ENERO - DICIEMBRE,2025,05/01/2026,LIMA CENTRO,SUPERIOR,PENAL,PENAL,EXPEDIENTE,DELITOS DE TRATA DE PERSONAS,45,36,150101,LIMA,LIMA,LIMA,09/01/2026
ENERO - DICIEMBRE,2025,05/01/2026,LIMA CENTRO,SUPERIOR,PENAL,PENAL,EXPEDIENTE,LAVADO DE ACTIVOS Y PERDIDA DE DOMINIO,69,55,150101,LIMA,LIMA,LIMA,09/01/2026
ENERO - DICIEMBRE,2025,05/01/2026,LIMA CENTRO,SUPERIOR,PENAL,PENAL,EXPEDIENTE,VIOLENCIA CONTRA LA MUJER Y LOS INTEGRANTES DEL GRUPO FAMILIAR,129,83,150101,LIMA,LIMA,LIMA,09/01/2026
ENERO - DICIEMBRE,2025,05/01/2026,LIMA CENTRO,SUPERIOR,PENAL,PENAL,EXPEDIENTE,,2366,1855,150101,LIMA,LIMA,LIMA,09/01/2026
ENERO - DICIEMBRE,2025,05/01/2026,LIMA CENTRO,SUPERIOR,PENAL,PENAL,INCIDENTE-EXPEDIENTE,CONTRA LA CRIMINALIDAD ORGANIZADA,28,26,150101,LIMA,LIMA,LIMA,09/01/2026
ENERO - DICIEMBRE,2025,05/01/2026,LIMA CENTRO,SUPERIOR,PENAL,PENAL,INCIDENTE-EXPEDIENTE,DELITOS DE CORRUPCION DE FUNCIONARIOS,3,0,150101,LIMA,LIMA,LIMA,09/01/2026
ENERO - DICIEMBRE,2025,05/01/2026,LIMA CENTRO,SUPERIOR,PENAL,PENAL,INCIDENTE-EXPEDIENTE,LAVADO DE ACTIVOS Y PERDIDA DE DOMINIO,1,1,150101,LIMA,LIMA,LIMA,09/01/2026
ENERO - DICIEMBRE,2025,05/01/2026,LIMA CENTRO,SUPERIOR,PENAL,PENAL,INCIDENTE-EXPEDIENTE,,58,57,150101,LIMA,LIMA,LIMA,09/01/2026
ENERO - DICIEMBRE,2025,05/01/2026,LIMA CENTRO,SUPERIOR,PENAL,PENAL,QUEJAS,CONTRA LA CRIMINALIDAD ORGANIZADA,127,127,150101,LIMA,LIMA,LIMA,09/01/2026
ENERO - DICIEMBRE,2025,05/01/2026,LIMA CENTRO,SUPERIOR,PENAL,PENAL,QUEJAS,DELITOS DE CORRUPCION DE FUNCIONARIOS,399,374,150101,LIMA,LIMA,LIMA,09/01/2026
ENERO - DICIEMBRE,2025,05/01/2026,LIMA CENTRO,SUPERIOR,PENAL,PENAL,QUEJAS,LAVADO DE ACTIVOS Y PERDIDA DE DOMINIO,162,161,150101,LIMA,LIMA,LIMA,09/01/2026
ENERO - DICIEMBRE,2025,05/01/2026,LIMA CENTRO,SUPERIOR,PENAL,PENAL,QUEJAS,,439,379,150101,LIMA,LIMA,LIMA,09/01/2026
ENERO - DICIEMBRE,2025,05/01/2026,LIMA CENTRO,SUPERIOR,PENAL,PENAL,CONTIENDA DE COMPETENCIA,DELITOS DE CIBERDELINCUENCIA,621,621,150101,LIMA,LIMA,LIMA,09/01/2026
ENERO - DICIEMBRE,2025,05/01/2026,LIMA CENTRO,SUPERIOR,PENAL,PENAL,CONTIENDA DE COMPETENCIA,DELITOS DE TRATA DE PERSONAS,5,5,150101,LIMA,LIMA,LIMA,09/01/2026
ENERO - DICIEMBRE,2025,05/01/2026,LIMA CENTRO,SUPERIOR,PENAL,PENAL,CONTIENDA DE COMPETENCIA,VIOLENCIA CONTRA LA MUJER Y LOS INTEGRANTES DEL GRUPO FAMILIAR,429,429,150101,LIMA,LIMA,LIMA,09/01/2026
ENERO - DICIEMBRE,2025,05/01/2026,LIMA CENTRO,SUPERIOR,PENAL,PENAL,CONTIENDA DE COMPETENCIA,,890,890,150101,LIMA,LIMA,LIMA,09/01/2026
ENERO - DICIEMBRE,2025,05/01/2026,LIMA CENTRO,SUPERIOR,PENAL,PENAL,APELACIÓN DE AUTO,DELITOS DE CIBERDELINCUENCIA,56,56,150101,LIMA,LIMA,LIMA,09/01/2026
ENERO - DICIEMBRE,2025,05/01/2026,LIMA CENTRO,SUPERIOR,PENAL,PENAL,APELACIÓN DE AUTO,DELITOS DE TRATA DE PERSONAS,40,40,150101,LIMA,LIMA,LIMA,09/01/2026
ENERO - DICIEMBRE,2025,05/01/2026,LIMA CENTRO,SUPERIOR,PENAL,PENAL,APELACIÓN DE AUTO,VIOLENCIA CONTRA LA MUJER Y LOS INTEGRANTES DEL GRUPO FAMILIAR,51,51,150101,LIMA,LIMA,LIMA,09/01/2026
ENERO - DICIEMBRE,2025,05/01/2026,LIMA CENTRO,SUPERIOR,PENAL,PENAL,APELACIÓN DE AUTO,,646,645,150101,LIMA,LIMA,LIMA,09/01/2026
ENERO - DICIEMBRE,2025,05/01/2026,LIMA CENTRO,SUPERIOR,PENAL,PENAL,APELACIÓN DE SENTENCIA,DELITOS DE CIBERDELINCUENCIA,8,8,150101,LIMA,LIMA,LIMA,09/01/2026
ENERO - DICIEMBRE,2025,05/01/2026,LIMA CENTRO,SUPERIOR,PENAL,PENAL,APELACIÓN DE SENTENCIA,VIOLENCIA CONTRA LA MUJER Y LOS INTEGRANTES DEL GRUPO FAMILIAR,53,53,150101,LIMA,LIMA,LIMA,09/01/2026
ENERO - DICIEMBRE,2025,05/01/2026,LIMA CENTRO,SUPERIOR,PENAL,PENAL,APELACIÓN DE SENTENCIA,,225,225,150101,LIMA,LIMA,LIMA,09/01/2026
ENERO - DICIEMBRE,2025,05/01/2026,LIMA CENTRO,SUPERIOR,PENAL,PENAL,ELEVACIÓN DE ACTUADOS,DELITOS DE CIBERDELINCUENCIA,224,224,150101,LIMA,LIMA,LIMA,09/01/2026
ENERO - DICIEMBRE,2025,05/01/2026,LIMA CENTRO,SUPERIOR,PENAL,PENAL,ELEVACIÓN DE ACTUADOS,DELITOS DE TRATA DE PERSONAS,7,7,150101,LIMA,LIMA,LIMA,09/01/2026
ENERO - DICIEMBRE,2025,05/01/2026,LIMA CENTRO,SUPERIOR,PENAL,PENAL,ELEVACIÓN DE ACTUADOS,VIOLENCIA CONTRA LA MUJER Y LOS INTEGRANTES DEL GRUPO FAMILIAR,1082,1082,150101,LIMA,LIMA,LIMA,09/01/2026
ENERO - DICIEMBRE,2025,05/01/2026,LIMA CENTRO,SUPERIOR,PENAL,PENAL,ELEVACIÓN DE ACTUADOS,,5992,5992,150101,LIMA,LIMA,LIMA,09/01/2026
ENERO - DICIEMBRE,2025,05/01/2026,LIMA CENTRO,SUPERIOR,PENAL,PENAL,ELEVACIÓN EN CONSULTA,DELITOS DE CIBERDELINCUENCIA,2,2,150101,LIMA,LIMA,LIMA,09/01/2026
ENERO - DICIEMBRE,2025,05/01/2026,LIMA CENTRO,SUPERIOR,PENAL,PENAL,ELEVACIÓN EN CONSULTA,VIOLENCIA CONTRA LA MUJER Y LOS INTEGRANTES DEL GRUPO FAMILIAR,26,26,150101,LIMA,LIMA,LIMA,09/01/2026
ENERO - DICIEMBRE,2025,05/01/2026,LIMA CENTRO,SUPERIOR,PENAL,PENAL,ELEVACIÓN EN CONSULTA,,76,76,150101,LIMA,LIMA,LIMA,09/01/2026
ENERO - DICIEMBRE,2025,05/01/2026,LIMA CENTRO,SUPREMA,FAMILIA,FAMILIA,PROCESO FAMILIA,,542,357,150101,LIMA,LIMA,LIMA,09/01/2026
ENERO - DICIEMBRE,2025,05/01/2026,LIMA CENTRO,SUPREMA,PENAL,PENAL,PROCESO PENAL,DELITOS DE CORRUPCION DE FUNCIONARIOS,2522,2510,150101,LIMA,LIMA,LIMA,09/01/2026
ENERO - DICIEMBRE,2025,05/01/2026,LIMA CENTRO,SUPREMA,PENAL,PENAL,PROCESO PENAL,,2248,2293,150101,LIMA,LIMA,LIMA,09/01/2026
ENERO - DICIEMBRE,2025,05/01/2026,LIMA ESTE,PROVINCIAL,CIVIL,CIVIL,EXPEDIENTE,,34,28,150137,LIMA,LIMA,LIMA,09/01/2026
ENERO - DICIEMBRE,2025,05/01/2026,LIMA ESTE,PROVINCIAL,FAMILIA,ACTOS CONTRA LA LIBERTAD SEXUAL,DENUNCIA,,10,10,150137,LIMA,LIMA,LIMA,09/01/2026
ENERO - DICIEMBRE,2025,05/01/2026,LIMA ESTE,PROVINCIAL,FAMILIA,FAMILIA CIVIL,EXPEDIENTE,,997,983,150137,LIMA,LIMA,LIMA,09/01/2026
ENERO - DICIEMBRE,2025,05/01/2026,LIMA ESTE,PROVINCIAL,FAMILIA,FAMILIA PENAL,DENUNCIA,,1415,1371,150137,LIMA,LIMA,LIMA,09/01/2026
ENERO - DICIEMBRE,2025,05/01/2026,LIMA ESTE,PROVINCIAL,FAMILIA,FAMILIA PENAL,EXPEDIENTE,,303,293,150137,LIMA,LIMA,LIMA,09/01/2026
ENERO - DICIEMBRE,2025,05/01/2026,LIMA ESTE,PROVINCIAL,FAMILIA,FAMILIA TUTELAR,DENUNCIA,,569,565,150137,LIMA,LIMA,LIMA,09/01/2026
ENERO - DICIEMBRE,2025,05/01/2026,LIMA ESTE,PROVINCIAL,FAMILIA,FAMILIA TUTELAR,EXPEDIENTE,,189,187,150137,LIMA,LIMA,LIMA,09/01/2026
ENERO - DICIEMBRE,2025,05/01/2026,LIMA ESTE,PROVINCIAL,FAMILIA,VIOLENCIA FAMILIAR,DENUNCIA,,2,1,150137,LIMA,LIMA,LIMA,09/01/2026
ENERO - DICIEMBRE,2025,05/01/2026,LIMA ESTE,PROVINCIAL,PENAL,PENAL,DENUNCIA,DELITOS DE CORRUPCION DE FUNCIONARIOS,374,338,150137,LIMA,LIMA,LIMA,09/01/2026
ENERO - DICIEMBRE,2025,05/01/2026,LIMA ESTE,PROVINCIAL,PENAL,PENAL,DENUNCIA,VIOLENCIA CONTRA LA MUJER Y LOS INTEGRANTES DEL GRUPO FAMILIAR,25545,23016,150137,LIMA,LIMA,LIMA,09/01/2026
ENERO - DICIEMBRE,2025,05/01/2026,LIMA ESTE,PROVINCIAL,PENAL,PENAL,DENUNCIA,,61902,53462,150137,LIMA,LIMA,LIMA,09/01/2026
ENERO - DICIEMBRE,2025,05/01/2026,LIMA ESTE,PROVINCIAL,PENAL,PENAL,EXPEDIENTE,VIOLENCIA CONTRA LA MUJER Y LOS INTEGRANTES DEL GRUPO FAMILIAR,2,1,150137,LIMA,LIMA,LIMA,09/01/2026
ENERO - DICIEMBRE,2025,05/01/2026,LIMA ESTE,PROVINCIAL,PENAL,PENAL,EXPEDIENTE,,274,259,150137,LIMA,LIMA,LIMA,09/01/2026
ENERO - DICIEMBRE,2025,05/01/2026,LIMA ESTE,SUPERIOR,CIVIL,CIVIL,EXPEDIENTE,,19,17,150137,LIMA,LIMA,LIMA,09/01/2026
ENERO - DICIEMBRE,2025,05/01/2026,LIMA ESTE,SUPERIOR,FAMILIA,FAMILIA CIVIL,EXPEDIENTE,,252,243,150137,LIMA,LIMA,LIMA,09/01/2026
ENERO - DICIEMBRE,2025,05/01/2026,LIMA ESTE,SUPERIOR,FAMILIA,FAMILIA CIVIL,INCIDENTE,,81,68,150137,LIMA,LIMA,LIMA,09/01/2026
ENERO - DICIEMBRE,2025,05/01/2026,LIMA ESTE,SUPERIOR,FAMILIA,FAMILIA PENAL,EXPEDIENTE,,48,46,150137,LIMA,LIMA,LIMA,09/01/2026
ENERO - DICIEMBRE,2025,05/01/2026,LIMA ESTE,SUPERIOR,FAMILIA,FAMILIA PENAL,INCIDENTE,,12,12,150137,LIMA,LIMA,LIMA,09/01/2026
ENERO - DICIEMBRE,2025,05/01/2026,LIMA ESTE,SUPERIOR,FAMILIA,FAMILIA TUTELAR,EXPEDIENTE,,10,8,150137,LIMA,LIMA,LIMA,09/01/2026
ENERO - DICIEMBRE,2025,05/01/2026,LIMA ESTE,SUPERIOR,FAMILIA,VIOLENCIA FAMILIAR,EXPEDIENTE,,29,26,150137,LIMA,LIMA,LIMA,09/01/2026
ENERO - DICIEMBRE,2025,05/01/2026,LIMA ESTE,SUPERIOR,FAMILIA,VIOLENCIA FAMILIAR,INCIDENTE,,1056,994,150137,LIMA,LIMA,LIMA,09/01/2026
ENERO - DICIEMBRE,2025,05/01/2026,LIMA ESTE,SUPERIOR,PENAL,PENAL,APELACION DENUNCIA,VIOLENCIA CONTRA LA MUJER Y LOS INTEGRANTES DEL GRUPO FAMILIAR,5,5,150137,LIMA,LIMA,LIMA,09/01/2026
ENERO - DICIEMBRE,2025,05/01/2026,LIMA ESTE,SUPERIOR,PENAL,PENAL,APELACION DENUNCIA,,530,528,150137,LIMA,LIMA,LIMA,09/01/2026
ENERO - DICIEMBRE,2025,05/01/2026,LIMA ESTE,SUPERIOR,PENAL,PENAL,APELACION EXPEDIENTE,VIOLENCIA CONTRA LA MUJER Y LOS INTEGRANTES DEL GRUPO FAMILIAR,119,112,150137,LIMA,LIMA,LIMA,09/01/2026
ENERO - DICIEMBRE,2025,05/01/2026,LIMA ESTE,SUPERIOR,PENAL,PENAL,APELACION EXPEDIENTE,,168,144,150137,LIMA,LIMA,LIMA,09/01/2026
ENERO - DICIEMBRE,2025,05/01/2026,LIMA ESTE,SUPERIOR,PENAL,PENAL,CONSULTAS,VIOLENCIA CONTRA LA MUJER Y LOS INTEGRANTES DEL GRUPO FAMILIAR,109,101,150137,LIMA,LIMA,LIMA,09/01/2026
ENERO - DICIEMBRE,2025,05/01/2026,LIMA ESTE,SUPERIOR,PENAL,PENAL,CONSULTAS,,335,314,150137,LIMA,LIMA,LIMA,09/01/2026
ENERO - DICIEMBRE,2025,05/01/2026,LIMA ESTE,SUPERIOR,PENAL,PENAL,DENUNCIA,,184,129,150137,LIMA,LIMA,LIMA,09/01/2026
ENERO - DICIEMBRE,2025,05/01/2026,LIMA ESTE,SUPERIOR,PENAL,PENAL,EXCLUSION FISCAL,VIOLENCIA CONTRA LA MUJER Y LOS INTEGRANTES DEL GRUPO FAMILIAR,21,20,150137,LIMA,LIMA,LIMA,09/01/2026
ENERO - DICIEMBRE,2025,05/01/2026,LIMA ESTE,SUPERIOR,PENAL,PENAL,EXCLUSION FISCAL,,24,22,150137,LIMA,LIMA,LIMA,09/01/2026
ENERO - DICIEMBRE,2025,05/01/2026,LIMA ESTE,SUPERIOR,PENAL,PENAL,EXPEDIENTE,VIOLENCIA CONTRA LA MUJER Y LOS INTEGRANTES DEL GRUPO FAMILIAR,13,13,150137,LIMA,LIMA,LIMA,09/01/2026
ENERO - DICIEMBRE,2025,05/01/2026,LIMA ESTE,SUPERIOR,PENAL,PENAL,EXPEDIENTE,,77,58,150137,LIMA,LIMA,LIMA,09/01/2026
ENERO - DICIEMBRE,2025,05/01/2026,LIMA ESTE,SUPERIOR,PENAL,PENAL,INCIDENTE-EXPEDIENTE,VIOLENCIA CONTRA LA MUJER Y LOS INTEGRANTES DEL GRUPO FAMILIAR,28,24,150137,LIMA,LIMA,LIMA,09/01/2026
ENERO - DICIEMBRE,2025,05/01/2026,LIMA ESTE,SUPERIOR,PENAL,PENAL,INCIDENTE-EXPEDIENTE,,7,7,150137,LIMA,LIMA,LIMA,09/01/2026
ENERO - DICIEMBRE,2025,05/01/2026,LIMA ESTE,SUPERIOR,PENAL,PENAL,QUEJAS,VIOLENCIA CONTRA LA MUJER Y LOS INTEGRANTES DEL GRUPO FAMILIAR,546,434,150137,LIMA,LIMA,LIMA,09/01/2026
ENERO - DICIEMBRE,2025,05/01/2026,LIMA ESTE,SUPERIOR,PENAL,PENAL,QUEJAS,,2075,1630,150137,LIMA,LIMA,LIMA,09/01/2026
ENERO - DICIEMBRE,2025,05/01/2026,LIMA NOROESTE,PROVINCIAL,CIVIL,CIVIL,EXPEDIENTE,,270,262,070106,CALLAO,CALLAO,CALLAO,09/01/2026
ENERO - DICIEMBRE,2025,05/01/2026,LIMA NOROESTE,PROVINCIAL,FAMILIA,FAMILIA CIVIL,EXPEDIENTE,,770,757,070106,CALLAO,CALLAO,CALLAO,09/01/2026
ENERO - DICIEMBRE,2025,05/01/2026,LIMA NOROESTE,PROVINCIAL,FAMILIA,FAMILIA PENAL,DENUNCIA,,501,487,070106,CALLAO,CALLAO,CALLAO,09/01/2026
ENERO - DICIEMBRE,2025,05/01/2026,LIMA NOROESTE,PROVINCIAL,FAMILIA,FAMILIA PENAL,EXPEDIENTE,,201,199,070106,CALLAO,CALLAO,CALLAO,09/01/2026
ENERO - DICIEMBRE,2025,05/01/2026,LIMA NOROESTE,PROVINCIAL,FAMILIA,FAMILIA TUTELAR,DENUNCIA,,654,648,070106,CALLAO,CALLAO,CALLAO,09/01/2026
ENERO - DICIEMBRE,2025,05/01/2026,LIMA NOROESTE,PROVINCIAL,FAMILIA,FAMILIA TUTELAR,EXPEDIENTE,,24,21,070106,CALLAO,CALLAO,CALLAO,09/01/2026
ENERO - DICIEMBRE,2025,05/01/2026,LIMA NOROESTE,PROVINCIAL,PENAL,PENAL,DENUNCIA,CONTRA LA CRIMINALIDAD ORGANIZADA,75,68,070106,CALLAO,CALLAO,CALLAO,09/01/2026
ENERO - DICIEMBRE,2025,05/01/2026,LIMA NOROESTE,PROVINCIAL,PENAL,PENAL,DENUNCIA,DELITOS ADUANEROS Y CONTRA LA PROPIEDAD INTELECTUAL,138,138,070106,CALLAO,CALLAO,CALLAO,09/01/2026
ENERO - DICIEMBRE,2025,05/01/2026,LIMA NOROESTE,PROVINCIAL,PENAL,PENAL,DENUNCIA,DELITOS DE CORRUPCION DE FUNCIONARIOS,148,147,070106,CALLAO,CALLAO,CALLAO,09/01/2026
ENERO - DICIEMBRE,2025,05/01/2026,LIMA NOROESTE,PROVINCIAL,PENAL,PENAL,DENUNCIA,DELITOS DE TRAFICO ILICITO DE DROGAS,119,117,070106,CALLAO,CALLAO,CALLAO,09/01/2026
ENERO - DICIEMBRE,2025,05/01/2026,LIMA NOROESTE,PROVINCIAL,PENAL,PENAL,DENUNCIA,MATERIA AMBIENTAL,101,98,070106,CALLAO,CALLAO,CALLAO,09/01/2026
ENERO - DICIEMBRE,2025,05/01/2026,LIMA NOROESTE,PROVINCIAL,PENAL,PENAL,DENUNCIA,VIOLENCIA CONTRA LA MUJER Y LOS INTEGRANTES DEL GRUPO FAMILIAR,8525,7994,070106,CALLAO,CALLAO,CALLAO,09/01/2026
ENERO - DICIEMBRE,2025,05/01/2026,LIMA NOROESTE,PROVINCIAL,PENAL,PENAL,DENUNCIA,,18324,16918,070106,CALLAO,CALLAO,CALLAO,09/01/2026
ENERO - DICIEMBRE,2025,05/01/2026,LIMA NOROESTE,PROVINCIAL,PENAL,PENAL,EXPEDIENTE,,1,0,070106,CALLAO,CALLAO,CALLAO,09/01/2026
ENERO - DICIEMBRE,2025,05/01/2026,LIMA NOROESTE,PROVINCIAL,PENAL,PENAL,INVESTIGACION PREVENTIVA,MATERIA AMBIENTAL,172,171,070106,CALLAO,CALLAO,CALLAO,09/01/2026
ENERO - DICIEMBRE,2025,05/01/2026,LIMA NOROESTE,SUPERIOR,CIVIL,CIVIL,EXPEDIENTE,,15,11,070106,CALLAO,CALLAO,CALLAO,09/01/2026
ENERO - DICIEMBRE,2025,05/01/2026,LIMA NOROESTE,SUPERIOR,FAMILIA,FAMILIA CIVIL,EXPEDIENTE,,113,95,070106,CALLAO,CALLAO,CALLAO,09/01/2026
ENERO - DICIEMBRE,2025,05/01/2026,LIMA NOROESTE,SUPERIOR,FAMILIA,FAMILIA PENAL,EXPEDIENTE,,26,18,070106,CALLAO,CALLAO,CALLAO,09/01/2026
ENERO - DICIEMBRE,2025,05/01/2026,LIMA NOROESTE,SUPERIOR,FAMILIA,VIOLENCIA FAMILIAR,EXPEDIENTE,,182,169,070106,CALLAO,CALLAO,CALLAO,09/01/2026
ENERO - DICIEMBRE,2025,05/01/2026,LIMA NOROESTE,SUPERIOR,PENAL,PENAL,APELACION DENUNCIA,,335,335,070106,CALLAO,CALLAO,CALLAO,09/01/2026
ENERO - DICIEMBRE,2025,05/01/2026,LIMA NOROESTE,SUPERIOR,PENAL,PENAL,APELACION EXPEDIENTE,,109,107,070106,CALLAO,CALLAO,CALLAO,09/01/2026
ENERO - DICIEMBRE,2025,05/01/2026,LIMA NOROESTE,SUPERIOR,PENAL,PENAL,CONSULTAS,,58,58,070106,CALLAO,CALLAO,CALLAO,09/01/2026
ENERO - DICIEMBRE,2025,05/01/2026,LIMA NOROESTE,SUPERIOR,PENAL,PENAL,DENUNCIA,,50,35,070106,CALLAO,CALLAO,CALLAO,09/01/2026
ENERO - DICIEMBRE,2025,05/01/2026,LIMA NOROESTE,SUPERIOR,PENAL,PENAL,EXCLUSION FISCAL,,5,5,070106,CALLAO,CALLAO,CALLAO,09/01/2026
ENERO - DICIEMBRE,2025,05/01/2026,LIMA NOROESTE,SUPERIOR,PENAL,PENAL,EXPEDIENTE,,2,2,070106,CALLAO,CALLAO,CALLAO,09/01/2026
ENERO - DICIEMBRE,2025,05/01/2026,LIMA NOROESTE,SUPERIOR,PENAL,PENAL,QUEJAS,,26,25,070106,CALLAO,CALLAO,CALLAO,09/01/2026
ENERO - DICIEMBRE,2025,05/01/2026,LIMA NOROESTE,SUPERIOR,PENAL,PENAL,CONTIENDA DE COMPETENCIA,,105,105,070106,CALLAO,CALLAO,CALLAO,09/01/2026
ENERO - DICIEMBRE,2025,05/01/2026,LIMA NOROESTE,SUPERIOR,PENAL,PENAL,APELACIÓN DE AUTO,,191,191,070106,CALLAO,CALLAO,CALLAO,09/01/2026
ENERO - DICIEMBRE,2025,05/01/2026,LIMA NOROESTE,SUPERIOR,PENAL,PENAL,APELACIÓN DE SENTENCIA,,182,182,070106,CALLAO,CALLAO,CALLAO,09/01/2026
ENERO - DICIEMBRE,2025,05/01/2026,LIMA NOROESTE,SUPERIOR,PENAL,PENAL,ELEVACIÓN DE ACTUADOS,,775,774,070106,CALLAO,CALLAO,CALLAO,09/01/2026
ENERO - DICIEMBRE,2025,05/01/2026,LIMA NOROESTE,SUPERIOR,PENAL,PENAL,ELEVACIÓN EN CONSULTA,,23,23,070106,CALLAO,CALLAO,CALLAO,09/01/2026
ENERO - DICIEMBRE,2025,05/01/2026,LIMA NORTE,PROVINCIAL,CIVIL,CIVIL,EXPEDIENTE,,367,361,150112,LIMA,LIMA,LIMA,09/01/2026
ENERO - DICIEMBRE,2025,05/01/2026,LIMA NORTE,PROVINCIAL,FAMILIA,FAMILIA CIVIL,EXPEDIENTE,,2862,2781,150112,LIMA,LIMA,LIMA,09/01/2026
ENERO - DICIEMBRE,2025,05/01/2026,LIMA NORTE,PROVINCIAL,FAMILIA,FAMILIA PENAL,DENUNCIA,,1439,1382,150112,LIMA,LIMA,LIMA,09/01/2026
ENERO - DICIEMBRE,2025,05/01/2026,LIMA NORTE,PROVINCIAL,FAMILIA,FAMILIA PENAL,EXPEDIENTE,,365,360,150112,LIMA,LIMA,LIMA,09/01/2026
ENERO - DICIEMBRE,2025,05/01/2026,LIMA NORTE,PROVINCIAL,FAMILIA,FAMILIA TUTELAR,DENUNCIA,,2071,1972,150112,LIMA,LIMA,LIMA,09/01/2026
ENERO - DICIEMBRE,2025,05/01/2026,LIMA NORTE,PROVINCIAL,FAMILIA,FAMILIA TUTELAR,EXPEDIENTE,,45,41,150112,LIMA,LIMA,LIMA,09/01/2026
ENERO - DICIEMBRE,2025,05/01/2026,LIMA NORTE,PROVINCIAL,FAMILIA,VIOLENCIA FAMILIAR,DENUNCIA,,148,148,150112,LIMA,LIMA,LIMA,09/01/2026
ENERO - DICIEMBRE,2025,05/01/2026,LIMA NORTE,PROVINCIAL,PENAL,PENAL,DENUNCIA,DELITOS ADUANEROS Y CONTRA LA PROPIEDAD INTELECTUAL,204,200,150112,LIMA,LIMA,LIMA,09/01/2026
ENERO - DICIEMBRE,2025,05/01/2026,LIMA NORTE,PROVINCIAL,PENAL,PENAL,DENUNCIA,DELITOS DE CORRUPCION DE FUNCIONARIOS,281,263,150112,LIMA,LIMA,LIMA,09/01/2026
ENERO - DICIEMBRE,2025,05/01/2026,LIMA NORTE,PROVINCIAL,PENAL,PENAL,DENUNCIA,DELITOS DE TRAFICO ILICITO DE DROGAS,171,165,150112,LIMA,LIMA,LIMA,09/01/2026
ENERO - DICIEMBRE,2025,05/01/2026,LIMA NORTE,PROVINCIAL,PENAL,PENAL,DENUNCIA,DELITOS DE TRATA DE PERSONAS,217,204,150112,LIMA,LIMA,LIMA,09/01/2026
ENERO - DICIEMBRE,2025,05/01/2026,LIMA NORTE,PROVINCIAL,PENAL,PENAL,DENUNCIA,LAVADO DE ACTIVOS Y PERDIDA DE DOMINIO,54,54,150112,LIMA,LIMA,LIMA,09/01/2026
ENERO - DICIEMBRE,2025,05/01/2026,LIMA NORTE,PROVINCIAL,PENAL,PENAL,DENUNCIA,MATERIA AMBIENTAL,94,82,150112,LIMA,LIMA,LIMA,09/01/2026
ENERO - DICIEMBRE,2025,05/01/2026,LIMA NORTE,PROVINCIAL,PENAL,PENAL,DENUNCIA,TRANSITO Y SEGURIDAD VIAL,5811,5564,150112,LIMA,LIMA,LIMA,09/01/2026
ENERO - DICIEMBRE,2025,05/01/2026,LIMA NORTE,PROVINCIAL,PENAL,PENAL,DENUNCIA,VIOLENCIA CONTRA LA MUJER Y LOS INTEGRANTES DEL GRUPO FAMILIAR,31742,30127,150112,LIMA,LIMA,LIMA,09/01/2026
ENERO - DICIEMBRE,2025,05/01/2026,LIMA NORTE,PROVINCIAL,PENAL,PENAL,DENUNCIA,,51988,46294,150112,LIMA,LIMA,LIMA,09/01/2026
ENERO - DICIEMBRE,2025,05/01/2026,LIMA NORTE,PROVINCIAL,PENAL,PENAL,EXPEDIENTE,DELITOS DE TRAFICO ILICITO DE DROGAS,67,45,150112,LIMA,LIMA,LIMA,09/01/2026
ENERO - DICIEMBRE,2025,05/01/2026,LIMA NORTE,PROVINCIAL,PENAL,PENAL,EXPEDIENTE,MATERIA AMBIENTAL,1,0,150112,LIMA,LIMA,LIMA,09/01/2026
ENERO - DICIEMBRE,2025,05/01/2026,LIMA NORTE,PROVINCIAL,PENAL,PENAL,EXPEDIENTE,,16,10,150112,LIMA,LIMA,LIMA,09/01/2026
ENERO - DICIEMBRE,2025,05/01/2026,LIMA NORTE,PROVINCIAL,PENAL,PENAL,INVESTIGACION PREVENTIVA,MATERIA AMBIENTAL,66,63,150112,LIMA,LIMA,LIMA,09/01/2026
ENERO - DICIEMBRE,2025,05/01/2026,LIMA NORTE,SUPERIOR,CIVIL,CIVIL,EXPEDIENTE,,73,59,150112,LIMA,LIMA,LIMA,09/01/2026
ENERO - DICIEMBRE,2025,05/01/2026,LIMA NORTE,SUPERIOR,FAMILIA,FAMILIA CIVIL,EXPEDIENTE,,467,450,150112,LIMA,LIMA,LIMA,09/01/2026
ENERO - DICIEMBRE,2025,05/01/2026,LIMA NORTE,SUPERIOR,FAMILIA,FAMILIA CIVIL,INCIDENTE,,33,33,150112,LIMA,LIMA,LIMA,09/01/2026
ENERO - DICIEMBRE,2025,05/01/2026,LIMA NORTE,SUPERIOR,FAMILIA,FAMILIA PENAL,EXPEDIENTE,,46,42,150112,LIMA,LIMA,LIMA,09/01/2026
ENERO - DICIEMBRE,2025,05/01/2026,LIMA NORTE,SUPERIOR,FAMILIA,FAMILIA PENAL,INCIDENTE,,10,8,150112,LIMA,LIMA,LIMA,09/01/2026
ENERO - DICIEMBRE,2025,05/01/2026,LIMA NORTE,SUPERIOR,FAMILIA,FAMILIA TUTELAR,EXPEDIENTE,,5,5,150112,LIMA,LIMA,LIMA,09/01/2026
ENERO - DICIEMBRE,2025,05/01/2026,LIMA NORTE,SUPERIOR,FAMILIA,VIOLENCIA FAMILIAR,EXPEDIENTE,,1202,1141,150112,LIMA,LIMA,LIMA,09/01/2026
ENERO - DICIEMBRE,2025,05/01/2026,LIMA NORTE,SUPERIOR,FAMILIA,VIOLENCIA FAMILIAR,INCIDENTE,,95,89,150112,LIMA,LIMA,LIMA,09/01/2026
ENERO - DICIEMBRE,2025,05/01/2026,LIMA NORTE,SUPERIOR,PENAL,PENAL,APELACION DENUNCIA,DELITOS DE CORRUPCION DE FUNCIONARIOS,77,76,150112,LIMA,LIMA,LIMA,09/01/2026
ENERO - DICIEMBRE,2025,05/01/2026,LIMA NORTE,SUPERIOR,PENAL,PENAL,APELACION DENUNCIA,VIOLENCIA CONTRA LA MUJER Y LOS INTEGRANTES DEL GRUPO FAMILIAR,379,378,150112,LIMA,LIMA,LIMA,09/01/2026
ENERO - DICIEMBRE,2025,05/01/2026,LIMA NORTE,SUPERIOR,PENAL,PENAL,APELACION DENUNCIA,,2022,2015,150112,LIMA,LIMA,LIMA,09/01/2026
ENERO - DICIEMBRE,2025,05/01/2026,LIMA NORTE,SUPERIOR,PENAL,PENAL,APELACION EXPEDIENTE,VIOLENCIA CONTRA LA MUJER Y LOS INTEGRANTES DEL GRUPO FAMILIAR,4,4,150112,LIMA,LIMA,LIMA,09/01/2026
ENERO - DICIEMBRE,2025,05/01/2026,LIMA NORTE,SUPERIOR,PENAL,PENAL,APELACION EXPEDIENTE,,28,28,150112,LIMA,LIMA,LIMA,09/01/2026
ENERO - DICIEMBRE,2025,05/01/2026,LIMA NORTE,SUPERIOR,PENAL,PENAL,CONSULTAS,DELITOS DE CORRUPCION DE FUNCIONARIOS,8,8,150112,LIMA,LIMA,LIMA,09/01/2026
ENERO - DICIEMBRE,2025,05/01/2026,LIMA NORTE,SUPERIOR,PENAL,PENAL,CONSULTAS,VIOLENCIA CONTRA LA MUJER Y LOS INTEGRANTES DEL GRUPO FAMILIAR,129,128,150112,LIMA,LIMA,LIMA,09/01/2026
ENERO - DICIEMBRE,2025,05/01/2026,LIMA NORTE,SUPERIOR,PENAL,PENAL,CONSULTAS,,360,350,150112,LIMA,LIMA,LIMA,09/01/2026
ENERO - DICIEMBRE,2025,05/01/2026,LIMA NORTE,SUPERIOR,PENAL,PENAL,DENUNCIA,DELITOS DE CORRUPCION DE FUNCIONARIOS,35,35,150112,LIMA,LIMA,LIMA,09/01/2026
ENERO - DICIEMBRE,2025,05/01/2026,LIMA NORTE,SUPERIOR,PENAL,PENAL,DENUNCIA,,133,130,150112,LIMA,LIMA,LIMA,09/01/2026
ENERO - DICIEMBRE,2025,05/01/2026,LIMA NORTE,SUPERIOR,PENAL,PENAL,EXCLUSION FISCAL,DELITOS DE CORRUPCION DE FUNCIONARIOS,2,2,150112,LIMA,LIMA,LIMA,09/01/2026
ENERO - DICIEMBRE,2025,05/01/2026,LIMA NORTE,SUPERIOR,PENAL,PENAL,EXCLUSION FISCAL,VIOLENCIA CONTRA LA MUJER Y LOS INTEGRANTES DEL GRUPO FAMILIAR,14,14,150112,LIMA,LIMA,LIMA,09/01/2026
ENERO - DICIEMBRE,2025,05/01/2026,LIMA NORTE,SUPERIOR,PENAL,PENAL,EXCLUSION FISCAL,,37,37,150112,LIMA,LIMA,LIMA,09/01/2026
ENERO - DICIEMBRE,2025,05/01/2026,LIMA NORTE,SUPERIOR,PENAL,PENAL,EXPEDIENTE,DELITOS DE CORRUPCION DE FUNCIONARIOS,1,1,150112,LIMA,LIMA,LIMA,09/01/2026
ENERO - DICIEMBRE,2025,05/01/2026,LIMA NORTE,SUPERIOR,PENAL,PENAL,EXPEDIENTE,VIOLENCIA CONTRA LA MUJER Y LOS INTEGRANTES DEL GRUPO FAMILIAR,1,0,150112,LIMA,LIMA,LIMA,09/01/2026
ENERO - DICIEMBRE,2025,05/01/2026,LIMA NORTE,SUPERIOR,PENAL,PENAL,EXPEDIENTE,,303,109,150112,LIMA,LIMA,LIMA,09/01/2026
ENERO - DICIEMBRE,2025,05/01/2026,LIMA NORTE,SUPERIOR,PENAL,PENAL,INCIDENTE-EXPEDIENTE,,95,46,150112,LIMA,LIMA,LIMA,09/01/2026
ENERO - DICIEMBRE,2025,05/01/2026,LIMA NORTE,SUPERIOR,PENAL,PENAL,QUEJAS,DELITOS DE CORRUPCION DE FUNCIONARIOS,42,41,150112,LIMA,LIMA,LIMA,09/01/2026
ENERO - DICIEMBRE,2025,05/01/2026,LIMA NORTE,SUPERIOR,PENAL,PENAL,QUEJAS,VIOLENCIA CONTRA LA MUJER Y LOS INTEGRANTES DEL GRUPO FAMILIAR,448,447,150112,LIMA,LIMA,LIMA,09/01/2026
ENERO - DICIEMBRE,2025,05/01/2026,LIMA NORTE,SUPERIOR,PENAL,PENAL,QUEJAS,,1509,1492,150112,LIMA,LIMA,LIMA,09/01/2026
ENERO - DICIEMBRE,2025,05/01/2026,LIMA SUR,PROVINCIAL,CIVIL,CIVIL,EXPEDIENTE,,20,20,150142,LIMA,LIMA,LIMA,09/01/2026
ENERO - DICIEMBRE,2025,05/01/2026,LIMA SUR,PROVINCIAL,FAMILIA,ACTOS CONTRA LA LIBERTAD SEXUAL,DENUNCIA,,4,4,150142,LIMA,LIMA,LIMA,09/01/2026
ENERO - DICIEMBRE,2025,05/01/2026,LIMA SUR,PROVINCIAL,FAMILIA,FAMILIA CIVIL,EXPEDIENTE,,1293,1274,150142,LIMA,LIMA,LIMA,09/01/2026
ENERO - DICIEMBRE,2025,05/01/2026,LIMA SUR,PROVINCIAL,FAMILIA,FAMILIA PENAL,DENUNCIA,,1329,1240,150142,LIMA,LIMA,LIMA,09/01/2026
ENERO - DICIEMBRE,2025,05/01/2026,LIMA SUR,PROVINCIAL,FAMILIA,FAMILIA PENAL,EXPEDIENTE,,239,238,150142,LIMA,LIMA,LIMA,09/01/2026
ENERO - DICIEMBRE,2025,05/01/2026,LIMA SUR,PROVINCIAL,FAMILIA,FAMILIA TUTELAR,DENUNCIA,,566,532,150142,LIMA,LIMA,LIMA,09/01/2026
ENERO - DICIEMBRE,2025,05/01/2026,LIMA SUR,PROVINCIAL,FAMILIA,FAMILIA TUTELAR,EXPEDIENTE,,62,62,150142,LIMA,LIMA,LIMA,09/01/2026
ENERO - DICIEMBRE,2025,05/01/2026,LIMA SUR,PROVINCIAL,PENAL,PENAL,DENUNCIA,DELITOS DE CORRUPCION DE FUNCIONARIOS,318,311,150142,LIMA,LIMA,LIMA,09/01/2026
ENERO - DICIEMBRE,2025,05/01/2026,LIMA SUR,PROVINCIAL,PENAL,PENAL,DENUNCIA,VIOLENCIA CONTRA LA MUJER Y LOS INTEGRANTES DEL GRUPO FAMILIAR,20714,18063,150142,LIMA,LIMA,LIMA,09/01/2026
ENERO - DICIEMBRE,2025,05/01/2026,LIMA SUR,PROVINCIAL,PENAL,PENAL,DENUNCIA,,41177,37686,150142,LIMA,LIMA,LIMA,09/01/2026
ENERO - DICIEMBRE,2025,05/01/2026,LIMA SUR,PROVINCIAL,PENAL,PENAL,EXPEDIENTE,VIOLENCIA CONTRA LA MUJER Y LOS INTEGRANTES DEL GRUPO FAMILIAR,34,32,150142,LIMA,LIMA,LIMA,09/01/2026
ENERO - DICIEMBRE,2025,05/01/2026,LIMA SUR,PROVINCIAL,PENAL,PENAL,EXPEDIENTE,,656,485,150142,LIMA,LIMA,LIMA,09/01/2026
ENERO - DICIEMBRE,2025,05/01/2026,LIMA SUR,SUPERIOR,CIVIL,CIVIL,EXPEDIENTE,,3,3,150142,LIMA,LIMA,LIMA,09/01/2026
ENERO - DICIEMBRE,2025,05/01/2026,LIMA SUR,SUPERIOR,FAMILIA,FAMILIA CIVIL,EXPEDIENTE,,715,613,150142,LIMA,LIMA,LIMA,09/01/2026
ENERO - DICIEMBRE,2025,05/01/2026,LIMA SUR,SUPERIOR,FAMILIA,FAMILIA CIVIL,INCIDENTE,,1,1,150142,LIMA,LIMA,LIMA,09/01/2026
ENERO - DICIEMBRE,2025,05/01/2026,LIMA SUR,SUPERIOR,FAMILIA,FAMILIA PENAL,EXPEDIENTE,,47,44,150142,LIMA,LIMA,LIMA,09/01/2026
ENERO - DICIEMBRE,2025,05/01/2026,LIMA SUR,SUPERIOR,FAMILIA,VIOLENCIA FAMILIAR,EXPEDIENTE,,552,515,150142,LIMA,LIMA,LIMA,09/01/2026
ENERO - DICIEMBRE,2025,05/01/2026,LIMA SUR,SUPERIOR,PENAL,PENAL,APELACION DENUNCIA,DELITOS DE CORRUPCION DE FUNCIONARIOS,87,85,150142,LIMA,LIMA,LIMA,09/01/2026
ENERO - DICIEMBRE,2025,05/01/2026,LIMA SUR,SUPERIOR,PENAL,PENAL,APELACION DENUNCIA,,76,76,150142,LIMA,LIMA,LIMA,09/01/2026
ENERO - DICIEMBRE,2025,05/01/2026,LIMA SUR,SUPERIOR,PENAL,PENAL,CONSULTAS,DELITOS DE CORRUPCION DE FUNCIONARIOS,7,7,150142,LIMA,LIMA,LIMA,09/01/2026
ENERO - DICIEMBRE,2025,05/01/2026,LIMA SUR,SUPERIOR,PENAL,PENAL,CONSULTAS,,233,217,150142,LIMA,LIMA,LIMA,09/01/2026
ENERO - DICIEMBRE,2025,05/01/2026,LIMA SUR,SUPERIOR,PENAL,PENAL,DENUNCIA,DELITOS DE CORRUPCION DE FUNCIONARIOS,22,22,150142,LIMA,LIMA,LIMA,09/01/2026
ENERO - DICIEMBRE,2025,05/01/2026,LIMA SUR,SUPERIOR,PENAL,PENAL,DENUNCIA,,117,117,150142,LIMA,LIMA,LIMA,09/01/2026
ENERO - DICIEMBRE,2025,05/01/2026,LIMA SUR,SUPERIOR,PENAL,PENAL,EXCLUSION FISCAL,DELITOS DE CORRUPCION DE FUNCIONARIOS,1,1,150142,LIMA,LIMA,LIMA,09/01/2026
ENERO - DICIEMBRE,2025,05/01/2026,LIMA SUR,SUPERIOR,PENAL,PENAL,EXCLUSION FISCAL,,11,11,150142,LIMA,LIMA,LIMA,09/01/2026
ENERO - DICIEMBRE,2025,05/01/2026,LIMA SUR,SUPERIOR,PENAL,PENAL,EXPEDIENTE,DELITOS DE CORRUPCION DE FUNCIONARIOS,3,2,150142,LIMA,LIMA,LIMA,09/01/2026
ENERO - DICIEMBRE,2025,05/01/2026,LIMA SUR,SUPERIOR,PENAL,PENAL,EXPEDIENTE,,373,341,150142,LIMA,LIMA,LIMA,09/01/2026
ENERO - DICIEMBRE,2025,05/01/2026,LIMA SUR,SUPERIOR,PENAL,PENAL,INCIDENTE-EXPEDIENTE,,1,1,150142,LIMA,LIMA,LIMA,09/01/2026
ENERO - DICIEMBRE,2025,05/01/2026,LIMA SUR,SUPERIOR,PENAL,PENAL,QUEJAS,DELITOS DE CORRUPCION DE FUNCIONARIOS,77,76,150142,LIMA,LIMA,LIMA,09/01/2026
ENERO - DICIEMBRE,2025,05/01/2026,LIMA SUR,SUPERIOR,PENAL,PENAL,QUEJAS,,2299,2073,150142,LIMA,LIMA,LIMA,09/01/2026
ENERO - DICIEMBRE,2025,05/01/2026,LORETO,PROVINCIAL,CIVIL,CIVIL,EXPEDIENTE,,33,30,160101,LORETO,LORETO,MAYNAS,09/01/2026
ENERO - DICIEMBRE,2025,05/01/2026,LORETO,PROVINCIAL,FAMILIA,ACTOS CONTRA LA LIBERTAD SEXUAL,DENUNCIA,,1,1,160101,LORETO,LORETO,MAYNAS,09/01/2026
ENERO - DICIEMBRE,2025,05/01/2026,LORETO,PROVINCIAL,FAMILIA,FAMILIA CIVIL,EXPEDIENTE,,426,408,160101,LORETO,LORETO,MAYNAS,09/01/2026
ENERO - DICIEMBRE,2025,05/01/2026,LORETO,PROVINCIAL,FAMILIA,FAMILIA PENAL,DENUNCIA,,511,497,160101,LORETO,LORETO,MAYNAS,09/01/2026
ENERO - DICIEMBRE,2025,05/01/2026,LORETO,PROVINCIAL,FAMILIA,FAMILIA PENAL,EXPEDIENTE,,69,67,160101,LORETO,LORETO,MAYNAS,09/01/2026
ENERO - DICIEMBRE,2025,05/01/2026,LORETO,PROVINCIAL,FAMILIA,FAMILIA TUTELAR,DENUNCIA,,482,477,160101,LORETO,LORETO,MAYNAS,09/01/2026
ENERO - DICIEMBRE,2025,05/01/2026,LORETO,PROVINCIAL,FAMILIA,FAMILIA TUTELAR,EXPEDIENTE,,58,58,160101,LORETO,LORETO,MAYNAS,09/01/2026
ENERO - DICIEMBRE,2025,05/01/2026,LORETO,PROVINCIAL,FAMILIA,VIOLENCIA FAMILIAR,DENUNCIA,,157,157,160101,LORETO,LORETO,MAYNAS,09/01/2026
ENERO - DICIEMBRE,2025,05/01/2026,LORETO,PROVINCIAL,PENAL,PENAL,DENUNCIA,DELITOS DE CORRUPCION DE FUNCIONARIOS,584,542,160101,LORETO,LORETO,MAYNAS,09/01/2026
ENERO - DICIEMBRE,2025,05/01/2026,LORETO,PROVINCIAL,PENAL,PENAL,DENUNCIA,DELITOS DE TRAFICO ILICITO DE DROGAS,173,173,160101,LORETO,LORETO,MAYNAS,09/01/2026
ENERO - DICIEMBRE,2025,05/01/2026,LORETO,PROVINCIAL,PENAL,PENAL,DENUNCIA,DELITOS DE TRATA DE PERSONAS,108,108,160101,LORETO,LORETO,MAYNAS,09/01/2026
ENERO - DICIEMBRE,2025,05/01/2026,LORETO,PROVINCIAL,PENAL,PENAL,DENUNCIA,MATERIA AMBIENTAL,437,425,160101,LORETO,LORETO,MAYNAS,09/01/2026
ENERO - DICIEMBRE,2025,05/01/2026,LORETO,PROVINCIAL,PENAL,PENAL,DENUNCIA,VIOLENCIA CONTRA LA MUJER Y LOS INTEGRANTES DEL GRUPO FAMILIAR,3845,3723,160101,LORETO,LORETO,MAYNAS,09/01/2026
ENERO - DICIEMBRE,2025,05/01/2026,LORETO,PROVINCIAL,PENAL,PENAL,DENUNCIA,,15833,15470,160101,LORETO,LORETO,MAYNAS,09/01/2026
ENERO - DICIEMBRE,2025,05/01/2026,LORETO,PROVINCIAL,PENAL,PENAL,EXPEDIENTE,DELITOS DE TRAFICO ILICITO DE DROGAS,5,5,160101,LORETO,LORETO,MAYNAS,09/01/2026
ENERO - DICIEMBRE,2025,05/01/2026,LORETO,PROVINCIAL,PENAL,PENAL,EXPEDIENTE,,14,11,160101,LORETO,LORETO,MAYNAS,09/01/2026
ENERO - DICIEMBRE,2025,05/01/2026,LORETO,PROVINCIAL,PENAL,PENAL,INVESTIGACION PREVENTIVA,MATERIA AMBIENTAL,21,21,160101,LORETO,LORETO,MAYNAS,09/01/2026
ENERO - DICIEMBRE,2025,05/01/2026,LORETO,PROVINCIAL,PENAL,PENAL,INVESTIGACION PREVENTIVA,,200,194,160101,LORETO,LORETO,MAYNAS,09/01/2026
ENERO - DICIEMBRE,2025,05/01/2026,LORETO,SUPERIOR,FAMILIA,FAMILIA CIVIL,EXPEDIENTE,,62,62,160101,LORETO,LORETO,MAYNAS,09/01/2026
ENERO - DICIEMBRE,2025,05/01/2026,LORETO,SUPERIOR,FAMILIA,FAMILIA PENAL,EXPEDIENTE,,9,9,160101,LORETO,LORETO,MAYNAS,09/01/2026
ENERO - DICIEMBRE,2025,05/01/2026,LORETO,SUPERIOR,FAMILIA,FAMILIA TUTELAR,EXPEDIENTE,,1,1,160101,LORETO,LORETO,MAYNAS,09/01/2026
ENERO - DICIEMBRE,2025,05/01/2026,LORETO,SUPERIOR,FAMILIA,VIOLENCIA FAMILIAR,EXPEDIENTE,,127,127,160101,LORETO,LORETO,MAYNAS,09/01/2026
ENERO - DICIEMBRE,2025,05/01/2026,LORETO,SUPERIOR,PENAL,PENAL,APELACION DENUNCIA,DELITOS DE CORRUPCION DE FUNCIONARIOS,52,52,160101,LORETO,LORETO,MAYNAS,09/01/2026
ENERO - DICIEMBRE,2025,05/01/2026,LORETO,SUPERIOR,PENAL,PENAL,APELACION DENUNCIA,,819,819,160101,LORETO,LORETO,MAYNAS,09/01/2026
ENERO - DICIEMBRE,2025,05/01/2026,LORETO,SUPERIOR,PENAL,PENAL,APELACION EXPEDIENTE,,3,3,160101,LORETO,LORETO,MAYNAS,09/01/2026
ENERO - DICIEMBRE,2025,05/01/2026,LORETO,SUPERIOR,PENAL,PENAL,CONSULTAS,DELITOS DE CORRUPCION DE FUNCIONARIOS,123,123,160101,LORETO,LORETO,MAYNAS,09/01/2026
ENERO - DICIEMBRE,2025,05/01/2026,LORETO,SUPERIOR,PENAL,PENAL,CONSULTAS,,229,229,160101,LORETO,LORETO,MAYNAS,09/01/2026
ENERO - DICIEMBRE,2025,05/01/2026,LORETO,SUPERIOR,PENAL,PENAL,DENUNCIA,DELITOS DE CORRUPCION DE FUNCIONARIOS,50,46,160101,LORETO,LORETO,MAYNAS,09/01/2026
ENERO - DICIEMBRE,2025,05/01/2026,LORETO,SUPERIOR,PENAL,PENAL,DENUNCIA,,107,107,160101,LORETO,LORETO,MAYNAS,09/01/2026
ENERO - DICIEMBRE,2025,05/01/2026,LORETO,SUPERIOR,PENAL,PENAL,EXCLUSION FISCAL,,48,48,160101,LORETO,LORETO,MAYNAS,09/01/2026
ENERO - DICIEMBRE,2025,05/01/2026,LORETO,SUPERIOR,PENAL,PENAL,EXPEDIENTE,DELITOS DE CORRUPCION DE FUNCIONARIOS,21,21,160101,LORETO,LORETO,MAYNAS,09/01/2026
ENERO - DICIEMBRE,2025,05/01/2026,LORETO,SUPERIOR,PENAL,PENAL,EXPEDIENTE,,117,111,160101,LORETO,LORETO,MAYNAS,09/01/2026
ENERO - DICIEMBRE,2025,05/01/2026,LORETO,SUPERIOR,PENAL,PENAL,INCIDENTE-EXPEDIENTE,,1,1,160101,LORETO,LORETO,MAYNAS,09/01/2026
ENERO - DICIEMBRE,2025,05/01/2026,LORETO,SUPERIOR,PENAL,PENAL,QUEJAS,DELITOS DE CORRUPCION DE FUNCIONARIOS,93,91,160101,LORETO,LORETO,MAYNAS,09/01/2026
ENERO - DICIEMBRE,2025,05/01/2026,LORETO,SUPERIOR,PENAL,PENAL,QUEJAS,,811,811,160101,LORETO,LORETO,MAYNAS,09/01/2026
ENERO - DICIEMBRE,2025,05/01/2026,MADRE DE DIOS,PROVINCIAL,CIVIL,CIVIL,EXPEDIENTE,,14,12,170101,MADRE DE DIOS,MADRE DE DIOS,TAMBOPATA,09/01/2026
ENERO - DICIEMBRE,2025,05/01/2026,MADRE DE DIOS,PROVINCIAL,FAMILIA,ACTOS CONTRA LA LIBERTAD SEXUAL,DENUNCIA,,3,1,170101,MADRE DE DIOS,MADRE DE DIOS,TAMBOPATA,09/01/2026
ENERO - DICIEMBRE,2025,05/01/2026,MADRE DE DIOS,PROVINCIAL,FAMILIA,FAMILIA CIVIL,EXPEDIENTE,,310,237,170101,MADRE DE DIOS,MADRE DE DIOS,TAMBOPATA,09/01/2026
ENERO - DICIEMBRE,2025,05/01/2026,MADRE DE DIOS,PROVINCIAL,FAMILIA,FAMILIA PENAL,DENUNCIA,,183,95,170101,MADRE DE DIOS,MADRE DE DIOS,TAMBOPATA,09/01/2026
ENERO - DICIEMBRE,2025,05/01/2026,MADRE DE DIOS,PROVINCIAL,FAMILIA,FAMILIA PENAL,EXPEDIENTE,,85,83,170101,MADRE DE DIOS,MADRE DE DIOS,TAMBOPATA,09/01/2026
ENERO - DICIEMBRE,2025,05/01/2026,MADRE DE DIOS,PROVINCIAL,FAMILIA,FAMILIA TUTELAR,DENUNCIA,,119,85,170101,MADRE DE DIOS,MADRE DE DIOS,TAMBOPATA,09/01/2026
ENERO - DICIEMBRE,2025,05/01/2026,MADRE DE DIOS,PROVINCIAL,FAMILIA,FAMILIA TUTELAR,EXPEDIENTE,,116,98,170101,MADRE DE DIOS,MADRE DE DIOS,TAMBOPATA,09/01/2026
ENERO - DICIEMBRE,2025,05/01/2026,MADRE DE DIOS,PROVINCIAL,FAMILIA,VIOLENCIA FAMILIAR,DENUNCIA,,36,30,170101,MADRE DE DIOS,MADRE DE DIOS,TAMBOPATA,09/01/2026
ENERO - DICIEMBRE,2025,05/01/2026,MADRE DE DIOS,PROVINCIAL,FAMILIA,VIOLENCIA FAMILIAR,EXPEDIENTE,,7,6,170101,MADRE DE DIOS,MADRE DE DIOS,TAMBOPATA,09/01/2026
ENERO - DICIEMBRE,2025,05/01/2026,MADRE DE DIOS,PROVINCIAL,PENAL,PENAL,DENUNCIA,CONTRA LA CRIMINALIDAD ORGANIZADA,25,15,170101,MADRE DE DIOS,MADRE DE DIOS,TAMBOPATA,09/01/2026
ENERO - DICIEMBRE,2025,05/01/2026,MADRE DE DIOS,PROVINCIAL,PENAL,PENAL,DENUNCIA,DELITOS DE CORRUPCION DE FUNCIONARIOS,217,205,170101,MADRE DE DIOS,MADRE DE DIOS,TAMBOPATA,09/01/2026
ENERO - DICIEMBRE,2025,05/01/2026,MADRE DE DIOS,PROVINCIAL,PENAL,PENAL,DENUNCIA,DELITOS DE TRAFICO ILICITO DE DROGAS,83,83,170101,MADRE DE DIOS,MADRE DE DIOS,TAMBOPATA,09/01/2026
ENERO - DICIEMBRE,2025,05/01/2026,MADRE DE DIOS,PROVINCIAL,PENAL,PENAL,DENUNCIA,DELITOS DE TRATA DE PERSONAS,91,91,170101,MADRE DE DIOS,MADRE DE DIOS,TAMBOPATA,09/01/2026
ENERO - DICIEMBRE,2025,05/01/2026,MADRE DE DIOS,PROVINCIAL,PENAL,PENAL,DENUNCIA,MATERIA AMBIENTAL,1152,1129,170101,MADRE DE DIOS,MADRE DE DIOS,TAMBOPATA,09/01/2026
ENERO - DICIEMBRE,2025,05/01/2026,MADRE DE DIOS,PROVINCIAL,PENAL,PENAL,DENUNCIA,,12647,12309,170101,MADRE DE DIOS,MADRE DE DIOS,TAMBOPATA,09/01/2026
ENERO - DICIEMBRE,2025,05/01/2026,MADRE DE DIOS,PROVINCIAL,PENAL,PENAL,EXPEDIENTE,,1,0,170101,MADRE DE DIOS,MADRE DE DIOS,TAMBOPATA,09/01/2026
ENERO - DICIEMBRE,2025,05/01/2026,MADRE DE DIOS,PROVINCIAL,PENAL,PENAL,INVESTIGACION PREVENTIVA,,275,274,170101,MADRE DE DIOS,MADRE DE DIOS,TAMBOPATA,09/01/2026
ENERO - DICIEMBRE,2025,05/01/2026,MADRE DE DIOS,SUPERIOR,FAMILIA,FAMILIA CIVIL,EXPEDIENTE,,43,42,170101,MADRE DE DIOS,MADRE DE DIOS,TAMBOPATA,09/01/2026
ENERO - DICIEMBRE,2025,05/01/2026,MADRE DE DIOS,SUPERIOR,FAMILIA,FAMILIA PENAL,EXPEDIENTE,,33,31,170101,MADRE DE DIOS,MADRE DE DIOS,TAMBOPATA,09/01/2026
ENERO - DICIEMBRE,2025,05/01/2026,MADRE DE DIOS,SUPERIOR,FAMILIA,FAMILIA TUTELAR,EXPEDIENTE,,15,15,170101,MADRE DE DIOS,MADRE DE DIOS,TAMBOPATA,09/01/2026
ENERO - DICIEMBRE,2025,05/01/2026,MADRE DE DIOS,SUPERIOR,FAMILIA,VIOLENCIA FAMILIAR,EXPEDIENTE,,112,112,170101,MADRE DE DIOS,MADRE DE DIOS,TAMBOPATA,09/01/2026
ENERO - DICIEMBRE,2025,05/01/2026,MADRE DE DIOS,SUPERIOR,PENAL,PENAL,APELACION DENUNCIA,,655,639,170101,MADRE DE DIOS,MADRE DE DIOS,TAMBOPATA,09/01/2026
ENERO - DICIEMBRE,2025,05/01/2026,MADRE DE DIOS,SUPERIOR,PENAL,PENAL,CONSULTAS,,47,47,170101,MADRE DE DIOS,MADRE DE DIOS,TAMBOPATA,09/01/2026
ENERO - DICIEMBRE,2025,05/01/2026,MADRE DE DIOS,SUPERIOR,PENAL,PENAL,DENUNCIA,,70,70,170101,MADRE DE DIOS,MADRE DE DIOS,TAMBOPATA,09/01/2026
ENERO - DICIEMBRE,2025,05/01/2026,MADRE DE DIOS,SUPERIOR,PENAL,PENAL,EXCLUSION FISCAL,,17,15,170101,MADRE DE DIOS,MADRE DE DIOS,TAMBOPATA,09/01/2026
ENERO - DICIEMBRE,2025,05/01/2026,MADRE DE DIOS,SUPERIOR,PENAL,PENAL,EXPEDIENTE,,59,59,170101,MADRE DE DIOS,MADRE DE DIOS,TAMBOPATA,09/01/2026
ENERO - DICIEMBRE,2025,05/01/2026,MADRE DE DIOS,SUPERIOR,PENAL,PENAL,INCIDENTE-EXPEDIENTE,,24,22,170101,MADRE DE DIOS,MADRE DE DIOS,TAMBOPATA,09/01/2026
ENERO - DICIEMBRE,2025,05/01/2026,MADRE DE DIOS,SUPERIOR,PENAL,PENAL,QUEJAS,,426,426,170101,MADRE DE DIOS,MADRE DE DIOS,TAMBOPATA,09/01/2026
ENERO - DICIEMBRE,2025,05/01/2026,MOQUEGUA,PROVINCIAL,CIVIL,CIVIL,EXPEDIENTE,,20,20,180101,MOQUEGUA,MOQUEGUA,MARISCAL NIETO,09/01/2026
ENERO - DICIEMBRE,2025,05/01/2026,MOQUEGUA,PROVINCIAL,FAMILIA,ACTOS CONTRA LA LIBERTAD SEXUAL,DENUNCIA,,1,1,180101,MOQUEGUA,MOQUEGUA,MARISCAL NIETO,09/01/2026
ENERO - DICIEMBRE,2025,05/01/2026,MOQUEGUA,PROVINCIAL,FAMILIA,FAMILIA CIVIL,EXPEDIENTE,,384,350,180101,MOQUEGUA,MOQUEGUA,MARISCAL NIETO,09/01/2026
ENERO - DICIEMBRE,2025,05/01/2026,MOQUEGUA,PROVINCIAL,FAMILIA,FAMILIA PENAL,DENUNCIA,,207,199,180101,MOQUEGUA,MOQUEGUA,MARISCAL NIETO,09/01/2026
ENERO - DICIEMBRE,2025,05/01/2026,MOQUEGUA,PROVINCIAL,FAMILIA,FAMILIA PENAL,EXPEDIENTE,,9,7,180101,MOQUEGUA,MOQUEGUA,MARISCAL NIETO,09/01/2026
ENERO - DICIEMBRE,2025,05/01/2026,MOQUEGUA,PROVINCIAL,FAMILIA,FAMILIA TUTELAR,DENUNCIA,,424,404,180101,MOQUEGUA,MOQUEGUA,MARISCAL NIETO,09/01/2026
ENERO - DICIEMBRE,2025,05/01/2026,MOQUEGUA,PROVINCIAL,FAMILIA,FAMILIA TUTELAR,EXPEDIENTE,,29,26,180101,MOQUEGUA,MOQUEGUA,MARISCAL NIETO,09/01/2026
ENERO - DICIEMBRE,2025,05/01/2026,MOQUEGUA,PROVINCIAL,FAMILIA,VIOLENCIA FAMILIAR,DENUNCIA,,90,74,180101,MOQUEGUA,MOQUEGUA,MARISCAL NIETO,09/01/2026
ENERO - DICIEMBRE,2025,05/01/2026,MOQUEGUA,PROVINCIAL,PENAL,PENAL,DENUNCIA,DELITOS DE CORRUPCION DE FUNCIONARIOS,433,403,180101,MOQUEGUA,MOQUEGUA,MARISCAL NIETO,09/01/2026
ENERO - DICIEMBRE,2025,05/01/2026,MOQUEGUA,PROVINCIAL,PENAL,PENAL,DENUNCIA,VIOLENCIA CONTRA LA MUJER Y LOS INTEGRANTES DEL GRUPO FAMILIAR,2467,2418,180101,MOQUEGUA,MOQUEGUA,MARISCAL NIETO,09/01/2026
ENERO - DICIEMBRE,2025,05/01/2026,MOQUEGUA,PROVINCIAL,PENAL,PENAL,DENUNCIA,,7610,7206,180101,MOQUEGUA,MOQUEGUA,MARISCAL NIETO,09/01/2026
ENERO - DICIEMBRE,2025,05/01/2026,MOQUEGUA,PROVINCIAL,PENAL,PENAL,INVESTIGACION PREVENTIVA,,190,190,180101,MOQUEGUA,MOQUEGUA,MARISCAL NIETO,09/01/2026
ENERO - DICIEMBRE,2025,05/01/2026,MOQUEGUA,SUPERIOR,CIVIL,CIVIL,EXPEDIENTE,,3,2,180101,MOQUEGUA,MOQUEGUA,MARISCAL NIETO,09/01/2026
ENERO - DICIEMBRE,2025,05/01/2026,MOQUEGUA,SUPERIOR,FAMILIA,FAMILIA CIVIL,EXPEDIENTE,,96,94,180101,MOQUEGUA,MOQUEGUA,MARISCAL NIETO,09/01/2026
ENERO - DICIEMBRE,2025,05/01/2026,MOQUEGUA,SUPERIOR,FAMILIA,FAMILIA PENAL,EXPEDIENTE,,7,7,180101,MOQUEGUA,MOQUEGUA,MARISCAL NIETO,09/01/2026
ENERO - DICIEMBRE,2025,05/01/2026,MOQUEGUA,SUPERIOR,FAMILIA,FAMILIA TUTELAR,EXPEDIENTE,,17,17,180101,MOQUEGUA,MOQUEGUA,MARISCAL NIETO,09/01/2026
ENERO - DICIEMBRE,2025,05/01/2026,MOQUEGUA,SUPERIOR,FAMILIA,VIOLENCIA FAMILIAR,EXPEDIENTE,,125,122,180101,MOQUEGUA,MOQUEGUA,MARISCAL NIETO,09/01/2026
ENERO - DICIEMBRE,2025,05/01/2026,MOQUEGUA,SUPERIOR,PENAL,PENAL,APELACION DENUNCIA,,410,395,180101,MOQUEGUA,MOQUEGUA,MARISCAL NIETO,09/01/2026
ENERO - DICIEMBRE,2025,05/01/2026,MOQUEGUA,SUPERIOR,PENAL,PENAL,CONSULTAS,,122,119,180101,MOQUEGUA,MOQUEGUA,MARISCAL NIETO,09/01/2026
ENERO - DICIEMBRE,2025,05/01/2026,MOQUEGUA,SUPERIOR,PENAL,PENAL,DENUNCIA,,32,32,180101,MOQUEGUA,MOQUEGUA,MARISCAL NIETO,09/01/2026
ENERO - DICIEMBRE,2025,05/01/2026,MOQUEGUA,SUPERIOR,PENAL,PENAL,EXCLUSION FISCAL,,5,5,180101,MOQUEGUA,MOQUEGUA,MARISCAL NIETO,09/01/2026
ENERO - DICIEMBRE,2025,05/01/2026,MOQUEGUA,SUPERIOR,PENAL,PENAL,EXPEDIENTE,,5,5,180101,MOQUEGUA,MOQUEGUA,MARISCAL NIETO,09/01/2026
ENERO - DICIEMBRE,2025,05/01/2026,MOQUEGUA,SUPERIOR,PENAL,PENAL,INCIDENTE-EXPEDIENTE,,2,2,180101,MOQUEGUA,MOQUEGUA,MARISCAL NIETO,09/01/2026
ENERO - DICIEMBRE,2025,05/01/2026,MOQUEGUA,SUPERIOR,PENAL,PENAL,QUEJAS,,655,655,180101,MOQUEGUA,MOQUEGUA,MARISCAL NIETO,09/01/2026
ENERO - DICIEMBRE,2025,05/01/2026,PASCO,PROVINCIAL,CIVIL,CIVIL,EXPEDIENTE,,1,1,190113,PASCO,PASCO,PASCO,09/01/2026
ENERO - DICIEMBRE,2025,05/01/2026,PASCO,PROVINCIAL,FAMILIA,FAMILIA CIVIL,EXPEDIENTE,,277,262,190113,PASCO,PASCO,PASCO,09/01/2026
ENERO - DICIEMBRE,2025,05/01/2026,PASCO,PROVINCIAL,FAMILIA,FAMILIA PENAL,DENUNCIA,,124,91,190113,PASCO,PASCO,PASCO,09/01/2026
ENERO - DICIEMBRE,2025,05/01/2026,PASCO,PROVINCIAL,FAMILIA,FAMILIA PENAL,EXPEDIENTE,,15,15,190113,PASCO,PASCO,PASCO,09/01/2026
ENERO - DICIEMBRE,2025,05/01/2026,PASCO,PROVINCIAL,FAMILIA,FAMILIA TUTELAR,DENUNCIA,,295,271,190113,PASCO,PASCO,PASCO,09/01/2026
ENERO - DICIEMBRE,2025,05/01/2026,PASCO,PROVINCIAL,FAMILIA,FAMILIA TUTELAR,EXPEDIENTE,,7,6,190113,PASCO,PASCO,PASCO,09/01/2026
ENERO - DICIEMBRE,2025,05/01/2026,PASCO,PROVINCIAL,FAMILIA,VIOLENCIA FAMILIAR,DENUNCIA,,1,1,190113,PASCO,PASCO,PASCO,09/01/2026
ENERO - DICIEMBRE,2025,05/01/2026,PASCO,PROVINCIAL,FAMILIA,VIOLENCIA FAMILIAR,EXPEDIENTE,,1,0,190113,PASCO,PASCO,PASCO,09/01/2026
ENERO - DICIEMBRE,2025,05/01/2026,PASCO,PROVINCIAL,PENAL,PENAL,DENUNCIA,DELITOS DE CORRUPCION DE FUNCIONARIOS,255,231,190113,PASCO,PASCO,PASCO,09/01/2026
ENERO - DICIEMBRE,2025,05/01/2026,PASCO,PROVINCIAL,PENAL,PENAL,DENUNCIA,MATERIA AMBIENTAL,210,209,190113,PASCO,PASCO,PASCO,09/01/2026
ENERO - DICIEMBRE,2025,05/01/2026,PASCO,PROVINCIAL,PENAL,PENAL,DENUNCIA,,5184,4782,190113,PASCO,PASCO,PASCO,09/01/2026
ENERO - DICIEMBRE,2025,05/01/2026,PASCO,PROVINCIAL,PENAL,PENAL,INVESTIGACION PREVENTIVA,MATERIA AMBIENTAL,13,13,190113,PASCO,PASCO,PASCO,09/01/2026
ENERO - DICIEMBRE,2025,05/01/2026,PASCO,PROVINCIAL,PENAL,PENAL,INVESTIGACION PREVENTIVA,,61,61,190113,PASCO,PASCO,PASCO,09/01/2026
ENERO - DICIEMBRE,2025,05/01/2026,PASCO,SUPERIOR,FAMILIA,FAMILIA CIVIL,EXPEDIENTE,,8,7,190113,PASCO,PASCO,PASCO,09/01/2026
ENERO - DICIEMBRE,2025,05/01/2026,PASCO,SUPERIOR,FAMILIA,FAMILIA CIVIL,INCIDENTE,,1,0,190113,PASCO,PASCO,PASCO,09/01/2026
ENERO - DICIEMBRE,2025,05/01/2026,PASCO,SUPERIOR,FAMILIA,FAMILIA TUTELAR,EXPEDIENTE,,3,3,190113,PASCO,PASCO,PASCO,09/01/2026
ENERO - DICIEMBRE,2025,05/01/2026,PASCO,SUPERIOR,FAMILIA,VIOLENCIA FAMILIAR,EXPEDIENTE,,31,30,190113,PASCO,PASCO,PASCO,09/01/2026
ENERO - DICIEMBRE,2025,05/01/2026,PASCO,SUPERIOR,FAMILIA,VIOLENCIA FAMILIAR,INCIDENTE,,3,0,190113,PASCO,PASCO,PASCO,09/01/2026
ENERO - DICIEMBRE,2025,05/01/2026,PASCO,SUPERIOR,PENAL,PENAL,APELACION DENUNCIA,DELITOS DE CORRUPCION DE FUNCIONARIOS,130,126,190113,PASCO,PASCO,PASCO,09/01/2026
ENERO - DICIEMBRE,2025,05/01/2026,PASCO,SUPERIOR,PENAL,PENAL,APELACION DENUNCIA,,237,236,190113,PASCO,PASCO,PASCO,09/01/2026
ENERO - DICIEMBRE,2025,05/01/2026,PASCO,SUPERIOR,PENAL,PENAL,APELACION EXPEDIENTE,,7,7,190113,PASCO,PASCO,PASCO,09/01/2026
ENERO - DICIEMBRE,2025,05/01/2026,PASCO,SUPERIOR,PENAL,PENAL,CONSULTAS,DELITOS DE CORRUPCION DE FUNCIONARIOS,15,15,190113,PASCO,PASCO,PASCO,09/01/2026
ENERO - DICIEMBRE,2025,05/01/2026,PASCO,SUPERIOR,PENAL,PENAL,CONSULTAS,,98,94,190113,PASCO,PASCO,PASCO,09/01/2026
ENERO - DICIEMBRE,2025,05/01/2026,PASCO,SUPERIOR,PENAL,PENAL,DENUNCIA,DELITOS DE CORRUPCION DE FUNCIONARIOS,10,10,190113,PASCO,PASCO,PASCO,09/01/2026
ENERO - DICIEMBRE,2025,05/01/2026,PASCO,SUPERIOR,PENAL,PENAL,DENUNCIA,,44,44,190113,PASCO,PASCO,PASCO,09/01/2026
ENERO - DICIEMBRE,2025,05/01/2026,PASCO,SUPERIOR,PENAL,PENAL,EXCLUSION FISCAL,DELITOS DE CORRUPCION DE FUNCIONARIOS,2,2,190113,PASCO,PASCO,PASCO,09/01/2026
ENERO - DICIEMBRE,2025,05/01/2026,PASCO,SUPERIOR,PENAL,PENAL,EXCLUSION FISCAL,,12,12,190113,PASCO,PASCO,PASCO,09/01/2026
ENERO - DICIEMBRE,2025,05/01/2026,PASCO,SUPERIOR,PENAL,PENAL,EXPEDIENTE,DELITOS DE CORRUPCION DE FUNCIONARIOS,6,3,190113,PASCO,PASCO,PASCO,09/01/2026
ENERO - DICIEMBRE,2025,05/01/2026,PASCO,SUPERIOR,PENAL,PENAL,EXPEDIENTE,,25,23,190113,PASCO,PASCO,PASCO,09/01/2026
ENERO - DICIEMBRE,2025,05/01/2026,PASCO,SUPERIOR,PENAL,PENAL,INCIDENTE-EXPEDIENTE,,7,6,190113,PASCO,PASCO,PASCO,09/01/2026
ENERO - DICIEMBRE,2025,05/01/2026,PASCO,SUPERIOR,PENAL,PENAL,QUEJAS,DELITOS DE CORRUPCION DE FUNCIONARIOS,59,59,190113,PASCO,PASCO,PASCO,09/01/2026
ENERO - DICIEMBRE,2025,05/01/2026,PASCO,SUPERIOR,PENAL,PENAL,QUEJAS,,294,293,190113,PASCO,PASCO,PASCO,09/01/2026
ENERO - DICIEMBRE,2025,05/01/2026,PIURA,PROVINCIAL,CIVIL,CIVIL,EXPEDIENTE,,4,4,200101,PIURA,PIURA,PIURA,09/01/2026
ENERO - DICIEMBRE,2025,05/01/2026,PIURA,PROVINCIAL,FAMILIA,ACTOS CONTRA LA LIBERTAD SEXUAL,DENUNCIA,,20,15,200101,PIURA,PIURA,PIURA,09/01/2026
ENERO - DICIEMBRE,2025,05/01/2026,PIURA,PROVINCIAL,FAMILIA,FAMILIA CIVIL,EXPEDIENTE,,424,401,200101,PIURA,PIURA,PIURA,09/01/2026
ENERO - DICIEMBRE,2025,05/01/2026,PIURA,PROVINCIAL,FAMILIA,FAMILIA PENAL,DENUNCIA,,741,649,200101,PIURA,PIURA,PIURA,09/01/2026
ENERO - DICIEMBRE,2025,05/01/2026,PIURA,PROVINCIAL,FAMILIA,FAMILIA PENAL,EXPEDIENTE,,174,172,200101,PIURA,PIURA,PIURA,09/01/2026
ENERO - DICIEMBRE,2025,05/01/2026,PIURA,PROVINCIAL,FAMILIA,FAMILIA TUTELAR,DENUNCIA,,210,177,200101,PIURA,PIURA,PIURA,09/01/2026
ENERO - DICIEMBRE,2025,05/01/2026,PIURA,PROVINCIAL,FAMILIA,FAMILIA TUTELAR,EXPEDIENTE,,76,69,200101,PIURA,PIURA,PIURA,09/01/2026
ENERO - DICIEMBRE,2025,05/01/2026,PIURA,PROVINCIAL,FAMILIA,VIOLENCIA FAMILIAR,DENUNCIA,,6,6,200101,PIURA,PIURA,PIURA,09/01/2026
ENERO - DICIEMBRE,2025,05/01/2026,PIURA,PROVINCIAL,FAMILIA,VIOLENCIA FAMILIAR,EXPEDIENTE,,1,1,200101,PIURA,PIURA,PIURA,09/01/2026
ENERO - DICIEMBRE,2025,05/01/2026,PIURA,PROVINCIAL,PENAL,PENAL,DENUNCIA,CONTRA LA CRIMINALIDAD ORGANIZADA,806,800,200101,PIURA,PIURA,PIURA,09/01/2026
ENERO - DICIEMBRE,2025,05/01/2026,PIURA,PROVINCIAL,PENAL,PENAL,DENUNCIA,DELITOS DE CORRUPCION DE FUNCIONARIOS,516,444,200101,PIURA,PIURA,PIURA,09/01/2026
ENERO - DICIEMBRE,2025,05/01/2026,PIURA,PROVINCIAL,PENAL,PENAL,DENUNCIA,DELITOS DE TRAFICO ILICITO DE DROGAS,157,156,200101,PIURA,PIURA,PIURA,09/01/2026
ENERO - DICIEMBRE,2025,05/01/2026,PIURA,PROVINCIAL,PENAL,PENAL,DENUNCIA,DELITOS DE TRATA DE PERSONAS,239,237,200101,PIURA,PIURA,PIURA,09/01/2026
ENERO - DICIEMBRE,2025,05/01/2026,PIURA,PROVINCIAL,PENAL,PENAL,DENUNCIA,MATERIA AMBIENTAL,127,127,200101,PIURA,PIURA,PIURA,09/01/2026
ENERO - DICIEMBRE,2025,05/01/2026,PIURA,PROVINCIAL,PENAL,PENAL,DENUNCIA,VIOLENCIA CONTRA LA MUJER Y LOS INTEGRANTES DEL GRUPO FAMILIAR,10676,10075,200101,PIURA,PIURA,PIURA,09/01/2026
ENERO - DICIEMBRE,2025,05/01/2026,PIURA,PROVINCIAL,PENAL,PENAL,DENUNCIA,,24842,22003,200101,PIURA,PIURA,PIURA,09/01/2026
ENERO - DICIEMBRE,2025,05/01/2026,PIURA,PROVINCIAL,PENAL,PENAL,INVESTIGACION PREVENTIVA,MATERIA AMBIENTAL,61,61,200101,PIURA,PIURA,PIURA,09/01/2026
ENERO - DICIEMBRE,2025,05/01/2026,PIURA,PROVINCIAL,PENAL,PENAL,INVESTIGACION PREVENTIVA,,65,65,200101,PIURA,PIURA,PIURA,09/01/2026
ENERO - DICIEMBRE,2025,05/01/2026,PIURA,SUPERIOR,FAMILIA,FAMILIA CIVIL,EXPEDIENTE,,41,41,200101,PIURA,PIURA,PIURA,09/01/2026
ENERO - DICIEMBRE,2025,05/01/2026,PIURA,SUPERIOR,FAMILIA,FAMILIA CIVIL,INCIDENTE,,4,4,200101,PIURA,PIURA,PIURA,09/01/2026
ENERO - DICIEMBRE,2025,05/01/2026,PIURA,SUPERIOR,FAMILIA,FAMILIA PENAL,EXPEDIENTE,,40,40,200101,PIURA,PIURA,PIURA,09/01/2026
ENERO - DICIEMBRE,2025,05/01/2026,PIURA,SUPERIOR,FAMILIA,FAMILIA PENAL,INCIDENTE,,1,1,200101,PIURA,PIURA,PIURA,09/01/2026
ENERO - DICIEMBRE,2025,05/01/2026,PIURA,SUPERIOR,FAMILIA,FAMILIA TUTELAR,EXPEDIENTE,,6,6,200101,PIURA,PIURA,PIURA,09/01/2026
ENERO - DICIEMBRE,2025,05/01/2026,PIURA,SUPERIOR,FAMILIA,VIOLENCIA FAMILIAR,EXPEDIENTE,,573,573,200101,PIURA,PIURA,PIURA,09/01/2026
ENERO - DICIEMBRE,2025,05/01/2026,PIURA,SUPERIOR,PENAL,PENAL,APELACION DENUNCIA,,1311,1305,200101,PIURA,PIURA,PIURA,09/01/2026
ENERO - DICIEMBRE,2025,05/01/2026,PIURA,SUPERIOR,PENAL,PENAL,APELACION EXPEDIENTE,,344,344,200101,PIURA,PIURA,PIURA,09/01/2026
ENERO - DICIEMBRE,2025,05/01/2026,PIURA,SUPERIOR,PENAL,PENAL,CONSULTAS,,334,318,200101,PIURA,PIURA,PIURA,09/01/2026
ENERO - DICIEMBRE,2025,05/01/2026,PIURA,SUPERIOR,PENAL,PENAL,DENUNCIA,,106,96,200101,PIURA,PIURA,PIURA,09/01/2026
ENERO - DICIEMBRE,2025,05/01/2026,PIURA,SUPERIOR,PENAL,PENAL,EXCLUSION FISCAL,,30,27,200101,PIURA,PIURA,PIURA,09/01/2026
ENERO - DICIEMBRE,2025,05/01/2026,PIURA,SUPERIOR,PENAL,PENAL,EXPEDIENTE,,62,62,200101,PIURA,PIURA,PIURA,09/01/2026
ENERO - DICIEMBRE,2025,05/01/2026,PIURA,SUPERIOR,PENAL,PENAL,INCIDENTE-EXPEDIENTE,,5,5,200101,PIURA,PIURA,PIURA,09/01/2026
ENERO - DICIEMBRE,2025,05/01/2026,PIURA,SUPERIOR,PENAL,PENAL,QUEJAS,,1573,1439,200101,PIURA,PIURA,PIURA,09/01/2026
ENERO - DICIEMBRE,2025,05/01/2026,PUNO,PROVINCIAL,CIVIL,CIVIL,EXPEDIENTE,,37,28,210101,PUNO,PUNO,PUNO,09/01/2026
ENERO - DICIEMBRE,2025,05/01/2026,PUNO,PROVINCIAL,FAMILIA,ACTOS CONTRA LA LIBERTAD SEXUAL,DENUNCIA,,1,1,210101,PUNO,PUNO,PUNO,09/01/2026
ENERO - DICIEMBRE,2025,05/01/2026,PUNO,PROVINCIAL,FAMILIA,FAMILIA CIVIL,EXPEDIENTE,,1062,942,210101,PUNO,PUNO,PUNO,09/01/2026
ENERO - DICIEMBRE,2025,05/01/2026,PUNO,PROVINCIAL,FAMILIA,FAMILIA PENAL,DENUNCIA,,332,286,210101,PUNO,PUNO,PUNO,09/01/2026
ENERO - DICIEMBRE,2025,05/01/2026,PUNO,PROVINCIAL,FAMILIA,FAMILIA PENAL,EXPEDIENTE,,82,66,210101,PUNO,PUNO,PUNO,09/01/2026
ENERO - DICIEMBRE,2025,05/01/2026,PUNO,PROVINCIAL,FAMILIA,FAMILIA TUTELAR,DENUNCIA,,549,479,210101,PUNO,PUNO,PUNO,09/01/2026
ENERO - DICIEMBRE,2025,05/01/2026,PUNO,PROVINCIAL,FAMILIA,FAMILIA TUTELAR,EXPEDIENTE,,214,180,210101,PUNO,PUNO,PUNO,09/01/2026
ENERO - DICIEMBRE,2025,05/01/2026,PUNO,PROVINCIAL,FAMILIA,VIOLENCIA FAMILIAR,DENUNCIA,,5,2,210101,PUNO,PUNO,PUNO,09/01/2026
ENERO - DICIEMBRE,2025,05/01/2026,PUNO,PROVINCIAL,FAMILIA,VIOLENCIA FAMILIAR,EXPEDIENTE,,1,1,210101,PUNO,PUNO,PUNO,09/01/2026
ENERO - DICIEMBRE,2025,05/01/2026,PUNO,PROVINCIAL,PENAL,PENAL,DENUNCIA,CONTRA LA CRIMINALIDAD ORGANIZADA,26,24,210101,PUNO,PUNO,PUNO,09/01/2026
ENERO - DICIEMBRE,2025,05/01/2026,PUNO,PROVINCIAL,PENAL,PENAL,DENUNCIA,DELITOS ADUANEROS Y CONTRA LA PROPIEDAD INTELECTUAL,775,732,210101,PUNO,PUNO,PUNO,09/01/2026
ENERO - DICIEMBRE,2025,05/01/2026,PUNO,PROVINCIAL,PENAL,PENAL,DENUNCIA,DELITOS DE CORRUPCION DE FUNCIONARIOS,608,501,210101,PUNO,PUNO,PUNO,09/01/2026
ENERO - DICIEMBRE,2025,05/01/2026,PUNO,PROVINCIAL,PENAL,PENAL,DENUNCIA,DELITOS DE TRAFICO ILICITO DE DROGAS,190,190,210101,PUNO,PUNO,PUNO,09/01/2026
ENERO - DICIEMBRE,2025,05/01/2026,PUNO,PROVINCIAL,PENAL,PENAL,DENUNCIA,DELITOS DE TRATA DE PERSONAS,90,88,210101,PUNO,PUNO,PUNO,09/01/2026
ENERO - DICIEMBRE,2025,05/01/2026,PUNO,PROVINCIAL,PENAL,PENAL,DENUNCIA,LAVADO DE ACTIVOS Y PERDIDA DE DOMINIO,83,78,210101,PUNO,PUNO,PUNO,09/01/2026
ENERO - DICIEMBRE,2025,05/01/2026,PUNO,PROVINCIAL,PENAL,PENAL,DENUNCIA,MATERIA AMBIENTAL,994,976,210101,PUNO,PUNO,PUNO,09/01/2026
ENERO - DICIEMBRE,2025,05/01/2026,PUNO,PROVINCIAL,PENAL,PENAL,DENUNCIA,,24205,21343,210101,PUNO,PUNO,PUNO,09/01/2026
ENERO - DICIEMBRE,2025,05/01/2026,PUNO,PROVINCIAL,PENAL,PENAL,EXPEDIENTE,DELITOS DE TRAFICO ILICITO DE DROGAS,4,1,210101,PUNO,PUNO,PUNO,09/01/2026
ENERO - DICIEMBRE,2025,05/01/2026,PUNO,PROVINCIAL,PENAL,PENAL,INVESTIGACION PREVENTIVA,DELITOS ADUANEROS Y CONTRA LA PROPIEDAD INTELECTUAL,1,1,210101,PUNO,PUNO,PUNO,09/01/2026
ENERO - DICIEMBRE,2025,05/01/2026,PUNO,PROVINCIAL,PENAL,PENAL,INVESTIGACION PREVENTIVA,MATERIA AMBIENTAL,117,115,210101,PUNO,PUNO,PUNO,09/01/2026
ENERO - DICIEMBRE,2025,05/01/2026,PUNO,PROVINCIAL,PENAL,PENAL,INVESTIGACION PREVENTIVA,,824,800,210101,PUNO,PUNO,PUNO,09/01/2026
ENERO - DICIEMBRE,2025,05/01/2026,PUNO,SUPERIOR,CIVIL,CIVIL,EXPEDIENTE,,10,9,210101,PUNO,PUNO,PUNO,09/01/2026
ENERO - DICIEMBRE,2025,05/01/2026,PUNO,SUPERIOR,FAMILIA,FAMILIA CIVIL,EXPEDIENTE,,226,224,210101,PUNO,PUNO,PUNO,09/01/2026
ENERO - DICIEMBRE,2025,05/01/2026,PUNO,SUPERIOR,FAMILIA,FAMILIA CIVIL,INCIDENTE,,1,1,210101,PUNO,PUNO,PUNO,09/01/2026
ENERO - DICIEMBRE,2025,05/01/2026,PUNO,SUPERIOR,FAMILIA,FAMILIA PENAL,EXPEDIENTE,,46,42,210101,PUNO,PUNO,PUNO,09/01/2026
ENERO - DICIEMBRE,2025,05/01/2026,PUNO,SUPERIOR,FAMILIA,FAMILIA TUTELAR,EXPEDIENTE,,54,53,210101,PUNO,PUNO,PUNO,09/01/2026
ENERO - DICIEMBRE,2025,05/01/2026,PUNO,SUPERIOR,FAMILIA,VIOLENCIA FAMILIAR,EXPEDIENTE,,116,112,210101,PUNO,PUNO,PUNO,09/01/2026
ENERO - DICIEMBRE,2025,05/01/2026,PUNO,SUPERIOR,PENAL,PENAL,APELACION DENUNCIA,,1614,1608,210101,PUNO,PUNO,PUNO,09/01/2026
ENERO - DICIEMBRE,2025,05/01/2026,PUNO,SUPERIOR,PENAL,PENAL,APELACION EXPEDIENTE,,25,25,210101,PUNO,PUNO,PUNO,09/01/2026
ENERO - DICIEMBRE,2025,05/01/2026,PUNO,SUPERIOR,PENAL,PENAL,CONSULTAS,,412,399,210101,PUNO,PUNO,PUNO,09/01/2026
ENERO - DICIEMBRE,2025,05/01/2026,PUNO,SUPERIOR,PENAL,PENAL,DENUNCIA,,146,145,210101,PUNO,PUNO,PUNO,09/01/2026
ENERO - DICIEMBRE,2025,05/01/2026,PUNO,SUPERIOR,PENAL,PENAL,EXCLUSION FISCAL,,28,27,210101,PUNO,PUNO,PUNO,09/01/2026
ENERO - DICIEMBRE,2025,05/01/2026,PUNO,SUPERIOR,PENAL,PENAL,EXPEDIENTE,,33,31,210101,PUNO,PUNO,PUNO,09/01/2026
ENERO - DICIEMBRE,2025,05/01/2026,PUNO,SUPERIOR,PENAL,PENAL,INCIDENTE-EXPEDIENTE,,27,20,210101,PUNO,PUNO,PUNO,09/01/2026
ENERO - DICIEMBRE,2025,05/01/2026,PUNO,SUPERIOR,PENAL,PENAL,QUEJAS,,1244,1205,210101,PUNO,PUNO,PUNO,09/01/2026
ENERO - DICIEMBRE,2025,05/01/2026,SAN MARTIN,PROVINCIAL,CIVIL,CIVIL,EXPEDIENTE,,72,56,220101,SAN MARTIN,SAN MARTIN,MOYOBAMBA,09/01/2026
ENERO - DICIEMBRE,2025,05/01/2026,SAN MARTIN,PROVINCIAL,FAMILIA,ACTOS CONTRA LA LIBERTAD SEXUAL,DENUNCIA,,15,14,220101,SAN MARTIN,SAN MARTIN,MOYOBAMBA,09/01/2026
ENERO - DICIEMBRE,2025,05/01/2026,SAN MARTIN,PROVINCIAL,FAMILIA,FAMILIA CIVIL,EXPEDIENTE,,645,570,220101,SAN MARTIN,SAN MARTIN,MOYOBAMBA,09/01/2026
ENERO - DICIEMBRE,2025,05/01/2026,SAN MARTIN,PROVINCIAL,FAMILIA,FAMILIA PENAL,DENUNCIA,,827,653,220101,SAN MARTIN,SAN MARTIN,MOYOBAMBA,09/01/2026
ENERO - DICIEMBRE,2025,05/01/2026,SAN MARTIN,PROVINCIAL,FAMILIA,FAMILIA PENAL,EXPEDIENTE,,165,150,220101,SAN MARTIN,SAN MARTIN,MOYOBAMBA,09/01/2026
ENERO - DICIEMBRE,2025,05/01/2026,SAN MARTIN,PROVINCIAL,FAMILIA,FAMILIA TUTELAR,DENUNCIA,,1521,1280,220101,SAN MARTIN,SAN MARTIN,MOYOBAMBA,09/01/2026
ENERO - DICIEMBRE,2025,05/01/2026,SAN MARTIN,PROVINCIAL,FAMILIA,FAMILIA TUTELAR,EXPEDIENTE,,306,280,220101,SAN MARTIN,SAN MARTIN,MOYOBAMBA,09/01/2026
ENERO - DICIEMBRE,2025,05/01/2026,SAN MARTIN,PROVINCIAL,FAMILIA,VIOLENCIA FAMILIAR,DENUNCIA,,90,85,220101,SAN MARTIN,SAN MARTIN,MOYOBAMBA,09/01/2026
ENERO - DICIEMBRE,2025,05/01/2026,SAN MARTIN,PROVINCIAL,FAMILIA,VIOLENCIA FAMILIAR,EXPEDIENTE,,3,3,220101,SAN MARTIN,SAN MARTIN,MOYOBAMBA,09/01/2026
ENERO - DICIEMBRE,2025,05/01/2026,SAN MARTIN,PROVINCIAL,PENAL,PENAL,DENUNCIA,CONTRA LA CRIMINALIDAD ORGANIZADA,48,48,220101,SAN MARTIN,SAN MARTIN,MOYOBAMBA,09/01/2026
ENERO - DICIEMBRE,2025,05/01/2026,SAN MARTIN,PROVINCIAL,PENAL,PENAL,DENUNCIA,DELITOS DE CORRUPCION DE FUNCIONARIOS,400,356,220101,SAN MARTIN,SAN MARTIN,MOYOBAMBA,09/01/2026
ENERO - DICIEMBRE,2025,05/01/2026,SAN MARTIN,PROVINCIAL,PENAL,PENAL,DENUNCIA,DELITOS DE TRAFICO ILICITO DE DROGAS,101,101,220101,SAN MARTIN,SAN MARTIN,MOYOBAMBA,09/01/2026
ENERO - DICIEMBRE,2025,05/01/2026,SAN MARTIN,PROVINCIAL,PENAL,PENAL,DENUNCIA,MATERIA AMBIENTAL,701,695,220101,SAN MARTIN,SAN MARTIN,MOYOBAMBA,09/01/2026
ENERO - DICIEMBRE,2025,05/01/2026,SAN MARTIN,PROVINCIAL,PENAL,PENAL,DENUNCIA,,26746,24894,220101,SAN MARTIN,SAN MARTIN,MOYOBAMBA,09/01/2026
ENERO - DICIEMBRE,2025,05/01/2026,SAN MARTIN,PROVINCIAL,PENAL,PENAL,EXPEDIENTE,,16,12,220101,SAN MARTIN,SAN MARTIN,MOYOBAMBA,09/01/2026
ENERO - DICIEMBRE,2025,05/01/2026,SAN MARTIN,PROVINCIAL,PENAL,PENAL,INVESTIGACION PREVENTIVA,MATERIA AMBIENTAL,49,49,220101,SAN MARTIN,SAN MARTIN,MOYOBAMBA,09/01/2026
ENERO - DICIEMBRE,2025,05/01/2026,SAN MARTIN,PROVINCIAL,PENAL,PENAL,INVESTIGACION PREVENTIVA,,56,56,220101,SAN MARTIN,SAN MARTIN,MOYOBAMBA,09/01/2026
ENERO - DICIEMBRE,2025,05/01/2026,SAN MARTIN,SUPERIOR,FAMILIA,FAMILIA CIVIL,EXPEDIENTE,,44,43,220101,SAN MARTIN,SAN MARTIN,MOYOBAMBA,09/01/2026
ENERO - DICIEMBRE,2025,05/01/2026,SAN MARTIN,SUPERIOR,FAMILIA,FAMILIA PENAL,EXPEDIENTE,,32,32,220101,SAN MARTIN,SAN MARTIN,MOYOBAMBA,09/01/2026
ENERO - DICIEMBRE,2025,05/01/2026,SAN MARTIN,SUPERIOR,FAMILIA,FAMILIA TUTELAR,EXPEDIENTE,,88,87,220101,SAN MARTIN,SAN MARTIN,MOYOBAMBA,09/01/2026
ENERO - DICIEMBRE,2025,05/01/2026,SAN MARTIN,SUPERIOR,FAMILIA,VIOLENCIA FAMILIAR,EXPEDIENTE,,151,150,220101,SAN MARTIN,SAN MARTIN,MOYOBAMBA,09/01/2026
ENERO - DICIEMBRE,2025,05/01/2026,SAN MARTIN,SUPERIOR,FAMILIA,VIOLENCIA FAMILIAR,INCIDENTE,,2,2,220101,SAN MARTIN,SAN MARTIN,MOYOBAMBA,09/01/2026
ENERO - DICIEMBRE,2025,05/01/2026,SAN MARTIN,SUPERIOR,PENAL,PENAL,APELACION DENUNCIA,,1512,1461,220101,SAN MARTIN,SAN MARTIN,MOYOBAMBA,09/01/2026
ENERO - DICIEMBRE,2025,05/01/2026,SAN MARTIN,SUPERIOR,PENAL,PENAL,APELACION EXPEDIENTE,,11,9,220101,SAN MARTIN,SAN MARTIN,MOYOBAMBA,09/01/2026
ENERO - DICIEMBRE,2025,05/01/2026,SAN MARTIN,SUPERIOR,PENAL,PENAL,CONSULTAS,,200,198,220101,SAN MARTIN,SAN MARTIN,MOYOBAMBA,09/01/2026
ENERO - DICIEMBRE,2025,05/01/2026,SAN MARTIN,SUPERIOR,PENAL,PENAL,DENUNCIA,,114,110,220101,SAN MARTIN,SAN MARTIN,MOYOBAMBA,09/01/2026
ENERO - DICIEMBRE,2025,05/01/2026,SAN MARTIN,SUPERIOR,PENAL,PENAL,EXCLUSION FISCAL,,33,33,220101,SAN MARTIN,SAN MARTIN,MOYOBAMBA,09/01/2026
ENERO - DICIEMBRE,2025,05/01/2026,SAN MARTIN,SUPERIOR,PENAL,PENAL,EXPEDIENTE,,64,56,220101,SAN MARTIN,SAN MARTIN,MOYOBAMBA,09/01/2026
ENERO - DICIEMBRE,2025,05/01/2026,SAN MARTIN,SUPERIOR,PENAL,PENAL,INCIDENTE-EXPEDIENTE,,7,7,220101,SAN MARTIN,SAN MARTIN,MOYOBAMBA,09/01/2026
ENERO - DICIEMBRE,2025,05/01/2026,SAN MARTIN,SUPERIOR,PENAL,PENAL,QUEJAS,,852,835,220101,SAN MARTIN,SAN MARTIN,MOYOBAMBA,09/01/2026
ENERO - DICIEMBRE,2025,05/01/2026,SANTA,PROVINCIAL,CIVIL,CIVIL,EXPEDIENTE,,114,110,021801,ANCASH,ANCASH,SANTA,09/01/2026
ENERO - DICIEMBRE,2025,05/01/2026,SANTA,PROVINCIAL,FAMILIA,ACTOS CONTRA LA LIBERTAD SEXUAL,DENUNCIA,,34,34,021801,ANCASH,ANCASH,SANTA,09/01/2026
ENERO - DICIEMBRE,2025,05/01/2026,SANTA,PROVINCIAL,FAMILIA,FAMILIA CIVIL,EXPEDIENTE,,677,638,021801,ANCASH,ANCASH,SANTA,09/01/2026
ENERO - DICIEMBRE,2025,05/01/2026,SANTA,PROVINCIAL,FAMILIA,FAMILIA PENAL,DENUNCIA,,593,527,021801,ANCASH,ANCASH,SANTA,09/01/2026
ENERO - DICIEMBRE,2025,05/01/2026,SANTA,PROVINCIAL,FAMILIA,FAMILIA PENAL,EXPEDIENTE,,54,48,021801,ANCASH,ANCASH,SANTA,09/01/2026
ENERO - DICIEMBRE,2025,05/01/2026,SANTA,PROVINCIAL,FAMILIA,FAMILIA TUTELAR,DENUNCIA,,813,788,021801,ANCASH,ANCASH,SANTA,09/01/2026
ENERO - DICIEMBRE,2025,05/01/2026,SANTA,PROVINCIAL,FAMILIA,FAMILIA TUTELAR,EXPEDIENTE,,97,88,021801,ANCASH,ANCASH,SANTA,09/01/2026
ENERO - DICIEMBRE,2025,05/01/2026,SANTA,PROVINCIAL,FAMILIA,VIOLENCIA FAMILIAR,DENUNCIA,,40,40,021801,ANCASH,ANCASH,SANTA,09/01/2026
ENERO - DICIEMBRE,2025,05/01/2026,SANTA,PROVINCIAL,PENAL,PENAL,DENUNCIA,CONTRA LA CRIMINALIDAD ORGANIZADA,39,38,021801,ANCASH,ANCASH,SANTA,09/01/2026
ENERO - DICIEMBRE,2025,05/01/2026,SANTA,PROVINCIAL,PENAL,PENAL,DENUNCIA,DELITOS DE CORRUPCION DE FUNCIONARIOS,286,221,021801,ANCASH,ANCASH,SANTA,09/01/2026
ENERO - DICIEMBRE,2025,05/01/2026,SANTA,PROVINCIAL,PENAL,PENAL,DENUNCIA,DELITOS DE TRAFICO ILICITO DE DROGAS,114,114,021801,ANCASH,ANCASH,SANTA,09/01/2026
ENERO - DICIEMBRE,2025,05/01/2026,SANTA,PROVINCIAL,PENAL,PENAL,DENUNCIA,LAVADO DE ACTIVOS Y PERDIDA DE DOMINIO,19,18,021801,ANCASH,ANCASH,SANTA,09/01/2026
ENERO - DICIEMBRE,2025,05/01/2026,SANTA,PROVINCIAL,PENAL,PENAL,DENUNCIA,MATERIA AMBIENTAL,294,252,021801,ANCASH,ANCASH,SANTA,09/01/2026
ENERO - DICIEMBRE,2025,05/01/2026,SANTA,PROVINCIAL,PENAL,PENAL,DENUNCIA,,27296,24904,021801,ANCASH,ANCASH,SANTA,09/01/2026
ENERO - DICIEMBRE,2025,05/01/2026,SANTA,PROVINCIAL,PENAL,PENAL,EXPEDIENTE,,6,6,021801,ANCASH,ANCASH,SANTA,09/01/2026
ENERO - DICIEMBRE,2025,05/01/2026,SANTA,PROVINCIAL,PENAL,PENAL,INVESTIGACION PREVENTIVA,MATERIA AMBIENTAL,48,41,021801,ANCASH,ANCASH,SANTA,09/01/2026
ENERO - DICIEMBRE,2025,05/01/2026,SANTA,PROVINCIAL,PENAL,PENAL,INVESTIGACION PREVENTIVA,,175,175,021801,ANCASH,ANCASH,SANTA,09/01/2026
ENERO - DICIEMBRE,2025,05/01/2026,SANTA,SUPERIOR,FAMILIA,FAMILIA CIVIL,EXPEDIENTE,,39,39,021801,ANCASH,ANCASH,SANTA,09/01/2026
ENERO - DICIEMBRE,2025,05/01/2026,SANTA,SUPERIOR,FAMILIA,FAMILIA CIVIL,INCIDENTE,,8,8,021801,ANCASH,ANCASH,SANTA,09/01/2026
ENERO - DICIEMBRE,2025,05/01/2026,SANTA,SUPERIOR,FAMILIA,FAMILIA PENAL,EXPEDIENTE,,13,13,021801,ANCASH,ANCASH,SANTA,09/01/2026
ENERO - DICIEMBRE,2025,05/01/2026,SANTA,SUPERIOR,FAMILIA,FAMILIA PENAL,INCIDENTE,,6,6,021801,ANCASH,ANCASH,SANTA,09/01/2026
ENERO - DICIEMBRE,2025,05/01/2026,SANTA,SUPERIOR,FAMILIA,FAMILIA TUTELAR,EXPEDIENTE,,7,7,021801,ANCASH,ANCASH,SANTA,09/01/2026
ENERO - DICIEMBRE,2025,05/01/2026,SANTA,SUPERIOR,FAMILIA,VIOLENCIA FAMILIAR,EXPEDIENTE,,113,104,021801,ANCASH,ANCASH,SANTA,09/01/2026
ENERO - DICIEMBRE,2025,05/01/2026,SANTA,SUPERIOR,FAMILIA,VIOLENCIA FAMILIAR,INCIDENTE,,321,321,021801,ANCASH,ANCASH,SANTA,09/01/2026
ENERO - DICIEMBRE,2025,05/01/2026,SANTA,SUPERIOR,PENAL,PENAL,APELACION DENUNCIA,DELITOS DE CORRUPCION DE FUNCIONARIOS,78,78,021801,ANCASH,ANCASH,SANTA,09/01/2026
ENERO - DICIEMBRE,2025,05/01/2026,SANTA,SUPERIOR,PENAL,PENAL,APELACION DENUNCIA,,1091,1083,021801,ANCASH,ANCASH,SANTA,09/01/2026
ENERO - DICIEMBRE,2025,05/01/2026,SANTA,SUPERIOR,PENAL,PENAL,APELACION EXPEDIENTE,DELITOS DE CORRUPCION DE FUNCIONARIOS,2,2,021801,ANCASH,ANCASH,SANTA,09/01/2026
ENERO - DICIEMBRE,2025,05/01/2026,SANTA,SUPERIOR,PENAL,PENAL,APELACION EXPEDIENTE,,2,2,021801,ANCASH,ANCASH,SANTA,09/01/2026
ENERO - DICIEMBRE,2025,05/01/2026,SANTA,SUPERIOR,PENAL,PENAL,CONSULTAS,DELITOS DE CORRUPCION DE FUNCIONARIOS,10,10,021801,ANCASH,ANCASH,SANTA,09/01/2026
ENERO - DICIEMBRE,2025,05/01/2026,SANTA,SUPERIOR,PENAL,PENAL,CONSULTAS,,188,185,021801,ANCASH,ANCASH,SANTA,09/01/2026
ENERO - DICIEMBRE,2025,05/01/2026,SANTA,SUPERIOR,PENAL,PENAL,DENUNCIA,DELITOS DE CORRUPCION DE FUNCIONARIOS,5,4,021801,ANCASH,ANCASH,SANTA,09/01/2026
ENERO - DICIEMBRE,2025,05/01/2026,SANTA,SUPERIOR,PENAL,PENAL,DENUNCIA,,99,93,021801,ANCASH,ANCASH,SANTA,09/01/2026
ENERO - DICIEMBRE,2025,05/01/2026,SANTA,SUPERIOR,PENAL,PENAL,EXCLUSION FISCAL,DELITOS DE CORRUPCION DE FUNCIONARIOS,1,1,021801,ANCASH,ANCASH,SANTA,09/01/2026
ENERO - DICIEMBRE,2025,05/01/2026,SANTA,SUPERIOR,PENAL,PENAL,EXCLUSION FISCAL,,27,27,021801,ANCASH,ANCASH,SANTA,09/01/2026
ENERO - DICIEMBRE,2025,05/01/2026,SANTA,SUPERIOR,PENAL,PENAL,EXPEDIENTE,DELITOS DE CORRUPCION DE FUNCIONARIOS,3,2,021801,ANCASH,ANCASH,SANTA,09/01/2026
ENERO - DICIEMBRE,2025,05/01/2026,SANTA,SUPERIOR,PENAL,PENAL,EXPEDIENTE,,28,25,021801,ANCASH,ANCASH,SANTA,09/01/2026
ENERO - DICIEMBRE,2025,05/01/2026,SANTA,SUPERIOR,PENAL,PENAL,INCIDENTE-EXPEDIENTE,,17,16,021801,ANCASH,ANCASH,SANTA,09/01/2026
ENERO - DICIEMBRE,2025,05/01/2026,SANTA,SUPERIOR,PENAL,PENAL,QUEJAS,DELITOS DE CORRUPCION DE FUNCIONARIOS,54,51,021801,ANCASH,ANCASH,SANTA,09/01/2026
ENERO - DICIEMBRE,2025,05/01/2026,SANTA,SUPERIOR,PENAL,PENAL,QUEJAS,,1208,1177,021801,ANCASH,ANCASH,SANTA,09/01/2026
ENERO - DICIEMBRE,2025,05/01/2026,SELVA CENTRAL,PROVINCIAL,CIVIL,CIVIL,EXPEDIENTE,,8,1,120301,JUNIN,JUNIN,CHANCHAMAYO,09/01/2026
ENERO - DICIEMBRE,2025,05/01/2026,SELVA CENTRAL,PROVINCIAL,FAMILIA,ACTOS CONTRA LA LIBERTAD SEXUAL,DENUNCIA,,1,0,120301,JUNIN,JUNIN,CHANCHAMAYO,09/01/2026
ENERO - DICIEMBRE,2025,05/01/2026,SELVA CENTRAL,PROVINCIAL,FAMILIA,FAMILIA CIVIL,EXPEDIENTE,,415,325,120301,JUNIN,JUNIN,CHANCHAMAYO,09/01/2026
ENERO - DICIEMBRE,2025,05/01/2026,SELVA CENTRAL,PROVINCIAL,FAMILIA,FAMILIA PENAL,DENUNCIA,,458,381,120301,JUNIN,JUNIN,CHANCHAMAYO,09/01/2026
ENERO - DICIEMBRE,2025,05/01/2026,SELVA CENTRAL,PROVINCIAL,FAMILIA,FAMILIA PENAL,EXPEDIENTE,,29,26,120301,JUNIN,JUNIN,CHANCHAMAYO,09/01/2026
ENERO - DICIEMBRE,2025,05/01/2026,SELVA CENTRAL,PROVINCIAL,FAMILIA,FAMILIA TUTELAR,DENUNCIA,,398,348,120301,JUNIN,JUNIN,CHANCHAMAYO,09/01/2026
ENERO - DICIEMBRE,2025,05/01/2026,SELVA CENTRAL,PROVINCIAL,FAMILIA,FAMILIA TUTELAR,EXPEDIENTE,,76,61,120301,JUNIN,JUNIN,CHANCHAMAYO,09/01/2026
ENERO - DICIEMBRE,2025,05/01/2026,SELVA CENTRAL,PROVINCIAL,FAMILIA,VIOLENCIA FAMILIAR,DENUNCIA,,3,3,120301,JUNIN,JUNIN,CHANCHAMAYO,09/01/2026
ENERO - DICIEMBRE,2025,05/01/2026,SELVA CENTRAL,PROVINCIAL,FAMILIA,VIOLENCIA FAMILIAR,EXPEDIENTE,,12,12,120301,JUNIN,JUNIN,CHANCHAMAYO,09/01/2026
ENERO - DICIEMBRE,2025,05/01/2026,SELVA CENTRAL,PROVINCIAL,PENAL,PENAL,DENUNCIA,DELITOS DE CORRUPCION DE FUNCIONARIOS,274,268,120301,JUNIN,JUNIN,CHANCHAMAYO,09/01/2026
ENERO - DICIEMBRE,2025,05/01/2026,SELVA CENTRAL,PROVINCIAL,PENAL,PENAL,DENUNCIA,DELITOS DE TRAFICO ILICITO DE DROGAS,187,177,120301,JUNIN,JUNIN,CHANCHAMAYO,09/01/2026
ENERO - DICIEMBRE,2025,05/01/2026,SELVA CENTRAL,PROVINCIAL,PENAL,PENAL,DENUNCIA,MATERIA AMBIENTAL,554,490,120301,JUNIN,JUNIN,CHANCHAMAYO,09/01/2026
ENERO - DICIEMBRE,2025,05/01/2026,SELVA CENTRAL,PROVINCIAL,PENAL,PENAL,DENUNCIA,,22107,18979,120301,JUNIN,JUNIN,CHANCHAMAYO,09/01/2026
ENERO - DICIEMBRE,2025,05/01/2026,SELVA CENTRAL,PROVINCIAL,PENAL,PENAL,EXPEDIENTE,,1,1,120301,JUNIN,JUNIN,CHANCHAMAYO,09/01/2026
ENERO - DICIEMBRE,2025,05/01/2026,SELVA CENTRAL,PROVINCIAL,PENAL,PENAL,INVESTIGACION PREVENTIVA,,531,528,120301,JUNIN,JUNIN,CHANCHAMAYO,09/01/2026
ENERO - DICIEMBRE,2025,05/01/2026,SELVA CENTRAL,SUPERIOR,CIVIL,CIVIL,EXPEDIENTE,,1,1,120301,JUNIN,JUNIN,CHANCHAMAYO,09/01/2026
ENERO - DICIEMBRE,2025,05/01/2026,SELVA CENTRAL,SUPERIOR,FAMILIA,FAMILIA CIVIL,EXPEDIENTE,,30,30,120301,JUNIN,JUNIN,CHANCHAMAYO,09/01/2026
ENERO - DICIEMBRE,2025,05/01/2026,SELVA CENTRAL,SUPERIOR,FAMILIA,FAMILIA CIVIL,INCIDENTE,,6,6,120301,JUNIN,JUNIN,CHANCHAMAYO,09/01/2026
ENERO - DICIEMBRE,2025,05/01/2026,SELVA CENTRAL,SUPERIOR,FAMILIA,FAMILIA PENAL,EXPEDIENTE,,12,12,120301,JUNIN,JUNIN,CHANCHAMAYO,09/01/2026
ENERO - DICIEMBRE,2025,05/01/2026,SELVA CENTRAL,SUPERIOR,FAMILIA,FAMILIA PENAL,INCIDENTE,,1,1,120301,JUNIN,JUNIN,CHANCHAMAYO,09/01/2026
ENERO - DICIEMBRE,2025,05/01/2026,SELVA CENTRAL,SUPERIOR,FAMILIA,FAMILIA TUTELAR,EXPEDIENTE,,1,1,120301,JUNIN,JUNIN,CHANCHAMAYO,09/01/2026
ENERO - DICIEMBRE,2025,05/01/2026,SELVA CENTRAL,SUPERIOR,FAMILIA,VIOLENCIA FAMILIAR,EXPEDIENTE,,5,5,120301,JUNIN,JUNIN,CHANCHAMAYO,09/01/2026
ENERO - DICIEMBRE,2025,05/01/2026,SELVA CENTRAL,SUPERIOR,FAMILIA,VIOLENCIA FAMILIAR,INCIDENTE,,122,120,120301,JUNIN,JUNIN,CHANCHAMAYO,09/01/2026
ENERO - DICIEMBRE,2025,05/01/2026,SELVA CENTRAL,SUPERIOR,PENAL,PENAL,APELACION DENUNCIA,,770,769,120301,JUNIN,JUNIN,CHANCHAMAYO,09/01/2026
ENERO - DICIEMBRE,2025,05/01/2026,SELVA CENTRAL,SUPERIOR,PENAL,PENAL,APELACION EXPEDIENTE,,2,1,120301,JUNIN,JUNIN,CHANCHAMAYO,09/01/2026
ENERO - DICIEMBRE,2025,05/01/2026,SELVA CENTRAL,SUPERIOR,PENAL,PENAL,CONSULTAS,,90,87,120301,JUNIN,JUNIN,CHANCHAMAYO,09/01/2026
ENERO - DICIEMBRE,2025,05/01/2026,SELVA CENTRAL,SUPERIOR,PENAL,PENAL,DENUNCIA,,59,54,120301,JUNIN,JUNIN,CHANCHAMAYO,09/01/2026
ENERO - DICIEMBRE,2025,05/01/2026,SELVA CENTRAL,SUPERIOR,PENAL,PENAL,EXCLUSION FISCAL,,18,18,120301,JUNIN,JUNIN,CHANCHAMAYO,09/01/2026
ENERO - DICIEMBRE,2025,05/01/2026,SELVA CENTRAL,SUPERIOR,PENAL,PENAL,EXPEDIENTE,,46,38,120301,JUNIN,JUNIN,CHANCHAMAYO,09/01/2026
ENERO - DICIEMBRE,2025,05/01/2026,SELVA CENTRAL,SUPERIOR,PENAL,PENAL,INCIDENTE-EXPEDIENTE,,30,29,120301,JUNIN,JUNIN,CHANCHAMAYO,09/01/2026
ENERO - DICIEMBRE,2025,05/01/2026,SELVA CENTRAL,SUPERIOR,PENAL,PENAL,QUEJAS,,500,474,120301,JUNIN,JUNIN,CHANCHAMAYO,09/01/2026
ENERO - DICIEMBRE,2025,05/01/2026,SULLANA,PROVINCIAL,FAMILIA,ACTOS CONTRA LA LIBERTAD SEXUAL,DENUNCIA,,2,2,200601,PIURA,PIURA,SULLANA,09/01/2026
ENERO - DICIEMBRE,2025,05/01/2026,SULLANA,PROVINCIAL,FAMILIA,FAMILIA CIVIL,EXPEDIENTE,,453,450,200601,PIURA,PIURA,SULLANA,09/01/2026
ENERO - DICIEMBRE,2025,05/01/2026,SULLANA,PROVINCIAL,FAMILIA,FAMILIA PENAL,DENUNCIA,,310,298,200601,PIURA,PIURA,SULLANA,09/01/2026
ENERO - DICIEMBRE,2025,05/01/2026,SULLANA,PROVINCIAL,FAMILIA,FAMILIA PENAL,EXPEDIENTE,,84,83,200601,PIURA,PIURA,SULLANA,09/01/2026
ENERO - DICIEMBRE,2025,05/01/2026,SULLANA,PROVINCIAL,FAMILIA,FAMILIA TUTELAR,DENUNCIA,,176,171,200601,PIURA,PIURA,SULLANA,09/01/2026
ENERO - DICIEMBRE,2025,05/01/2026,SULLANA,PROVINCIAL,FAMILIA,FAMILIA TUTELAR,EXPEDIENTE,,21,20,200601,PIURA,PIURA,SULLANA,09/01/2026
ENERO - DICIEMBRE,2025,05/01/2026,SULLANA,PROVINCIAL,FAMILIA,VIOLENCIA FAMILIAR,EXPEDIENTE,,1,1,200601,PIURA,PIURA,SULLANA,09/01/2026
ENERO - DICIEMBRE,2025,05/01/2026,SULLANA,PROVINCIAL,PENAL,PENAL,DENUNCIA,DELITOS DE CORRUPCION DE FUNCIONARIOS,276,244,200601,PIURA,PIURA,SULLANA,09/01/2026
ENERO - DICIEMBRE,2025,05/01/2026,SULLANA,PROVINCIAL,PENAL,PENAL,DENUNCIA,MATERIA AMBIENTAL,458,441,200601,PIURA,PIURA,SULLANA,09/01/2026
ENERO - DICIEMBRE,2025,05/01/2026,SULLANA,PROVINCIAL,PENAL,PENAL,DENUNCIA,,15253,14301,200601,PIURA,PIURA,SULLANA,09/01/2026
ENERO - DICIEMBRE,2025,05/01/2026,SULLANA,PROVINCIAL,PENAL,PENAL,EXPEDIENTE,,13,13,200601,PIURA,PIURA,SULLANA,09/01/2026
ENERO - DICIEMBRE,2025,05/01/2026,SULLANA,PROVINCIAL,PENAL,PENAL,INVESTIGACION PREVENTIVA,,149,148,200601,PIURA,PIURA,SULLANA,09/01/2026
ENERO - DICIEMBRE,2025,05/01/2026,SULLANA,SUPERIOR,FAMILIA,FAMILIA CIVIL,EXPEDIENTE,,8,8,200601,PIURA,PIURA,SULLANA,09/01/2026
ENERO - DICIEMBRE,2025,05/01/2026,SULLANA,SUPERIOR,FAMILIA,FAMILIA CIVIL,INCIDENTE,,5,5,200601,PIURA,PIURA,SULLANA,09/01/2026
ENERO - DICIEMBRE,2025,05/01/2026,SULLANA,SUPERIOR,FAMILIA,FAMILIA PENAL,EXPEDIENTE,,33,33,200601,PIURA,PIURA,SULLANA,09/01/2026
ENERO - DICIEMBRE,2025,05/01/2026,SULLANA,SUPERIOR,FAMILIA,FAMILIA TUTELAR,EXPEDIENTE,,1,1,200601,PIURA,PIURA,SULLANA,09/01/2026
ENERO - DICIEMBRE,2025,05/01/2026,SULLANA,SUPERIOR,FAMILIA,VIOLENCIA FAMILIAR,EXPEDIENTE,,95,95,200601,PIURA,PIURA,SULLANA,09/01/2026
ENERO - DICIEMBRE,2025,05/01/2026,SULLANA,SUPERIOR,PENAL,PENAL,APELACION DENUNCIA,,1666,1656,200601,PIURA,PIURA,SULLANA,09/01/2026
ENERO - DICIEMBRE,2025,05/01/2026,SULLANA,SUPERIOR,PENAL,PENAL,APELACION EXPEDIENTE,,37,37,200601,PIURA,PIURA,SULLANA,09/01/2026
ENERO - DICIEMBRE,2025,05/01/2026,SULLANA,SUPERIOR,PENAL,PENAL,CONSULTAS,,141,141,200601,PIURA,PIURA,SULLANA,09/01/2026
ENERO - DICIEMBRE,2025,05/01/2026,SULLANA,SUPERIOR,PENAL,PENAL,DENUNCIA,,47,45,200601,PIURA,PIURA,SULLANA,09/01/2026
ENERO - DICIEMBRE,2025,05/01/2026,SULLANA,SUPERIOR,PENAL,PENAL,EXCLUSION FISCAL,,8,8,200601,PIURA,PIURA,SULLANA,09/01/2026
ENERO - DICIEMBRE,2025,05/01/2026,SULLANA,SUPERIOR,PENAL,PENAL,QUEJAS,,835,831,200601,PIURA,PIURA,SULLANA,09/01/2026
ENERO - DICIEMBRE,2025,05/01/2026,TACNA,PROVINCIAL,CIVIL,CIVIL,EXPEDIENTE,,64,55,230101,TACNA,TACNA,TACNA,09/01/2026
ENERO - DICIEMBRE,2025,05/01/2026,TACNA,PROVINCIAL,FAMILIA,FAMILIA CIVIL,EXPEDIENTE,,752,741,230101,TACNA,TACNA,TACNA,09/01/2026
ENERO - DICIEMBRE,2025,05/01/2026,TACNA,PROVINCIAL,FAMILIA,FAMILIA PENAL,DENUNCIA,,313,293,230101,TACNA,TACNA,TACNA,09/01/2026
ENERO - DICIEMBRE,2025,05/01/2026,TACNA,PROVINCIAL,FAMILIA,FAMILIA PENAL,EXPEDIENTE,,22,20,230101,TACNA,TACNA,TACNA,09/01/2026
ENERO - DICIEMBRE,2025,05/01/2026,TACNA,PROVINCIAL,FAMILIA,FAMILIA TUTELAR,DENUNCIA,,84,79,230101,TACNA,TACNA,TACNA,09/01/2026
ENERO - DICIEMBRE,2025,05/01/2026,TACNA,PROVINCIAL,FAMILIA,FAMILIA TUTELAR,EXPEDIENTE,,71,66,230101,TACNA,TACNA,TACNA,09/01/2026
ENERO - DICIEMBRE,2025,05/01/2026,TACNA,PROVINCIAL,FAMILIA,VIOLENCIA FAMILIAR,DENUNCIA,,1,1,230101,TACNA,TACNA,TACNA,09/01/2026
ENERO - DICIEMBRE,2025,05/01/2026,TACNA,PROVINCIAL,FAMILIA,VIOLENCIA FAMILIAR,EXPEDIENTE,,7,7,230101,TACNA,TACNA,TACNA,09/01/2026
ENERO - DICIEMBRE,2025,05/01/2026,TACNA,PROVINCIAL,PENAL,PENAL,DENUNCIA,DELITOS ADUANEROS Y CONTRA LA PROPIEDAD INTELECTUAL,645,643,230101,TACNA,TACNA,TACNA,09/01/2026
ENERO - DICIEMBRE,2025,05/01/2026,TACNA,PROVINCIAL,PENAL,PENAL,DENUNCIA,DELITOS DE CORRUPCION DE FUNCIONARIOS,406,396,230101,TACNA,TACNA,TACNA,09/01/2026
ENERO - DICIEMBRE,2025,05/01/2026,TACNA,PROVINCIAL,PENAL,PENAL,DENUNCIA,DELITOS DE TRAFICO ILICITO DE DROGAS,91,91,230101,TACNA,TACNA,TACNA,09/01/2026
ENERO - DICIEMBRE,2025,05/01/2026,TACNA,PROVINCIAL,PENAL,PENAL,DENUNCIA,DELITOS DE TRATA DE PERSONAS,108,108,230101,TACNA,TACNA,TACNA,09/01/2026
ENERO - DICIEMBRE,2025,05/01/2026,TACNA,PROVINCIAL,PENAL,PENAL,DENUNCIA,LAVADO DE ACTIVOS Y PERDIDA DE DOMINIO,40,34,230101,TACNA,TACNA,TACNA,09/01/2026
ENERO - DICIEMBRE,2025,05/01/2026,TACNA,PROVINCIAL,PENAL,PENAL,DENUNCIA,MATERIA AMBIENTAL,109,109,230101,TACNA,TACNA,TACNA,09/01/2026
ENERO - DICIEMBRE,2025,05/01/2026,TACNA,PROVINCIAL,PENAL,PENAL,DENUNCIA,VIOLENCIA CONTRA LA MUJER Y LOS INTEGRANTES DEL GRUPO FAMILIAR,1372,1369,230101,TACNA,TACNA,TACNA,09/01/2026
ENERO - DICIEMBRE,2025,05/01/2026,TACNA,PROVINCIAL,PENAL,PENAL,DENUNCIA,,14813,14105,230101,TACNA,TACNA,TACNA,09/01/2026
ENERO - DICIEMBRE,2025,05/01/2026,TACNA,PROVINCIAL,PENAL,PENAL,EXPEDIENTE,,3,3,230101,TACNA,TACNA,TACNA,09/01/2026
ENERO - DICIEMBRE,2025,05/01/2026,TACNA,PROVINCIAL,PENAL,PENAL,INVESTIGACION PREVENTIVA,DELITOS DE CORRUPCION DE FUNCIONARIOS,1,1,230101,TACNA,TACNA,TACNA,09/01/2026
ENERO - DICIEMBRE,2025,05/01/2026,TACNA,PROVINCIAL,PENAL,PENAL,INVESTIGACION PREVENTIVA,MATERIA AMBIENTAL,38,38,230101,TACNA,TACNA,TACNA,09/01/2026
ENERO - DICIEMBRE,2025,05/01/2026,TACNA,PROVINCIAL,PENAL,PENAL,INVESTIGACION PREVENTIVA,,300,300,230101,TACNA,TACNA,TACNA,09/01/2026
ENERO - DICIEMBRE,2025,05/01/2026,TACNA,SUPERIOR,CIVIL,CIVIL,EXPEDIENTE,,36,36,230101,TACNA,TACNA,TACNA,09/01/2026
ENERO - DICIEMBRE,2025,05/01/2026,TACNA,SUPERIOR,FAMILIA,FAMILIA CIVIL,EXPEDIENTE,,155,155,230101,TACNA,TACNA,TACNA,09/01/2026
ENERO - DICIEMBRE,2025,05/01/2026,TACNA,SUPERIOR,FAMILIA,FAMILIA PENAL,EXPEDIENTE,,15,15,230101,TACNA,TACNA,TACNA,09/01/2026
ENERO - DICIEMBRE,2025,05/01/2026,TACNA,SUPERIOR,FAMILIA,FAMILIA TUTELAR,EXPEDIENTE,,8,8,230101,TACNA,TACNA,TACNA,09/01/2026
ENERO - DICIEMBRE,2025,05/01/2026,TACNA,SUPERIOR,FAMILIA,VIOLENCIA FAMILIAR,EXPEDIENTE,,239,239,230101,TACNA,TACNA,TACNA,09/01/2026
ENERO - DICIEMBRE,2025,05/01/2026,TACNA,SUPERIOR,PENAL,PENAL,APELACION DENUNCIA,,1261,1261,230101,TACNA,TACNA,TACNA,09/01/2026
ENERO - DICIEMBRE,2025,05/01/2026,TACNA,SUPERIOR,PENAL,PENAL,CONSULTAS,,252,252,230101,TACNA,TACNA,TACNA,09/01/2026
ENERO - DICIEMBRE,2025,05/01/2026,TACNA,SUPERIOR,PENAL,PENAL,DENUNCIA,,67,67,230101,TACNA,TACNA,TACNA,09/01/2026
ENERO - DICIEMBRE,2025,05/01/2026,TACNA,SUPERIOR,PENAL,PENAL,EXCLUSION FISCAL,,13,13,230101,TACNA,TACNA,TACNA,09/01/2026
ENERO - DICIEMBRE,2025,05/01/2026,TACNA,SUPERIOR,PENAL,PENAL,EXPEDIENTE,,18,18,230101,TACNA,TACNA,TACNA,09/01/2026
ENERO - DICIEMBRE,2025,05/01/2026,TACNA,SUPERIOR,PENAL,PENAL,QUEJAS,,1616,1616,230101,TACNA,TACNA,TACNA,09/01/2026
ENERO - DICIEMBRE,2025,05/01/2026,TUMBES,PROVINCIAL,CIVIL,CIVIL,EXPEDIENTE,,4,3,240101,TUMBES,TUMBES,TUMBES,09/01/2026
ENERO - DICIEMBRE,2025,05/01/2026,TUMBES,PROVINCIAL,FAMILIA,ACTOS CONTRA LA LIBERTAD SEXUAL,DENUNCIA,,8,7,240101,TUMBES,TUMBES,TUMBES,09/01/2026
ENERO - DICIEMBRE,2025,05/01/2026,TUMBES,PROVINCIAL,FAMILIA,FAMILIA CIVIL,EXPEDIENTE,,432,417,240101,TUMBES,TUMBES,TUMBES,09/01/2026
ENERO - DICIEMBRE,2025,05/01/2026,TUMBES,PROVINCIAL,FAMILIA,FAMILIA PENAL,DENUNCIA,,213,195,240101,TUMBES,TUMBES,TUMBES,09/01/2026
ENERO - DICIEMBRE,2025,05/01/2026,TUMBES,PROVINCIAL,FAMILIA,FAMILIA PENAL,EXPEDIENTE,,75,73,240101,TUMBES,TUMBES,TUMBES,09/01/2026
ENERO - DICIEMBRE,2025,05/01/2026,TUMBES,PROVINCIAL,FAMILIA,FAMILIA TUTELAR,DENUNCIA,,56,54,240101,TUMBES,TUMBES,TUMBES,09/01/2026
ENERO - DICIEMBRE,2025,05/01/2026,TUMBES,PROVINCIAL,FAMILIA,FAMILIA TUTELAR,EXPEDIENTE,,88,88,240101,TUMBES,TUMBES,TUMBES,09/01/2026
ENERO - DICIEMBRE,2025,05/01/2026,TUMBES,PROVINCIAL,FAMILIA,VIOLENCIA FAMILIAR,DENUNCIA,,1,1,240101,TUMBES,TUMBES,TUMBES,09/01/2026
ENERO - DICIEMBRE,2025,05/01/2026,TUMBES,PROVINCIAL,PENAL,PENAL,DENUNCIA,CONTRA LA CRIMINALIDAD ORGANIZADA,46,46,240101,TUMBES,TUMBES,TUMBES,09/01/2026
ENERO - DICIEMBRE,2025,05/01/2026,TUMBES,PROVINCIAL,PENAL,PENAL,DENUNCIA,DELITOS ADUANEROS Y CONTRA LA PROPIEDAD INTELECTUAL,200,195,240101,TUMBES,TUMBES,TUMBES,09/01/2026
ENERO - DICIEMBRE,2025,05/01/2026,TUMBES,PROVINCIAL,PENAL,PENAL,DENUNCIA,DELITOS DE CORRUPCION DE FUNCIONARIOS,267,267,240101,TUMBES,TUMBES,TUMBES,09/01/2026
ENERO - DICIEMBRE,2025,05/01/2026,TUMBES,PROVINCIAL,PENAL,PENAL,DENUNCIA,DELITOS DE TRAFICO ILICITO DE DROGAS,73,72,240101,TUMBES,TUMBES,TUMBES,09/01/2026
ENERO - DICIEMBRE,2025,05/01/2026,TUMBES,PROVINCIAL,PENAL,PENAL,DENUNCIA,DELITOS DE TRATA DE PERSONAS,110,110,240101,TUMBES,TUMBES,TUMBES,09/01/2026
ENERO - DICIEMBRE,2025,05/01/2026,TUMBES,PROVINCIAL,PENAL,PENAL,DENUNCIA,LAVADO DE ACTIVOS Y PERDIDA DE DOMINIO,17,16,240101,TUMBES,TUMBES,TUMBES,09/01/2026
ENERO - DICIEMBRE,2025,05/01/2026,TUMBES,PROVINCIAL,PENAL,PENAL,DENUNCIA,MATERIA AMBIENTAL,202,202,240101,TUMBES,TUMBES,TUMBES,09/01/2026
ENERO - DICIEMBRE,2025,05/01/2026,TUMBES,PROVINCIAL,PENAL,PENAL,DENUNCIA,VIOLENCIA CONTRA LA MUJER Y LOS INTEGRANTES DEL GRUPO FAMILIAR,1600,1598,240101,TUMBES,TUMBES,TUMBES,09/01/2026
ENERO - DICIEMBRE,2025,05/01/2026,TUMBES,PROVINCIAL,PENAL,PENAL,DENUNCIA,,7813,7699,240101,TUMBES,TUMBES,TUMBES,09/01/2026
ENERO - DICIEMBRE,2025,05/01/2026,TUMBES,PROVINCIAL,PENAL,PENAL,INVESTIGACION PREVENTIVA,MATERIA AMBIENTAL,27,27,240101,TUMBES,TUMBES,TUMBES,09/01/2026
ENERO - DICIEMBRE,2025,05/01/2026,TUMBES,PROVINCIAL,PENAL,PENAL,INVESTIGACION PREVENTIVA,,209,209,240101,TUMBES,TUMBES,TUMBES,09/01/2026
ENERO - DICIEMBRE,2025,05/01/2026,TUMBES,SUPERIOR,CIVIL,CIVIL,EXPEDIENTE,,1,1,240101,TUMBES,TUMBES,TUMBES,09/01/2026
ENERO - DICIEMBRE,2025,05/01/2026,TUMBES,SUPERIOR,FAMILIA,FAMILIA PENAL,EXPEDIENTE,,24,24,240101,TUMBES,TUMBES,TUMBES,09/01/2026
ENERO - DICIEMBRE,2025,05/01/2026,TUMBES,SUPERIOR,FAMILIA,FAMILIA TUTELAR,EXPEDIENTE,,72,71,240101,TUMBES,TUMBES,TUMBES,09/01/2026
ENERO - DICIEMBRE,2025,05/01/2026,TUMBES,SUPERIOR,PENAL,PENAL,APELACION DENUNCIA,,708,685,240101,TUMBES,TUMBES,TUMBES,09/01/2026
ENERO - DICIEMBRE,2025,05/01/2026,TUMBES,SUPERIOR,PENAL,PENAL,CONSULTAS,,122,122,240101,TUMBES,TUMBES,TUMBES,09/01/2026
ENERO - DICIEMBRE,2025,05/01/2026,TUMBES,SUPERIOR,PENAL,PENAL,DENUNCIA,,27,27,240101,TUMBES,TUMBES,TUMBES,09/01/2026
ENERO - DICIEMBRE,2025,05/01/2026,TUMBES,SUPERIOR,PENAL,PENAL,EXCLUSION FISCAL,,6,6,240101,TUMBES,TUMBES,TUMBES,09/01/2026
ENERO - DICIEMBRE,2025,05/01/2026,TUMBES,SUPERIOR,PENAL,PENAL,EXPEDIENTE,,2,2,240101,TUMBES,TUMBES,TUMBES,09/01/2026
ENERO - DICIEMBRE,2025,05/01/2026,TUMBES,SUPERIOR,PENAL,PENAL,QUEJAS,,425,425,240101,TUMBES,TUMBES,TUMBES,09/01/2026
ENERO - DICIEMBRE,2025,05/01/2026,UCAYALI,PROVINCIAL,CIVIL,CIVIL,EXPEDIENTE,,56,50,250101,UCAYALI,UCAYALI,CORONEL PORTILLO,09/01/2026
ENERO - DICIEMBRE,2025,05/01/2026,UCAYALI,PROVINCIAL,FAMILIA,ACTOS CONTRA LA LIBERTAD SEXUAL,DENUNCIA,,6,2,250101,UCAYALI,UCAYALI,CORONEL PORTILLO,09/01/2026
ENERO - DICIEMBRE,2025,05/01/2026,UCAYALI,PROVINCIAL,FAMILIA,FAMILIA CIVIL,EXPEDIENTE,,505,460,250101,UCAYALI,UCAYALI,CORONEL PORTILLO,09/01/2026
ENERO - DICIEMBRE,2025,05/01/2026,UCAYALI,PROVINCIAL,FAMILIA,FAMILIA PENAL,DENUNCIA,,1059,965,250101,UCAYALI,UCAYALI,CORONEL PORTILLO,09/01/2026
ENERO - DICIEMBRE,2025,05/01/2026,UCAYALI,PROVINCIAL,FAMILIA,FAMILIA PENAL,EXPEDIENTE,,182,167,250101,UCAYALI,UCAYALI,CORONEL PORTILLO,09/01/2026
ENERO - DICIEMBRE,2025,05/01/2026,UCAYALI,PROVINCIAL,FAMILIA,FAMILIA TUTELAR,DENUNCIA,,573,509,250101,UCAYALI,UCAYALI,CORONEL PORTILLO,09/01/2026
ENERO - DICIEMBRE,2025,05/01/2026,UCAYALI,PROVINCIAL,FAMILIA,FAMILIA TUTELAR,EXPEDIENTE,,138,127,250101,UCAYALI,UCAYALI,CORONEL PORTILLO,09/01/2026
ENERO - DICIEMBRE,2025,05/01/2026,UCAYALI,PROVINCIAL,FAMILIA,VIOLENCIA FAMILIAR,DENUNCIA,,24,23,250101,UCAYALI,UCAYALI,CORONEL PORTILLO,09/01/2026
ENERO - DICIEMBRE,2025,05/01/2026,UCAYALI,PROVINCIAL,FAMILIA,VIOLENCIA FAMILIAR,EXPEDIENTE,,8,7,250101,UCAYALI,UCAYALI,CORONEL PORTILLO,09/01/2026
ENERO - DICIEMBRE,2025,05/01/2026,UCAYALI,PROVINCIAL,PENAL,PENAL,DENUNCIA,CONTRA LA CRIMINALIDAD ORGANIZADA,52,51,250101,UCAYALI,UCAYALI,CORONEL PORTILLO,09/01/2026
ENERO - DICIEMBRE,2025,05/01/2026,UCAYALI,PROVINCIAL,PENAL,PENAL,DENUNCIA,DELITOS DE CORRUPCION DE FUNCIONARIOS,640,564,250101,UCAYALI,UCAYALI,CORONEL PORTILLO,09/01/2026
ENERO - DICIEMBRE,2025,05/01/2026,UCAYALI,PROVINCIAL,PENAL,PENAL,DENUNCIA,DELITOS DE TRAFICO ILICITO DE DROGAS,650,621,250101,UCAYALI,UCAYALI,CORONEL PORTILLO,09/01/2026
ENERO - DICIEMBRE,2025,05/01/2026,UCAYALI,PROVINCIAL,PENAL,PENAL,DENUNCIA,MATERIA AMBIENTAL,1298,1138,250101,UCAYALI,UCAYALI,CORONEL PORTILLO,09/01/2026
ENERO - DICIEMBRE,2025,05/01/2026,UCAYALI,PROVINCIAL,PENAL,PENAL,DENUNCIA,,20184,18934,250101,UCAYALI,UCAYALI,CORONEL PORTILLO,09/01/2026
ENERO - DICIEMBRE,2025,05/01/2026,UCAYALI,PROVINCIAL,PENAL,PENAL,INVESTIGACION PREVENTIVA,MATERIA AMBIENTAL,6,6,250101,UCAYALI,UCAYALI,CORONEL PORTILLO,09/01/2026
ENERO - DICIEMBRE,2025,05/01/2026,UCAYALI,PROVINCIAL,PENAL,PENAL,INVESTIGACION PREVENTIVA,,293,287,250101,UCAYALI,UCAYALI,CORONEL PORTILLO,09/01/2026
ENERO - DICIEMBRE,2025,05/01/2026,UCAYALI,SUPERIOR,CIVIL,CIVIL,EXPEDIENTE,,2,2,250101,UCAYALI,UCAYALI,CORONEL PORTILLO,09/01/2026
ENERO - DICIEMBRE,2025,05/01/2026,UCAYALI,SUPERIOR,FAMILIA,FAMILIA CIVIL,EXPEDIENTE,,142,142,250101,UCAYALI,UCAYALI,CORONEL PORTILLO,09/01/2026
ENERO - DICIEMBRE,2025,05/01/2026,UCAYALI,SUPERIOR,FAMILIA,FAMILIA PENAL,EXPEDIENTE,,26,26,250101,UCAYALI,UCAYALI,CORONEL PORTILLO,09/01/2026
ENERO - DICIEMBRE,2025,05/01/2026,UCAYALI,SUPERIOR,FAMILIA,FAMILIA PENAL,INCIDENTE,,1,1,250101,UCAYALI,UCAYALI,CORONEL PORTILLO,09/01/2026
ENERO - DICIEMBRE,2025,05/01/2026,UCAYALI,SUPERIOR,FAMILIA,FAMILIA TUTELAR,EXPEDIENTE,,35,35,250101,UCAYALI,UCAYALI,CORONEL PORTILLO,09/01/2026
ENERO - DICIEMBRE,2025,05/01/2026,UCAYALI,SUPERIOR,FAMILIA,VIOLENCIA FAMILIAR,EXPEDIENTE,,47,47,250101,UCAYALI,UCAYALI,CORONEL PORTILLO,09/01/2026
ENERO - DICIEMBRE,2025,05/01/2026,UCAYALI,SUPERIOR,FAMILIA,VIOLENCIA FAMILIAR,INCIDENTE,,2,2,250101,UCAYALI,UCAYALI,CORONEL PORTILLO,09/01/2026
ENERO - DICIEMBRE,2025,05/01/2026,UCAYALI,SUPERIOR,PENAL,PENAL,APELACION DENUNCIA,DELITOS DE CORRUPCION DE FUNCIONARIOS,61,61,250101,UCAYALI,UCAYALI,CORONEL PORTILLO,09/01/2026
ENERO - DICIEMBRE,2025,05/01/2026,UCAYALI,SUPERIOR,PENAL,PENAL,APELACION DENUNCIA,,1077,1007,250101,UCAYALI,UCAYALI,CORONEL PORTILLO,09/01/2026
ENERO - DICIEMBRE,2025,05/01/2026,UCAYALI,SUPERIOR,PENAL,PENAL,APELACION EXPEDIENTE,,1,1,250101,UCAYALI,UCAYALI,CORONEL PORTILLO,09/01/2026
ENERO - DICIEMBRE,2025,05/01/2026,UCAYALI,SUPERIOR,PENAL,PENAL,CONSULTAS,DELITOS DE CORRUPCION DE FUNCIONARIOS,17,17,250101,UCAYALI,UCAYALI,CORONEL PORTILLO,09/01/2026
ENERO - DICIEMBRE,2025,05/01/2026,UCAYALI,SUPERIOR,PENAL,PENAL,CONSULTAS,,226,209,250101,UCAYALI,UCAYALI,CORONEL PORTILLO,09/01/2026
ENERO - DICIEMBRE,2025,05/01/2026,UCAYALI,SUPERIOR,PENAL,PENAL,DENUNCIA,DELITOS DE CORRUPCION DE FUNCIONARIOS,34,32,250101,UCAYALI,UCAYALI,CORONEL PORTILLO,09/01/2026
ENERO - DICIEMBRE,2025,05/01/2026,UCAYALI,SUPERIOR,PENAL,PENAL,DENUNCIA,,74,72,250101,UCAYALI,UCAYALI,CORONEL PORTILLO,09/01/2026
ENERO - DICIEMBRE,2025,05/01/2026,UCAYALI,SUPERIOR,PENAL,PENAL,EXCLUSION FISCAL,DELITOS DE CORRUPCION DE FUNCIONARIOS,5,4,250101,UCAYALI,UCAYALI,CORONEL PORTILLO,09/01/2026
ENERO - DICIEMBRE,2025,05/01/2026,UCAYALI,SUPERIOR,PENAL,PENAL,EXCLUSION FISCAL,,40,39,250101,UCAYALI,UCAYALI,CORONEL PORTILLO,09/01/2026
ENERO - DICIEMBRE,2025,05/01/2026,UCAYALI,SUPERIOR,PENAL,PENAL,EXPEDIENTE,,157,147,250101,UCAYALI,UCAYALI,CORONEL PORTILLO,09/01/2026
ENERO - DICIEMBRE,2025,05/01/2026,UCAYALI,SUPERIOR,PENAL,PENAL,QUEJAS,DELITOS DE CORRUPCION DE FUNCIONARIOS,82,81,250101,UCAYALI,UCAYALI,CORONEL PORTILLO,09/01/2026
ENERO - DICIEMBRE,2025,05/01/2026,UCAYALI,SUPERIOR,PENAL,PENAL,QUEJAS,,879,755,250101,UCAYALI,UCAYALI,CORONEL PORTILLO,09/01/2026
