periodo,anio,fecha_descarga,distrito_fiscal,tipo_fiscalia,materia,especialidad,tipo_caso,especilizada,ingresado,atendido,ubigeo_pjfs,dpto_pjfs,prov_pjfs,dist_pjfs,fecha_corte
ENERO - MAYO,2026,08/06/2026,AMAZONAS,PROVINCIAL,CIVIL,CIVIL,EXPEDIENTE,,29,26,010101,AMAZONAS,CHACHAPOYAS,CHACHAPOYAS,23/06/2026
ENERO - MAYO,2026,08/06/2026,AMAZONAS,PROVINCIAL,FAMILIA,ACTOS CONTRA LA LIBERTAD SEXUAL,DENUNCIA,,2,2,010101,AMAZONAS,CHACHAPOYAS,CHACHAPOYAS,23/06/2026
ENERO - MAYO,2026,08/06/2026,AMAZONAS,PROVINCIAL,FAMILIA,FAMILIA CIVIL,EXPEDIENTE,,107,90,010101,AMAZONAS,CHACHAPOYAS,CHACHAPOYAS,23/06/2026
ENERO - MAYO,2026,08/06/2026,AMAZONAS,PROVINCIAL,FAMILIA,FAMILIA PENAL,DENUNCIA,,146,112,010101,AMAZONAS,CHACHAPOYAS,CHACHAPOYAS,23/06/2026
ENERO - MAYO,2026,08/06/2026,AMAZONAS,PROVINCIAL,FAMILIA,FAMILIA PENAL,EXPEDIENTE,,10,9,010101,AMAZONAS,CHACHAPOYAS,CHACHAPOYAS,23/06/2026
ENERO - MAYO,2026,08/06/2026,AMAZONAS,PROVINCIAL,FAMILIA,FAMILIA TUTELAR,DENUNCIA,,164,133,010101,AMAZONAS,CHACHAPOYAS,CHACHAPOYAS,23/06/2026
ENERO - MAYO,2026,08/06/2026,AMAZONAS,PROVINCIAL,FAMILIA,FAMILIA TUTELAR,EXPEDIENTE,,30,17,010101,AMAZONAS,CHACHAPOYAS,CHACHAPOYAS,23/06/2026
ENERO - MAYO,2026,08/06/2026,AMAZONAS,PROVINCIAL,FAMILIA,VIOLENCIA FAMILIAR,DENUNCIA,,3,3,010101,AMAZONAS,CHACHAPOYAS,CHACHAPOYAS,23/06/2026
ENERO - MAYO,2026,08/06/2026,AMAZONAS,PROVINCIAL,PENAL,PENAL,DENUNCIA,DELITOS DE CORRUPCION DE FUNCIONARIOS,69,60,010101,AMAZONAS,CHACHAPOYAS,CHACHAPOYAS,23/06/2026
ENERO - MAYO,2026,08/06/2026,AMAZONAS,PROVINCIAL,PENAL,PENAL,DENUNCIA,DELITOS DE TRAFICO ILICITO DE DROGAS,23,23,010101,AMAZONAS,CHACHAPOYAS,CHACHAPOYAS,23/06/2026
ENERO - MAYO,2026,08/06/2026,AMAZONAS,PROVINCIAL,PENAL,PENAL,DENUNCIA,MATERIA AMBIENTAL,98,97,010101,AMAZONAS,CHACHAPOYAS,CHACHAPOYAS,23/06/2026
ENERO - MAYO,2026,08/06/2026,AMAZONAS,PROVINCIAL,PENAL,PENAL,DENUNCIA,VIOLENCIA CONTRA LA MUJER Y LOS INTEGRANTES DEL GRUPO FAMILIAR,741,711,010101,AMAZONAS,CHACHAPOYAS,CHACHAPOYAS,23/06/2026
ENERO - MAYO,2026,08/06/2026,AMAZONAS,PROVINCIAL,PENAL,PENAL,DENUNCIA,,4522,3791,010101,AMAZONAS,CHACHAPOYAS,CHACHAPOYAS,23/06/2026
ENERO - MAYO,2026,08/06/2026,AMAZONAS,PROVINCIAL,PENAL,PENAL,INVESTIGACION PREVENTIVA,,8,8,010101,AMAZONAS,CHACHAPOYAS,CHACHAPOYAS,23/06/2026
ENERO - MAYO,2026,08/06/2026,AMAZONAS,SUPERIOR,CIVIL,CIVIL,EXPEDIENTE,,2,2,010101,AMAZONAS,CHACHAPOYAS,CHACHAPOYAS,23/06/2026
ENERO - MAYO,2026,08/06/2026,AMAZONAS,SUPERIOR,FAMILIA,FAMILIA CIVIL,EXPEDIENTE,,4,3,010101,AMAZONAS,CHACHAPOYAS,CHACHAPOYAS,23/06/2026
ENERO - MAYO,2026,08/06/2026,AMAZONAS,SUPERIOR,FAMILIA,FAMILIA PENAL,EXPEDIENTE,,4,3,010101,AMAZONAS,CHACHAPOYAS,CHACHAPOYAS,23/06/2026
ENERO - MAYO,2026,08/06/2026,AMAZONAS,SUPERIOR,FAMILIA,FAMILIA PENAL,INCIDENTE,,4,1,010101,AMAZONAS,CHACHAPOYAS,CHACHAPOYAS,23/06/2026
ENERO - MAYO,2026,08/06/2026,AMAZONAS,SUPERIOR,FAMILIA,FAMILIA TUTELAR,EXPEDIENTE,,1,1,010101,AMAZONAS,CHACHAPOYAS,CHACHAPOYAS,23/06/2026
ENERO - MAYO,2026,08/06/2026,AMAZONAS,SUPERIOR,FAMILIA,VIOLENCIA FAMILIAR,EXPEDIENTE,,45,29,010101,AMAZONAS,CHACHAPOYAS,CHACHAPOYAS,23/06/2026
ENERO - MAYO,2026,08/06/2026,AMAZONAS,SUPERIOR,FAMILIA,VIOLENCIA FAMILIAR,INCIDENTE,,35,28,010101,AMAZONAS,CHACHAPOYAS,CHACHAPOYAS,23/06/2026
ENERO - MAYO,2026,08/06/2026,ANCASH,PROVINCIAL,CIVIL,CIVIL,EXPEDIENTE,,8,7,020101,ANCASH,HUARAZ,HUARAZ,23/06/2026
ENERO - MAYO,2026,08/06/2026,ANCASH,PROVINCIAL,FAMILIA,ACTOS CONTRA LA LIBERTAD SEXUAL,DENUNCIA,,19,12,020101,ANCASH,HUARAZ,HUARAZ,23/06/2026
ENERO - MAYO,2026,08/06/2026,ANCASH,PROVINCIAL,FAMILIA,FAMILIA CIVIL,EXPEDIENTE,,311,270,020101,ANCASH,HUARAZ,HUARAZ,23/06/2026
ENERO - MAYO,2026,08/06/2026,ANCASH,PROVINCIAL,FAMILIA,FAMILIA PENAL,DENUNCIA,,206,174,020101,ANCASH,HUARAZ,HUARAZ,23/06/2026
ENERO - MAYO,2026,08/06/2026,ANCASH,PROVINCIAL,FAMILIA,FAMILIA PENAL,EXPEDIENTE,,32,28,020101,ANCASH,HUARAZ,HUARAZ,23/06/2026
ENERO - MAYO,2026,08/06/2026,ANCASH,PROVINCIAL,FAMILIA,FAMILIA TUTELAR,DENUNCIA,,313,240,020101,ANCASH,HUARAZ,HUARAZ,23/06/2026
ENERO - MAYO,2026,08/06/2026,ANCASH,PROVINCIAL,FAMILIA,FAMILIA TUTELAR,EXPEDIENTE,,34,26,020101,ANCASH,HUARAZ,HUARAZ,23/06/2026
ENERO - MAYO,2026,08/06/2026,ANCASH,PROVINCIAL,FAMILIA,VIOLENCIA FAMILIAR,DENUNCIA,,19,12,020101,ANCASH,HUARAZ,HUARAZ,23/06/2026
ENERO - MAYO,2026,08/06/2026,ANCASH,PROVINCIAL,PENAL,PENAL,DENUNCIA,DELITOS DE CORRUPCION DE FUNCIONARIOS,377,342,020101,ANCASH,HUARAZ,HUARAZ,23/06/2026
ENERO - MAYO,2026,08/06/2026,ANCASH,PROVINCIAL,PENAL,PENAL,DENUNCIA,MATERIA AMBIENTAL,79,77,020101,ANCASH,HUARAZ,HUARAZ,23/06/2026
ENERO - MAYO,2026,08/06/2026,ANCASH,PROVINCIAL,PENAL,PENAL,DENUNCIA,VIOLENCIA CONTRA LA MUJER Y LOS INTEGRANTES DEL GRUPO FAMILIAR,1449,1416,020101,ANCASH,HUARAZ,HUARAZ,23/06/2026
ENERO - MAYO,2026,08/06/2026,ANCASH,PROVINCIAL,PENAL,PENAL,DENUNCIA,,7767,7458,020101,ANCASH,HUARAZ,HUARAZ,23/06/2026
ENERO - MAYO,2026,08/06/2026,ANCASH,PROVINCIAL,PENAL,PENAL,EXPEDIENTE,,1,1,020101,ANCASH,HUARAZ,HUARAZ,23/06/2026
ENERO - MAYO,2026,08/06/2026,ANCASH,PROVINCIAL,PENAL,PENAL,INVESTIGACION PREVENTIVA,,50,42,020101,ANCASH,HUARAZ,HUARAZ,23/06/2026
ENERO - MAYO,2026,08/06/2026,ANCASH,SUPERIOR,CIVIL,CIVIL,EXPEDIENTE,,9,9,020101,ANCASH,HUARAZ,HUARAZ,23/06/2026
ENERO - MAYO,2026,08/06/2026,ANCASH,SUPERIOR,FAMILIA,FAMILIA CIVIL,EXPEDIENTE,,90,82,020101,ANCASH,HUARAZ,HUARAZ,23/06/2026
ENERO - MAYO,2026,08/06/2026,ANCASH,SUPERIOR,FAMILIA,FAMILIA PENAL,EXPEDIENTE,,8,8,020101,ANCASH,HUARAZ,HUARAZ,23/06/2026
ENERO - MAYO,2026,08/06/2026,ANCASH,SUPERIOR,FAMILIA,FAMILIA TUTELAR,EXPEDIENTE,,7,6,020101,ANCASH,HUARAZ,HUARAZ,23/06/2026
ENERO - MAYO,2026,08/06/2026,ANCASH,SUPERIOR,FAMILIA,VIOLENCIA FAMILIAR,EXPEDIENTE,,139,132,020101,ANCASH,HUARAZ,HUARAZ,23/06/2026
ENERO - MAYO,2026,08/06/2026,ANCASH,SUPERIOR,FAMILIA,VIOLENCIA FAMILIAR,INCIDENTE,,9,7,020101,ANCASH,HUARAZ,HUARAZ,23/06/2026
ENERO - MAYO,2026,08/06/2026,ANCASH,SUPERIOR,PENAL,PENAL,APELACION DENUNCIA,DELITOS DE CORRUPCION DE FUNCIONARIOS,90,90,020101,ANCASH,HUARAZ,HUARAZ,23/06/2026
ENERO - MAYO,2026,08/06/2026,ANCASH,SUPERIOR,PENAL,PENAL,CONSULTAS,DELITOS DE CORRUPCION DE FUNCIONARIOS,32,32,020101,ANCASH,HUARAZ,HUARAZ,23/06/2026
ENERO - MAYO,2026,08/06/2026,ANCASH,SUPERIOR,PENAL,PENAL,DENUNCIA,DELITOS DE CORRUPCION DE FUNCIONARIOS,16,16,020101,ANCASH,HUARAZ,HUARAZ,23/06/2026
ENERO - MAYO,2026,08/06/2026,ANCASH,SUPERIOR,PENAL,PENAL,EXCLUSION FISCAL,DELITOS DE CORRUPCION DE FUNCIONARIOS,7,7,020101,ANCASH,HUARAZ,HUARAZ,23/06/2026
ENERO - MAYO,2026,08/06/2026,ANCASH,SUPERIOR,PENAL,PENAL,EXPEDIENTE,DELITOS DE CORRUPCION DE FUNCIONARIOS,4,4,020101,ANCASH,HUARAZ,HUARAZ,23/06/2026
ENERO - MAYO,2026,08/06/2026,ANCASH,SUPERIOR,PENAL,PENAL,INCIDENTE-EXPEDIENTE,DELITOS DE CORRUPCION DE FUNCIONARIOS,2,2,020101,ANCASH,HUARAZ,HUARAZ,23/06/2026
ENERO - MAYO,2026,08/06/2026,ANCASH,SUPERIOR,PENAL,PENAL,QUEJAS,DELITOS DE CORRUPCION DE FUNCIONARIOS,98,98,020101,ANCASH,HUARAZ,HUARAZ,23/06/2026
ENERO - MAYO,2026,08/06/2026,APURIMAC,PROVINCIAL,CIVIL,CIVIL,EXPEDIENTE,,19,13,030101,APURIMAC,ABANCAY,ABANCAY,23/06/2026
ENERO - MAYO,2026,08/06/2026,APURIMAC,PROVINCIAL,FAMILIA,ACTOS CONTRA LA LIBERTAD SEXUAL,DENUNCIA,,2,1,030101,APURIMAC,ABANCAY,ABANCAY,23/06/2026
ENERO - MAYO,2026,08/06/2026,APURIMAC,PROVINCIAL,FAMILIA,FAMILIA CIVIL,EXPEDIENTE,,213,195,030101,APURIMAC,ABANCAY,ABANCAY,23/06/2026
ENERO - MAYO,2026,08/06/2026,APURIMAC,PROVINCIAL,FAMILIA,FAMILIA PENAL,DENUNCIA,,207,166,030101,APURIMAC,ABANCAY,ABANCAY,23/06/2026
ENERO - MAYO,2026,08/06/2026,APURIMAC,PROVINCIAL,FAMILIA,FAMILIA PENAL,EXPEDIENTE,,32,31,030101,APURIMAC,ABANCAY,ABANCAY,23/06/2026
ENERO - MAYO,2026,08/06/2026,APURIMAC,PROVINCIAL,FAMILIA,FAMILIA TUTELAR,DENUNCIA,,1281,1049,030101,APURIMAC,ABANCAY,ABANCAY,23/06/2026
ENERO - MAYO,2026,08/06/2026,APURIMAC,PROVINCIAL,FAMILIA,FAMILIA TUTELAR,EXPEDIENTE,,127,109,030101,APURIMAC,ABANCAY,ABANCAY,23/06/2026
ENERO - MAYO,2026,08/06/2026,APURIMAC,PROVINCIAL,FAMILIA,VIOLENCIA FAMILIAR,DENUNCIA,,6,3,030101,APURIMAC,ABANCAY,ABANCAY,23/06/2026
ENERO - MAYO,2026,08/06/2026,APURIMAC,PROVINCIAL,PENAL,PENAL,DENUNCIA,CONTRA LA CRIMINALIDAD ORGANIZADA,20,19,030101,APURIMAC,ABANCAY,ABANCAY,23/06/2026
ENERO - MAYO,2026,08/06/2026,APURIMAC,PROVINCIAL,PENAL,PENAL,DENUNCIA,DELITOS DE CORRUPCION DE FUNCIONARIOS,141,130,030101,APURIMAC,ABANCAY,ABANCAY,23/06/2026
ENERO - MAYO,2026,08/06/2026,APURIMAC,PROVINCIAL,PENAL,PENAL,DENUNCIA,DELITOS DE TRAFICO ILICITO DE DROGAS,22,22,030101,APURIMAC,ABANCAY,ABANCAY,23/06/2026
ENERO - MAYO,2026,08/06/2026,APURIMAC,PROVINCIAL,PENAL,PENAL,DENUNCIA,MATERIA AMBIENTAL,83,80,030101,APURIMAC,ABANCAY,ABANCAY,23/06/2026
ENERO - MAYO,2026,08/06/2026,APURIMAC,PROVINCIAL,PENAL,PENAL,DENUNCIA,,7001,5778,030101,APURIMAC,ABANCAY,ABANCAY,23/06/2026
ENERO - MAYO,2026,08/06/2026,APURIMAC,PROVINCIAL,PENAL,PENAL,EXPEDIENTE,DELITOS DE TRAFICO ILICITO DE DROGAS,1,0,030101,APURIMAC,ABANCAY,ABANCAY,23/06/2026
ENERO - MAYO,2026,08/06/2026,APURIMAC,PROVINCIAL,PENAL,PENAL,EXPEDIENTE,,3,1,030101,APURIMAC,ABANCAY,ABANCAY,23/06/2026
ENERO - MAYO,2026,08/06/2026,APURIMAC,PROVINCIAL,PENAL,PENAL,INVESTIGACION PREVENTIVA,MATERIA AMBIENTAL,2,1,030101,APURIMAC,ABANCAY,ABANCAY,23/06/2026
ENERO - MAYO,2026,08/06/2026,APURIMAC,PROVINCIAL,PENAL,PENAL,INVESTIGACION PREVENTIVA,,35,33,030101,APURIMAC,ABANCAY,ABANCAY,23/06/2026
ENERO - MAYO,2026,08/06/2026,APURIMAC,SUPERIOR,FAMILIA,FAMILIA CIVIL,EXPEDIENTE,,30,29,030101,APURIMAC,ABANCAY,ABANCAY,23/06/2026
ENERO - MAYO,2026,08/06/2026,APURIMAC,SUPERIOR,FAMILIA,FAMILIA CIVIL,INCIDENTE,,6,6,030101,APURIMAC,ABANCAY,ABANCAY,23/06/2026
ENERO - MAYO,2026,08/06/2026,APURIMAC,SUPERIOR,FAMILIA,FAMILIA PENAL,EXPEDIENTE,,4,4,030101,APURIMAC,ABANCAY,ABANCAY,23/06/2026
ENERO - MAYO,2026,08/06/2026,APURIMAC,SUPERIOR,FAMILIA,FAMILIA TUTELAR,EXPEDIENTE,,4,4,030101,APURIMAC,ABANCAY,ABANCAY,23/06/2026
ENERO - MAYO,2026,08/06/2026,APURIMAC,SUPERIOR,FAMILIA,VIOLENCIA FAMILIAR,EXPEDIENTE,,11,11,030101,APURIMAC,ABANCAY,ABANCAY,23/06/2026
ENERO - MAYO,2026,08/06/2026,APURIMAC,SUPERIOR,FAMILIA,VIOLENCIA FAMILIAR,INCIDENTE,,31,31,030101,APURIMAC,ABANCAY,ABANCAY,23/06/2026
ENERO - MAYO,2026,08/06/2026,APURIMAC,SUPERIOR,PENAL,PENAL,APELACION DENUNCIA,DELITOS DE CORRUPCION DE FUNCIONARIOS,31,31,030101,APURIMAC,ABANCAY,ABANCAY,23/06/2026
ENERO - MAYO,2026,08/06/2026,APURIMAC,SUPERIOR,PENAL,PENAL,CONSULTAS,DELITOS DE CORRUPCION DE FUNCIONARIOS,2,2,030101,APURIMAC,ABANCAY,ABANCAY,23/06/2026
ENERO - MAYO,2026,08/06/2026,APURIMAC,SUPERIOR,PENAL,PENAL,DENUNCIA,DELITOS DE CORRUPCION DE FUNCIONARIOS,4,4,030101,APURIMAC,ABANCAY,ABANCAY,23/06/2026
ENERO - MAYO,2026,08/06/2026,APURIMAC,SUPERIOR,PENAL,PENAL,QUEJAS,DELITOS DE CORRUPCION DE FUNCIONARIOS,19,19,030101,APURIMAC,ABANCAY,ABANCAY,23/06/2026
ENERO - MAYO,2026,08/06/2026,AREQUIPA,PROVINCIAL,CIVIL,CIVIL,EXPEDIENTE,,73,54,040101,AREQUIPA,AREQUIPA,AREQUIPA,23/06/2026
ENERO - MAYO,2026,08/06/2026,AREQUIPA,PROVINCIAL,FAMILIA,FAMILIA CIVIL,EXPEDIENTE,,752,718,040101,AREQUIPA,AREQUIPA,AREQUIPA,23/06/2026
ENERO - MAYO,2026,08/06/2026,AREQUIPA,PROVINCIAL,FAMILIA,FAMILIA PENAL,DENUNCIA,,454,408,040101,AREQUIPA,AREQUIPA,AREQUIPA,23/06/2026
ENERO - MAYO,2026,08/06/2026,AREQUIPA,PROVINCIAL,FAMILIA,FAMILIA PENAL,EXPEDIENTE,,75,74,040101,AREQUIPA,AREQUIPA,AREQUIPA,23/06/2026
ENERO - MAYO,2026,08/06/2026,AREQUIPA,PROVINCIAL,FAMILIA,FAMILIA TUTELAR,DENUNCIA,,311,281,040101,AREQUIPA,AREQUIPA,AREQUIPA,23/06/2026
ENERO - MAYO,2026,08/06/2026,AREQUIPA,PROVINCIAL,FAMILIA,FAMILIA TUTELAR,EXPEDIENTE,,118,115,040101,AREQUIPA,AREQUIPA,AREQUIPA,23/06/2026
ENERO - MAYO,2026,08/06/2026,AREQUIPA,PROVINCIAL,FAMILIA,VIOLENCIA FAMILIAR,DENUNCIA,,3,2,040101,AREQUIPA,AREQUIPA,AREQUIPA,23/06/2026
ENERO - MAYO,2026,08/06/2026,AREQUIPA,PROVINCIAL,PENAL,PENAL,DENUNCIA,CONTRA LA CRIMINALIDAD ORGANIZADA,37,34,040101,AREQUIPA,AREQUIPA,AREQUIPA,23/06/2026
ENERO - MAYO,2026,08/06/2026,AREQUIPA,PROVINCIAL,PENAL,PENAL,DENUNCIA,DELITOS DE CIBERDELINCUENCIA,1125,1084,040101,AREQUIPA,AREQUIPA,AREQUIPA,23/06/2026
ENERO - MAYO,2026,08/06/2026,AREQUIPA,PROVINCIAL,PENAL,PENAL,DENUNCIA,DELITOS DE CORRUPCION DE FUNCIONARIOS,219,143,040101,AREQUIPA,AREQUIPA,AREQUIPA,23/06/2026
ENERO - MAYO,2026,08/06/2026,AREQUIPA,PROVINCIAL,PENAL,PENAL,DENUNCIA,DELITOS DE TRATA DE PERSONAS,77,52,040101,AREQUIPA,AREQUIPA,AREQUIPA,23/06/2026
ENERO - MAYO,2026,08/06/2026,AREQUIPA,PROVINCIAL,PENAL,PENAL,DENUNCIA,LAVADO DE ACTIVOS Y PERDIDA DE DOMINIO,56,54,040101,AREQUIPA,AREQUIPA,AREQUIPA,23/06/2026
ENERO - MAYO,2026,08/06/2026,AREQUIPA,PROVINCIAL,PENAL,PENAL,DENUNCIA,MATERIA AMBIENTAL,165,153,040101,AREQUIPA,AREQUIPA,AREQUIPA,23/06/2026
ENERO - MAYO,2026,08/06/2026,AREQUIPA,PROVINCIAL,PENAL,PENAL,DENUNCIA,VIOLENCIA CONTRA LA MUJER Y LOS INTEGRANTES DEL GRUPO FAMILIAR,7901,7622,040101,AREQUIPA,AREQUIPA,AREQUIPA,23/06/2026
ENERO - MAYO,2026,08/06/2026,AREQUIPA,PROVINCIAL,PENAL,PENAL,DENUNCIA,,23753,19816,040101,AREQUIPA,AREQUIPA,AREQUIPA,23/06/2026
ENERO - MAYO,2026,08/06/2026,AREQUIPA,PROVINCIAL,PENAL,PENAL,EXPEDIENTE,,1,1,040101,AREQUIPA,AREQUIPA,AREQUIPA,23/06/2026
ENERO - MAYO,2026,08/06/2026,AREQUIPA,PROVINCIAL,PENAL,PENAL,INVESTIGACION PREVENTIVA,MATERIA AMBIENTAL,3,2,040101,AREQUIPA,AREQUIPA,AREQUIPA,23/06/2026
ENERO - MAYO,2026,08/06/2026,AREQUIPA,PROVINCIAL,PENAL,PENAL,INVESTIGACION PREVENTIVA,,48,37,040101,AREQUIPA,AREQUIPA,AREQUIPA,23/06/2026
ENERO - MAYO,2026,08/06/2026,AREQUIPA,SUPERIOR,CIVIL,CIVIL,EXPEDIENTE,,28,25,040101,AREQUIPA,AREQUIPA,AREQUIPA,23/06/2026
ENERO - MAYO,2026,08/06/2026,AREQUIPA,SUPERIOR,FAMILIA,FAMILIA CIVIL,EXPEDIENTE,,242,187,040101,AREQUIPA,AREQUIPA,AREQUIPA,23/06/2026
ENERO - MAYO,2026,08/06/2026,AREQUIPA,SUPERIOR,FAMILIA,FAMILIA CIVIL,INCIDENTE,,5,5,040101,AREQUIPA,AREQUIPA,AREQUIPA,23/06/2026
ENERO - MAYO,2026,08/06/2026,AREQUIPA,SUPERIOR,FAMILIA,FAMILIA PENAL,EXPEDIENTE,,16,13,040101,AREQUIPA,AREQUIPA,AREQUIPA,23/06/2026
ENERO - MAYO,2026,08/06/2026,AREQUIPA,SUPERIOR,FAMILIA,FAMILIA TUTELAR,EXPEDIENTE,,22,21,040101,AREQUIPA,AREQUIPA,AREQUIPA,23/06/2026
ENERO - MAYO,2026,08/06/2026,AREQUIPA,SUPERIOR,FAMILIA,VIOLENCIA FAMILIAR,EXPEDIENTE,,551,439,040101,AREQUIPA,AREQUIPA,AREQUIPA,23/06/2026
ENERO - MAYO,2026,08/06/2026,AREQUIPA,SUPERIOR,FAMILIA,VIOLENCIA FAMILIAR,INCIDENTE,,3,1,040101,AREQUIPA,AREQUIPA,AREQUIPA,23/06/2026
ENERO - MAYO,2026,08/06/2026,AYACUCHO,PROVINCIAL,CIVIL,CIVIL,EXPEDIENTE,,8,7,050110,AYACUCHO,HUAMANGA,SAN JUAN BAUTISTA,23/06/2026
ENERO - MAYO,2026,08/06/2026,AYACUCHO,PROVINCIAL,FAMILIA,ACTOS CONTRA LA LIBERTAD SEXUAL,DENUNCIA,,38,35,050110,AYACUCHO,HUAMANGA,SAN JUAN BAUTISTA,23/06/2026
ENERO - MAYO,2026,08/06/2026,AYACUCHO,PROVINCIAL,FAMILIA,FAMILIA CIVIL,EXPEDIENTE,,235,187,050110,AYACUCHO,HUAMANGA,SAN JUAN BAUTISTA,23/06/2026
ENERO - MAYO,2026,08/06/2026,AYACUCHO,PROVINCIAL,FAMILIA,FAMILIA PENAL,DENUNCIA,,225,175,050110,AYACUCHO,HUAMANGA,SAN JUAN BAUTISTA,23/06/2026
ENERO - MAYO,2026,08/06/2026,AYACUCHO,PROVINCIAL,FAMILIA,FAMILIA PENAL,EXPEDIENTE,,42,42,050110,AYACUCHO,HUAMANGA,SAN JUAN BAUTISTA,23/06/2026
ENERO - MAYO,2026,08/06/2026,AYACUCHO,PROVINCIAL,FAMILIA,FAMILIA TUTELAR,DENUNCIA,,897,783,050110,AYACUCHO,HUAMANGA,SAN JUAN BAUTISTA,23/06/2026
ENERO - MAYO,2026,08/06/2026,AYACUCHO,PROVINCIAL,FAMILIA,FAMILIA TUTELAR,EXPEDIENTE,,58,47,050110,AYACUCHO,HUAMANGA,SAN JUAN BAUTISTA,23/06/2026
ENERO - MAYO,2026,08/06/2026,AYACUCHO,PROVINCIAL,FAMILIA,VIOLENCIA FAMILIAR,DENUNCIA,,39,32,050110,AYACUCHO,HUAMANGA,SAN JUAN BAUTISTA,23/06/2026
ENERO - MAYO,2026,08/06/2026,AYACUCHO,PROVINCIAL,FAMILIA,VIOLENCIA FAMILIAR,EXPEDIENTE,,6,6,050110,AYACUCHO,HUAMANGA,SAN JUAN BAUTISTA,23/06/2026
ENERO - MAYO,2026,08/06/2026,AYACUCHO,PROVINCIAL,PENAL,PENAL,DENUNCIA,CONTRA LA CRIMINALIDAD ORGANIZADA,47,43,050110,AYACUCHO,HUAMANGA,SAN JUAN BAUTISTA,23/06/2026
ENERO - MAYO,2026,08/06/2026,AYACUCHO,PROVINCIAL,PENAL,PENAL,DENUNCIA,DELITOS DE CORRUPCION DE FUNCIONARIOS,371,366,050110,AYACUCHO,HUAMANGA,SAN JUAN BAUTISTA,23/06/2026
ENERO - MAYO,2026,08/06/2026,AYACUCHO,PROVINCIAL,PENAL,PENAL,DENUNCIA,DELITOS DE TRAFICO ILICITO DE DROGAS,257,257,050110,AYACUCHO,HUAMANGA,SAN JUAN BAUTISTA,23/06/2026
ENERO - MAYO,2026,08/06/2026,AYACUCHO,PROVINCIAL,PENAL,PENAL,DENUNCIA,MATERIA AMBIENTAL,111,111,050110,AYACUCHO,HUAMANGA,SAN JUAN BAUTISTA,23/06/2026
ENERO - MAYO,2026,08/06/2026,AYACUCHO,PROVINCIAL,PENAL,PENAL,DENUNCIA,,11957,10542,050110,AYACUCHO,HUAMANGA,SAN JUAN BAUTISTA,23/06/2026
ENERO - MAYO,2026,08/06/2026,AYACUCHO,PROVINCIAL,PENAL,PENAL,EXPEDIENTE,DELITOS DE TRAFICO ILICITO DE DROGAS,10,2,050110,AYACUCHO,HUAMANGA,SAN JUAN BAUTISTA,23/06/2026
ENERO - MAYO,2026,08/06/2026,AYACUCHO,PROVINCIAL,PENAL,PENAL,INVESTIGACION PREVENTIVA,MATERIA AMBIENTAL,36,24,050110,AYACUCHO,HUAMANGA,SAN JUAN BAUTISTA,23/06/2026
ENERO - MAYO,2026,08/06/2026,AYACUCHO,PROVINCIAL,PENAL,PENAL,INVESTIGACION PREVENTIVA,,112,91,050110,AYACUCHO,HUAMANGA,SAN JUAN BAUTISTA,23/06/2026
ENERO - MAYO,2026,08/06/2026,AYACUCHO,PROVINCIAL,PENAL,PENAL,INVESTIGACION,,2,2,050110,AYACUCHO,HUAMANGA,SAN JUAN BAUTISTA,23/06/2026
ENERO - MAYO,2026,08/06/2026,AYACUCHO,SUPERIOR,CIVIL,CIVIL,EXPEDIENTE,,1,1,050110,AYACUCHO,HUAMANGA,SAN JUAN BAUTISTA,23/06/2026
ENERO - MAYO,2026,08/06/2026,AYACUCHO,SUPERIOR,FAMILIA,FAMILIA CIVIL,EXPEDIENTE,,9,8,050110,AYACUCHO,HUAMANGA,SAN JUAN BAUTISTA,23/06/2026
ENERO - MAYO,2026,08/06/2026,AYACUCHO,SUPERIOR,FAMILIA,FAMILIA CIVIL,INCIDENTE,,2,1,050110,AYACUCHO,HUAMANGA,SAN JUAN BAUTISTA,23/06/2026
ENERO - MAYO,2026,08/06/2026,AYACUCHO,SUPERIOR,FAMILIA,FAMILIA PENAL,EXPEDIENTE,,8,8,050110,AYACUCHO,HUAMANGA,SAN JUAN BAUTISTA,23/06/2026
ENERO - MAYO,2026,08/06/2026,AYACUCHO,SUPERIOR,FAMILIA,FAMILIA TUTELAR,EXPEDIENTE,,1,1,050110,AYACUCHO,HUAMANGA,SAN JUAN BAUTISTA,23/06/2026
ENERO - MAYO,2026,08/06/2026,AYACUCHO,SUPERIOR,FAMILIA,VIOLENCIA FAMILIAR,EXPEDIENTE,,135,133,050110,AYACUCHO,HUAMANGA,SAN JUAN BAUTISTA,23/06/2026
ENERO - MAYO,2026,08/06/2026,AYACUCHO,SUPERIOR,FAMILIA,VIOLENCIA FAMILIAR,INCIDENTE,,9,9,050110,AYACUCHO,HUAMANGA,SAN JUAN BAUTISTA,23/06/2026
ENERO - MAYO,2026,08/06/2026,AYACUCHO,SUPERIOR,PENAL,PENAL,APELACION DENUNCIA,DELITOS DE CORRUPCION DE FUNCIONARIOS,53,53,050110,AYACUCHO,HUAMANGA,SAN JUAN BAUTISTA,23/06/2026
ENERO - MAYO,2026,08/06/2026,AYACUCHO,SUPERIOR,PENAL,PENAL,CONSULTAS,DELITOS DE CORRUPCION DE FUNCIONARIOS,29,29,050110,AYACUCHO,HUAMANGA,SAN JUAN BAUTISTA,23/06/2026
ENERO - MAYO,2026,08/06/2026,AYACUCHO,SUPERIOR,PENAL,PENAL,DENUNCIA,DELITOS DE CORRUPCION DE FUNCIONARIOS,10,10,050110,AYACUCHO,HUAMANGA,SAN JUAN BAUTISTA,23/06/2026
ENERO - MAYO,2026,08/06/2026,AYACUCHO,SUPERIOR,PENAL,PENAL,QUEJAS,DELITOS DE CORRUPCION DE FUNCIONARIOS,37,37,050110,AYACUCHO,HUAMANGA,SAN JUAN BAUTISTA,23/06/2026
ENERO - MAYO,2026,08/06/2026,CAJAMARCA,PROVINCIAL,CIVIL,CIVIL,EXPEDIENTE,,28,25,060101,CAJAMARCA,CAJAMARCA,CAJAMARCA,23/06/2026
ENERO - MAYO,2026,08/06/2026,CAJAMARCA,PROVINCIAL,FAMILIA,ACTOS CONTRA LA LIBERTAD SEXUAL,DENUNCIA,,2,2,060101,CAJAMARCA,CAJAMARCA,CAJAMARCA,23/06/2026
ENERO - MAYO,2026,08/06/2026,CAJAMARCA,PROVINCIAL,FAMILIA,FAMILIA CIVIL,EXPEDIENTE,,266,250,060101,CAJAMARCA,CAJAMARCA,CAJAMARCA,23/06/2026
ENERO - MAYO,2026,08/06/2026,CAJAMARCA,PROVINCIAL,FAMILIA,FAMILIA PENAL,DENUNCIA,,255,234,060101,CAJAMARCA,CAJAMARCA,CAJAMARCA,23/06/2026
ENERO - MAYO,2026,08/06/2026,CAJAMARCA,PROVINCIAL,FAMILIA,FAMILIA PENAL,EXPEDIENTE,,23,21,060101,CAJAMARCA,CAJAMARCA,CAJAMARCA,23/06/2026
ENERO - MAYO,2026,08/06/2026,CAJAMARCA,PROVINCIAL,FAMILIA,FAMILIA TUTELAR,DENUNCIA,,503,461,060101,CAJAMARCA,CAJAMARCA,CAJAMARCA,23/06/2026
ENERO - MAYO,2026,08/06/2026,CAJAMARCA,PROVINCIAL,FAMILIA,FAMILIA TUTELAR,EXPEDIENTE,,37,35,060101,CAJAMARCA,CAJAMARCA,CAJAMARCA,23/06/2026
ENERO - MAYO,2026,08/06/2026,CAJAMARCA,PROVINCIAL,FAMILIA,VIOLENCIA FAMILIAR,DENUNCIA,,6,6,060101,CAJAMARCA,CAJAMARCA,CAJAMARCA,23/06/2026
ENERO - MAYO,2026,08/06/2026,CAJAMARCA,PROVINCIAL,PENAL,PENAL,DENUNCIA,CONTRA LA CRIMINALIDAD ORGANIZADA,18,18,060101,CAJAMARCA,CAJAMARCA,CAJAMARCA,23/06/2026
ENERO - MAYO,2026,08/06/2026,CAJAMARCA,PROVINCIAL,PENAL,PENAL,DENUNCIA,DELITOS DE CORRUPCION DE FUNCIONARIOS,196,171,060101,CAJAMARCA,CAJAMARCA,CAJAMARCA,23/06/2026
ENERO - MAYO,2026,08/06/2026,CAJAMARCA,PROVINCIAL,PENAL,PENAL,DENUNCIA,MATERIA AMBIENTAL,124,123,060101,CAJAMARCA,CAJAMARCA,CAJAMARCA,23/06/2026
ENERO - MAYO,2026,08/06/2026,CAJAMARCA,PROVINCIAL,PENAL,PENAL,DENUNCIA,VIOLENCIA CONTRA LA MUJER Y LOS INTEGRANTES DEL GRUPO FAMILIAR,1188,1168,060101,CAJAMARCA,CAJAMARCA,CAJAMARCA,23/06/2026
ENERO - MAYO,2026,08/06/2026,CAJAMARCA,PROVINCIAL,PENAL,PENAL,DENUNCIA,,9036,8527,060101,CAJAMARCA,CAJAMARCA,CAJAMARCA,23/06/2026
ENERO - MAYO,2026,08/06/2026,CAJAMARCA,PROVINCIAL,PENAL,PENAL,EXPEDIENTE,,1,1,060101,CAJAMARCA,CAJAMARCA,CAJAMARCA,23/06/2026
ENERO - MAYO,2026,08/06/2026,CAJAMARCA,PROVINCIAL,PENAL,PENAL,INVESTIGACION PREVENTIVA,MATERIA AMBIENTAL,41,41,060101,CAJAMARCA,CAJAMARCA,CAJAMARCA,23/06/2026
ENERO - MAYO,2026,08/06/2026,CAJAMARCA,PROVINCIAL,PENAL,PENAL,INVESTIGACION PREVENTIVA,,49,49,060101,CAJAMARCA,CAJAMARCA,CAJAMARCA,23/06/2026
ENERO - MAYO,2026,08/06/2026,CAJAMARCA,SUPERIOR,CIVIL,CIVIL,EXPEDIENTE,,3,3,060101,CAJAMARCA,CAJAMARCA,CAJAMARCA,23/06/2026
ENERO - MAYO,2026,08/06/2026,CAJAMARCA,SUPERIOR,FAMILIA,FAMILIA CIVIL,EXPEDIENTE,,14,13,060101,CAJAMARCA,CAJAMARCA,CAJAMARCA,23/06/2026
ENERO - MAYO,2026,08/06/2026,CAJAMARCA,SUPERIOR,FAMILIA,FAMILIA PENAL,EXPEDIENTE,,11,10,060101,CAJAMARCA,CAJAMARCA,CAJAMARCA,23/06/2026
ENERO - MAYO,2026,08/06/2026,CAJAMARCA,SUPERIOR,FAMILIA,VIOLENCIA FAMILIAR,EXPEDIENTE,,127,123,060101,CAJAMARCA,CAJAMARCA,CAJAMARCA,23/06/2026
ENERO - MAYO,2026,08/06/2026,CAJAMARCA,SUPERIOR,FAMILIA,VIOLENCIA FAMILIAR,INCIDENTE,,1,1,060101,CAJAMARCA,CAJAMARCA,CAJAMARCA,23/06/2026
ENERO - MAYO,2026,08/06/2026,CALLAO,PROVINCIAL,FAMILIA,FAMILIA CIVIL,EXPEDIENTE,,263,247,070101,CALLAO,CALLAO,CALLAO,23/06/2026
ENERO - MAYO,2026,08/06/2026,CALLAO,PROVINCIAL,FAMILIA,FAMILIA PENAL,DENUNCIA,,367,337,070101,CALLAO,CALLAO,CALLAO,23/06/2026
ENERO - MAYO,2026,08/06/2026,CALLAO,PROVINCIAL,FAMILIA,FAMILIA PENAL,EXPEDIENTE,,53,50,070101,CALLAO,CALLAO,CALLAO,23/06/2026
ENERO - MAYO,2026,08/06/2026,CALLAO,PROVINCIAL,FAMILIA,FAMILIA TUTELAR,DENUNCIA,,414,401,070101,CALLAO,CALLAO,CALLAO,23/06/2026
ENERO - MAYO,2026,08/06/2026,CALLAO,PROVINCIAL,FAMILIA,FAMILIA TUTELAR,EXPEDIENTE,,16,16,070101,CALLAO,CALLAO,CALLAO,23/06/2026
ENERO - MAYO,2026,08/06/2026,CALLAO,PROVINCIAL,PENAL,PENAL,DENUNCIA,CONTRA LA CRIMINALIDAD ORGANIZADA,44,35,070101,CALLAO,CALLAO,CALLAO,23/06/2026
ENERO - MAYO,2026,08/06/2026,CALLAO,PROVINCIAL,PENAL,PENAL,DENUNCIA,DELITOS ADUANEROS Y CONTRA LA PROPIEDAD INTELECTUAL,138,134,070101,CALLAO,CALLAO,CALLAO,23/06/2026
ENERO - MAYO,2026,08/06/2026,CALLAO,PROVINCIAL,PENAL,PENAL,DENUNCIA,DELITOS DE CORRUPCION DE FUNCIONARIOS,86,80,070101,CALLAO,CALLAO,CALLAO,23/06/2026
ENERO - MAYO,2026,08/06/2026,CALLAO,PROVINCIAL,PENAL,PENAL,DENUNCIA,DELITOS DE TRAFICO ILICITO DE DROGAS,131,127,070101,CALLAO,CALLAO,CALLAO,23/06/2026
ENERO - MAYO,2026,08/06/2026,CALLAO,PROVINCIAL,PENAL,PENAL,DENUNCIA,DELITOS DE TRATA DE PERSONAS,38,38,070101,CALLAO,CALLAO,CALLAO,23/06/2026
ENERO - MAYO,2026,08/06/2026,CALLAO,PROVINCIAL,PENAL,PENAL,DENUNCIA,LAVADO DE ACTIVOS Y PERDIDA DE DOMINIO,18,18,070101,CALLAO,CALLAO,CALLAO,23/06/2026
ENERO - MAYO,2026,08/06/2026,CALLAO,PROVINCIAL,PENAL,PENAL,DENUNCIA,MATERIA AMBIENTAL,38,38,070101,CALLAO,CALLAO,CALLAO,23/06/2026
ENERO - MAYO,2026,08/06/2026,CALLAO,PROVINCIAL,PENAL,PENAL,DENUNCIA,TRANSITO Y SEGURIDAD VIAL,791,783,070101,CALLAO,CALLAO,CALLAO,23/06/2026
ENERO - MAYO,2026,08/06/2026,CALLAO,PROVINCIAL,PENAL,PENAL,DENUNCIA,VIOLENCIA CONTRA LA MUJER Y LOS INTEGRANTES DEL GRUPO FAMILIAR,3291,2440,070101,CALLAO,CALLAO,CALLAO,23/06/2026
ENERO - MAYO,2026,08/06/2026,CALLAO,PROVINCIAL,PENAL,PENAL,DENUNCIA,,8514,7417,070101,CALLAO,CALLAO,CALLAO,23/06/2026
ENERO - MAYO,2026,08/06/2026,CALLAO,PROVINCIAL,PENAL,PENAL,EXPEDIENTE,DELITOS ADUANEROS Y CONTRA LA PROPIEDAD INTELECTUAL,1,1,070101,CALLAO,CALLAO,CALLAO,23/06/2026
ENERO - MAYO,2026,08/06/2026,CALLAO,PROVINCIAL,PENAL,PENAL,EXPEDIENTE,DELITOS DE TRAFICO ILICITO DE DROGAS,12,0,070101,CALLAO,CALLAO,CALLAO,23/06/2026
ENERO - MAYO,2026,08/06/2026,CALLAO,PROVINCIAL,PENAL,PENAL,EXPEDIENTE,,3,2,070101,CALLAO,CALLAO,CALLAO,23/06/2026
ENERO - MAYO,2026,08/06/2026,CALLAO,PROVINCIAL,PENAL,PENAL,INVESTIGACION PREVENTIVA,MATERIA AMBIENTAL,3,3,070101,CALLAO,CALLAO,CALLAO,23/06/2026
ENERO - MAYO,2026,08/06/2026,CALLAO,SUPERIOR,CIVIL,CIVIL,EXPEDIENTE,,9,9,070101,CALLAO,CALLAO,CALLAO,23/06/2026
ENERO - MAYO,2026,08/06/2026,CALLAO,SUPERIOR,FAMILIA,FAMILIA CIVIL,EXPEDIENTE,,57,57,070101,CALLAO,CALLAO,CALLAO,23/06/2026
ENERO - MAYO,2026,08/06/2026,CALLAO,SUPERIOR,FAMILIA,FAMILIA PENAL,EXPEDIENTE,,2,2,070101,CALLAO,CALLAO,CALLAO,23/06/2026
ENERO - MAYO,2026,08/06/2026,CALLAO,SUPERIOR,FAMILIA,VIOLENCIA FAMILIAR,EXPEDIENTE,,9,9,070101,CALLAO,CALLAO,CALLAO,23/06/2026
ENERO - MAYO,2026,08/06/2026,CALLAO,SUPERIOR,FAMILIA,VIOLENCIA FAMILIAR,INCIDENTE,,147,138,070101,CALLAO,CALLAO,CALLAO,23/06/2026
ENERO - MAYO,2026,08/06/2026,CALLAO,SUPERIOR,PENAL,PENAL,APELACION DENUNCIA,DELITOS DE CORRUPCION DE FUNCIONARIOS,79,79,070101,CALLAO,CALLAO,CALLAO,23/06/2026
ENERO - MAYO,2026,08/06/2026,CALLAO,SUPERIOR,PENAL,PENAL,CONSULTAS,DELITOS DE CORRUPCION DE FUNCIONARIOS,1,1,070101,CALLAO,CALLAO,CALLAO,23/06/2026
ENERO - MAYO,2026,08/06/2026,CALLAO,SUPERIOR,PENAL,PENAL,DENUNCIA,DELITOS DE CORRUPCION DE FUNCIONARIOS,5,5,070101,CALLAO,CALLAO,CALLAO,23/06/2026
ENERO - MAYO,2026,08/06/2026,CALLAO,SUPERIOR,PENAL,PENAL,EXCLUSION FISCAL,DELITOS DE CORRUPCION DE FUNCIONARIOS,2,2,070101,CALLAO,CALLAO,CALLAO,23/06/2026
ENERO - MAYO,2026,08/06/2026,CALLAO,SUPERIOR,PENAL,PENAL,QUEJAS,DELITOS DE CORRUPCION DE FUNCIONARIOS,6,6,070101,CALLAO,CALLAO,CALLAO,23/06/2026
ENERO - MAYO,2026,08/06/2026,CAÑETE,PROVINCIAL,CIVIL,CIVIL,EXPEDIENTE,,6,5,150501,LIMA,CAÑETE,SAN VICENTE DE CAÑETE,23/06/2026
ENERO - MAYO,2026,08/06/2026,CAÑETE,PROVINCIAL,FAMILIA,ACTOS CONTRA LA LIBERTAD SEXUAL,DENUNCIA,,2,2,150501,LIMA,CAÑETE,SAN VICENTE DE CAÑETE,23/06/2026
ENERO - MAYO,2026,08/06/2026,CAÑETE,PROVINCIAL,FAMILIA,FAMILIA CIVIL,EXPEDIENTE,,56,46,150501,LIMA,CAÑETE,SAN VICENTE DE CAÑETE,23/06/2026
ENERO - MAYO,2026,08/06/2026,CAÑETE,PROVINCIAL,FAMILIA,FAMILIA PENAL,DENUNCIA,,171,168,150501,LIMA,CAÑETE,SAN VICENTE DE CAÑETE,23/06/2026
ENERO - MAYO,2026,08/06/2026,CAÑETE,PROVINCIAL,FAMILIA,FAMILIA PENAL,EXPEDIENTE,,18,17,150501,LIMA,CAÑETE,SAN VICENTE DE CAÑETE,23/06/2026
ENERO - MAYO,2026,08/06/2026,CAÑETE,PROVINCIAL,FAMILIA,FAMILIA TUTELAR,DENUNCIA,,326,305,150501,LIMA,CAÑETE,SAN VICENTE DE CAÑETE,23/06/2026
ENERO - MAYO,2026,08/06/2026,CAÑETE,PROVINCIAL,FAMILIA,FAMILIA TUTELAR,EXPEDIENTE,,21,17,150501,LIMA,CAÑETE,SAN VICENTE DE CAÑETE,23/06/2026
ENERO - MAYO,2026,08/06/2026,CAÑETE,PROVINCIAL,FAMILIA,VIOLENCIA FAMILIAR,DENUNCIA,,33,33,150501,LIMA,CAÑETE,SAN VICENTE DE CAÑETE,23/06/2026
ENERO - MAYO,2026,08/06/2026,CAÑETE,PROVINCIAL,FAMILIA,VIOLENCIA FAMILIAR,EXPEDIENTE,,2,2,150501,LIMA,CAÑETE,SAN VICENTE DE CAÑETE,23/06/2026
ENERO - MAYO,2026,08/06/2026,CAÑETE,PROVINCIAL,PENAL,PENAL,DENUNCIA,DELITOS DE CORRUPCION DE FUNCIONARIOS,86,17,150501,LIMA,CAÑETE,SAN VICENTE DE CAÑETE,23/06/2026
ENERO - MAYO,2026,08/06/2026,CAÑETE,PROVINCIAL,PENAL,PENAL,DENUNCIA,,6760,5485,150501,LIMA,CAÑETE,SAN VICENTE DE CAÑETE,23/06/2026
ENERO - MAYO,2026,08/06/2026,CAÑETE,SUPERIOR,CIVIL,CIVIL,EXPEDIENTE,,2,2,150501,LIMA,CAÑETE,SAN VICENTE DE CAÑETE,23/06/2026
ENERO - MAYO,2026,08/06/2026,CAÑETE,SUPERIOR,FAMILIA,FAMILIA CIVIL,EXPEDIENTE,,3,2,150501,LIMA,CAÑETE,SAN VICENTE DE CAÑETE,23/06/2026
ENERO - MAYO,2026,08/06/2026,CAÑETE,SUPERIOR,FAMILIA,FAMILIA PENAL,EXPEDIENTE,,3,3,150501,LIMA,CAÑETE,SAN VICENTE DE CAÑETE,23/06/2026
ENERO - MAYO,2026,08/06/2026,CAÑETE,SUPERIOR,FAMILIA,FAMILIA TUTELAR,EXPEDIENTE,,3,3,150501,LIMA,CAÑETE,SAN VICENTE DE CAÑETE,23/06/2026
ENERO - MAYO,2026,08/06/2026,CAÑETE,SUPERIOR,FAMILIA,VIOLENCIA FAMILIAR,EXPEDIENTE,,1,1,150501,LIMA,CAÑETE,SAN VICENTE DE CAÑETE,23/06/2026
ENERO - MAYO,2026,08/06/2026,CAÑETE,SUPERIOR,FAMILIA,VIOLENCIA FAMILIAR,INCIDENTE,,28,28,150501,LIMA,CAÑETE,SAN VICENTE DE CAÑETE,23/06/2026
ENERO - MAYO,2026,08/06/2026,CUSCO,PROVINCIAL,CIVIL,CIVIL,EXPEDIENTE,,58,45,080108,CUSCO,CUSCO,WANCHAQ,23/06/2026
ENERO - MAYO,2026,08/06/2026,CUSCO,PROVINCIAL,FAMILIA,ACTOS CONTRA LA LIBERTAD SEXUAL,DENUNCIA,,47,26,080108,CUSCO,CUSCO,WANCHAQ,23/06/2026
ENERO - MAYO,2026,08/06/2026,CUSCO,PROVINCIAL,FAMILIA,FAMILIA CIVIL,EXPEDIENTE,,623,490,080108,CUSCO,CUSCO,WANCHAQ,23/06/2026
ENERO - MAYO,2026,08/06/2026,CUSCO,PROVINCIAL,FAMILIA,FAMILIA PENAL,DENUNCIA,,432,326,080108,CUSCO,CUSCO,WANCHAQ,23/06/2026
ENERO - MAYO,2026,08/06/2026,CUSCO,PROVINCIAL,FAMILIA,FAMILIA PENAL,EXPEDIENTE,,100,83,080108,CUSCO,CUSCO,WANCHAQ,23/06/2026
ENERO - MAYO,2026,08/06/2026,CUSCO,PROVINCIAL,FAMILIA,FAMILIA TUTELAR,DENUNCIA,,647,546,080108,CUSCO,CUSCO,WANCHAQ,23/06/2026
ENERO - MAYO,2026,08/06/2026,CUSCO,PROVINCIAL,FAMILIA,FAMILIA TUTELAR,EXPEDIENTE,,93,82,080108,CUSCO,CUSCO,WANCHAQ,23/06/2026
ENERO - MAYO,2026,08/06/2026,CUSCO,PROVINCIAL,FAMILIA,VIOLENCIA FAMILIAR,DENUNCIA,,19,18,080108,CUSCO,CUSCO,WANCHAQ,23/06/2026
ENERO - MAYO,2026,08/06/2026,CUSCO,PROVINCIAL,PENAL,PENAL,DENUNCIA,CONTRA LA CRIMINALIDAD ORGANIZADA,33,30,080108,CUSCO,CUSCO,WANCHAQ,23/06/2026
ENERO - MAYO,2026,08/06/2026,CUSCO,PROVINCIAL,PENAL,PENAL,DENUNCIA,DELITOS DE CORRUPCION DE FUNCIONARIOS,521,454,080108,CUSCO,CUSCO,WANCHAQ,23/06/2026
ENERO - MAYO,2026,08/06/2026,CUSCO,PROVINCIAL,PENAL,PENAL,DENUNCIA,DELITOS DE TRAFICO ILICITO DE DROGAS,67,65,080108,CUSCO,CUSCO,WANCHAQ,23/06/2026
ENERO - MAYO,2026,08/06/2026,CUSCO,PROVINCIAL,PENAL,PENAL,DENUNCIA,DELITOS DE TRATA DE PERSONAS,39,38,080108,CUSCO,CUSCO,WANCHAQ,23/06/2026
ENERO - MAYO,2026,08/06/2026,CUSCO,PROVINCIAL,PENAL,PENAL,DENUNCIA,MATERIA AMBIENTAL,122,118,080108,CUSCO,CUSCO,WANCHAQ,23/06/2026
ENERO - MAYO,2026,08/06/2026,CUSCO,PROVINCIAL,PENAL,PENAL,DENUNCIA,TURISMO,105,105,080108,CUSCO,CUSCO,WANCHAQ,23/06/2026
ENERO - MAYO,2026,08/06/2026,CUSCO,PROVINCIAL,PENAL,PENAL,DENUNCIA,VIOLENCIA CONTRA LA MUJER Y LOS INTEGRANTES DEL GRUPO FAMILIAR,5208,4976,080108,CUSCO,CUSCO,WANCHAQ,23/06/2026
ENERO - MAYO,2026,08/06/2026,CUSCO,PROVINCIAL,PENAL,PENAL,DENUNCIA,,13405,12370,080108,CUSCO,CUSCO,WANCHAQ,23/06/2026
ENERO - MAYO,2026,08/06/2026,CUSCO,PROVINCIAL,PENAL,PENAL,EXPEDIENTE,DELITOS DE TRAFICO ILICITO DE DROGAS,3,2,080108,CUSCO,CUSCO,WANCHAQ,23/06/2026
ENERO - MAYO,2026,08/06/2026,CUSCO,PROVINCIAL,PENAL,PENAL,EXPEDIENTE,,6,3,080108,CUSCO,CUSCO,WANCHAQ,23/06/2026
ENERO - MAYO,2026,08/06/2026,CUSCO,PROVINCIAL,PENAL,PENAL,INVESTIGACION PREVENTIVA,MATERIA AMBIENTAL,2,2,080108,CUSCO,CUSCO,WANCHAQ,23/06/2026
ENERO - MAYO,2026,08/06/2026,CUSCO,PROVINCIAL,PENAL,PENAL,INVESTIGACION PREVENTIVA,,209,175,080108,CUSCO,CUSCO,WANCHAQ,23/06/2026
ENERO - MAYO,2026,08/06/2026,CUSCO,SUPERIOR,CIVIL,CIVIL,EXPEDIENTE,,14,10,080108,CUSCO,CUSCO,WANCHAQ,23/06/2026
ENERO - MAYO,2026,08/06/2026,CUSCO,SUPERIOR,FAMILIA,FAMILIA CIVIL,EXPEDIENTE,,95,69,080108,CUSCO,CUSCO,WANCHAQ,23/06/2026
ENERO - MAYO,2026,08/06/2026,CUSCO,SUPERIOR,FAMILIA,FAMILIA CIVIL,INCIDENTE,,1,1,080108,CUSCO,CUSCO,WANCHAQ,23/06/2026
ENERO - MAYO,2026,08/06/2026,CUSCO,SUPERIOR,FAMILIA,FAMILIA PENAL,EXPEDIENTE,,26,25,080108,CUSCO,CUSCO,WANCHAQ,23/06/2026
ENERO - MAYO,2026,08/06/2026,CUSCO,SUPERIOR,FAMILIA,FAMILIA PENAL,INCIDENTE,,4,4,080108,CUSCO,CUSCO,WANCHAQ,23/06/2026
ENERO - MAYO,2026,08/06/2026,CUSCO,SUPERIOR,FAMILIA,FAMILIA TUTELAR,EXPEDIENTE,,236,212,080108,CUSCO,CUSCO,WANCHAQ,23/06/2026
ENERO - MAYO,2026,08/06/2026,CUSCO,SUPERIOR,FAMILIA,VIOLENCIA FAMILIAR,EXPEDIENTE,,28,28,080108,CUSCO,CUSCO,WANCHAQ,23/06/2026
ENERO - MAYO,2026,08/06/2026,CUSCO,SUPERIOR,FAMILIA,VIOLENCIA FAMILIAR,INCIDENTE,,25,25,080108,CUSCO,CUSCO,WANCHAQ,23/06/2026
ENERO - MAYO,2026,08/06/2026,HUANCAVELICA,PROVINCIAL,CIVIL,CIVIL,EXPEDIENTE,,2,2,090101,HUANCAVELICA,HUANCAVELICA,HUANCAVELICA,23/06/2026
ENERO - MAYO,2026,08/06/2026,HUANCAVELICA,PROVINCIAL,FAMILIA,ACTOS CONTRA LA LIBERTAD SEXUAL,DENUNCIA,,1,1,090101,HUANCAVELICA,HUANCAVELICA,HUANCAVELICA,23/06/2026
ENERO - MAYO,2026,08/06/2026,HUANCAVELICA,PROVINCIAL,FAMILIA,FAMILIA CIVIL,EXPEDIENTE,,49,44,090101,HUANCAVELICA,HUANCAVELICA,HUANCAVELICA,23/06/2026
ENERO - MAYO,2026,08/06/2026,HUANCAVELICA,PROVINCIAL,FAMILIA,FAMILIA PENAL,DENUNCIA,,34,21,090101,HUANCAVELICA,HUANCAVELICA,HUANCAVELICA,23/06/2026
ENERO - MAYO,2026,08/06/2026,HUANCAVELICA,PROVINCIAL,FAMILIA,FAMILIA PENAL,EXPEDIENTE,,9,9,090101,HUANCAVELICA,HUANCAVELICA,HUANCAVELICA,23/06/2026
ENERO - MAYO,2026,08/06/2026,HUANCAVELICA,PROVINCIAL,FAMILIA,FAMILIA TUTELAR,DENUNCIA,,68,44,090101,HUANCAVELICA,HUANCAVELICA,HUANCAVELICA,23/06/2026
ENERO - MAYO,2026,08/06/2026,HUANCAVELICA,PROVINCIAL,FAMILIA,FAMILIA TUTELAR,EXPEDIENTE,,15,14,090101,HUANCAVELICA,HUANCAVELICA,HUANCAVELICA,23/06/2026
ENERO - MAYO,2026,08/06/2026,HUANCAVELICA,PROVINCIAL,FAMILIA,VIOLENCIA FAMILIAR,EXPEDIENTE,,1,1,090101,HUANCAVELICA,HUANCAVELICA,HUANCAVELICA,23/06/2026
ENERO - MAYO,2026,08/06/2026,HUANCAVELICA,PROVINCIAL,PENAL,PENAL,DENUNCIA,CONTRA LA CRIMINALIDAD ORGANIZADA,18,18,090101,HUANCAVELICA,HUANCAVELICA,HUANCAVELICA,23/06/2026
ENERO - MAYO,2026,08/06/2026,HUANCAVELICA,PROVINCIAL,PENAL,PENAL,DENUNCIA,DELITOS DE CORRUPCION DE FUNCIONARIOS,121,117,090101,HUANCAVELICA,HUANCAVELICA,HUANCAVELICA,23/06/2026
ENERO - MAYO,2026,08/06/2026,HUANCAVELICA,PROVINCIAL,PENAL,PENAL,DENUNCIA,MATERIA AMBIENTAL,27,27,090101,HUANCAVELICA,HUANCAVELICA,HUANCAVELICA,23/06/2026
ENERO - MAYO,2026,08/06/2026,HUANCAVELICA,PROVINCIAL,PENAL,PENAL,DENUNCIA,VIOLENCIA CONTRA LA MUJER Y LOS INTEGRANTES DEL GRUPO FAMILIAR,263,263,090101,HUANCAVELICA,HUANCAVELICA,HUANCAVELICA,23/06/2026
ENERO - MAYO,2026,08/06/2026,HUANCAVELICA,PROVINCIAL,PENAL,PENAL,DENUNCIA,,1424,1405,090101,HUANCAVELICA,HUANCAVELICA,HUANCAVELICA,23/06/2026
ENERO - MAYO,2026,08/06/2026,HUANCAVELICA,PROVINCIAL,PENAL,PENAL,INVESTIGACION PREVENTIVA,MATERIA AMBIENTAL,49,49,090101,HUANCAVELICA,HUANCAVELICA,HUANCAVELICA,23/06/2026
ENERO - MAYO,2026,08/06/2026,HUANCAVELICA,PROVINCIAL,PENAL,PENAL,INVESTIGACION PREVENTIVA,,2,2,090101,HUANCAVELICA,HUANCAVELICA,HUANCAVELICA,23/06/2026
ENERO - MAYO,2026,08/06/2026,HUANCAVELICA,SUPERIOR,FAMILIA,FAMILIA CIVIL,EXPEDIENTE,,4,4,090101,HUANCAVELICA,HUANCAVELICA,HUANCAVELICA,23/06/2026
ENERO - MAYO,2026,08/06/2026,HUANCAVELICA,SUPERIOR,FAMILIA,FAMILIA CIVIL,INCIDENTE,,1,1,090101,HUANCAVELICA,HUANCAVELICA,HUANCAVELICA,23/06/2026
ENERO - MAYO,2026,08/06/2026,HUANCAVELICA,SUPERIOR,FAMILIA,FAMILIA PENAL,EXPEDIENTE,,2,2,090101,HUANCAVELICA,HUANCAVELICA,HUANCAVELICA,23/06/2026
ENERO - MAYO,2026,08/06/2026,HUANCAVELICA,SUPERIOR,FAMILIA,FAMILIA TUTELAR,EXPEDIENTE,,1,1,090101,HUANCAVELICA,HUANCAVELICA,HUANCAVELICA,23/06/2026
ENERO - MAYO,2026,08/06/2026,HUANCAVELICA,SUPERIOR,FAMILIA,VIOLENCIA FAMILIAR,EXPEDIENTE,,3,3,090101,HUANCAVELICA,HUANCAVELICA,HUANCAVELICA,23/06/2026
ENERO - MAYO,2026,08/06/2026,HUANCAVELICA,SUPERIOR,FAMILIA,VIOLENCIA FAMILIAR,INCIDENTE,,7,7,090101,HUANCAVELICA,HUANCAVELICA,HUANCAVELICA,23/06/2026
ENERO - MAYO,2026,08/06/2026,HUANCAVELICA,SUPERIOR,PENAL,PENAL,APELACION DENUNCIA,DELITOS DE CORRUPCION DE FUNCIONARIOS,46,45,090101,HUANCAVELICA,HUANCAVELICA,HUANCAVELICA,23/06/2026
ENERO - MAYO,2026,08/06/2026,HUANCAVELICA,SUPERIOR,PENAL,PENAL,CONSULTAS,DELITOS DE CORRUPCION DE FUNCIONARIOS,14,14,090101,HUANCAVELICA,HUANCAVELICA,HUANCAVELICA,23/06/2026
ENERO - MAYO,2026,08/06/2026,HUANCAVELICA,SUPERIOR,PENAL,PENAL,DENUNCIA,DELITOS DE CORRUPCION DE FUNCIONARIOS,4,4,090101,HUANCAVELICA,HUANCAVELICA,HUANCAVELICA,23/06/2026
ENERO - MAYO,2026,08/06/2026,HUANCAVELICA,SUPERIOR,PENAL,PENAL,QUEJAS,DELITOS DE CORRUPCION DE FUNCIONARIOS,14,14,090101,HUANCAVELICA,HUANCAVELICA,HUANCAVELICA,23/06/2026
ENERO - MAYO,2026,08/06/2026,HUANUCO,PROVINCIAL,CIVIL,CIVIL,EXPEDIENTE,,99,83,100101,HUANUCO,HUANUCO,HUANUCO,23/06/2026
ENERO - MAYO,2026,08/06/2026,HUANUCO,PROVINCIAL,FAMILIA,ACTOS CONTRA LA LIBERTAD SEXUAL,DENUNCIA,,72,47,100101,HUANUCO,HUANUCO,HUANUCO,23/06/2026
ENERO - MAYO,2026,08/06/2026,HUANUCO,PROVINCIAL,FAMILIA,FAMILIA CIVIL,EXPEDIENTE,,453,393,100101,HUANUCO,HUANUCO,HUANUCO,23/06/2026
ENERO - MAYO,2026,08/06/2026,HUANUCO,PROVINCIAL,FAMILIA,FAMILIA PENAL,DENUNCIA,,360,294,100101,HUANUCO,HUANUCO,HUANUCO,23/06/2026
ENERO - MAYO,2026,08/06/2026,HUANUCO,PROVINCIAL,FAMILIA,FAMILIA PENAL,EXPEDIENTE,,61,55,100101,HUANUCO,HUANUCO,HUANUCO,23/06/2026
ENERO - MAYO,2026,08/06/2026,HUANUCO,PROVINCIAL,FAMILIA,FAMILIA TUTELAR,DENUNCIA,,651,626,100101,HUANUCO,HUANUCO,HUANUCO,23/06/2026
ENERO - MAYO,2026,08/06/2026,HUANUCO,PROVINCIAL,FAMILIA,FAMILIA TUTELAR,EXPEDIENTE,,82,78,100101,HUANUCO,HUANUCO,HUANUCO,23/06/2026
ENERO - MAYO,2026,08/06/2026,HUANUCO,PROVINCIAL,FAMILIA,VIOLENCIA FAMILIAR,DENUNCIA,,266,227,100101,HUANUCO,HUANUCO,HUANUCO,23/06/2026
ENERO - MAYO,2026,08/06/2026,HUANUCO,PROVINCIAL,PENAL,PENAL,DENUNCIA,CONTRA LA CRIMINALIDAD ORGANIZADA,21,16,100101,HUANUCO,HUANUCO,HUANUCO,23/06/2026
ENERO - MAYO,2026,08/06/2026,HUANUCO,PROVINCIAL,PENAL,PENAL,DENUNCIA,DELITOS DE CORRUPCION DE FUNCIONARIOS,236,173,100101,HUANUCO,HUANUCO,HUANUCO,23/06/2026
ENERO - MAYO,2026,08/06/2026,HUANUCO,PROVINCIAL,PENAL,PENAL,DENUNCIA,DELITOS DE TRAFICO ILICITO DE DROGAS,203,191,100101,HUANUCO,HUANUCO,HUANUCO,23/06/2026
ENERO - MAYO,2026,08/06/2026,HUANUCO,PROVINCIAL,PENAL,PENAL,DENUNCIA,DELITOS DE TRATA DE PERSONAS,47,46,100101,HUANUCO,HUANUCO,HUANUCO,23/06/2026
ENERO - MAYO,2026,08/06/2026,HUANUCO,PROVINCIAL,PENAL,PENAL,DENUNCIA,MATERIA AMBIENTAL,207,205,100101,HUANUCO,HUANUCO,HUANUCO,23/06/2026
ENERO - MAYO,2026,08/06/2026,HUANUCO,PROVINCIAL,PENAL,PENAL,DENUNCIA,,14597,13433,100101,HUANUCO,HUANUCO,HUANUCO,23/06/2026
ENERO - MAYO,2026,08/06/2026,HUANUCO,PROVINCIAL,PENAL,PENAL,EXPEDIENTE,,1,0,100101,HUANUCO,HUANUCO,HUANUCO,23/06/2026
ENERO - MAYO,2026,08/06/2026,HUANUCO,PROVINCIAL,PENAL,PENAL,INVESTIGACION PREVENTIVA,MATERIA AMBIENTAL,6,6,100101,HUANUCO,HUANUCO,HUANUCO,23/06/2026
ENERO - MAYO,2026,08/06/2026,HUANUCO,PROVINCIAL,PENAL,PENAL,INVESTIGACION PREVENTIVA,,203,192,100101,HUANUCO,HUANUCO,HUANUCO,23/06/2026
ENERO - MAYO,2026,08/06/2026,HUANUCO,SUPERIOR,CIVIL,CIVIL,EXPEDIENTE,,24,17,100101,HUANUCO,HUANUCO,HUANUCO,23/06/2026
ENERO - MAYO,2026,08/06/2026,HUANUCO,SUPERIOR,FAMILIA,FAMILIA CIVIL,EXPEDIENTE,,38,31,100101,HUANUCO,HUANUCO,HUANUCO,23/06/2026
ENERO - MAYO,2026,08/06/2026,HUANUCO,SUPERIOR,FAMILIA,FAMILIA PENAL,EXPEDIENTE,,24,23,100101,HUANUCO,HUANUCO,HUANUCO,23/06/2026
ENERO - MAYO,2026,08/06/2026,HUANUCO,SUPERIOR,FAMILIA,FAMILIA TUTELAR,EXPEDIENTE,,3,1,100101,HUANUCO,HUANUCO,HUANUCO,23/06/2026
ENERO - MAYO,2026,08/06/2026,HUANUCO,SUPERIOR,FAMILIA,VIOLENCIA FAMILIAR,EXPEDIENTE,,83,77,100101,HUANUCO,HUANUCO,HUANUCO,23/06/2026
ENERO - MAYO,2026,08/06/2026,HUANUCO,SUPERIOR,PENAL,PENAL,APELACION DENUNCIA,DELITOS DE CORRUPCION DE FUNCIONARIOS,43,16,100101,HUANUCO,HUANUCO,HUANUCO,23/06/2026
ENERO - MAYO,2026,08/06/2026,HUANUCO,SUPERIOR,PENAL,PENAL,APELACION EXPEDIENTE,DELITOS DE CORRUPCION DE FUNCIONARIOS,2,0,100101,HUANUCO,HUANUCO,HUANUCO,23/06/2026
ENERO - MAYO,2026,08/06/2026,HUANUCO,SUPERIOR,PENAL,PENAL,CONSULTAS,DELITOS DE CORRUPCION DE FUNCIONARIOS,27,25,100101,HUANUCO,HUANUCO,HUANUCO,23/06/2026
ENERO - MAYO,2026,08/06/2026,HUANUCO,SUPERIOR,PENAL,PENAL,DENUNCIA,DELITOS DE CORRUPCION DE FUNCIONARIOS,5,4,100101,HUANUCO,HUANUCO,HUANUCO,23/06/2026
ENERO - MAYO,2026,08/06/2026,HUANUCO,SUPERIOR,PENAL,PENAL,EXCLUSION FISCAL,DELITOS DE CORRUPCION DE FUNCIONARIOS,1,0,100101,HUANUCO,HUANUCO,HUANUCO,23/06/2026
ENERO - MAYO,2026,08/06/2026,HUANUCO,SUPERIOR,PENAL,PENAL,EXPEDIENTE,DELITOS DE CORRUPCION DE FUNCIONARIOS,1,0,100101,HUANUCO,HUANUCO,HUANUCO,23/06/2026
ENERO - MAYO,2026,08/06/2026,HUANUCO,SUPERIOR,PENAL,PENAL,QUEJAS,DELITOS DE CORRUPCION DE FUNCIONARIOS,52,52,100101,HUANUCO,HUANUCO,HUANUCO,23/06/2026
ENERO - MAYO,2026,08/06/2026,HUAURA,PROVINCIAL,CIVIL,CIVIL,EXPEDIENTE,,10,7,150801,LIMA,HUAURA,HUACHO,23/06/2026
ENERO - MAYO,2026,08/06/2026,HUAURA,PROVINCIAL,FAMILIA,FAMILIA CIVIL,EXPEDIENTE,,277,249,150801,LIMA,HUAURA,HUACHO,23/06/2026
ENERO - MAYO,2026,08/06/2026,HUAURA,PROVINCIAL,FAMILIA,FAMILIA PENAL,DENUNCIA,,196,176,150801,LIMA,HUAURA,HUACHO,23/06/2026
ENERO - MAYO,2026,08/06/2026,HUAURA,PROVINCIAL,FAMILIA,FAMILIA PENAL,EXPEDIENTE,,51,47,150801,LIMA,HUAURA,HUACHO,23/06/2026
ENERO - MAYO,2026,08/06/2026,HUAURA,PROVINCIAL,FAMILIA,FAMILIA TUTELAR,DENUNCIA,,46,43,150801,LIMA,HUAURA,HUACHO,23/06/2026
ENERO - MAYO,2026,08/06/2026,HUAURA,PROVINCIAL,FAMILIA,FAMILIA TUTELAR,EXPEDIENTE,,48,46,150801,LIMA,HUAURA,HUACHO,23/06/2026
ENERO - MAYO,2026,08/06/2026,HUAURA,PROVINCIAL,FAMILIA,VIOLENCIA FAMILIAR,EXPEDIENTE,,1,0,150801,LIMA,HUAURA,HUACHO,23/06/2026
ENERO - MAYO,2026,08/06/2026,HUAURA,PROVINCIAL,PENAL,PENAL,DENUNCIA,CONTRA LA CRIMINALIDAD ORGANIZADA,30,26,150801,LIMA,HUAURA,HUACHO,23/06/2026
ENERO - MAYO,2026,08/06/2026,HUAURA,PROVINCIAL,PENAL,PENAL,DENUNCIA,DELITOS DE CORRUPCION DE FUNCIONARIOS,85,82,150801,LIMA,HUAURA,HUACHO,23/06/2026
ENERO - MAYO,2026,08/06/2026,HUAURA,PROVINCIAL,PENAL,PENAL,DENUNCIA,VIOLENCIA CONTRA LA MUJER Y LOS INTEGRANTES DEL GRUPO FAMILIAR,659,659,150801,LIMA,HUAURA,HUACHO,23/06/2026
ENERO - MAYO,2026,08/06/2026,HUAURA,PROVINCIAL,PENAL,PENAL,DENUNCIA,,7808,7212,150801,LIMA,HUAURA,HUACHO,23/06/2026
ENERO - MAYO,2026,08/06/2026,HUAURA,SUPERIOR,FAMILIA,FAMILIA CIVIL,EXPEDIENTE,,21,20,150801,LIMA,HUAURA,HUACHO,23/06/2026
ENERO - MAYO,2026,08/06/2026,HUAURA,SUPERIOR,FAMILIA,FAMILIA PENAL,EXPEDIENTE,,23,22,150801,LIMA,HUAURA,HUACHO,23/06/2026
ENERO - MAYO,2026,08/06/2026,HUAURA,SUPERIOR,FAMILIA,FAMILIA TUTELAR,EXPEDIENTE,,2,2,150801,LIMA,HUAURA,HUACHO,23/06/2026
ENERO - MAYO,2026,08/06/2026,HUAURA,SUPERIOR,FAMILIA,VIOLENCIA FAMILIAR,EXPEDIENTE,,1,1,150801,LIMA,HUAURA,HUACHO,23/06/2026
ENERO - MAYO,2026,08/06/2026,HUAURA,SUPERIOR,FAMILIA,VIOLENCIA FAMILIAR,INCIDENTE,,70,67,150801,LIMA,HUAURA,HUACHO,23/06/2026
ENERO - MAYO,2026,08/06/2026,ICA,PROVINCIAL,CIVIL,CIVIL,EXPEDIENTE,,12,11,110101,ICA,ICA,ICA,23/06/2026
ENERO - MAYO,2026,08/06/2026,ICA,PROVINCIAL,FAMILIA,FAMILIA CIVIL,EXPEDIENTE,,451,423,110101,ICA,ICA,ICA,23/06/2026
ENERO - MAYO,2026,08/06/2026,ICA,PROVINCIAL,FAMILIA,FAMILIA PENAL,DENUNCIA,,347,273,110101,ICA,ICA,ICA,23/06/2026
ENERO - MAYO,2026,08/06/2026,ICA,PROVINCIAL,FAMILIA,FAMILIA PENAL,EXPEDIENTE,,83,78,110101,ICA,ICA,ICA,23/06/2026
ENERO - MAYO,2026,08/06/2026,ICA,PROVINCIAL,FAMILIA,FAMILIA TUTELAR,DENUNCIA,,153,139,110101,ICA,ICA,ICA,23/06/2026
ENERO - MAYO,2026,08/06/2026,ICA,PROVINCIAL,FAMILIA,FAMILIA TUTELAR,EXPEDIENTE,,35,33,110101,ICA,ICA,ICA,23/06/2026
ENERO - MAYO,2026,08/06/2026,ICA,PROVINCIAL,FAMILIA,VIOLENCIA FAMILIAR,DENUNCIA,,19,15,110101,ICA,ICA,ICA,23/06/2026
ENERO - MAYO,2026,08/06/2026,ICA,PROVINCIAL,FAMILIA,VIOLENCIA FAMILIAR,EXPEDIENTE,,1,1,110101,ICA,ICA,ICA,23/06/2026
ENERO - MAYO,2026,08/06/2026,ICA,PROVINCIAL,PENAL,PENAL,DENUNCIA,CONTRA LA CRIMINALIDAD ORGANIZADA,34,32,110101,ICA,ICA,ICA,23/06/2026
ENERO - MAYO,2026,08/06/2026,ICA,PROVINCIAL,PENAL,PENAL,DENUNCIA,DELITOS DE CORRUPCION DE FUNCIONARIOS,186,93,110101,ICA,ICA,ICA,23/06/2026
ENERO - MAYO,2026,08/06/2026,ICA,PROVINCIAL,PENAL,PENAL,DENUNCIA,MATERIA AMBIENTAL,73,62,110101,ICA,ICA,ICA,23/06/2026
ENERO - MAYO,2026,08/06/2026,ICA,PROVINCIAL,PENAL,PENAL,DENUNCIA,,17591,11977,110101,ICA,ICA,ICA,23/06/2026
ENERO - MAYO,2026,08/06/2026,ICA,PROVINCIAL,PENAL,PENAL,INVESTIGACION PREVENTIVA,MATERIA AMBIENTAL,1,0,110101,ICA,ICA,ICA,23/06/2026
ENERO - MAYO,2026,08/06/2026,ICA,PROVINCIAL,PENAL,PENAL,INVESTIGACION PREVENTIVA,,43,29,110101,ICA,ICA,ICA,23/06/2026
ENERO - MAYO,2026,08/06/2026,ICA,SUPERIOR,CIVIL,CIVIL,EXPEDIENTE,,16,11,110101,ICA,ICA,ICA,23/06/2026
ENERO - MAYO,2026,08/06/2026,ICA,SUPERIOR,FAMILIA,FAMILIA CIVIL,EXPEDIENTE,,82,77,110101,ICA,ICA,ICA,23/06/2026
ENERO - MAYO,2026,08/06/2026,ICA,SUPERIOR,FAMILIA,FAMILIA PENAL,EXPEDIENTE,,24,24,110101,ICA,ICA,ICA,23/06/2026
ENERO - MAYO,2026,08/06/2026,ICA,SUPERIOR,FAMILIA,FAMILIA PENAL,INCIDENTE,,1,1,110101,ICA,ICA,ICA,23/06/2026
ENERO - MAYO,2026,08/06/2026,ICA,SUPERIOR,FAMILIA,FAMILIA TUTELAR,EXPEDIENTE,,42,42,110101,ICA,ICA,ICA,23/06/2026
ENERO - MAYO,2026,08/06/2026,ICA,SUPERIOR,FAMILIA,VIOLENCIA FAMILIAR,EXPEDIENTE,,141,138,110101,ICA,ICA,ICA,23/06/2026
ENERO - MAYO,2026,08/06/2026,ICA,SUPERIOR,FAMILIA,VIOLENCIA FAMILIAR,INCIDENTE,,14,14,110101,ICA,ICA,ICA,23/06/2026
ENERO - MAYO,2026,08/06/2026,JUNIN,PROVINCIAL,CIVIL,CIVIL,EXPEDIENTE,,15,15,120114,JUNIN,HUANCAYO,EL TAMBO,23/06/2026
ENERO - MAYO,2026,08/06/2026,JUNIN,PROVINCIAL,FAMILIA,ACTOS CONTRA LA LIBERTAD SEXUAL,DENUNCIA,,35,32,120114,JUNIN,HUANCAYO,EL TAMBO,23/06/2026
ENERO - MAYO,2026,08/06/2026,JUNIN,PROVINCIAL,FAMILIA,FAMILIA CIVIL,EXPEDIENTE,,632,567,120114,JUNIN,HUANCAYO,EL TAMBO,23/06/2026
ENERO - MAYO,2026,08/06/2026,JUNIN,PROVINCIAL,FAMILIA,FAMILIA PENAL,DENUNCIA,,492,355,120114,JUNIN,HUANCAYO,EL TAMBO,23/06/2026
ENERO - MAYO,2026,08/06/2026,JUNIN,PROVINCIAL,FAMILIA,FAMILIA PENAL,EXPEDIENTE,,70,59,120114,JUNIN,HUANCAYO,EL TAMBO,23/06/2026
ENERO - MAYO,2026,08/06/2026,JUNIN,PROVINCIAL,FAMILIA,FAMILIA TUTELAR,DENUNCIA,,148,127,120114,JUNIN,HUANCAYO,EL TAMBO,23/06/2026
ENERO - MAYO,2026,08/06/2026,JUNIN,PROVINCIAL,FAMILIA,FAMILIA TUTELAR,EXPEDIENTE,,62,60,120114,JUNIN,HUANCAYO,EL TAMBO,23/06/2026
ENERO - MAYO,2026,08/06/2026,JUNIN,PROVINCIAL,FAMILIA,VIOLENCIA FAMILIAR,DENUNCIA,,3,2,120114,JUNIN,HUANCAYO,EL TAMBO,23/06/2026
ENERO - MAYO,2026,08/06/2026,JUNIN,PROVINCIAL,FAMILIA,VIOLENCIA FAMILIAR,EXPEDIENTE,,2,2,120114,JUNIN,HUANCAYO,EL TAMBO,23/06/2026
ENERO - MAYO,2026,08/06/2026,JUNIN,PROVINCIAL,PENAL,PENAL,DENUNCIA,CONTRA LA CRIMINALIDAD ORGANIZADA,27,23,120114,JUNIN,HUANCAYO,EL TAMBO,23/06/2026
ENERO - MAYO,2026,08/06/2026,JUNIN,PROVINCIAL,PENAL,PENAL,DENUNCIA,DELITOS DE CORRUPCION DE FUNCIONARIOS,243,236,120114,JUNIN,HUANCAYO,EL TAMBO,23/06/2026
ENERO - MAYO,2026,08/06/2026,JUNIN,PROVINCIAL,PENAL,PENAL,DENUNCIA,DELITOS DE TRAFICO ILICITO DE DROGAS,46,44,120114,JUNIN,HUANCAYO,EL TAMBO,23/06/2026
ENERO - MAYO,2026,08/06/2026,JUNIN,PROVINCIAL,PENAL,PENAL,DENUNCIA,MATERIA AMBIENTAL,225,225,120114,JUNIN,HUANCAYO,EL TAMBO,23/06/2026
ENERO - MAYO,2026,08/06/2026,JUNIN,PROVINCIAL,PENAL,PENAL,DENUNCIA,VIOLENCIA CONTRA LA MUJER Y LOS INTEGRANTES DEL GRUPO FAMILIAR,4035,4000,120114,JUNIN,HUANCAYO,EL TAMBO,23/06/2026
ENERO - MAYO,2026,08/06/2026,JUNIN,PROVINCIAL,PENAL,PENAL,DENUNCIA,,15831,12818,120114,JUNIN,HUANCAYO,EL TAMBO,23/06/2026
ENERO - MAYO,2026,08/06/2026,JUNIN,PROVINCIAL,PENAL,PENAL,INVESTIGACION PREVENTIVA,MATERIA AMBIENTAL,1,1,120114,JUNIN,HUANCAYO,EL TAMBO,23/06/2026
ENERO - MAYO,2026,08/06/2026,JUNIN,PROVINCIAL,PENAL,PENAL,INVESTIGACION PREVENTIVA,,20,20,120114,JUNIN,HUANCAYO,EL TAMBO,23/06/2026
ENERO - MAYO,2026,08/06/2026,JUNIN,SUPERIOR,CIVIL,CIVIL,EXPEDIENTE,,4,4,120114,JUNIN,HUANCAYO,EL TAMBO,23/06/2026
ENERO - MAYO,2026,08/06/2026,JUNIN,SUPERIOR,FAMILIA,FAMILIA CIVIL,EXPEDIENTE,,8,4,120114,JUNIN,HUANCAYO,EL TAMBO,23/06/2026
ENERO - MAYO,2026,08/06/2026,JUNIN,SUPERIOR,FAMILIA,FAMILIA PENAL,EXPEDIENTE,,1,1,120114,JUNIN,HUANCAYO,EL TAMBO,23/06/2026
ENERO - MAYO,2026,08/06/2026,JUNIN,SUPERIOR,FAMILIA,FAMILIA PENAL,INCIDENTE,,9,9,120114,JUNIN,HUANCAYO,EL TAMBO,23/06/2026
ENERO - MAYO,2026,08/06/2026,JUNIN,SUPERIOR,FAMILIA,FAMILIA TUTELAR,EXPEDIENTE,,3,3,120114,JUNIN,HUANCAYO,EL TAMBO,23/06/2026
ENERO - MAYO,2026,08/06/2026,JUNIN,SUPERIOR,FAMILIA,VIOLENCIA FAMILIAR,EXPEDIENTE,,100,97,120114,JUNIN,HUANCAYO,EL TAMBO,23/06/2026
ENERO - MAYO,2026,08/06/2026,JUNIN,SUPERIOR,FAMILIA,VIOLENCIA FAMILIAR,INCIDENTE,,22,22,120114,JUNIN,HUANCAYO,EL TAMBO,23/06/2026
ENERO - MAYO,2026,08/06/2026,JUNIN,SUPERIOR,PENAL,PENAL,APELACION DENUNCIA,DELITOS DE CORRUPCION DE FUNCIONARIOS,44,44,120114,JUNIN,HUANCAYO,EL TAMBO,23/06/2026
ENERO - MAYO,2026,08/06/2026,JUNIN,SUPERIOR,PENAL,PENAL,APELACION EXPEDIENTE,DELITOS DE CORRUPCION DE FUNCIONARIOS,32,32,120114,JUNIN,HUANCAYO,EL TAMBO,23/06/2026
ENERO - MAYO,2026,08/06/2026,JUNIN,SUPERIOR,PENAL,PENAL,CONSULTAS,DELITOS DE CORRUPCION DE FUNCIONARIOS,5,5,120114,JUNIN,HUANCAYO,EL TAMBO,23/06/2026
ENERO - MAYO,2026,08/06/2026,JUNIN,SUPERIOR,PENAL,PENAL,DENUNCIA,DELITOS DE CORRUPCION DE FUNCIONARIOS,8,8,120114,JUNIN,HUANCAYO,EL TAMBO,23/06/2026
ENERO - MAYO,2026,08/06/2026,JUNIN,SUPERIOR,PENAL,PENAL,EXCLUSION FISCAL,DELITOS DE CORRUPCION DE FUNCIONARIOS,1,1,120114,JUNIN,HUANCAYO,EL TAMBO,23/06/2026
ENERO - MAYO,2026,08/06/2026,JUNIN,SUPERIOR,PENAL,PENAL,QUEJAS,DELITOS DE CORRUPCION DE FUNCIONARIOS,40,40,120114,JUNIN,HUANCAYO,EL TAMBO,23/06/2026
ENERO - MAYO,2026,08/06/2026,LA LIBERTAD,PROVINCIAL,CIVIL,CIVIL,EXPEDIENTE,,31,11,130101,LA LIBERTAD,TRUJILLO,TRUJILLO,23/06/2026
ENERO - MAYO,2026,08/06/2026,LA LIBERTAD,PROVINCIAL,FAMILIA,ACTOS CONTRA LA LIBERTAD SEXUAL,DENUNCIA,,26,19,130101,LA LIBERTAD,TRUJILLO,TRUJILLO,23/06/2026
ENERO - MAYO,2026,08/06/2026,LA LIBERTAD,PROVINCIAL,FAMILIA,FAMILIA CIVIL,EXPEDIENTE,,407,274,130101,LA LIBERTAD,TRUJILLO,TRUJILLO,23/06/2026
ENERO - MAYO,2026,08/06/2026,LA LIBERTAD,PROVINCIAL,FAMILIA,FAMILIA PENAL,DENUNCIA,,634,372,130101,LA LIBERTAD,TRUJILLO,TRUJILLO,23/06/2026
ENERO - MAYO,2026,08/06/2026,LA LIBERTAD,PROVINCIAL,FAMILIA,FAMILIA PENAL,EXPEDIENTE,,80,69,130101,LA LIBERTAD,TRUJILLO,TRUJILLO,23/06/2026
ENERO - MAYO,2026,08/06/2026,LA LIBERTAD,PROVINCIAL,FAMILIA,FAMILIA TUTELAR,DENUNCIA,,564,339,130101,LA LIBERTAD,TRUJILLO,TRUJILLO,23/06/2026
ENERO - MAYO,2026,08/06/2026,LA LIBERTAD,PROVINCIAL,FAMILIA,FAMILIA TUTELAR,EXPEDIENTE,,23,12,130101,LA LIBERTAD,TRUJILLO,TRUJILLO,23/06/2026
ENERO - MAYO,2026,08/06/2026,LA LIBERTAD,PROVINCIAL,FAMILIA,VIOLENCIA FAMILIAR,DENUNCIA,,176,170,130101,LA LIBERTAD,TRUJILLO,TRUJILLO,23/06/2026
ENERO - MAYO,2026,08/06/2026,LA LIBERTAD,PROVINCIAL,PENAL,PENAL,DENUNCIA,CONTRA LA CRIMINALIDAD ORGANIZADA,32,30,130101,LA LIBERTAD,TRUJILLO,TRUJILLO,23/06/2026
ENERO - MAYO,2026,08/06/2026,LA LIBERTAD,PROVINCIAL,PENAL,PENAL,DENUNCIA,DELITOS DE CIBERDELINCUENCIA,833,720,130101,LA LIBERTAD,TRUJILLO,TRUJILLO,23/06/2026
ENERO - MAYO,2026,08/06/2026,LA LIBERTAD,PROVINCIAL,PENAL,PENAL,DENUNCIA,DELITOS DE CORRUPCION DE FUNCIONARIOS,333,268,130101,LA LIBERTAD,TRUJILLO,TRUJILLO,23/06/2026
ENERO - MAYO,2026,08/06/2026,LA LIBERTAD,PROVINCIAL,PENAL,PENAL,DENUNCIA,DELITOS DE TRAFICO ILICITO DE DROGAS,94,94,130101,LA LIBERTAD,TRUJILLO,TRUJILLO,23/06/2026
ENERO - MAYO,2026,08/06/2026,LA LIBERTAD,PROVINCIAL,PENAL,PENAL,DENUNCIA,DELITOS DE TRATA DE PERSONAS,29,29,130101,LA LIBERTAD,TRUJILLO,TRUJILLO,23/06/2026
ENERO - MAYO,2026,08/06/2026,LA LIBERTAD,PROVINCIAL,PENAL,PENAL,DENUNCIA,MATERIA AMBIENTAL,101,90,130101,LA LIBERTAD,TRUJILLO,TRUJILLO,23/06/2026
ENERO - MAYO,2026,08/06/2026,LA LIBERTAD,PROVINCIAL,PENAL,PENAL,DENUNCIA,VIOLENCIA CONTRA LA MUJER Y LOS INTEGRANTES DEL GRUPO FAMILIAR,1527,1483,130101,LA LIBERTAD,TRUJILLO,TRUJILLO,23/06/2026
ENERO - MAYO,2026,08/06/2026,LA LIBERTAD,PROVINCIAL,PENAL,PENAL,DENUNCIA,,20537,16861,130101,LA LIBERTAD,TRUJILLO,TRUJILLO,23/06/2026
ENERO - MAYO,2026,08/06/2026,LA LIBERTAD,PROVINCIAL,PENAL,PENAL,EXPEDIENTE,,2,1,130101,LA LIBERTAD,TRUJILLO,TRUJILLO,23/06/2026
ENERO - MAYO,2026,08/06/2026,LA LIBERTAD,PROVINCIAL,PENAL,PENAL,INVESTIGACION PREVENTIVA,MATERIA AMBIENTAL,7,7,130101,LA LIBERTAD,TRUJILLO,TRUJILLO,23/06/2026
ENERO - MAYO,2026,08/06/2026,LA LIBERTAD,PROVINCIAL,PENAL,PENAL,INVESTIGACION PREVENTIVA,,25,15,130101,LA LIBERTAD,TRUJILLO,TRUJILLO,23/06/2026
ENERO - MAYO,2026,08/06/2026,LA LIBERTAD,SUPERIOR,CIVIL,CIVIL,EXPEDIENTE,,5,5,130101,LA LIBERTAD,TRUJILLO,TRUJILLO,23/06/2026
ENERO - MAYO,2026,08/06/2026,LA LIBERTAD,SUPERIOR,FAMILIA,FAMILIA CIVIL,EXPEDIENTE,,24,24,130101,LA LIBERTAD,TRUJILLO,TRUJILLO,23/06/2026
ENERO - MAYO,2026,08/06/2026,LA LIBERTAD,SUPERIOR,FAMILIA,FAMILIA PENAL,EXPEDIENTE,,37,37,130101,LA LIBERTAD,TRUJILLO,TRUJILLO,23/06/2026
ENERO - MAYO,2026,08/06/2026,LA LIBERTAD,SUPERIOR,FAMILIA,FAMILIA TUTELAR,EXPEDIENTE,,2,2,130101,LA LIBERTAD,TRUJILLO,TRUJILLO,23/06/2026
ENERO - MAYO,2026,08/06/2026,LA LIBERTAD,SUPERIOR,FAMILIA,VIOLENCIA FAMILIAR,EXPEDIENTE,,179,179,130101,LA LIBERTAD,TRUJILLO,TRUJILLO,23/06/2026
ENERO - MAYO,2026,08/06/2026,LAMBAYEQUE,PROVINCIAL,CIVIL,CIVIL,EXPEDIENTE,,15,12,140101,LAMBAYEQUE,CHICLAYO,CHICLAYO,23/06/2026
ENERO - MAYO,2026,08/06/2026,LAMBAYEQUE,PROVINCIAL,FAMILIA,ACTOS CONTRA LA LIBERTAD SEXUAL,DENUNCIA,,108,86,140101,LAMBAYEQUE,CHICLAYO,CHICLAYO,23/06/2026
ENERO - MAYO,2026,08/06/2026,LAMBAYEQUE,PROVINCIAL,FAMILIA,FAMILIA CIVIL,EXPEDIENTE,,1395,864,140101,LAMBAYEQUE,CHICLAYO,CHICLAYO,23/06/2026
ENERO - MAYO,2026,08/06/2026,LAMBAYEQUE,PROVINCIAL,FAMILIA,FAMILIA PENAL,DENUNCIA,,773,509,140101,LAMBAYEQUE,CHICLAYO,CHICLAYO,23/06/2026
ENERO - MAYO,2026,08/06/2026,LAMBAYEQUE,PROVINCIAL,FAMILIA,FAMILIA PENAL,EXPEDIENTE,,131,108,140101,LAMBAYEQUE,CHICLAYO,CHICLAYO,23/06/2026
ENERO - MAYO,2026,08/06/2026,LAMBAYEQUE,PROVINCIAL,FAMILIA,FAMILIA TUTELAR,DENUNCIA,,208,162,140101,LAMBAYEQUE,CHICLAYO,CHICLAYO,23/06/2026
ENERO - MAYO,2026,08/06/2026,LAMBAYEQUE,PROVINCIAL,FAMILIA,FAMILIA TUTELAR,EXPEDIENTE,,52,29,140101,LAMBAYEQUE,CHICLAYO,CHICLAYO,23/06/2026
ENERO - MAYO,2026,08/06/2026,LAMBAYEQUE,PROVINCIAL,FAMILIA,VIOLENCIA FAMILIAR,DENUNCIA,,82,77,140101,LAMBAYEQUE,CHICLAYO,CHICLAYO,23/06/2026
ENERO - MAYO,2026,08/06/2026,LAMBAYEQUE,PROVINCIAL,FAMILIA,VIOLENCIA FAMILIAR,EXPEDIENTE,,3,3,140101,LAMBAYEQUE,CHICLAYO,CHICLAYO,23/06/2026
ENERO - MAYO,2026,08/06/2026,LAMBAYEQUE,PROVINCIAL,PENAL,PENAL,DENUNCIA,CONTRA LA CRIMINALIDAD ORGANIZADA,66,55,140101,LAMBAYEQUE,CHICLAYO,CHICLAYO,23/06/2026
ENERO - MAYO,2026,08/06/2026,LAMBAYEQUE,PROVINCIAL,PENAL,PENAL,DENUNCIA,DELITOS DE CORRUPCION DE FUNCIONARIOS,274,250,140101,LAMBAYEQUE,CHICLAYO,CHICLAYO,23/06/2026
ENERO - MAYO,2026,08/06/2026,LAMBAYEQUE,PROVINCIAL,PENAL,PENAL,DENUNCIA,DELITOS DE TRAFICO ILICITO DE DROGAS,62,61,140101,LAMBAYEQUE,CHICLAYO,CHICLAYO,23/06/2026
ENERO - MAYO,2026,08/06/2026,LAMBAYEQUE,PROVINCIAL,PENAL,PENAL,DENUNCIA,MATERIA AMBIENTAL,138,136,140101,LAMBAYEQUE,CHICLAYO,CHICLAYO,23/06/2026
ENERO - MAYO,2026,08/06/2026,LAMBAYEQUE,PROVINCIAL,PENAL,PENAL,DENUNCIA,VIOLENCIA CONTRA LA MUJER Y LOS INTEGRANTES DEL GRUPO FAMILIAR,3092,2641,140101,LAMBAYEQUE,CHICLAYO,CHICLAYO,23/06/2026
ENERO - MAYO,2026,08/06/2026,LAMBAYEQUE,PROVINCIAL,PENAL,PENAL,DENUNCIA,,34604,28662,140101,LAMBAYEQUE,CHICLAYO,CHICLAYO,23/06/2026
ENERO - MAYO,2026,08/06/2026,LAMBAYEQUE,PROVINCIAL,PENAL,PENAL,EXPEDIENTE,DELITOS DE TRAFICO ILICITO DE DROGAS,2,0,140101,LAMBAYEQUE,CHICLAYO,CHICLAYO,23/06/2026
ENERO - MAYO,2026,08/06/2026,LAMBAYEQUE,PROVINCIAL,PENAL,PENAL,EXPEDIENTE,,6,4,140101,LAMBAYEQUE,CHICLAYO,CHICLAYO,23/06/2026
ENERO - MAYO,2026,08/06/2026,LAMBAYEQUE,PROVINCIAL,PENAL,PENAL,INVESTIGACION PREVENTIVA,MATERIA AMBIENTAL,17,17,140101,LAMBAYEQUE,CHICLAYO,CHICLAYO,23/06/2026
ENERO - MAYO,2026,08/06/2026,LAMBAYEQUE,PROVINCIAL,PENAL,PENAL,INVESTIGACION PREVENTIVA,,105,92,140101,LAMBAYEQUE,CHICLAYO,CHICLAYO,23/06/2026
ENERO - MAYO,2026,08/06/2026,LAMBAYEQUE,SUPERIOR,FAMILIA,FAMILIA CIVIL,EXPEDIENTE,,43,34,140101,LAMBAYEQUE,CHICLAYO,CHICLAYO,23/06/2026
ENERO - MAYO,2026,08/06/2026,LAMBAYEQUE,SUPERIOR,FAMILIA,FAMILIA CIVIL,INCIDENTE,,2,2,140101,LAMBAYEQUE,CHICLAYO,CHICLAYO,23/06/2026
ENERO - MAYO,2026,08/06/2026,LAMBAYEQUE,SUPERIOR,FAMILIA,FAMILIA PENAL,EXPEDIENTE,,19,17,140101,LAMBAYEQUE,CHICLAYO,CHICLAYO,23/06/2026
ENERO - MAYO,2026,08/06/2026,LAMBAYEQUE,SUPERIOR,FAMILIA,FAMILIA TUTELAR,EXPEDIENTE,,126,106,140101,LAMBAYEQUE,CHICLAYO,CHICLAYO,23/06/2026
ENERO - MAYO,2026,08/06/2026,LAMBAYEQUE,SUPERIOR,FAMILIA,VIOLENCIA FAMILIAR,EXPEDIENTE,,35,32,140101,LAMBAYEQUE,CHICLAYO,CHICLAYO,23/06/2026
ENERO - MAYO,2026,08/06/2026,LIMA CENTRO,PROVINCIAL,CIVIL,CIVIL,EXPEDIENTE,,146,106,150101,LIMA,LIMA,LIMA,23/06/2026
ENERO - MAYO,2026,08/06/2026,LIMA CENTRO,PROVINCIAL,FAMILIA,ACTOS CONTRA LA LIBERTAD SEXUAL,DENUNCIA,,89,68,150101,LIMA,LIMA,LIMA,23/06/2026
ENERO - MAYO,2026,08/06/2026,LIMA CENTRO,PROVINCIAL,FAMILIA,FAMILIA CIVIL,EXPEDIENTE,,1039,901,150101,LIMA,LIMA,LIMA,23/06/2026
ENERO - MAYO,2026,08/06/2026,LIMA CENTRO,PROVINCIAL,FAMILIA,FAMILIA PENAL,DENUNCIA,,714,563,150101,LIMA,LIMA,LIMA,23/06/2026
ENERO - MAYO,2026,08/06/2026,LIMA CENTRO,PROVINCIAL,FAMILIA,FAMILIA PENAL,EXPEDIENTE,,156,149,150101,LIMA,LIMA,LIMA,23/06/2026
ENERO - MAYO,2026,08/06/2026,LIMA CENTRO,PROVINCIAL,FAMILIA,FAMILIA TUTELAR,DENUNCIA,,1601,1208,150101,LIMA,LIMA,LIMA,23/06/2026
ENERO - MAYO,2026,08/06/2026,LIMA CENTRO,PROVINCIAL,FAMILIA,FAMILIA TUTELAR,EXPEDIENTE,,38,33,150101,LIMA,LIMA,LIMA,23/06/2026
ENERO - MAYO,2026,08/06/2026,LIMA CENTRO,PROVINCIAL,FAMILIA,VIOLENCIA FAMILIAR,DENUNCIA,,6,4,150101,LIMA,LIMA,LIMA,23/06/2026
ENERO - MAYO,2026,08/06/2026,LIMA CENTRO,PROVINCIAL,PENAL,PENAL,DENUNCIA,CONTRA LA CRIMINALIDAD ORGANIZADA,201,175,150101,LIMA,LIMA,LIMA,23/06/2026
ENERO - MAYO,2026,08/06/2026,LIMA CENTRO,PROVINCIAL,PENAL,PENAL,DENUNCIA,DELITOS ADUANEROS Y CONTRA LA PROPIEDAD INTELECTUAL,886,787,150101,LIMA,LIMA,LIMA,23/06/2026
ENERO - MAYO,2026,08/06/2026,LIMA CENTRO,PROVINCIAL,PENAL,PENAL,DENUNCIA,DELITOS DE CIBERDELINCUENCIA,4949,3891,150101,LIMA,LIMA,LIMA,23/06/2026
ENERO - MAYO,2026,08/06/2026,LIMA CENTRO,PROVINCIAL,PENAL,PENAL,DENUNCIA,DELITOS DE CORRUPCION DE FUNCIONARIOS,913,732,150101,LIMA,LIMA,LIMA,23/06/2026
ENERO - MAYO,2026,08/06/2026,LIMA CENTRO,PROVINCIAL,PENAL,PENAL,DENUNCIA,DELITOS DE TRAFICO ILICITO DE DROGAS,75,69,150101,LIMA,LIMA,LIMA,23/06/2026
ENERO - MAYO,2026,08/06/2026,LIMA CENTRO,PROVINCIAL,PENAL,PENAL,DENUNCIA,DELITOS DE TRATA DE PERSONAS,445,261,150101,LIMA,LIMA,LIMA,23/06/2026
ENERO - MAYO,2026,08/06/2026,LIMA CENTRO,PROVINCIAL,PENAL,PENAL,DENUNCIA,DELITOS TRIBUTARIOS,43,35,150101,LIMA,LIMA,LIMA,23/06/2026
ENERO - MAYO,2026,08/06/2026,LIMA CENTRO,PROVINCIAL,PENAL,PENAL,DENUNCIA,LAVADO DE ACTIVOS Y PERDIDA DE DOMINIO,209,194,150101,LIMA,LIMA,LIMA,23/06/2026
ENERO - MAYO,2026,08/06/2026,LIMA CENTRO,PROVINCIAL,PENAL,PENAL,DENUNCIA,MATERIA AMBIENTAL,111,88,150101,LIMA,LIMA,LIMA,23/06/2026
ENERO - MAYO,2026,08/06/2026,LIMA CENTRO,PROVINCIAL,PENAL,PENAL,DENUNCIA,VIOLENCIA CONTRA LA MUJER Y LOS INTEGRANTES DEL GRUPO FAMILIAR,11078,7726,150101,LIMA,LIMA,LIMA,23/06/2026
ENERO - MAYO,2026,08/06/2026,LIMA CENTRO,PROVINCIAL,PENAL,PENAL,DENUNCIA,,34169,27168,150101,LIMA,LIMA,LIMA,23/06/2026
ENERO - MAYO,2026,08/06/2026,LIMA CENTRO,PROVINCIAL,PENAL,PENAL,EXPEDIENTE,DELITOS ADUANEROS Y CONTRA LA PROPIEDAD INTELECTUAL,13,12,150101,LIMA,LIMA,LIMA,23/06/2026
ENERO - MAYO,2026,08/06/2026,LIMA CENTRO,PROVINCIAL,PENAL,PENAL,EXPEDIENTE,DELITOS DE TRAFICO ILICITO DE DROGAS,1,0,150101,LIMA,LIMA,LIMA,23/06/2026
ENERO - MAYO,2026,08/06/2026,LIMA CENTRO,PROVINCIAL,PENAL,PENAL,EXPEDIENTE,MATERIA AMBIENTAL,7,6,150101,LIMA,LIMA,LIMA,23/06/2026
ENERO - MAYO,2026,08/06/2026,LIMA CENTRO,PROVINCIAL,PENAL,PENAL,EXPEDIENTE,TRANSITO Y SEGURIDAD VIAL,26,12,150101,LIMA,LIMA,LIMA,23/06/2026
ENERO - MAYO,2026,08/06/2026,LIMA CENTRO,PROVINCIAL,PENAL,PENAL,EXPEDIENTE,VIOLENCIA CONTRA LA MUJER Y LOS INTEGRANTES DEL GRUPO FAMILIAR,3,2,150101,LIMA,LIMA,LIMA,23/06/2026
ENERO - MAYO,2026,08/06/2026,LIMA CENTRO,PROVINCIAL,PENAL,PENAL,EXPEDIENTE,,499,398,150101,LIMA,LIMA,LIMA,23/06/2026
ENERO - MAYO,2026,08/06/2026,LIMA CENTRO,SUPERIOR,CIVIL,CIVIL,EXPEDIENTE,,10,4,150101,LIMA,LIMA,LIMA,23/06/2026
ENERO - MAYO,2026,08/06/2026,LIMA CENTRO,SUPERIOR,FAMILIA,FAMILIA CIVIL,EXPEDIENTE,,367,288,150101,LIMA,LIMA,LIMA,23/06/2026
ENERO - MAYO,2026,08/06/2026,LIMA CENTRO,SUPERIOR,FAMILIA,FAMILIA CIVIL,INCIDENTE,,8,1,150101,LIMA,LIMA,LIMA,23/06/2026
ENERO - MAYO,2026,08/06/2026,LIMA CENTRO,SUPERIOR,FAMILIA,FAMILIA PENAL,EXPEDIENTE,,29,25,150101,LIMA,LIMA,LIMA,23/06/2026
ENERO - MAYO,2026,08/06/2026,LIMA CENTRO,SUPERIOR,FAMILIA,FAMILIA PENAL,INCIDENTE,,1,1,150101,LIMA,LIMA,LIMA,23/06/2026
ENERO - MAYO,2026,08/06/2026,LIMA CENTRO,SUPERIOR,FAMILIA,FAMILIA TUTELAR,EXPEDIENTE,,9,5,150101,LIMA,LIMA,LIMA,23/06/2026
ENERO - MAYO,2026,08/06/2026,LIMA CENTRO,SUPERIOR,FAMILIA,VIOLENCIA FAMILIAR,EXPEDIENTE,,273,215,150101,LIMA,LIMA,LIMA,23/06/2026
ENERO - MAYO,2026,08/06/2026,LIMA CENTRO,SUPERIOR,FAMILIA,VIOLENCIA FAMILIAR,INCIDENTE,,361,197,150101,LIMA,LIMA,LIMA,23/06/2026
ENERO - MAYO,2026,08/06/2026,LIMA CENTRO,SUPERIOR,PENAL,PENAL,APELACION DENUNCIA,CONTRA LA CRIMINALIDAD ORGANIZADA,107,103,150101,LIMA,LIMA,LIMA,23/06/2026
ENERO - MAYO,2026,08/06/2026,LIMA CENTRO,SUPERIOR,PENAL,PENAL,APELACION DENUNCIA,DELITOS DE CORRUPCION DE FUNCIONARIOS,249,245,150101,LIMA,LIMA,LIMA,23/06/2026
ENERO - MAYO,2026,08/06/2026,LIMA CENTRO,SUPERIOR,PENAL,PENAL,APELACION DENUNCIA,LAVADO DE ACTIVOS Y PERDIDA DE DOMINIO,7,6,150101,LIMA,LIMA,LIMA,23/06/2026
ENERO - MAYO,2026,08/06/2026,LIMA CENTRO,SUPERIOR,PENAL,PENAL,APELACION EXPEDIENTE,CONTRA LA CRIMINALIDAD ORGANIZADA,60,59,150101,LIMA,LIMA,LIMA,23/06/2026
ENERO - MAYO,2026,08/06/2026,LIMA CENTRO,SUPERIOR,PENAL,PENAL,APELACION EXPEDIENTE,DELITOS DE CORRUPCION DE FUNCIONARIOS,1,1,150101,LIMA,LIMA,LIMA,23/06/2026
ENERO - MAYO,2026,08/06/2026,LIMA CENTRO,SUPERIOR,PENAL,PENAL,APELACION EXPEDIENTE,LAVADO DE ACTIVOS Y PERDIDA DE DOMINIO,129,127,150101,LIMA,LIMA,LIMA,23/06/2026
ENERO - MAYO,2026,08/06/2026,LIMA CENTRO,SUPERIOR,PENAL,PENAL,APELACION EXPEDIENTE,,54,54,150101,LIMA,LIMA,LIMA,23/06/2026
ENERO - MAYO,2026,08/06/2026,LIMA CENTRO,SUPERIOR,PENAL,PENAL,CONSULTAS,CONTRA LA CRIMINALIDAD ORGANIZADA,9,9,150101,LIMA,LIMA,LIMA,23/06/2026
ENERO - MAYO,2026,08/06/2026,LIMA CENTRO,SUPERIOR,PENAL,PENAL,CONSULTAS,DELITOS DE CORRUPCION DE FUNCIONARIOS,41,39,150101,LIMA,LIMA,LIMA,23/06/2026
ENERO - MAYO,2026,08/06/2026,LIMA CENTRO,SUPERIOR,PENAL,PENAL,CONSULTAS,LAVADO DE ACTIVOS Y PERDIDA DE DOMINIO,42,38,150101,LIMA,LIMA,LIMA,23/06/2026
ENERO - MAYO,2026,08/06/2026,LIMA CENTRO,SUPERIOR,PENAL,PENAL,CONSULTAS,,15,14,150101,LIMA,LIMA,LIMA,23/06/2026
ENERO - MAYO,2026,08/06/2026,LIMA CENTRO,SUPERIOR,PENAL,PENAL,DENUNCIA,DELITOS DE CORRUPCION DE FUNCIONARIOS,27,27,150101,LIMA,LIMA,LIMA,23/06/2026
ENERO - MAYO,2026,08/06/2026,LIMA CENTRO,SUPERIOR,PENAL,PENAL,DENUNCIA,,204,202,150101,LIMA,LIMA,LIMA,23/06/2026
ENERO - MAYO,2026,08/06/2026,LIMA CENTRO,SUPERIOR,PENAL,PENAL,EXCLUSION FISCAL,CONTRA LA CRIMINALIDAD ORGANIZADA,2,2,150101,LIMA,LIMA,LIMA,23/06/2026
ENERO - MAYO,2026,08/06/2026,LIMA CENTRO,SUPERIOR,PENAL,PENAL,EXCLUSION FISCAL,DELITOS DE CORRUPCION DE FUNCIONARIOS,7,7,150101,LIMA,LIMA,LIMA,23/06/2026
ENERO - MAYO,2026,08/06/2026,LIMA CENTRO,SUPERIOR,PENAL,PENAL,EXCLUSION FISCAL,LAVADO DE ACTIVOS Y PERDIDA DE DOMINIO,7,7,150101,LIMA,LIMA,LIMA,23/06/2026
ENERO - MAYO,2026,08/06/2026,LIMA CENTRO,SUPERIOR,PENAL,PENAL,EXCLUSION FISCAL,,6,5,150101,LIMA,LIMA,LIMA,23/06/2026
ENERO - MAYO,2026,08/06/2026,LIMA CENTRO,SUPERIOR,PENAL,PENAL,EXPEDIENTE,CONTRA LA CRIMINALIDAD ORGANIZADA,51,46,150101,LIMA,LIMA,LIMA,23/06/2026
ENERO - MAYO,2026,08/06/2026,LIMA CENTRO,SUPERIOR,PENAL,PENAL,EXPEDIENTE,DELITOS DE CORRUPCION DE FUNCIONARIOS,11,11,150101,LIMA,LIMA,LIMA,23/06/2026
ENERO - MAYO,2026,08/06/2026,LIMA CENTRO,SUPERIOR,PENAL,PENAL,EXPEDIENTE,LAVADO DE ACTIVOS Y PERDIDA DE DOMINIO,39,20,150101,LIMA,LIMA,LIMA,23/06/2026
ENERO - MAYO,2026,08/06/2026,LIMA CENTRO,SUPERIOR,PENAL,PENAL,EXPEDIENTE,,40,35,150101,LIMA,LIMA,LIMA,23/06/2026
ENERO - MAYO,2026,08/06/2026,LIMA CENTRO,SUPERIOR,PENAL,PENAL,INCIDENTE-EXPEDIENTE,CONTRA LA CRIMINALIDAD ORGANIZADA,2,2,150101,LIMA,LIMA,LIMA,23/06/2026
ENERO - MAYO,2026,08/06/2026,LIMA CENTRO,SUPERIOR,PENAL,PENAL,INCIDENTE-EXPEDIENTE,LAVADO DE ACTIVOS Y PERDIDA DE DOMINIO,2,1,150101,LIMA,LIMA,LIMA,23/06/2026
ENERO - MAYO,2026,08/06/2026,LIMA CENTRO,SUPERIOR,PENAL,PENAL,INCIDENTE-EXPEDIENTE,,18,14,150101,LIMA,LIMA,LIMA,23/06/2026
ENERO - MAYO,2026,08/06/2026,LIMA CENTRO,SUPERIOR,PENAL,PENAL,QUEJAS,CONTRA LA CRIMINALIDAD ORGANIZADA,29,29,150101,LIMA,LIMA,LIMA,23/06/2026
ENERO - MAYO,2026,08/06/2026,LIMA CENTRO,SUPERIOR,PENAL,PENAL,QUEJAS,DELITOS DE CORRUPCION DE FUNCIONARIOS,175,145,150101,LIMA,LIMA,LIMA,23/06/2026
ENERO - MAYO,2026,08/06/2026,LIMA CENTRO,SUPERIOR,PENAL,PENAL,QUEJAS,LAVADO DE ACTIVOS Y PERDIDA DE DOMINIO,49,46,150101,LIMA,LIMA,LIMA,23/06/2026
ENERO - MAYO,2026,08/06/2026,LIMA CENTRO,SUPERIOR,PENAL,PENAL,QUEJAS,,257,252,150101,LIMA,LIMA,LIMA,23/06/2026
ENERO - MAYO,2026,08/06/2026,LIMA ESTE,PROVINCIAL,CIVIL,CIVIL,EXPEDIENTE,,14,13,150137,LIMA,LIMA,SANTA ANITA,23/06/2026
ENERO - MAYO,2026,08/06/2026,LIMA ESTE,PROVINCIAL,FAMILIA,FAMILIA CIVIL,EXPEDIENTE,,451,442,150137,LIMA,LIMA,SANTA ANITA,23/06/2026
ENERO - MAYO,2026,08/06/2026,LIMA ESTE,PROVINCIAL,FAMILIA,FAMILIA PENAL,DENUNCIA,,653,594,150137,LIMA,LIMA,SANTA ANITA,23/06/2026
ENERO - MAYO,2026,08/06/2026,LIMA ESTE,PROVINCIAL,FAMILIA,FAMILIA PENAL,EXPEDIENTE,,139,138,150137,LIMA,LIMA,SANTA ANITA,23/06/2026
ENERO - MAYO,2026,08/06/2026,LIMA ESTE,PROVINCIAL,FAMILIA,FAMILIA TUTELAR,DENUNCIA,,268,248,150137,LIMA,LIMA,SANTA ANITA,23/06/2026
ENERO - MAYO,2026,08/06/2026,LIMA ESTE,PROVINCIAL,FAMILIA,FAMILIA TUTELAR,EXPEDIENTE,,97,97,150137,LIMA,LIMA,SANTA ANITA,23/06/2026
ENERO - MAYO,2026,08/06/2026,LIMA ESTE,PROVINCIAL,FAMILIA,VIOLENCIA FAMILIAR,DENUNCIA,,3,2,150137,LIMA,LIMA,SANTA ANITA,23/06/2026
ENERO - MAYO,2026,08/06/2026,LIMA ESTE,PROVINCIAL,PENAL,PENAL,DENUNCIA,DELITOS DE CORRUPCION DE FUNCIONARIOS,141,98,150137,LIMA,LIMA,SANTA ANITA,23/06/2026
ENERO - MAYO,2026,08/06/2026,LIMA ESTE,PROVINCIAL,PENAL,PENAL,DENUNCIA,VIOLENCIA CONTRA LA MUJER Y LOS INTEGRANTES DEL GRUPO FAMILIAR,11367,9114,150137,LIMA,LIMA,SANTA ANITA,23/06/2026
ENERO - MAYO,2026,08/06/2026,LIMA ESTE,PROVINCIAL,PENAL,PENAL,DENUNCIA,,26218,20426,150137,LIMA,LIMA,SANTA ANITA,23/06/2026
ENERO - MAYO,2026,08/06/2026,LIMA ESTE,PROVINCIAL,PENAL,PENAL,EXPEDIENTE,VIOLENCIA CONTRA LA MUJER Y LOS INTEGRANTES DEL GRUPO FAMILIAR,1,0,150137,LIMA,LIMA,SANTA ANITA,23/06/2026
ENERO - MAYO,2026,08/06/2026,LIMA ESTE,PROVINCIAL,PENAL,PENAL,EXPEDIENTE,,72,54,150137,LIMA,LIMA,SANTA ANITA,23/06/2026
ENERO - MAYO,2026,08/06/2026,LIMA ESTE,SUPERIOR,CIVIL,CIVIL,EXPEDIENTE,,7,7,150137,LIMA,LIMA,SANTA ANITA,23/06/2026
ENERO - MAYO,2026,08/06/2026,LIMA ESTE,SUPERIOR,FAMILIA,FAMILIA CIVIL,EXPEDIENTE,,30,29,150137,LIMA,LIMA,SANTA ANITA,23/06/2026
ENERO - MAYO,2026,08/06/2026,LIMA ESTE,SUPERIOR,FAMILIA,FAMILIA CIVIL,INCIDENTE,,66,66,150137,LIMA,LIMA,SANTA ANITA,23/06/2026
ENERO - MAYO,2026,08/06/2026,LIMA ESTE,SUPERIOR,FAMILIA,FAMILIA PENAL,EXPEDIENTE,,22,21,150137,LIMA,LIMA,SANTA ANITA,23/06/2026
ENERO - MAYO,2026,08/06/2026,LIMA ESTE,SUPERIOR,FAMILIA,FAMILIA PENAL,INCIDENTE,,20,20,150137,LIMA,LIMA,SANTA ANITA,23/06/2026
ENERO - MAYO,2026,08/06/2026,LIMA ESTE,SUPERIOR,FAMILIA,FAMILIA TUTELAR,EXPEDIENTE,,6,6,150137,LIMA,LIMA,SANTA ANITA,23/06/2026
ENERO - MAYO,2026,08/06/2026,LIMA ESTE,SUPERIOR,FAMILIA,VIOLENCIA FAMILIAR,EXPEDIENTE,,16,16,150137,LIMA,LIMA,SANTA ANITA,23/06/2026
ENERO - MAYO,2026,08/06/2026,LIMA ESTE,SUPERIOR,FAMILIA,VIOLENCIA FAMILIAR,INCIDENTE,,298,294,150137,LIMA,LIMA,SANTA ANITA,23/06/2026
ENERO - MAYO,2026,08/06/2026,LIMA ESTE,SUPERIOR,PENAL,PENAL,CONSULTAS,,3,2,150137,LIMA,LIMA,SANTA ANITA,23/06/2026
ENERO - MAYO,2026,08/06/2026,LIMA ESTE,SUPERIOR,PENAL,PENAL,DENUNCIA,,7,5,150137,LIMA,LIMA,SANTA ANITA,23/06/2026
ENERO - MAYO,2026,08/06/2026,LIMA ESTE,SUPERIOR,PENAL,PENAL,QUEJAS,,30,14,150137,LIMA,LIMA,SANTA ANITA,23/06/2026
ENERO - MAYO,2026,08/06/2026,LIMA NOROESTE,PROVINCIAL,CIVIL,CIVIL,EXPEDIENTE,,73,69,070106,CALLAO,CALLAO,VENTANILLA,23/06/2026
ENERO - MAYO,2026,08/06/2026,LIMA NOROESTE,PROVINCIAL,FAMILIA,FAMILIA CIVIL,EXPEDIENTE,,293,293,070106,CALLAO,CALLAO,VENTANILLA,23/06/2026
ENERO - MAYO,2026,08/06/2026,LIMA NOROESTE,PROVINCIAL,FAMILIA,FAMILIA PENAL,DENUNCIA,,286,284,070106,CALLAO,CALLAO,VENTANILLA,23/06/2026
ENERO - MAYO,2026,08/06/2026,LIMA NOROESTE,PROVINCIAL,FAMILIA,FAMILIA PENAL,EXPEDIENTE,,60,60,070106,CALLAO,CALLAO,VENTANILLA,23/06/2026
ENERO - MAYO,2026,08/06/2026,LIMA NOROESTE,PROVINCIAL,FAMILIA,FAMILIA TUTELAR,DENUNCIA,,287,287,070106,CALLAO,CALLAO,VENTANILLA,23/06/2026
ENERO - MAYO,2026,08/06/2026,LIMA NOROESTE,PROVINCIAL,FAMILIA,FAMILIA TUTELAR,EXPEDIENTE,,8,8,070106,CALLAO,CALLAO,VENTANILLA,23/06/2026
ENERO - MAYO,2026,08/06/2026,LIMA NOROESTE,PROVINCIAL,FAMILIA,VIOLENCIA FAMILIAR,DENUNCIA,,1,1,070106,CALLAO,CALLAO,VENTANILLA,23/06/2026
ENERO - MAYO,2026,08/06/2026,LIMA NOROESTE,PROVINCIAL,PENAL,PENAL,DENUNCIA,CONTRA LA CRIMINALIDAD ORGANIZADA,34,32,070106,CALLAO,CALLAO,VENTANILLA,23/06/2026
ENERO - MAYO,2026,08/06/2026,LIMA NOROESTE,PROVINCIAL,PENAL,PENAL,DENUNCIA,DELITOS ADUANEROS Y CONTRA LA PROPIEDAD INTELECTUAL,33,32,070106,CALLAO,CALLAO,VENTANILLA,23/06/2026
ENERO - MAYO,2026,08/06/2026,LIMA NOROESTE,PROVINCIAL,PENAL,PENAL,DENUNCIA,DELITOS DE CORRUPCION DE FUNCIONARIOS,51,49,070106,CALLAO,CALLAO,VENTANILLA,23/06/2026
ENERO - MAYO,2026,08/06/2026,LIMA NOROESTE,PROVINCIAL,PENAL,PENAL,DENUNCIA,DELITOS DE TRAFICO ILICITO DE DROGAS,58,57,070106,CALLAO,CALLAO,VENTANILLA,23/06/2026
ENERO - MAYO,2026,08/06/2026,LIMA NOROESTE,PROVINCIAL,PENAL,PENAL,DENUNCIA,MATERIA AMBIENTAL,15,14,070106,CALLAO,CALLAO,VENTANILLA,23/06/2026
ENERO - MAYO,2026,08/06/2026,LIMA NOROESTE,PROVINCIAL,PENAL,PENAL,DENUNCIA,VIOLENCIA CONTRA LA MUJER Y LOS INTEGRANTES DEL GRUPO FAMILIAR,3924,3539,070106,CALLAO,CALLAO,VENTANILLA,23/06/2026
ENERO - MAYO,2026,08/06/2026,LIMA NOROESTE,PROVINCIAL,PENAL,PENAL,DENUNCIA,,6814,5737,070106,CALLAO,CALLAO,VENTANILLA,23/06/2026
ENERO - MAYO,2026,08/06/2026,LIMA NOROESTE,PROVINCIAL,PENAL,PENAL,INVESTIGACION PREVENTIVA,MATERIA AMBIENTAL,90,89,070106,CALLAO,CALLAO,VENTANILLA,23/06/2026
ENERO - MAYO,2026,08/06/2026,LIMA NOROESTE,SUPERIOR,CIVIL,CIVIL,EXPEDIENTE,,11,9,070106,CALLAO,CALLAO,VENTANILLA,23/06/2026
ENERO - MAYO,2026,08/06/2026,LIMA NOROESTE,SUPERIOR,FAMILIA,FAMILIA CIVIL,EXPEDIENTE,,35,27,070106,CALLAO,CALLAO,VENTANILLA,23/06/2026
ENERO - MAYO,2026,08/06/2026,LIMA NOROESTE,SUPERIOR,FAMILIA,FAMILIA PENAL,EXPEDIENTE,,8,5,070106,CALLAO,CALLAO,VENTANILLA,23/06/2026
ENERO - MAYO,2026,08/06/2026,LIMA NOROESTE,SUPERIOR,FAMILIA,FAMILIA TUTELAR,EXPEDIENTE,,9,4,070106,CALLAO,CALLAO,VENTANILLA,23/06/2026
ENERO - MAYO,2026,08/06/2026,LIMA NOROESTE,SUPERIOR,FAMILIA,VIOLENCIA FAMILIAR,EXPEDIENTE,,72,63,070106,CALLAO,CALLAO,VENTANILLA,23/06/2026
ENERO - MAYO,2026,08/06/2026,LIMA NOROESTE,SUPERIOR,PENAL,PENAL,APELACION DENUNCIA,,21,21,070106,CALLAO,CALLAO,VENTANILLA,23/06/2026
ENERO - MAYO,2026,08/06/2026,LIMA NOROESTE,SUPERIOR,PENAL,PENAL,APELACION EXPEDIENTE,,40,40,070106,CALLAO,CALLAO,VENTANILLA,23/06/2026
ENERO - MAYO,2026,08/06/2026,LIMA NOROESTE,SUPERIOR,PENAL,PENAL,CONSULTAS,,8,8,070106,CALLAO,CALLAO,VENTANILLA,23/06/2026
ENERO - MAYO,2026,08/06/2026,LIMA NOROESTE,SUPERIOR,PENAL,PENAL,DENUNCIA,,30,16,070106,CALLAO,CALLAO,VENTANILLA,23/06/2026
ENERO - MAYO,2026,08/06/2026,LIMA NOROESTE,SUPERIOR,PENAL,PENAL,EXCLUSION FISCAL,,3,3,070106,CALLAO,CALLAO,VENTANILLA,23/06/2026
ENERO - MAYO,2026,08/06/2026,LIMA NOROESTE,SUPERIOR,PENAL,PENAL,QUEJAS,,17,17,070106,CALLAO,CALLAO,VENTANILLA,23/06/2026
ENERO - MAYO,2026,08/06/2026,LIMA NORTE,PROVINCIAL,CIVIL,CIVIL,EXPEDIENTE,,77,74,150112,LIMA,LIMA,INDEPENDENCIA,23/06/2026
ENERO - MAYO,2026,08/06/2026,LIMA NORTE,PROVINCIAL,FAMILIA,FAMILIA CIVIL,EXPEDIENTE,,1095,1046,150112,LIMA,LIMA,INDEPENDENCIA,23/06/2026
ENERO - MAYO,2026,08/06/2026,LIMA NORTE,PROVINCIAL,FAMILIA,FAMILIA PENAL,DENUNCIA,,553,506,150112,LIMA,LIMA,INDEPENDENCIA,23/06/2026
ENERO - MAYO,2026,08/06/2026,LIMA NORTE,PROVINCIAL,FAMILIA,FAMILIA PENAL,EXPEDIENTE,,108,107,150112,LIMA,LIMA,INDEPENDENCIA,23/06/2026
ENERO - MAYO,2026,08/06/2026,LIMA NORTE,PROVINCIAL,FAMILIA,FAMILIA TUTELAR,DENUNCIA,,912,885,150112,LIMA,LIMA,INDEPENDENCIA,23/06/2026
ENERO - MAYO,2026,08/06/2026,LIMA NORTE,PROVINCIAL,FAMILIA,FAMILIA TUTELAR,EXPEDIENTE,,13,11,150112,LIMA,LIMA,INDEPENDENCIA,23/06/2026
ENERO - MAYO,2026,08/06/2026,LIMA NORTE,PROVINCIAL,FAMILIA,VIOLENCIA FAMILIAR,DENUNCIA,,36,35,150112,LIMA,LIMA,INDEPENDENCIA,23/06/2026
ENERO - MAYO,2026,08/06/2026,LIMA NORTE,PROVINCIAL,PENAL,PENAL,DENUNCIA,DELITOS ADUANEROS Y CONTRA LA PROPIEDAD INTELECTUAL,74,71,150112,LIMA,LIMA,INDEPENDENCIA,23/06/2026
ENERO - MAYO,2026,08/06/2026,LIMA NORTE,PROVINCIAL,PENAL,PENAL,DENUNCIA,DELITOS DE CORRUPCION DE FUNCIONARIOS,117,105,150112,LIMA,LIMA,INDEPENDENCIA,23/06/2026
ENERO - MAYO,2026,08/06/2026,LIMA NORTE,PROVINCIAL,PENAL,PENAL,DENUNCIA,DELITOS DE TRAFICO ILICITO DE DROGAS,61,56,150112,LIMA,LIMA,INDEPENDENCIA,23/06/2026
ENERO - MAYO,2026,08/06/2026,LIMA NORTE,PROVINCIAL,PENAL,PENAL,DENUNCIA,DELITOS DE TRATA DE PERSONAS,76,72,150112,LIMA,LIMA,INDEPENDENCIA,23/06/2026
ENERO - MAYO,2026,08/06/2026,LIMA NORTE,PROVINCIAL,PENAL,PENAL,DENUNCIA,LAVADO DE ACTIVOS Y PERDIDA DE DOMINIO,39,39,150112,LIMA,LIMA,INDEPENDENCIA,23/06/2026
ENERO - MAYO,2026,08/06/2026,LIMA NORTE,PROVINCIAL,PENAL,PENAL,DENUNCIA,MATERIA AMBIENTAL,58,48,150112,LIMA,LIMA,INDEPENDENCIA,23/06/2026
ENERO - MAYO,2026,08/06/2026,LIMA NORTE,PROVINCIAL,PENAL,PENAL,DENUNCIA,TRANSITO Y SEGURIDAD VIAL,2493,2257,150112,LIMA,LIMA,INDEPENDENCIA,23/06/2026
ENERO - MAYO,2026,08/06/2026,LIMA NORTE,PROVINCIAL,PENAL,PENAL,DENUNCIA,VIOLENCIA CONTRA LA MUJER Y LOS INTEGRANTES DEL GRUPO FAMILIAR,13579,12451,150112,LIMA,LIMA,INDEPENDENCIA,23/06/2026
ENERO - MAYO,2026,08/06/2026,LIMA NORTE,PROVINCIAL,PENAL,PENAL,DENUNCIA,,20835,16551,150112,LIMA,LIMA,INDEPENDENCIA,23/06/2026
ENERO - MAYO,2026,08/06/2026,LIMA NORTE,PROVINCIAL,PENAL,PENAL,EXPEDIENTE,DELITOS DE TRAFICO ILICITO DE DROGAS,17,9,150112,LIMA,LIMA,INDEPENDENCIA,23/06/2026
ENERO - MAYO,2026,08/06/2026,LIMA NORTE,PROVINCIAL,PENAL,PENAL,EXPEDIENTE,MATERIA AMBIENTAL,1,1,150112,LIMA,LIMA,INDEPENDENCIA,23/06/2026
ENERO - MAYO,2026,08/06/2026,LIMA NORTE,PROVINCIAL,PENAL,PENAL,EXPEDIENTE,,3,1,150112,LIMA,LIMA,INDEPENDENCIA,23/06/2026
ENERO - MAYO,2026,08/06/2026,LIMA NORTE,PROVINCIAL,PENAL,PENAL,INVESTIGACION PREVENTIVA,MATERIA AMBIENTAL,22,16,150112,LIMA,LIMA,INDEPENDENCIA,23/06/2026
ENERO - MAYO,2026,08/06/2026,LIMA NORTE,SUPERIOR,CIVIL,CIVIL,EXPEDIENTE,,25,14,150112,LIMA,LIMA,INDEPENDENCIA,23/06/2026
ENERO - MAYO,2026,08/06/2026,LIMA NORTE,SUPERIOR,FAMILIA,FAMILIA CIVIL,EXPEDIENTE,,378,305,150112,LIMA,LIMA,INDEPENDENCIA,23/06/2026
ENERO - MAYO,2026,08/06/2026,LIMA NORTE,SUPERIOR,FAMILIA,FAMILIA PENAL,EXPEDIENTE,,17,14,150112,LIMA,LIMA,INDEPENDENCIA,23/06/2026
ENERO - MAYO,2026,08/06/2026,LIMA NORTE,SUPERIOR,FAMILIA,FAMILIA TUTELAR,EXPEDIENTE,,1,1,150112,LIMA,LIMA,INDEPENDENCIA,23/06/2026
ENERO - MAYO,2026,08/06/2026,LIMA NORTE,SUPERIOR,FAMILIA,VIOLENCIA FAMILIAR,EXPEDIENTE,,553,482,150112,LIMA,LIMA,INDEPENDENCIA,23/06/2026
ENERO - MAYO,2026,08/06/2026,LIMA NORTE,SUPERIOR,PENAL,PENAL,APELACION DENUNCIA,DELITOS DE CORRUPCION DE FUNCIONARIOS,36,36,150112,LIMA,LIMA,INDEPENDENCIA,23/06/2026
ENERO - MAYO,2026,08/06/2026,LIMA NORTE,SUPERIOR,PENAL,PENAL,APELACION DENUNCIA,VIOLENCIA CONTRA LA MUJER Y LOS INTEGRANTES DEL GRUPO FAMILIAR,159,159,150112,LIMA,LIMA,INDEPENDENCIA,23/06/2026
ENERO - MAYO,2026,08/06/2026,LIMA NORTE,SUPERIOR,PENAL,PENAL,APELACION DENUNCIA,,1027,1026,150112,LIMA,LIMA,INDEPENDENCIA,23/06/2026
ENERO - MAYO,2026,08/06/2026,LIMA NORTE,SUPERIOR,PENAL,PENAL,APELACION EXPEDIENTE,,3,3,150112,LIMA,LIMA,INDEPENDENCIA,23/06/2026
ENERO - MAYO,2026,08/06/2026,LIMA NORTE,SUPERIOR,PENAL,PENAL,CONSULTAS,DELITOS DE CORRUPCION DE FUNCIONARIOS,5,4,150112,LIMA,LIMA,INDEPENDENCIA,23/06/2026
ENERO - MAYO,2026,08/06/2026,LIMA NORTE,SUPERIOR,PENAL,PENAL,CONSULTAS,VIOLENCIA CONTRA LA MUJER Y LOS INTEGRANTES DEL GRUPO FAMILIAR,55,55,150112,LIMA,LIMA,INDEPENDENCIA,23/06/2026
ENERO - MAYO,2026,08/06/2026,LIMA NORTE,SUPERIOR,PENAL,PENAL,CONSULTAS,,186,183,150112,LIMA,LIMA,INDEPENDENCIA,23/06/2026
ENERO - MAYO,2026,08/06/2026,LIMA NORTE,SUPERIOR,PENAL,PENAL,DENUNCIA,DELITOS DE CORRUPCION DE FUNCIONARIOS,10,10,150112,LIMA,LIMA,INDEPENDENCIA,23/06/2026
ENERO - MAYO,2026,08/06/2026,LIMA NORTE,SUPERIOR,PENAL,PENAL,DENUNCIA,,45,40,150112,LIMA,LIMA,INDEPENDENCIA,23/06/2026
ENERO - MAYO,2026,08/06/2026,LIMA NORTE,SUPERIOR,PENAL,PENAL,EXCLUSION FISCAL,DELITOS DE CORRUPCION DE FUNCIONARIOS,2,0,150112,LIMA,LIMA,INDEPENDENCIA,23/06/2026
ENERO - MAYO,2026,08/06/2026,LIMA NORTE,SUPERIOR,PENAL,PENAL,EXCLUSION FISCAL,VIOLENCIA CONTRA LA MUJER Y LOS INTEGRANTES DEL GRUPO FAMILIAR,6,6,150112,LIMA,LIMA,INDEPENDENCIA,23/06/2026
ENERO - MAYO,2026,08/06/2026,LIMA NORTE,SUPERIOR,PENAL,PENAL,EXCLUSION FISCAL,,25,22,150112,LIMA,LIMA,INDEPENDENCIA,23/06/2026
ENERO - MAYO,2026,08/06/2026,LIMA NORTE,SUPERIOR,PENAL,PENAL,EXPEDIENTE,VIOLENCIA CONTRA LA MUJER Y LOS INTEGRANTES DEL GRUPO FAMILIAR,1,1,150112,LIMA,LIMA,INDEPENDENCIA,23/06/2026
ENERO - MAYO,2026,08/06/2026,LIMA NORTE,SUPERIOR,PENAL,PENAL,EXPEDIENTE,,42,19,150112,LIMA,LIMA,INDEPENDENCIA,23/06/2026
ENERO - MAYO,2026,08/06/2026,LIMA NORTE,SUPERIOR,PENAL,PENAL,INCIDENTE-EXPEDIENTE,,31,19,150112,LIMA,LIMA,INDEPENDENCIA,23/06/2026
ENERO - MAYO,2026,08/06/2026,LIMA NORTE,SUPERIOR,PENAL,PENAL,QUEJAS,DELITOS DE CORRUPCION DE FUNCIONARIOS,3,3,150112,LIMA,LIMA,INDEPENDENCIA,23/06/2026
ENERO - MAYO,2026,08/06/2026,LIMA NORTE,SUPERIOR,PENAL,PENAL,QUEJAS,VIOLENCIA CONTRA LA MUJER Y LOS INTEGRANTES DEL GRUPO FAMILIAR,217,217,150112,LIMA,LIMA,INDEPENDENCIA,23/06/2026
ENERO - MAYO,2026,08/06/2026,LIMA NORTE,SUPERIOR,PENAL,PENAL,QUEJAS,,730,713,150112,LIMA,LIMA,INDEPENDENCIA,23/06/2026
ENERO - MAYO,2026,08/06/2026,LIMA SUR,PROVINCIAL,CIVIL,CIVIL,EXPEDIENTE,,3,3,150142,LIMA,LIMA,VILLA EL SALVADOR,23/06/2026
ENERO - MAYO,2026,08/06/2026,LIMA SUR,PROVINCIAL,FAMILIA,FAMILIA CIVIL,EXPEDIENTE,,399,377,150142,LIMA,LIMA,VILLA EL SALVADOR,23/06/2026
ENERO - MAYO,2026,08/06/2026,LIMA SUR,PROVINCIAL,FAMILIA,FAMILIA PENAL,DENUNCIA,,614,536,150142,LIMA,LIMA,VILLA EL SALVADOR,23/06/2026
ENERO - MAYO,2026,08/06/2026,LIMA SUR,PROVINCIAL,FAMILIA,FAMILIA PENAL,EXPEDIENTE,,71,70,150142,LIMA,LIMA,VILLA EL SALVADOR,23/06/2026
ENERO - MAYO,2026,08/06/2026,LIMA SUR,PROVINCIAL,FAMILIA,FAMILIA TUTELAR,DENUNCIA,,243,222,150142,LIMA,LIMA,VILLA EL SALVADOR,23/06/2026
ENERO - MAYO,2026,08/06/2026,LIMA SUR,PROVINCIAL,FAMILIA,FAMILIA TUTELAR,EXPEDIENTE,,26,22,150142,LIMA,LIMA,VILLA EL SALVADOR,23/06/2026
ENERO - MAYO,2026,08/06/2026,LIMA SUR,PROVINCIAL,PENAL,PENAL,DENUNCIA,DELITOS DE CORRUPCION DE FUNCIONARIOS,150,139,150142,LIMA,LIMA,VILLA EL SALVADOR,23/06/2026
ENERO - MAYO,2026,08/06/2026,LIMA SUR,PROVINCIAL,PENAL,PENAL,DENUNCIA,VIOLENCIA CONTRA LA MUJER Y LOS INTEGRANTES DEL GRUPO FAMILIAR,8629,6869,150142,LIMA,LIMA,VILLA EL SALVADOR,23/06/2026
ENERO - MAYO,2026,08/06/2026,LIMA SUR,PROVINCIAL,PENAL,PENAL,DENUNCIA,,17693,15585,150142,LIMA,LIMA,VILLA EL SALVADOR,23/06/2026
ENERO - MAYO,2026,08/06/2026,LIMA SUR,PROVINCIAL,PENAL,PENAL,EXPEDIENTE,VIOLENCIA CONTRA LA MUJER Y LOS INTEGRANTES DEL GRUPO FAMILIAR,4,3,150142,LIMA,LIMA,VILLA EL SALVADOR,23/06/2026
ENERO - MAYO,2026,08/06/2026,LIMA SUR,PROVINCIAL,PENAL,PENAL,EXPEDIENTE,,106,76,150142,LIMA,LIMA,VILLA EL SALVADOR,23/06/2026
ENERO - MAYO,2026,08/06/2026,LIMA SUR,SUPERIOR,CIVIL,CIVIL,EXPEDIENTE,,4,4,150142,LIMA,LIMA,VILLA EL SALVADOR,23/06/2026
ENERO - MAYO,2026,08/06/2026,LIMA SUR,SUPERIOR,FAMILIA,FAMILIA CIVIL,EXPEDIENTE,,170,125,150142,LIMA,LIMA,VILLA EL SALVADOR,23/06/2026
ENERO - MAYO,2026,08/06/2026,LIMA SUR,SUPERIOR,FAMILIA,FAMILIA PENAL,EXPEDIENTE,,13,12,150142,LIMA,LIMA,VILLA EL SALVADOR,23/06/2026
ENERO - MAYO,2026,08/06/2026,LIMA SUR,SUPERIOR,FAMILIA,FAMILIA TUTELAR,EXPEDIENTE,,60,0,150142,LIMA,LIMA,VILLA EL SALVADOR,23/06/2026
ENERO - MAYO,2026,08/06/2026,LIMA SUR,SUPERIOR,FAMILIA,VIOLENCIA FAMILIAR,EXPEDIENTE,,179,165,150142,LIMA,LIMA,VILLA EL SALVADOR,23/06/2026
ENERO - MAYO,2026,08/06/2026,LIMA SUR,SUPERIOR,PENAL,PENAL,APELACION DENUNCIA,DELITOS DE CORRUPCION DE FUNCIONARIOS,40,39,150142,LIMA,LIMA,VILLA EL SALVADOR,23/06/2026
ENERO - MAYO,2026,08/06/2026,LIMA SUR,SUPERIOR,PENAL,PENAL,APELACION DENUNCIA,,73,72,150142,LIMA,LIMA,VILLA EL SALVADOR,23/06/2026
ENERO - MAYO,2026,08/06/2026,LIMA SUR,SUPERIOR,PENAL,PENAL,CONSULTAS,DELITOS DE CORRUPCION DE FUNCIONARIOS,8,8,150142,LIMA,LIMA,VILLA EL SALVADOR,23/06/2026
ENERO - MAYO,2026,08/06/2026,LIMA SUR,SUPERIOR,PENAL,PENAL,CONSULTAS,,124,88,150142,LIMA,LIMA,VILLA EL SALVADOR,23/06/2026
ENERO - MAYO,2026,08/06/2026,LIMA SUR,SUPERIOR,PENAL,PENAL,DENUNCIA,DELITOS DE CORRUPCION DE FUNCIONARIOS,7,7,150142,LIMA,LIMA,VILLA EL SALVADOR,23/06/2026
ENERO - MAYO,2026,08/06/2026,LIMA SUR,SUPERIOR,PENAL,PENAL,DENUNCIA,,31,23,150142,LIMA,LIMA,VILLA EL SALVADOR,23/06/2026
ENERO - MAYO,2026,08/06/2026,LIMA SUR,SUPERIOR,PENAL,PENAL,EXCLUSION FISCAL,DELITOS DE CORRUPCION DE FUNCIONARIOS,1,1,150142,LIMA,LIMA,VILLA EL SALVADOR,23/06/2026
ENERO - MAYO,2026,08/06/2026,LIMA SUR,SUPERIOR,PENAL,PENAL,EXCLUSION FISCAL,,11,11,150142,LIMA,LIMA,VILLA EL SALVADOR,23/06/2026
ENERO - MAYO,2026,08/06/2026,LIMA SUR,SUPERIOR,PENAL,PENAL,EXPEDIENTE,,152,104,150142,LIMA,LIMA,VILLA EL SALVADOR,23/06/2026
ENERO - MAYO,2026,08/06/2026,LIMA SUR,SUPERIOR,PENAL,PENAL,INCIDENTE-EXPEDIENTE,,2,2,150142,LIMA,LIMA,VILLA EL SALVADOR,23/06/2026
ENERO - MAYO,2026,08/06/2026,LIMA SUR,SUPERIOR,PENAL,PENAL,QUEJAS,DELITOS DE CORRUPCION DE FUNCIONARIOS,17,17,150142,LIMA,LIMA,VILLA EL SALVADOR,23/06/2026
ENERO - MAYO,2026,08/06/2026,LIMA SUR,SUPERIOR,PENAL,PENAL,QUEJAS,,1081,644,150142,LIMA,LIMA,VILLA EL SALVADOR,23/06/2026
ENERO - MAYO,2026,08/06/2026,LORETO,PROVINCIAL,CIVIL,CIVIL,EXPEDIENTE,,15,15,160101,LORETO,MAYNAS,IQUITOS,23/06/2026
ENERO - MAYO,2026,08/06/2026,LORETO,PROVINCIAL,FAMILIA,FAMILIA CIVIL,EXPEDIENTE,,160,148,160101,LORETO,MAYNAS,IQUITOS,23/06/2026
ENERO - MAYO,2026,08/06/2026,LORETO,PROVINCIAL,FAMILIA,FAMILIA PENAL,DENUNCIA,,264,247,160101,LORETO,MAYNAS,IQUITOS,23/06/2026
ENERO - MAYO,2026,08/06/2026,LORETO,PROVINCIAL,FAMILIA,FAMILIA PENAL,EXPEDIENTE,,29,26,160101,LORETO,MAYNAS,IQUITOS,23/06/2026
ENERO - MAYO,2026,08/06/2026,LORETO,PROVINCIAL,FAMILIA,FAMILIA TUTELAR,DENUNCIA,,221,210,160101,LORETO,MAYNAS,IQUITOS,23/06/2026
ENERO - MAYO,2026,08/06/2026,LORETO,PROVINCIAL,FAMILIA,FAMILIA TUTELAR,EXPEDIENTE,,8,8,160101,LORETO,MAYNAS,IQUITOS,23/06/2026
ENERO - MAYO,2026,08/06/2026,LORETO,PROVINCIAL,FAMILIA,VIOLENCIA FAMILIAR,DENUNCIA,,77,77,160101,LORETO,MAYNAS,IQUITOS,23/06/2026
ENERO - MAYO,2026,08/06/2026,LORETO,PROVINCIAL,PENAL,PENAL,DENUNCIA,DELITOS DE CORRUPCION DE FUNCIONARIOS,275,242,160101,LORETO,MAYNAS,IQUITOS,23/06/2026
ENERO - MAYO,2026,08/06/2026,LORETO,PROVINCIAL,PENAL,PENAL,DENUNCIA,DELITOS DE TRAFICO ILICITO DE DROGAS,84,84,160101,LORETO,MAYNAS,IQUITOS,23/06/2026
ENERO - MAYO,2026,08/06/2026,LORETO,PROVINCIAL,PENAL,PENAL,DENUNCIA,DELITOS DE TRATA DE PERSONAS,46,45,160101,LORETO,MAYNAS,IQUITOS,23/06/2026
ENERO - MAYO,2026,08/06/2026,LORETO,PROVINCIAL,PENAL,PENAL,DENUNCIA,MATERIA AMBIENTAL,273,242,160101,LORETO,MAYNAS,IQUITOS,23/06/2026
ENERO - MAYO,2026,08/06/2026,LORETO,PROVINCIAL,PENAL,PENAL,DENUNCIA,VIOLENCIA CONTRA LA MUJER Y LOS INTEGRANTES DEL GRUPO FAMILIAR,1684,1574,160101,LORETO,MAYNAS,IQUITOS,23/06/2026
ENERO - MAYO,2026,08/06/2026,LORETO,PROVINCIAL,PENAL,PENAL,DENUNCIA,,5448,5101,160101,LORETO,MAYNAS,IQUITOS,23/06/2026
ENERO - MAYO,2026,08/06/2026,LORETO,PROVINCIAL,PENAL,PENAL,EXPEDIENTE,DELITOS DE TRAFICO ILICITO DE DROGAS,2,1,160101,LORETO,MAYNAS,IQUITOS,23/06/2026
ENERO - MAYO,2026,08/06/2026,LORETO,PROVINCIAL,PENAL,PENAL,EXPEDIENTE,,1,1,160101,LORETO,MAYNAS,IQUITOS,23/06/2026
ENERO - MAYO,2026,08/06/2026,LORETO,PROVINCIAL,PENAL,PENAL,INVESTIGACION PREVENTIVA,MATERIA AMBIENTAL,8,8,160101,LORETO,MAYNAS,IQUITOS,23/06/2026
ENERO - MAYO,2026,08/06/2026,LORETO,PROVINCIAL,PENAL,PENAL,INVESTIGACION PREVENTIVA,,3,3,160101,LORETO,MAYNAS,IQUITOS,23/06/2026
ENERO - MAYO,2026,08/06/2026,LORETO,SUPERIOR,FAMILIA,FAMILIA CIVIL,EXPEDIENTE,,11,11,160101,LORETO,MAYNAS,IQUITOS,23/06/2026
ENERO - MAYO,2026,08/06/2026,LORETO,SUPERIOR,FAMILIA,FAMILIA PENAL,EXPEDIENTE,,3,3,160101,LORETO,MAYNAS,IQUITOS,23/06/2026
ENERO - MAYO,2026,08/06/2026,LORETO,SUPERIOR,FAMILIA,FAMILIA TUTELAR,EXPEDIENTE,,1,1,160101,LORETO,MAYNAS,IQUITOS,23/06/2026
ENERO - MAYO,2026,08/06/2026,LORETO,SUPERIOR,FAMILIA,VIOLENCIA FAMILIAR,EXPEDIENTE,,47,44,160101,LORETO,MAYNAS,IQUITOS,23/06/2026
ENERO - MAYO,2026,08/06/2026,LORETO,SUPERIOR,PENAL,PENAL,APELACION DENUNCIA,DELITOS DE CORRUPCION DE FUNCIONARIOS,10,10,160101,LORETO,MAYNAS,IQUITOS,23/06/2026
ENERO - MAYO,2026,08/06/2026,LORETO,SUPERIOR,PENAL,PENAL,APELACION DENUNCIA,,310,310,160101,LORETO,MAYNAS,IQUITOS,23/06/2026
ENERO - MAYO,2026,08/06/2026,LORETO,SUPERIOR,PENAL,PENAL,APELACION EXPEDIENTE,,1,1,160101,LORETO,MAYNAS,IQUITOS,23/06/2026
ENERO - MAYO,2026,08/06/2026,LORETO,SUPERIOR,PENAL,PENAL,CONSULTAS,DELITOS DE CORRUPCION DE FUNCIONARIOS,89,79,160101,LORETO,MAYNAS,IQUITOS,23/06/2026
ENERO - MAYO,2026,08/06/2026,LORETO,SUPERIOR,PENAL,PENAL,CONSULTAS,,109,108,160101,LORETO,MAYNAS,IQUITOS,23/06/2026
ENERO - MAYO,2026,08/06/2026,LORETO,SUPERIOR,PENAL,PENAL,DENUNCIA,DELITOS DE CORRUPCION DE FUNCIONARIOS,14,12,160101,LORETO,MAYNAS,IQUITOS,23/06/2026
ENERO - MAYO,2026,08/06/2026,LORETO,SUPERIOR,PENAL,PENAL,DENUNCIA,,41,41,160101,LORETO,MAYNAS,IQUITOS,23/06/2026
ENERO - MAYO,2026,08/06/2026,LORETO,SUPERIOR,PENAL,PENAL,EXCLUSION FISCAL,,15,15,160101,LORETO,MAYNAS,IQUITOS,23/06/2026
ENERO - MAYO,2026,08/06/2026,LORETO,SUPERIOR,PENAL,PENAL,EXPEDIENTE,DELITOS DE CORRUPCION DE FUNCIONARIOS,3,3,160101,LORETO,MAYNAS,IQUITOS,23/06/2026
ENERO - MAYO,2026,08/06/2026,LORETO,SUPERIOR,PENAL,PENAL,EXPEDIENTE,,48,39,160101,LORETO,MAYNAS,IQUITOS,23/06/2026
ENERO - MAYO,2026,08/06/2026,LORETO,SUPERIOR,PENAL,PENAL,QUEJAS,DELITOS DE CORRUPCION DE FUNCIONARIOS,43,30,160101,LORETO,MAYNAS,IQUITOS,23/06/2026
ENERO - MAYO,2026,08/06/2026,LORETO,SUPERIOR,PENAL,PENAL,QUEJAS,,355,353,160101,LORETO,MAYNAS,IQUITOS,23/06/2026
ENERO - MAYO,2026,08/06/2026,MADRE DE DIOS,PROVINCIAL,CIVIL,CIVIL,EXPEDIENTE,,3,3,170101,MADRE DE DIOS,TAMBOPATA,TAMBOPATA,23/06/2026
ENERO - MAYO,2026,08/06/2026,MADRE DE DIOS,PROVINCIAL,FAMILIA,FAMILIA CIVIL,EXPEDIENTE,,135,79,170101,MADRE DE DIOS,TAMBOPATA,TAMBOPATA,23/06/2026
ENERO - MAYO,2026,08/06/2026,MADRE DE DIOS,PROVINCIAL,FAMILIA,FAMILIA PENAL,DENUNCIA,,79,37,170101,MADRE DE DIOS,TAMBOPATA,TAMBOPATA,23/06/2026
ENERO - MAYO,2026,08/06/2026,MADRE DE DIOS,PROVINCIAL,FAMILIA,FAMILIA PENAL,EXPEDIENTE,,23,22,170101,MADRE DE DIOS,TAMBOPATA,TAMBOPATA,23/06/2026
ENERO - MAYO,2026,08/06/2026,MADRE DE DIOS,PROVINCIAL,FAMILIA,FAMILIA TUTELAR,DENUNCIA,,34,11,170101,MADRE DE DIOS,TAMBOPATA,TAMBOPATA,23/06/2026
ENERO - MAYO,2026,08/06/2026,MADRE DE DIOS,PROVINCIAL,FAMILIA,FAMILIA TUTELAR,EXPEDIENTE,,42,25,170101,MADRE DE DIOS,TAMBOPATA,TAMBOPATA,23/06/2026
ENERO - MAYO,2026,08/06/2026,MADRE DE DIOS,PROVINCIAL,FAMILIA,VIOLENCIA FAMILIAR,DENUNCIA,,13,12,170101,MADRE DE DIOS,TAMBOPATA,TAMBOPATA,23/06/2026
ENERO - MAYO,2026,08/06/2026,MADRE DE DIOS,PROVINCIAL,PENAL,PENAL,DENUNCIA,CONTRA LA CRIMINALIDAD ORGANIZADA,8,8,170101,MADRE DE DIOS,TAMBOPATA,TAMBOPATA,23/06/2026
ENERO - MAYO,2026,08/06/2026,MADRE DE DIOS,PROVINCIAL,PENAL,PENAL,DENUNCIA,DELITOS DE CORRUPCION DE FUNCIONARIOS,70,67,170101,MADRE DE DIOS,TAMBOPATA,TAMBOPATA,23/06/2026
ENERO - MAYO,2026,08/06/2026,MADRE DE DIOS,PROVINCIAL,PENAL,PENAL,DENUNCIA,DELITOS DE TRAFICO ILICITO DE DROGAS,36,36,170101,MADRE DE DIOS,TAMBOPATA,TAMBOPATA,23/06/2026
ENERO - MAYO,2026,08/06/2026,MADRE DE DIOS,PROVINCIAL,PENAL,PENAL,DENUNCIA,DELITOS DE TRATA DE PERSONAS,51,51,170101,MADRE DE DIOS,TAMBOPATA,TAMBOPATA,23/06/2026
ENERO - MAYO,2026,08/06/2026,MADRE DE DIOS,PROVINCIAL,PENAL,PENAL,DENUNCIA,MATERIA AMBIENTAL,622,581,170101,MADRE DE DIOS,TAMBOPATA,TAMBOPATA,23/06/2026
ENERO - MAYO,2026,08/06/2026,MADRE DE DIOS,PROVINCIAL,PENAL,PENAL,DENUNCIA,,4563,4462,170101,MADRE DE DIOS,TAMBOPATA,TAMBOPATA,23/06/2026
ENERO - MAYO,2026,08/06/2026,MADRE DE DIOS,PROVINCIAL,PENAL,PENAL,EXPEDIENTE,,2,0,170101,MADRE DE DIOS,TAMBOPATA,TAMBOPATA,23/06/2026
ENERO - MAYO,2026,08/06/2026,MADRE DE DIOS,PROVINCIAL,PENAL,PENAL,INVESTIGACION PREVENTIVA,,5,4,170101,MADRE DE DIOS,TAMBOPATA,TAMBOPATA,23/06/2026
ENERO - MAYO,2026,08/06/2026,MADRE DE DIOS,SUPERIOR,FAMILIA,FAMILIA CIVIL,EXPEDIENTE,,10,7,170101,MADRE DE DIOS,TAMBOPATA,TAMBOPATA,23/06/2026
ENERO - MAYO,2026,08/06/2026,MADRE DE DIOS,SUPERIOR,FAMILIA,FAMILIA PENAL,EXPEDIENTE,,7,7,170101,MADRE DE DIOS,TAMBOPATA,TAMBOPATA,23/06/2026
ENERO - MAYO,2026,08/06/2026,MADRE DE DIOS,SUPERIOR,FAMILIA,VIOLENCIA FAMILIAR,EXPEDIENTE,,11,10,170101,MADRE DE DIOS,TAMBOPATA,TAMBOPATA,23/06/2026
ENERO - MAYO,2026,08/06/2026,MADRE DE DIOS,SUPERIOR,PENAL,PENAL,APELACION DENUNCIA,,197,197,170101,MADRE DE DIOS,TAMBOPATA,TAMBOPATA,23/06/2026
ENERO - MAYO,2026,08/06/2026,MADRE DE DIOS,SUPERIOR,PENAL,PENAL,CONSULTAS,,31,31,170101,MADRE DE DIOS,TAMBOPATA,TAMBOPATA,23/06/2026
ENERO - MAYO,2026,08/06/2026,MADRE DE DIOS,SUPERIOR,PENAL,PENAL,DENUNCIA,,29,29,170101,MADRE DE DIOS,TAMBOPATA,TAMBOPATA,23/06/2026
ENERO - MAYO,2026,08/06/2026,MADRE DE DIOS,SUPERIOR,PENAL,PENAL,EXCLUSION FISCAL,,5,5,170101,MADRE DE DIOS,TAMBOPATA,TAMBOPATA,23/06/2026
ENERO - MAYO,2026,08/06/2026,MADRE DE DIOS,SUPERIOR,PENAL,PENAL,EXPEDIENTE,,17,11,170101,MADRE DE DIOS,TAMBOPATA,TAMBOPATA,23/06/2026
ENERO - MAYO,2026,08/06/2026,MADRE DE DIOS,SUPERIOR,PENAL,PENAL,INCIDENTE-EXPEDIENTE,,15,12,170101,MADRE DE DIOS,TAMBOPATA,TAMBOPATA,23/06/2026
ENERO - MAYO,2026,08/06/2026,MADRE DE DIOS,SUPERIOR,PENAL,PENAL,QUEJAS,,162,160,170101,MADRE DE DIOS,TAMBOPATA,TAMBOPATA,23/06/2026
ENERO - MAYO,2026,08/06/2026,MOQUEGUA,PROVINCIAL,CIVIL,CIVIL,EXPEDIENTE,,3,3,180101,MOQUEGUA,MARISCAL NIETO,MOQUEGUA,23/06/2026
ENERO - MAYO,2026,08/06/2026,MOQUEGUA,PROVINCIAL,FAMILIA,ACTOS CONTRA LA LIBERTAD SEXUAL,DENUNCIA,,1,1,180101,MOQUEGUA,MARISCAL NIETO,MOQUEGUA,23/06/2026
ENERO - MAYO,2026,08/06/2026,MOQUEGUA,PROVINCIAL,FAMILIA,FAMILIA CIVIL,EXPEDIENTE,,133,120,180101,MOQUEGUA,MARISCAL NIETO,MOQUEGUA,23/06/2026
ENERO - MAYO,2026,08/06/2026,MOQUEGUA,PROVINCIAL,FAMILIA,FAMILIA PENAL,DENUNCIA,,79,77,180101,MOQUEGUA,MARISCAL NIETO,MOQUEGUA,23/06/2026
ENERO - MAYO,2026,08/06/2026,MOQUEGUA,PROVINCIAL,FAMILIA,FAMILIA PENAL,EXPEDIENTE,,4,4,180101,MOQUEGUA,MARISCAL NIETO,MOQUEGUA,23/06/2026
ENERO - MAYO,2026,08/06/2026,MOQUEGUA,PROVINCIAL,FAMILIA,FAMILIA TUTELAR,DENUNCIA,,192,172,180101,MOQUEGUA,MARISCAL NIETO,MOQUEGUA,23/06/2026
ENERO - MAYO,2026,08/06/2026,MOQUEGUA,PROVINCIAL,FAMILIA,FAMILIA TUTELAR,EXPEDIENTE,,17,17,180101,MOQUEGUA,MARISCAL NIETO,MOQUEGUA,23/06/2026
ENERO - MAYO,2026,08/06/2026,MOQUEGUA,PROVINCIAL,FAMILIA,VIOLENCIA FAMILIAR,DENUNCIA,,38,36,180101,MOQUEGUA,MARISCAL NIETO,MOQUEGUA,23/06/2026
ENERO - MAYO,2026,08/06/2026,MOQUEGUA,PROVINCIAL,FAMILIA,VIOLENCIA FAMILIAR,EXPEDIENTE,,1,1,180101,MOQUEGUA,MARISCAL NIETO,MOQUEGUA,23/06/2026
ENERO - MAYO,2026,08/06/2026,MOQUEGUA,PROVINCIAL,PENAL,PENAL,DENUNCIA,DELITOS DE CORRUPCION DE FUNCIONARIOS,175,157,180101,MOQUEGUA,MARISCAL NIETO,MOQUEGUA,23/06/2026
ENERO - MAYO,2026,08/06/2026,MOQUEGUA,PROVINCIAL,PENAL,PENAL,DENUNCIA,VIOLENCIA CONTRA LA MUJER Y LOS INTEGRANTES DEL GRUPO FAMILIAR,1117,1095,180101,MOQUEGUA,MARISCAL NIETO,MOQUEGUA,23/06/2026
ENERO - MAYO,2026,08/06/2026,MOQUEGUA,PROVINCIAL,PENAL,PENAL,DENUNCIA,,3191,2824,180101,MOQUEGUA,MARISCAL NIETO,MOQUEGUA,23/06/2026
ENERO - MAYO,2026,08/06/2026,MOQUEGUA,PROVINCIAL,PENAL,PENAL,INVESTIGACION PREVENTIVA,,4,4,180101,MOQUEGUA,MARISCAL NIETO,MOQUEGUA,23/06/2026
ENERO - MAYO,2026,08/06/2026,MOQUEGUA,SUPERIOR,CIVIL,CIVIL,EXPEDIENTE,,3,3,180101,MOQUEGUA,MARISCAL NIETO,MOQUEGUA,23/06/2026
ENERO - MAYO,2026,08/06/2026,MOQUEGUA,SUPERIOR,FAMILIA,FAMILIA CIVIL,EXPEDIENTE,,21,21,180101,MOQUEGUA,MARISCAL NIETO,MOQUEGUA,23/06/2026
ENERO - MAYO,2026,08/06/2026,MOQUEGUA,SUPERIOR,FAMILIA,FAMILIA PENAL,EXPEDIENTE,,1,1,180101,MOQUEGUA,MARISCAL NIETO,MOQUEGUA,23/06/2026
ENERO - MAYO,2026,08/06/2026,MOQUEGUA,SUPERIOR,FAMILIA,FAMILIA TUTELAR,EXPEDIENTE,,3,3,180101,MOQUEGUA,MARISCAL NIETO,MOQUEGUA,23/06/2026
ENERO - MAYO,2026,08/06/2026,MOQUEGUA,SUPERIOR,FAMILIA,VIOLENCIA FAMILIAR,EXPEDIENTE,,47,46,180101,MOQUEGUA,MARISCAL NIETO,MOQUEGUA,23/06/2026
ENERO - MAYO,2026,08/06/2026,MOQUEGUA,SUPERIOR,PENAL,PENAL,APELACION DENUNCIA,,184,171,180101,MOQUEGUA,MARISCAL NIETO,MOQUEGUA,23/06/2026
ENERO - MAYO,2026,08/06/2026,MOQUEGUA,SUPERIOR,PENAL,PENAL,CONSULTAS,,72,71,180101,MOQUEGUA,MARISCAL NIETO,MOQUEGUA,23/06/2026
ENERO - MAYO,2026,08/06/2026,MOQUEGUA,SUPERIOR,PENAL,PENAL,DENUNCIA,,14,14,180101,MOQUEGUA,MARISCAL NIETO,MOQUEGUA,23/06/2026
ENERO - MAYO,2026,08/06/2026,MOQUEGUA,SUPERIOR,PENAL,PENAL,EXCLUSION FISCAL,,3,3,180101,MOQUEGUA,MARISCAL NIETO,MOQUEGUA,23/06/2026
ENERO - MAYO,2026,08/06/2026,MOQUEGUA,SUPERIOR,PENAL,PENAL,EXPEDIENTE,,3,3,180101,MOQUEGUA,MARISCAL NIETO,MOQUEGUA,23/06/2026
ENERO - MAYO,2026,08/06/2026,MOQUEGUA,SUPERIOR,PENAL,PENAL,QUEJAS,,322,322,180101,MOQUEGUA,MARISCAL NIETO,MOQUEGUA,23/06/2026
ENERO - MAYO,2026,08/06/2026,PASCO,PROVINCIAL,CIVIL,CIVIL,EXPEDIENTE,,1,1,190113,PASCO,PASCO,YANACANCHA,23/06/2026
ENERO - MAYO,2026,08/06/2026,PASCO,PROVINCIAL,FAMILIA,FAMILIA CIVIL,EXPEDIENTE,,82,69,190113,PASCO,PASCO,YANACANCHA,23/06/2026
ENERO - MAYO,2026,08/06/2026,PASCO,PROVINCIAL,FAMILIA,FAMILIA PENAL,DENUNCIA,,47,33,190113,PASCO,PASCO,YANACANCHA,23/06/2026
ENERO - MAYO,2026,08/06/2026,PASCO,PROVINCIAL,FAMILIA,FAMILIA PENAL,EXPEDIENTE,,2,1,190113,PASCO,PASCO,YANACANCHA,23/06/2026
ENERO - MAYO,2026,08/06/2026,PASCO,PROVINCIAL,FAMILIA,FAMILIA TUTELAR,DENUNCIA,,137,106,190113,PASCO,PASCO,YANACANCHA,23/06/2026
ENERO - MAYO,2026,08/06/2026,PASCO,PROVINCIAL,FAMILIA,FAMILIA TUTELAR,EXPEDIENTE,,2,1,190113,PASCO,PASCO,YANACANCHA,23/06/2026
ENERO - MAYO,2026,08/06/2026,PASCO,PROVINCIAL,PENAL,PENAL,DENUNCIA,DELITOS DE CORRUPCION DE FUNCIONARIOS,98,93,190113,PASCO,PASCO,YANACANCHA,23/06/2026
ENERO - MAYO,2026,08/06/2026,PASCO,PROVINCIAL,PENAL,PENAL,DENUNCIA,MATERIA AMBIENTAL,62,61,190113,PASCO,PASCO,YANACANCHA,23/06/2026
ENERO - MAYO,2026,08/06/2026,PASCO,PROVINCIAL,PENAL,PENAL,DENUNCIA,,1957,1742,190113,PASCO,PASCO,YANACANCHA,23/06/2026
ENERO - MAYO,2026,08/06/2026,PASCO,PROVINCIAL,PENAL,PENAL,INVESTIGACION PREVENTIVA,MATERIA AMBIENTAL,1,1,190113,PASCO,PASCO,YANACANCHA,23/06/2026
ENERO - MAYO,2026,08/06/2026,PASCO,PROVINCIAL,PENAL,PENAL,INVESTIGACION PREVENTIVA,,6,6,190113,PASCO,PASCO,YANACANCHA,23/06/2026
ENERO - MAYO,2026,08/06/2026,PASCO,SUPERIOR,FAMILIA,FAMILIA CIVIL,EXPEDIENTE,,6,5,190113,PASCO,PASCO,YANACANCHA,23/06/2026
ENERO - MAYO,2026,08/06/2026,PASCO,SUPERIOR,FAMILIA,FAMILIA PENAL,EXPEDIENTE,,2,2,190113,PASCO,PASCO,YANACANCHA,23/06/2026
ENERO - MAYO,2026,08/06/2026,PASCO,SUPERIOR,FAMILIA,FAMILIA PENAL,INCIDENTE,,1,0,190113,PASCO,PASCO,YANACANCHA,23/06/2026
ENERO - MAYO,2026,08/06/2026,PASCO,SUPERIOR,FAMILIA,FAMILIA TUTELAR,EXPEDIENTE,,5,1,190113,PASCO,PASCO,YANACANCHA,23/06/2026
ENERO - MAYO,2026,08/06/2026,PASCO,SUPERIOR,FAMILIA,VIOLENCIA FAMILIAR,EXPEDIENTE,,18,18,190113,PASCO,PASCO,YANACANCHA,23/06/2026
ENERO - MAYO,2026,08/06/2026,PASCO,SUPERIOR,FAMILIA,VIOLENCIA FAMILIAR,INCIDENTE,,1,0,190113,PASCO,PASCO,YANACANCHA,23/06/2026
ENERO - MAYO,2026,08/06/2026,PASCO,SUPERIOR,PENAL,PENAL,APELACION DENUNCIA,DELITOS DE CORRUPCION DE FUNCIONARIOS,24,24,190113,PASCO,PASCO,YANACANCHA,23/06/2026
ENERO - MAYO,2026,08/06/2026,PASCO,SUPERIOR,PENAL,PENAL,APELACION DENUNCIA,,111,109,190113,PASCO,PASCO,YANACANCHA,23/06/2026
ENERO - MAYO,2026,08/06/2026,PASCO,SUPERIOR,PENAL,PENAL,APELACION EXPEDIENTE,DELITOS DE CORRUPCION DE FUNCIONARIOS,5,5,190113,PASCO,PASCO,YANACANCHA,23/06/2026
ENERO - MAYO,2026,08/06/2026,PASCO,SUPERIOR,PENAL,PENAL,APELACION EXPEDIENTE,,3,3,190113,PASCO,PASCO,YANACANCHA,23/06/2026
ENERO - MAYO,2026,08/06/2026,PASCO,SUPERIOR,PENAL,PENAL,CONSULTAS,DELITOS DE CORRUPCION DE FUNCIONARIOS,7,7,190113,PASCO,PASCO,YANACANCHA,23/06/2026
ENERO - MAYO,2026,08/06/2026,PASCO,SUPERIOR,PENAL,PENAL,CONSULTAS,,44,43,190113,PASCO,PASCO,YANACANCHA,23/06/2026
ENERO - MAYO,2026,08/06/2026,PASCO,SUPERIOR,PENAL,PENAL,DENUNCIA,DELITOS DE CORRUPCION DE FUNCIONARIOS,1,1,190113,PASCO,PASCO,YANACANCHA,23/06/2026
ENERO - MAYO,2026,08/06/2026,PASCO,SUPERIOR,PENAL,PENAL,DENUNCIA,,5,4,190113,PASCO,PASCO,YANACANCHA,23/06/2026
ENERO - MAYO,2026,08/06/2026,PASCO,SUPERIOR,PENAL,PENAL,EXCLUSION FISCAL,DELITOS DE CORRUPCION DE FUNCIONARIOS,1,1,190113,PASCO,PASCO,YANACANCHA,23/06/2026
ENERO - MAYO,2026,08/06/2026,PASCO,SUPERIOR,PENAL,PENAL,EXCLUSION FISCAL,,9,9,190113,PASCO,PASCO,YANACANCHA,23/06/2026
ENERO - MAYO,2026,08/06/2026,PASCO,SUPERIOR,PENAL,PENAL,EXPEDIENTE,DELITOS DE CORRUPCION DE FUNCIONARIOS,1,1,190113,PASCO,PASCO,YANACANCHA,23/06/2026
ENERO - MAYO,2026,08/06/2026,PASCO,SUPERIOR,PENAL,PENAL,EXPEDIENTE,,4,4,190113,PASCO,PASCO,YANACANCHA,23/06/2026
ENERO - MAYO,2026,08/06/2026,PASCO,SUPERIOR,PENAL,PENAL,INCIDENTE-EXPEDIENTE,,4,3,190113,PASCO,PASCO,YANACANCHA,23/06/2026
ENERO - MAYO,2026,08/06/2026,PASCO,SUPERIOR,PENAL,PENAL,QUEJAS,DELITOS DE CORRUPCION DE FUNCIONARIOS,15,15,190113,PASCO,PASCO,YANACANCHA,23/06/2026
ENERO - MAYO,2026,08/06/2026,PASCO,SUPERIOR,PENAL,PENAL,QUEJAS,,105,105,190113,PASCO,PASCO,YANACANCHA,23/06/2026
ENERO - MAYO,2026,08/06/2026,PIURA,PROVINCIAL,FAMILIA,ACTOS CONTRA LA LIBERTAD SEXUAL,DENUNCIA,,12,9,200101,PIURA,PIURA,PIURA,23/06/2026
ENERO - MAYO,2026,08/06/2026,PIURA,PROVINCIAL,FAMILIA,FAMILIA CIVIL,EXPEDIENTE,,179,147,200101,PIURA,PIURA,PIURA,23/06/2026
ENERO - MAYO,2026,08/06/2026,PIURA,PROVINCIAL,FAMILIA,FAMILIA PENAL,DENUNCIA,,311,248,200101,PIURA,PIURA,PIURA,23/06/2026
ENERO - MAYO,2026,08/06/2026,PIURA,PROVINCIAL,FAMILIA,FAMILIA PENAL,EXPEDIENTE,,66,66,200101,PIURA,PIURA,PIURA,23/06/2026
ENERO - MAYO,2026,08/06/2026,PIURA,PROVINCIAL,FAMILIA,FAMILIA TUTELAR,DENUNCIA,,89,61,200101,PIURA,PIURA,PIURA,23/06/2026
ENERO - MAYO,2026,08/06/2026,PIURA,PROVINCIAL,FAMILIA,FAMILIA TUTELAR,EXPEDIENTE,,25,22,200101,PIURA,PIURA,PIURA,23/06/2026
ENERO - MAYO,2026,08/06/2026,PIURA,PROVINCIAL,FAMILIA,VIOLENCIA FAMILIAR,DENUNCIA,,26,26,200101,PIURA,PIURA,PIURA,23/06/2026
ENERO - MAYO,2026,08/06/2026,PIURA,PROVINCIAL,PENAL,PENAL,DENUNCIA,CONTRA LA CRIMINALIDAD ORGANIZADA,48,40,200101,PIURA,PIURA,PIURA,23/06/2026
ENERO - MAYO,2026,08/06/2026,PIURA,PROVINCIAL,PENAL,PENAL,DENUNCIA,DELITOS DE CORRUPCION DE FUNCIONARIOS,217,165,200101,PIURA,PIURA,PIURA,23/06/2026
ENERO - MAYO,2026,08/06/2026,PIURA,PROVINCIAL,PENAL,PENAL,DENUNCIA,DELITOS DE TRAFICO ILICITO DE DROGAS,91,91,200101,PIURA,PIURA,PIURA,23/06/2026
ENERO - MAYO,2026,08/06/2026,PIURA,PROVINCIAL,PENAL,PENAL,DENUNCIA,DELITOS DE TRATA DE PERSONAS,113,113,200101,PIURA,PIURA,PIURA,23/06/2026
ENERO - MAYO,2026,08/06/2026,PIURA,PROVINCIAL,PENAL,PENAL,DENUNCIA,MATERIA AMBIENTAL,60,53,200101,PIURA,PIURA,PIURA,23/06/2026
ENERO - MAYO,2026,08/06/2026,PIURA,PROVINCIAL,PENAL,PENAL,DENUNCIA,VIOLENCIA CONTRA LA MUJER Y LOS INTEGRANTES DEL GRUPO FAMILIAR,4440,3807,200101,PIURA,PIURA,PIURA,23/06/2026
ENERO - MAYO,2026,08/06/2026,PIURA,PROVINCIAL,PENAL,PENAL,DENUNCIA,,11947,9456,200101,PIURA,PIURA,PIURA,23/06/2026
ENERO - MAYO,2026,08/06/2026,PIURA,PROVINCIAL,PENAL,PENAL,INVESTIGACION PREVENTIVA,MATERIA AMBIENTAL,51,50,200101,PIURA,PIURA,PIURA,23/06/2026
ENERO - MAYO,2026,08/06/2026,PIURA,SUPERIOR,FAMILIA,FAMILIA CIVIL,EXPEDIENTE,,25,25,200101,PIURA,PIURA,PIURA,23/06/2026
ENERO - MAYO,2026,08/06/2026,PIURA,SUPERIOR,FAMILIA,FAMILIA PENAL,EXPEDIENTE,,17,17,200101,PIURA,PIURA,PIURA,23/06/2026
ENERO - MAYO,2026,08/06/2026,PIURA,SUPERIOR,FAMILIA,FAMILIA TUTELAR,EXPEDIENTE,,6,6,200101,PIURA,PIURA,PIURA,23/06/2026
ENERO - MAYO,2026,08/06/2026,PIURA,SUPERIOR,FAMILIA,VIOLENCIA FAMILIAR,EXPEDIENTE,,250,250,200101,PIURA,PIURA,PIURA,23/06/2026
ENERO - MAYO,2026,08/06/2026,PIURA,SUPERIOR,PENAL,PENAL,APELACION DENUNCIA,,302,298,200101,PIURA,PIURA,PIURA,23/06/2026
ENERO - MAYO,2026,08/06/2026,PIURA,SUPERIOR,PENAL,PENAL,APELACION EXPEDIENTE,,558,552,200101,PIURA,PIURA,PIURA,23/06/2026
ENERO - MAYO,2026,08/06/2026,PIURA,SUPERIOR,PENAL,PENAL,CONSULTAS,,126,126,200101,PIURA,PIURA,PIURA,23/06/2026
ENERO - MAYO,2026,08/06/2026,PIURA,SUPERIOR,PENAL,PENAL,DENUNCIA,,52,52,200101,PIURA,PIURA,PIURA,23/06/2026
ENERO - MAYO,2026,08/06/2026,PIURA,SUPERIOR,PENAL,PENAL,EXCLUSION FISCAL,,5,4,200101,PIURA,PIURA,PIURA,23/06/2026
ENERO - MAYO,2026,08/06/2026,PIURA,SUPERIOR,PENAL,PENAL,EXPEDIENTE,,13,13,200101,PIURA,PIURA,PIURA,23/06/2026
ENERO - MAYO,2026,08/06/2026,PIURA,SUPERIOR,PENAL,PENAL,QUEJAS,,754,626,200101,PIURA,PIURA,PIURA,23/06/2026
ENERO - MAYO,2026,08/06/2026,PUNO,PROVINCIAL,CIVIL,CIVIL,EXPEDIENTE,,26,19,210101,PUNO,PUNO,PUNO,23/06/2026
ENERO - MAYO,2026,08/06/2026,PUNO,PROVINCIAL,FAMILIA,ACTOS CONTRA LA LIBERTAD SEXUAL,DENUNCIA,,1,0,210101,PUNO,PUNO,PUNO,23/06/2026
ENERO - MAYO,2026,08/06/2026,PUNO,PROVINCIAL,FAMILIA,FAMILIA CIVIL,EXPEDIENTE,,344,284,210101,PUNO,PUNO,PUNO,23/06/2026
ENERO - MAYO,2026,08/06/2026,PUNO,PROVINCIAL,FAMILIA,FAMILIA PENAL,DENUNCIA,,135,114,210101,PUNO,PUNO,PUNO,23/06/2026
ENERO - MAYO,2026,08/06/2026,PUNO,PROVINCIAL,FAMILIA,FAMILIA PENAL,EXPEDIENTE,,46,40,210101,PUNO,PUNO,PUNO,23/06/2026
ENERO - MAYO,2026,08/06/2026,PUNO,PROVINCIAL,FAMILIA,FAMILIA TUTELAR,DENUNCIA,,192,157,210101,PUNO,PUNO,PUNO,23/06/2026
ENERO - MAYO,2026,08/06/2026,PUNO,PROVINCIAL,FAMILIA,FAMILIA TUTELAR,EXPEDIENTE,,96,83,210101,PUNO,PUNO,PUNO,23/06/2026
ENERO - MAYO,2026,08/06/2026,PUNO,PROVINCIAL,FAMILIA,VIOLENCIA FAMILIAR,DENUNCIA,,2,2,210101,PUNO,PUNO,PUNO,23/06/2026
ENERO - MAYO,2026,08/06/2026,PUNO,PROVINCIAL,PENAL,PENAL,DENUNCIA,CONTRA LA CRIMINALIDAD ORGANIZADA,14,11,210101,PUNO,PUNO,PUNO,23/06/2026
ENERO - MAYO,2026,08/06/2026,PUNO,PROVINCIAL,PENAL,PENAL,DENUNCIA,DELITOS ADUANEROS Y CONTRA LA PROPIEDAD INTELECTUAL,245,231,210101,PUNO,PUNO,PUNO,23/06/2026
ENERO - MAYO,2026,08/06/2026,PUNO,PROVINCIAL,PENAL,PENAL,DENUNCIA,DELITOS DE CORRUPCION DE FUNCIONARIOS,254,178,210101,PUNO,PUNO,PUNO,23/06/2026
ENERO - MAYO,2026,08/06/2026,PUNO,PROVINCIAL,PENAL,PENAL,DENUNCIA,DELITOS DE TRAFICO ILICITO DE DROGAS,96,96,210101,PUNO,PUNO,PUNO,23/06/2026
ENERO - MAYO,2026,08/06/2026,PUNO,PROVINCIAL,PENAL,PENAL,DENUNCIA,DELITOS DE TRATA DE PERSONAS,47,41,210101,PUNO,PUNO,PUNO,23/06/2026
ENERO - MAYO,2026,08/06/2026,PUNO,PROVINCIAL,PENAL,PENAL,DENUNCIA,LAVADO DE ACTIVOS Y PERDIDA DE DOMINIO,28,23,210101,PUNO,PUNO,PUNO,23/06/2026
ENERO - MAYO,2026,08/06/2026,PUNO,PROVINCIAL,PENAL,PENAL,DENUNCIA,MATERIA AMBIENTAL,123,86,210101,PUNO,PUNO,PUNO,23/06/2026
ENERO - MAYO,2026,08/06/2026,PUNO,PROVINCIAL,PENAL,PENAL,DENUNCIA,,9198,7256,210101,PUNO,PUNO,PUNO,23/06/2026
ENERO - MAYO,2026,08/06/2026,PUNO,PROVINCIAL,PENAL,PENAL,EXPEDIENTE,DELITOS DE TRAFICO ILICITO DE DROGAS,5,1,210101,PUNO,PUNO,PUNO,23/06/2026
ENERO - MAYO,2026,08/06/2026,PUNO,PROVINCIAL,PENAL,PENAL,EXPEDIENTE,,3,2,210101,PUNO,PUNO,PUNO,23/06/2026
ENERO - MAYO,2026,08/06/2026,PUNO,PROVINCIAL,PENAL,PENAL,INVESTIGACION PREVENTIVA,DELITOS ADUANEROS Y CONTRA LA PROPIEDAD INTELECTUAL,2,1,210101,PUNO,PUNO,PUNO,23/06/2026
ENERO - MAYO,2026,08/06/2026,PUNO,PROVINCIAL,PENAL,PENAL,INVESTIGACION PREVENTIVA,MATERIA AMBIENTAL,16,13,210101,PUNO,PUNO,PUNO,23/06/2026
ENERO - MAYO,2026,08/06/2026,PUNO,PROVINCIAL,PENAL,PENAL,INVESTIGACION PREVENTIVA,,142,125,210101,PUNO,PUNO,PUNO,23/06/2026
ENERO - MAYO,2026,08/06/2026,PUNO,SUPERIOR,CIVIL,CIVIL,EXPEDIENTE,,3,2,210101,PUNO,PUNO,PUNO,23/06/2026
ENERO - MAYO,2026,08/06/2026,PUNO,SUPERIOR,FAMILIA,FAMILIA CIVIL,EXPEDIENTE,,66,47,210101,PUNO,PUNO,PUNO,23/06/2026
ENERO - MAYO,2026,08/06/2026,PUNO,SUPERIOR,FAMILIA,FAMILIA PENAL,EXPEDIENTE,,13,12,210101,PUNO,PUNO,PUNO,23/06/2026
ENERO - MAYO,2026,08/06/2026,PUNO,SUPERIOR,FAMILIA,FAMILIA TUTELAR,EXPEDIENTE,,38,33,210101,PUNO,PUNO,PUNO,23/06/2026
ENERO - MAYO,2026,08/06/2026,PUNO,SUPERIOR,FAMILIA,VIOLENCIA FAMILIAR,EXPEDIENTE,,48,22,210101,PUNO,PUNO,PUNO,23/06/2026
ENERO - MAYO,2026,08/06/2026,PUNO,SUPERIOR,PENAL,PENAL,APELACION DENUNCIA,,611,606,210101,PUNO,PUNO,PUNO,23/06/2026
ENERO - MAYO,2026,08/06/2026,PUNO,SUPERIOR,PENAL,PENAL,APELACION EXPEDIENTE,,1,1,210101,PUNO,PUNO,PUNO,23/06/2026
ENERO - MAYO,2026,08/06/2026,PUNO,SUPERIOR,PENAL,PENAL,CONSULTAS,,190,170,210101,PUNO,PUNO,PUNO,23/06/2026
ENERO - MAYO,2026,08/06/2026,PUNO,SUPERIOR,PENAL,PENAL,DENUNCIA,,90,90,210101,PUNO,PUNO,PUNO,23/06/2026
ENERO - MAYO,2026,08/06/2026,PUNO,SUPERIOR,PENAL,PENAL,EXCLUSION FISCAL,,18,17,210101,PUNO,PUNO,PUNO,23/06/2026
ENERO - MAYO,2026,08/06/2026,PUNO,SUPERIOR,PENAL,PENAL,EXPEDIENTE,,11,10,210101,PUNO,PUNO,PUNO,23/06/2026
ENERO - MAYO,2026,08/06/2026,PUNO,SUPERIOR,PENAL,PENAL,INCIDENTE-EXPEDIENTE,,7,5,210101,PUNO,PUNO,PUNO,23/06/2026
ENERO - MAYO,2026,08/06/2026,PUNO,SUPERIOR,PENAL,PENAL,QUEJAS,,620,570,210101,PUNO,PUNO,PUNO,23/06/2026
ENERO - MAYO,2026,08/06/2026,SAN MARTIN,PROVINCIAL,CIVIL,CIVIL,EXPEDIENTE,,11,9,220101,SAN MARTIN,MOYOBAMBA,MOYOBAMBA,23/06/2026
ENERO - MAYO,2026,08/06/2026,SAN MARTIN,PROVINCIAL,FAMILIA,ACTOS CONTRA LA LIBERTAD SEXUAL,DENUNCIA,,13,13,220101,SAN MARTIN,MOYOBAMBA,MOYOBAMBA,23/06/2026
ENERO - MAYO,2026,08/06/2026,SAN MARTIN,PROVINCIAL,FAMILIA,FAMILIA CIVIL,EXPEDIENTE,,234,206,220101,SAN MARTIN,MOYOBAMBA,MOYOBAMBA,23/06/2026
ENERO - MAYO,2026,08/06/2026,SAN MARTIN,PROVINCIAL,FAMILIA,FAMILIA PENAL,DENUNCIA,,333,219,220101,SAN MARTIN,MOYOBAMBA,MOYOBAMBA,23/06/2026
ENERO - MAYO,2026,08/06/2026,SAN MARTIN,PROVINCIAL,FAMILIA,FAMILIA PENAL,EXPEDIENTE,,66,64,220101,SAN MARTIN,MOYOBAMBA,MOYOBAMBA,23/06/2026
ENERO - MAYO,2026,08/06/2026,SAN MARTIN,PROVINCIAL,FAMILIA,FAMILIA TUTELAR,DENUNCIA,,583,442,220101,SAN MARTIN,MOYOBAMBA,MOYOBAMBA,23/06/2026
ENERO - MAYO,2026,08/06/2026,SAN MARTIN,PROVINCIAL,FAMILIA,FAMILIA TUTELAR,EXPEDIENTE,,97,85,220101,SAN MARTIN,MOYOBAMBA,MOYOBAMBA,23/06/2026
ENERO - MAYO,2026,08/06/2026,SAN MARTIN,PROVINCIAL,FAMILIA,VIOLENCIA FAMILIAR,DENUNCIA,,22,18,220101,SAN MARTIN,MOYOBAMBA,MOYOBAMBA,23/06/2026
ENERO - MAYO,2026,08/06/2026,SAN MARTIN,PROVINCIAL,PENAL,PENAL,DENUNCIA,CONTRA LA CRIMINALIDAD ORGANIZADA,19,19,220101,SAN MARTIN,MOYOBAMBA,MOYOBAMBA,23/06/2026
ENERO - MAYO,2026,08/06/2026,SAN MARTIN,PROVINCIAL,PENAL,PENAL,DENUNCIA,DELITOS DE CORRUPCION DE FUNCIONARIOS,115,102,220101,SAN MARTIN,MOYOBAMBA,MOYOBAMBA,23/06/2026
ENERO - MAYO,2026,08/06/2026,SAN MARTIN,PROVINCIAL,PENAL,PENAL,DENUNCIA,DELITOS DE TRAFICO ILICITO DE DROGAS,35,35,220101,SAN MARTIN,MOYOBAMBA,MOYOBAMBA,23/06/2026
ENERO - MAYO,2026,08/06/2026,SAN MARTIN,PROVINCIAL,PENAL,PENAL,DENUNCIA,MATERIA AMBIENTAL,303,293,220101,SAN MARTIN,MOYOBAMBA,MOYOBAMBA,23/06/2026
ENERO - MAYO,2026,08/06/2026,SAN MARTIN,PROVINCIAL,PENAL,PENAL,DENUNCIA,,9856,8740,220101,SAN MARTIN,MOYOBAMBA,MOYOBAMBA,23/06/2026
ENERO - MAYO,2026,08/06/2026,SAN MARTIN,PROVINCIAL,PENAL,PENAL,EXPEDIENTE,,2,2,220101,SAN MARTIN,MOYOBAMBA,MOYOBAMBA,23/06/2026
ENERO - MAYO,2026,08/06/2026,SAN MARTIN,PROVINCIAL,PENAL,PENAL,INVESTIGACION PREVENTIVA,MATERIA AMBIENTAL,9,8,220101,SAN MARTIN,MOYOBAMBA,MOYOBAMBA,23/06/2026
ENERO - MAYO,2026,08/06/2026,SAN MARTIN,PROVINCIAL,PENAL,PENAL,INVESTIGACION PREVENTIVA,,55,53,220101,SAN MARTIN,MOYOBAMBA,MOYOBAMBA,23/06/2026
ENERO - MAYO,2026,08/06/2026,SAN MARTIN,SUPERIOR,FAMILIA,FAMILIA CIVIL,EXPEDIENTE,,11,11,220101,SAN MARTIN,MOYOBAMBA,MOYOBAMBA,23/06/2026
ENERO - MAYO,2026,08/06/2026,SAN MARTIN,SUPERIOR,FAMILIA,FAMILIA PENAL,EXPEDIENTE,,8,7,220101,SAN MARTIN,MOYOBAMBA,MOYOBAMBA,23/06/2026
ENERO - MAYO,2026,08/06/2026,SAN MARTIN,SUPERIOR,FAMILIA,FAMILIA PENAL,INCIDENTE,,2,2,220101,SAN MARTIN,MOYOBAMBA,MOYOBAMBA,23/06/2026
ENERO - MAYO,2026,08/06/2026,SAN MARTIN,SUPERIOR,FAMILIA,FAMILIA TUTELAR,EXPEDIENTE,,63,63,220101,SAN MARTIN,MOYOBAMBA,MOYOBAMBA,23/06/2026
ENERO - MAYO,2026,08/06/2026,SAN MARTIN,SUPERIOR,FAMILIA,VIOLENCIA FAMILIAR,EXPEDIENTE,,38,36,220101,SAN MARTIN,MOYOBAMBA,MOYOBAMBA,23/06/2026
ENERO - MAYO,2026,08/06/2026,SAN MARTIN,SUPERIOR,FAMILIA,VIOLENCIA FAMILIAR,INCIDENTE,,5,4,220101,SAN MARTIN,MOYOBAMBA,MOYOBAMBA,23/06/2026
ENERO - MAYO,2026,08/06/2026,SAN MARTIN,SUPERIOR,PENAL,PENAL,APELACION DENUNCIA,,645,498,220101,SAN MARTIN,MOYOBAMBA,MOYOBAMBA,23/06/2026
ENERO - MAYO,2026,08/06/2026,SAN MARTIN,SUPERIOR,PENAL,PENAL,APELACION EXPEDIENTE,,9,4,220101,SAN MARTIN,MOYOBAMBA,MOYOBAMBA,23/06/2026
ENERO - MAYO,2026,08/06/2026,SAN MARTIN,SUPERIOR,PENAL,PENAL,CONSULTAS,,53,53,220101,SAN MARTIN,MOYOBAMBA,MOYOBAMBA,23/06/2026
ENERO - MAYO,2026,08/06/2026,SAN MARTIN,SUPERIOR,PENAL,PENAL,DENUNCIA,,37,33,220101,SAN MARTIN,MOYOBAMBA,MOYOBAMBA,23/06/2026
ENERO - MAYO,2026,08/06/2026,SAN MARTIN,SUPERIOR,PENAL,PENAL,EXCLUSION FISCAL,,11,11,220101,SAN MARTIN,MOYOBAMBA,MOYOBAMBA,23/06/2026
ENERO - MAYO,2026,08/06/2026,SAN MARTIN,SUPERIOR,PENAL,PENAL,EXPEDIENTE,,12,10,220101,SAN MARTIN,MOYOBAMBA,MOYOBAMBA,23/06/2026
ENERO - MAYO,2026,08/06/2026,SAN MARTIN,SUPERIOR,PENAL,PENAL,QUEJAS,,427,411,220101,SAN MARTIN,MOYOBAMBA,MOYOBAMBA,23/06/2026
ENERO - MAYO,2026,08/06/2026,SANTA,PROVINCIAL,CIVIL,CIVIL,EXPEDIENTE,,45,41,021801,ANCASH,SANTA,CHIMBOTE,23/06/2026
ENERO - MAYO,2026,08/06/2026,SANTA,PROVINCIAL,FAMILIA,ACTOS CONTRA LA LIBERTAD SEXUAL,DENUNCIA,,12,12,021801,ANCASH,SANTA,CHIMBOTE,23/06/2026
ENERO - MAYO,2026,08/06/2026,SANTA,PROVINCIAL,FAMILIA,FAMILIA CIVIL,EXPEDIENTE,,286,255,021801,ANCASH,SANTA,CHIMBOTE,23/06/2026
ENERO - MAYO,2026,08/06/2026,SANTA,PROVINCIAL,FAMILIA,FAMILIA PENAL,DENUNCIA,,286,219,021801,ANCASH,SANTA,CHIMBOTE,23/06/2026
ENERO - MAYO,2026,08/06/2026,SANTA,PROVINCIAL,FAMILIA,FAMILIA PENAL,EXPEDIENTE,,6,6,021801,ANCASH,SANTA,CHIMBOTE,23/06/2026
ENERO - MAYO,2026,08/06/2026,SANTA,PROVINCIAL,FAMILIA,FAMILIA TUTELAR,DENUNCIA,,218,206,021801,ANCASH,SANTA,CHIMBOTE,23/06/2026
ENERO - MAYO,2026,08/06/2026,SANTA,PROVINCIAL,FAMILIA,FAMILIA TUTELAR,EXPEDIENTE,,42,36,021801,ANCASH,SANTA,CHIMBOTE,23/06/2026
ENERO - MAYO,2026,08/06/2026,SANTA,PROVINCIAL,FAMILIA,VIOLENCIA FAMILIAR,DENUNCIA,,19,18,021801,ANCASH,SANTA,CHIMBOTE,23/06/2026
ENERO - MAYO,2026,08/06/2026,SANTA,PROVINCIAL,PENAL,PENAL,DENUNCIA,CONTRA LA CRIMINALIDAD ORGANIZADA,19,19,021801,ANCASH,SANTA,CHIMBOTE,23/06/2026
ENERO - MAYO,2026,08/06/2026,SANTA,PROVINCIAL,PENAL,PENAL,DENUNCIA,DELITOS DE CORRUPCION DE FUNCIONARIOS,167,77,021801,ANCASH,SANTA,CHIMBOTE,23/06/2026
ENERO - MAYO,2026,08/06/2026,SANTA,PROVINCIAL,PENAL,PENAL,DENUNCIA,DELITOS DE TRAFICO ILICITO DE DROGAS,59,58,021801,ANCASH,SANTA,CHIMBOTE,23/06/2026
ENERO - MAYO,2026,08/06/2026,SANTA,PROVINCIAL,PENAL,PENAL,DENUNCIA,LAVADO DE ACTIVOS Y PERDIDA DE DOMINIO,7,3,021801,ANCASH,SANTA,CHIMBOTE,23/06/2026
ENERO - MAYO,2026,08/06/2026,SANTA,PROVINCIAL,PENAL,PENAL,DENUNCIA,MATERIA AMBIENTAL,96,58,021801,ANCASH,SANTA,CHIMBOTE,23/06/2026
ENERO - MAYO,2026,08/06/2026,SANTA,PROVINCIAL,PENAL,PENAL,DENUNCIA,,11689,9936,021801,ANCASH,SANTA,CHIMBOTE,23/06/2026
ENERO - MAYO,2026,08/06/2026,SANTA,PROVINCIAL,PENAL,PENAL,INVESTIGACION PREVENTIVA,MATERIA AMBIENTAL,9,6,021801,ANCASH,SANTA,CHIMBOTE,23/06/2026
ENERO - MAYO,2026,08/06/2026,SANTA,PROVINCIAL,PENAL,PENAL,INVESTIGACION PREVENTIVA,,4,3,021801,ANCASH,SANTA,CHIMBOTE,23/06/2026
ENERO - MAYO,2026,08/06/2026,SANTA,SUPERIOR,FAMILIA,FAMILIA CIVIL,EXPEDIENTE,,10,10,021801,ANCASH,SANTA,CHIMBOTE,23/06/2026
ENERO - MAYO,2026,08/06/2026,SANTA,SUPERIOR,FAMILIA,FAMILIA PENAL,EXPEDIENTE,,7,7,021801,ANCASH,SANTA,CHIMBOTE,23/06/2026
ENERO - MAYO,2026,08/06/2026,SANTA,SUPERIOR,FAMILIA,FAMILIA TUTELAR,EXPEDIENTE,,2,2,021801,ANCASH,SANTA,CHIMBOTE,23/06/2026
ENERO - MAYO,2026,08/06/2026,SANTA,SUPERIOR,FAMILIA,VIOLENCIA FAMILIAR,EXPEDIENTE,,139,139,021801,ANCASH,SANTA,CHIMBOTE,23/06/2026
ENERO - MAYO,2026,08/06/2026,SANTA,SUPERIOR,FAMILIA,VIOLENCIA FAMILIAR,INCIDENTE,,29,29,021801,ANCASH,SANTA,CHIMBOTE,23/06/2026
ENERO - MAYO,2026,08/06/2026,SANTA,SUPERIOR,PENAL,PENAL,APELACION DENUNCIA,DELITOS DE CORRUPCION DE FUNCIONARIOS,32,31,021801,ANCASH,SANTA,CHIMBOTE,23/06/2026
ENERO - MAYO,2026,08/06/2026,SANTA,SUPERIOR,PENAL,PENAL,APELACION DENUNCIA,,548,548,021801,ANCASH,SANTA,CHIMBOTE,23/06/2026
ENERO - MAYO,2026,08/06/2026,SANTA,SUPERIOR,PENAL,PENAL,APELACION EXPEDIENTE,,3,2,021801,ANCASH,SANTA,CHIMBOTE,23/06/2026
ENERO - MAYO,2026,08/06/2026,SANTA,SUPERIOR,PENAL,PENAL,CONSULTAS,DELITOS DE CORRUPCION DE FUNCIONARIOS,10,10,021801,ANCASH,SANTA,CHIMBOTE,23/06/2026
ENERO - MAYO,2026,08/06/2026,SANTA,SUPERIOR,PENAL,PENAL,CONSULTAS,,101,95,021801,ANCASH,SANTA,CHIMBOTE,23/06/2026
ENERO - MAYO,2026,08/06/2026,SANTA,SUPERIOR,PENAL,PENAL,DENUNCIA,DELITOS DE CORRUPCION DE FUNCIONARIOS,4,4,021801,ANCASH,SANTA,CHIMBOTE,23/06/2026
ENERO - MAYO,2026,08/06/2026,SANTA,SUPERIOR,PENAL,PENAL,DENUNCIA,,43,23,021801,ANCASH,SANTA,CHIMBOTE,23/06/2026
ENERO - MAYO,2026,08/06/2026,SANTA,SUPERIOR,PENAL,PENAL,EXCLUSION FISCAL,DELITOS DE CORRUPCION DE FUNCIONARIOS,1,1,021801,ANCASH,SANTA,CHIMBOTE,23/06/2026
ENERO - MAYO,2026,08/06/2026,SANTA,SUPERIOR,PENAL,PENAL,EXCLUSION FISCAL,,7,7,021801,ANCASH,SANTA,CHIMBOTE,23/06/2026
ENERO - MAYO,2026,08/06/2026,SANTA,SUPERIOR,PENAL,PENAL,EXPEDIENTE,,6,2,021801,ANCASH,SANTA,CHIMBOTE,23/06/2026
ENERO - MAYO,2026,08/06/2026,SANTA,SUPERIOR,PENAL,PENAL,INCIDENTE-EXPEDIENTE,,13,12,021801,ANCASH,SANTA,CHIMBOTE,23/06/2026
ENERO - MAYO,2026,08/06/2026,SANTA,SUPERIOR,PENAL,PENAL,QUEJAS,DELITOS DE CORRUPCION DE FUNCIONARIOS,27,27,021801,ANCASH,SANTA,CHIMBOTE,23/06/2026
ENERO - MAYO,2026,08/06/2026,SANTA,SUPERIOR,PENAL,PENAL,QUEJAS,,699,627,021801,ANCASH,SANTA,CHIMBOTE,23/06/2026
ENERO - MAYO,2026,08/06/2026,SELVA CENTRAL,PROVINCIAL,FAMILIA,ACTOS CONTRA LA LIBERTAD SEXUAL,DENUNCIA,,3,2,120301,JUNIN,CHANCHAMAYO,CHANCHAMAYO,23/06/2026
ENERO - MAYO,2026,08/06/2026,SELVA CENTRAL,PROVINCIAL,FAMILIA,FAMILIA CIVIL,EXPEDIENTE,,151,117,120301,JUNIN,CHANCHAMAYO,CHANCHAMAYO,23/06/2026
ENERO - MAYO,2026,08/06/2026,SELVA CENTRAL,PROVINCIAL,FAMILIA,FAMILIA PENAL,DENUNCIA,,211,165,120301,JUNIN,CHANCHAMAYO,CHANCHAMAYO,23/06/2026
ENERO - MAYO,2026,08/06/2026,SELVA CENTRAL,PROVINCIAL,FAMILIA,FAMILIA PENAL,EXPEDIENTE,,11,10,120301,JUNIN,CHANCHAMAYO,CHANCHAMAYO,23/06/2026
ENERO - MAYO,2026,08/06/2026,SELVA CENTRAL,PROVINCIAL,FAMILIA,FAMILIA TUTELAR,DENUNCIA,,147,128,120301,JUNIN,CHANCHAMAYO,CHANCHAMAYO,23/06/2026
ENERO - MAYO,2026,08/06/2026,SELVA CENTRAL,PROVINCIAL,FAMILIA,FAMILIA TUTELAR,EXPEDIENTE,,25,15,120301,JUNIN,CHANCHAMAYO,CHANCHAMAYO,23/06/2026
ENERO - MAYO,2026,08/06/2026,SELVA CENTRAL,PROVINCIAL,FAMILIA,VIOLENCIA FAMILIAR,DENUNCIA,,1,1,120301,JUNIN,CHANCHAMAYO,CHANCHAMAYO,23/06/2026
ENERO - MAYO,2026,08/06/2026,SELVA CENTRAL,PROVINCIAL,FAMILIA,VIOLENCIA FAMILIAR,EXPEDIENTE,,4,4,120301,JUNIN,CHANCHAMAYO,CHANCHAMAYO,23/06/2026
ENERO - MAYO,2026,08/06/2026,SELVA CENTRAL,PROVINCIAL,PENAL,PENAL,DENUNCIA,DELITOS DE CORRUPCION DE FUNCIONARIOS,112,104,120301,JUNIN,CHANCHAMAYO,CHANCHAMAYO,23/06/2026
ENERO - MAYO,2026,08/06/2026,SELVA CENTRAL,PROVINCIAL,PENAL,PENAL,DENUNCIA,DELITOS DE TRAFICO ILICITO DE DROGAS,75,59,120301,JUNIN,CHANCHAMAYO,CHANCHAMAYO,23/06/2026
ENERO - MAYO,2026,08/06/2026,SELVA CENTRAL,PROVINCIAL,PENAL,PENAL,DENUNCIA,MATERIA AMBIENTAL,339,339,120301,JUNIN,CHANCHAMAYO,CHANCHAMAYO,23/06/2026
ENERO - MAYO,2026,08/06/2026,SELVA CENTRAL,PROVINCIAL,PENAL,PENAL,DENUNCIA,,10801,8320,120301,JUNIN,CHANCHAMAYO,CHANCHAMAYO,23/06/2026
ENERO - MAYO,2026,08/06/2026,SELVA CENTRAL,PROVINCIAL,PENAL,PENAL,EXPEDIENTE,,2,1,120301,JUNIN,CHANCHAMAYO,CHANCHAMAYO,23/06/2026
ENERO - MAYO,2026,08/06/2026,SELVA CENTRAL,PROVINCIAL,PENAL,PENAL,INVESTIGACION PREVENTIVA,,212,210,120301,JUNIN,CHANCHAMAYO,CHANCHAMAYO,23/06/2026
ENERO - MAYO,2026,08/06/2026,SELVA CENTRAL,SUPERIOR,FAMILIA,FAMILIA CIVIL,EXPEDIENTE,,12,12,120301,JUNIN,CHANCHAMAYO,CHANCHAMAYO,23/06/2026
ENERO - MAYO,2026,08/06/2026,SELVA CENTRAL,SUPERIOR,FAMILIA,FAMILIA CIVIL,INCIDENTE,,7,7,120301,JUNIN,CHANCHAMAYO,CHANCHAMAYO,23/06/2026
ENERO - MAYO,2026,08/06/2026,SELVA CENTRAL,SUPERIOR,FAMILIA,FAMILIA PENAL,EXPEDIENTE,,1,1,120301,JUNIN,CHANCHAMAYO,CHANCHAMAYO,23/06/2026
ENERO - MAYO,2026,08/06/2026,SELVA CENTRAL,SUPERIOR,FAMILIA,FAMILIA PENAL,INCIDENTE,,2,2,120301,JUNIN,CHANCHAMAYO,CHANCHAMAYO,23/06/2026
ENERO - MAYO,2026,08/06/2026,SELVA CENTRAL,SUPERIOR,FAMILIA,VIOLENCIA FAMILIAR,EXPEDIENTE,,3,3,120301,JUNIN,CHANCHAMAYO,CHANCHAMAYO,23/06/2026
ENERO - MAYO,2026,08/06/2026,SELVA CENTRAL,SUPERIOR,FAMILIA,VIOLENCIA FAMILIAR,INCIDENTE,,61,61,120301,JUNIN,CHANCHAMAYO,CHANCHAMAYO,23/06/2026
ENERO - MAYO,2026,08/06/2026,SELVA CENTRAL,SUPERIOR,PENAL,PENAL,APELACION DENUNCIA,,315,314,120301,JUNIN,CHANCHAMAYO,CHANCHAMAYO,23/06/2026
ENERO - MAYO,2026,08/06/2026,SELVA CENTRAL,SUPERIOR,PENAL,PENAL,CONSULTAS,,48,48,120301,JUNIN,CHANCHAMAYO,CHANCHAMAYO,23/06/2026
ENERO - MAYO,2026,08/06/2026,SELVA CENTRAL,SUPERIOR,PENAL,PENAL,DENUNCIA,,15,15,120301,JUNIN,CHANCHAMAYO,CHANCHAMAYO,23/06/2026
ENERO - MAYO,2026,08/06/2026,SELVA CENTRAL,SUPERIOR,PENAL,PENAL,EXCLUSION FISCAL,,5,5,120301,JUNIN,CHANCHAMAYO,CHANCHAMAYO,23/06/2026
ENERO - MAYO,2026,08/06/2026,SELVA CENTRAL,SUPERIOR,PENAL,PENAL,EXPEDIENTE,,15,15,120301,JUNIN,CHANCHAMAYO,CHANCHAMAYO,23/06/2026
ENERO - MAYO,2026,08/06/2026,SELVA CENTRAL,SUPERIOR,PENAL,PENAL,INCIDENTE-EXPEDIENTE,,4,4,120301,JUNIN,CHANCHAMAYO,CHANCHAMAYO,23/06/2026
ENERO - MAYO,2026,08/06/2026,SELVA CENTRAL,SUPERIOR,PENAL,PENAL,QUEJAS,,245,229,120301,JUNIN,CHANCHAMAYO,CHANCHAMAYO,23/06/2026
ENERO - MAYO,2026,08/06/2026,SULLANA,PROVINCIAL,FAMILIA,FAMILIA CIVIL,EXPEDIENTE,,203,199,200601,PIURA,SULLANA,SULLANA,23/06/2026
ENERO - MAYO,2026,08/06/2026,SULLANA,PROVINCIAL,FAMILIA,FAMILIA PENAL,DENUNCIA,,150,137,200601,PIURA,SULLANA,SULLANA,23/06/2026
ENERO - MAYO,2026,08/06/2026,SULLANA,PROVINCIAL,FAMILIA,FAMILIA PENAL,EXPEDIENTE,,16,15,200601,PIURA,SULLANA,SULLANA,23/06/2026
ENERO - MAYO,2026,08/06/2026,SULLANA,PROVINCIAL,FAMILIA,FAMILIA TUTELAR,DENUNCIA,,43,38,200601,PIURA,SULLANA,SULLANA,23/06/2026
ENERO - MAYO,2026,08/06/2026,SULLANA,PROVINCIAL,FAMILIA,FAMILIA TUTELAR,EXPEDIENTE,,6,6,200601,PIURA,SULLANA,SULLANA,23/06/2026
ENERO - MAYO,2026,08/06/2026,SULLANA,PROVINCIAL,PENAL,PENAL,DENUNCIA,DELITOS DE CORRUPCION DE FUNCIONARIOS,91,88,200601,PIURA,SULLANA,SULLANA,23/06/2026
ENERO - MAYO,2026,08/06/2026,SULLANA,PROVINCIAL,PENAL,PENAL,DENUNCIA,MATERIA AMBIENTAL,99,91,200601,PIURA,SULLANA,SULLANA,23/06/2026
ENERO - MAYO,2026,08/06/2026,SULLANA,PROVINCIAL,PENAL,PENAL,DENUNCIA,,5943,5413,200601,PIURA,SULLANA,SULLANA,23/06/2026
ENERO - MAYO,2026,08/06/2026,SULLANA,PROVINCIAL,PENAL,PENAL,EXPEDIENTE,,4,4,200601,PIURA,SULLANA,SULLANA,23/06/2026
ENERO - MAYO,2026,08/06/2026,SULLANA,PROVINCIAL,PENAL,PENAL,INVESTIGACION PREVENTIVA,MATERIA AMBIENTAL,1,0,200601,PIURA,SULLANA,SULLANA,23/06/2026
ENERO - MAYO,2026,08/06/2026,SULLANA,SUPERIOR,FAMILIA,FAMILIA CIVIL,EXPEDIENTE,,3,3,200601,PIURA,SULLANA,SULLANA,23/06/2026
ENERO - MAYO,2026,08/06/2026,SULLANA,SUPERIOR,FAMILIA,FAMILIA CIVIL,INCIDENTE,,1,1,200601,PIURA,SULLANA,SULLANA,23/06/2026
ENERO - MAYO,2026,08/06/2026,SULLANA,SUPERIOR,FAMILIA,FAMILIA PENAL,EXPEDIENTE,,16,15,200601,PIURA,SULLANA,SULLANA,23/06/2026
ENERO - MAYO,2026,08/06/2026,SULLANA,SUPERIOR,FAMILIA,FAMILIA TUTELAR,EXPEDIENTE,,1,1,200601,PIURA,SULLANA,SULLANA,23/06/2026
ENERO - MAYO,2026,08/06/2026,SULLANA,SUPERIOR,FAMILIA,VIOLENCIA FAMILIAR,EXPEDIENTE,,31,31,200601,PIURA,SULLANA,SULLANA,23/06/2026
ENERO - MAYO,2026,08/06/2026,SULLANA,SUPERIOR,PENAL,PENAL,APELACION DENUNCIA,,620,619,200601,PIURA,SULLANA,SULLANA,23/06/2026
ENERO - MAYO,2026,08/06/2026,SULLANA,SUPERIOR,PENAL,PENAL,APELACION EXPEDIENTE,,9,9,200601,PIURA,SULLANA,SULLANA,23/06/2026
ENERO - MAYO,2026,08/06/2026,SULLANA,SUPERIOR,PENAL,PENAL,CONSULTAS,,53,50,200601,PIURA,SULLANA,SULLANA,23/06/2026
ENERO - MAYO,2026,08/06/2026,SULLANA,SUPERIOR,PENAL,PENAL,DENUNCIA,,18,12,200601,PIURA,SULLANA,SULLANA,23/06/2026
ENERO - MAYO,2026,08/06/2026,SULLANA,SUPERIOR,PENAL,PENAL,EXCLUSION FISCAL,,4,3,200601,PIURA,SULLANA,SULLANA,23/06/2026
ENERO - MAYO,2026,08/06/2026,SULLANA,SUPERIOR,PENAL,PENAL,QUEJAS,,275,273,200601,PIURA,SULLANA,SULLANA,23/06/2026
ENERO - MAYO,2026,08/06/2026,TACNA,PROVINCIAL,CIVIL,CIVIL,EXPEDIENTE,,16,16,230101,TACNA,TACNA,TACNA,23/06/2026
ENERO - MAYO,2026,08/06/2026,TACNA,PROVINCIAL,FAMILIA,FAMILIA CIVIL,EXPEDIENTE,,267,255,230101,TACNA,TACNA,TACNA,23/06/2026
ENERO - MAYO,2026,08/06/2026,TACNA,PROVINCIAL,FAMILIA,FAMILIA PENAL,DENUNCIA,,119,112,230101,TACNA,TACNA,TACNA,23/06/2026
ENERO - MAYO,2026,08/06/2026,TACNA,PROVINCIAL,FAMILIA,FAMILIA PENAL,EXPEDIENTE,,16,16,230101,TACNA,TACNA,TACNA,23/06/2026
ENERO - MAYO,2026,08/06/2026,TACNA,PROVINCIAL,FAMILIA,FAMILIA TUTELAR,DENUNCIA,,17,11,230101,TACNA,TACNA,TACNA,23/06/2026
ENERO - MAYO,2026,08/06/2026,TACNA,PROVINCIAL,FAMILIA,FAMILIA TUTELAR,EXPEDIENTE,,59,49,230101,TACNA,TACNA,TACNA,23/06/2026
ENERO - MAYO,2026,08/06/2026,TACNA,PROVINCIAL,PENAL,PENAL,DENUNCIA,DELITOS ADUANEROS Y CONTRA LA PROPIEDAD INTELECTUAL,145,140,230101,TACNA,TACNA,TACNA,23/06/2026
ENERO - MAYO,2026,08/06/2026,TACNA,PROVINCIAL,PENAL,PENAL,DENUNCIA,DELITOS DE CORRUPCION DE FUNCIONARIOS,157,149,230101,TACNA,TACNA,TACNA,23/06/2026
ENERO - MAYO,2026,08/06/2026,TACNA,PROVINCIAL,PENAL,PENAL,DENUNCIA,DELITOS DE TRAFICO ILICITO DE DROGAS,24,24,230101,TACNA,TACNA,TACNA,23/06/2026
ENERO - MAYO,2026,08/06/2026,TACNA,PROVINCIAL,PENAL,PENAL,DENUNCIA,DELITOS DE TRATA DE PERSONAS,50,50,230101,TACNA,TACNA,TACNA,23/06/2026
ENERO - MAYO,2026,08/06/2026,TACNA,PROVINCIAL,PENAL,PENAL,DENUNCIA,LAVADO DE ACTIVOS Y PERDIDA DE DOMINIO,21,18,230101,TACNA,TACNA,TACNA,23/06/2026
ENERO - MAYO,2026,08/06/2026,TACNA,PROVINCIAL,PENAL,PENAL,DENUNCIA,MATERIA AMBIENTAL,64,64,230101,TACNA,TACNA,TACNA,23/06/2026
ENERO - MAYO,2026,08/06/2026,TACNA,PROVINCIAL,PENAL,PENAL,DENUNCIA,VIOLENCIA CONTRA LA MUJER Y LOS INTEGRANTES DEL GRUPO FAMILIAR,676,672,230101,TACNA,TACNA,TACNA,23/06/2026
ENERO - MAYO,2026,08/06/2026,TACNA,PROVINCIAL,PENAL,PENAL,DENUNCIA,,6296,5798,230101,TACNA,TACNA,TACNA,23/06/2026
ENERO - MAYO,2026,08/06/2026,TACNA,PROVINCIAL,PENAL,PENAL,EXPEDIENTE,,1,0,230101,TACNA,TACNA,TACNA,23/06/2026
ENERO - MAYO,2026,08/06/2026,TACNA,PROVINCIAL,PENAL,PENAL,INVESTIGACION PREVENTIVA,MATERIA AMBIENTAL,2,2,230101,TACNA,TACNA,TACNA,23/06/2026
ENERO - MAYO,2026,08/06/2026,TACNA,PROVINCIAL,PENAL,PENAL,INVESTIGACION PREVENTIVA,,2,2,230101,TACNA,TACNA,TACNA,23/06/2026
ENERO - MAYO,2026,08/06/2026,TACNA,SUPERIOR,CIVIL,CIVIL,EXPEDIENTE,,10,10,230101,TACNA,TACNA,TACNA,23/06/2026
ENERO - MAYO,2026,08/06/2026,TACNA,SUPERIOR,FAMILIA,FAMILIA CIVIL,EXPEDIENTE,,68,66,230101,TACNA,TACNA,TACNA,23/06/2026
ENERO - MAYO,2026,08/06/2026,TACNA,SUPERIOR,FAMILIA,FAMILIA PENAL,EXPEDIENTE,,10,10,230101,TACNA,TACNA,TACNA,23/06/2026
ENERO - MAYO,2026,08/06/2026,TACNA,SUPERIOR,FAMILIA,FAMILIA TUTELAR,EXPEDIENTE,,3,3,230101,TACNA,TACNA,TACNA,23/06/2026
ENERO - MAYO,2026,08/06/2026,TACNA,SUPERIOR,FAMILIA,VIOLENCIA FAMILIAR,EXPEDIENTE,,78,78,230101,TACNA,TACNA,TACNA,23/06/2026
ENERO - MAYO,2026,08/06/2026,TACNA,SUPERIOR,PENAL,PENAL,APELACION DENUNCIA,,511,511,230101,TACNA,TACNA,TACNA,23/06/2026
ENERO - MAYO,2026,08/06/2026,TACNA,SUPERIOR,PENAL,PENAL,CONSULTAS,,107,107,230101,TACNA,TACNA,TACNA,23/06/2026
ENERO - MAYO,2026,08/06/2026,TACNA,SUPERIOR,PENAL,PENAL,DENUNCIA,,15,15,230101,TACNA,TACNA,TACNA,23/06/2026
ENERO - MAYO,2026,08/06/2026,TACNA,SUPERIOR,PENAL,PENAL,EXCLUSION FISCAL,,6,6,230101,TACNA,TACNA,TACNA,23/06/2026
ENERO - MAYO,2026,08/06/2026,TACNA,SUPERIOR,PENAL,PENAL,EXPEDIENTE,,3,3,230101,TACNA,TACNA,TACNA,23/06/2026
ENERO - MAYO,2026,08/06/2026,TACNA,SUPERIOR,PENAL,PENAL,QUEJAS,,790,790,230101,TACNA,TACNA,TACNA,23/06/2026
ENERO - MAYO,2026,08/06/2026,TUMBES,PROVINCIAL,CIVIL,CIVIL,EXPEDIENTE,,6,4,240101,TUMBES,TUMBES,TUMBES,23/06/2026
ENERO - MAYO,2026,08/06/2026,TUMBES,PROVINCIAL,FAMILIA,ACTOS CONTRA LA LIBERTAD SEXUAL,DENUNCIA,,2,2,240101,TUMBES,TUMBES,TUMBES,23/06/2026
ENERO - MAYO,2026,08/06/2026,TUMBES,PROVINCIAL,FAMILIA,FAMILIA CIVIL,EXPEDIENTE,,190,175,240101,TUMBES,TUMBES,TUMBES,23/06/2026
ENERO - MAYO,2026,08/06/2026,TUMBES,PROVINCIAL,FAMILIA,FAMILIA PENAL,DENUNCIA,,110,98,240101,TUMBES,TUMBES,TUMBES,23/06/2026
ENERO - MAYO,2026,08/06/2026,TUMBES,PROVINCIAL,FAMILIA,FAMILIA PENAL,EXPEDIENTE,,19,13,240101,TUMBES,TUMBES,TUMBES,23/06/2026
ENERO - MAYO,2026,08/06/2026,TUMBES,PROVINCIAL,FAMILIA,FAMILIA TUTELAR,DENUNCIA,,22,18,240101,TUMBES,TUMBES,TUMBES,23/06/2026
ENERO - MAYO,2026,08/06/2026,TUMBES,PROVINCIAL,FAMILIA,FAMILIA TUTELAR,EXPEDIENTE,,36,35,240101,TUMBES,TUMBES,TUMBES,23/06/2026
ENERO - MAYO,2026,08/06/2026,TUMBES,PROVINCIAL,PENAL,PENAL,DENUNCIA,CONTRA LA CRIMINALIDAD ORGANIZADA,7,7,240101,TUMBES,TUMBES,TUMBES,23/06/2026
ENERO - MAYO,2026,08/06/2026,TUMBES,PROVINCIAL,PENAL,PENAL,DENUNCIA,DELITOS ADUANEROS Y CONTRA LA PROPIEDAD INTELECTUAL,107,104,240101,TUMBES,TUMBES,TUMBES,23/06/2026
ENERO - MAYO,2026,08/06/2026,TUMBES,PROVINCIAL,PENAL,PENAL,DENUNCIA,DELITOS DE CORRUPCION DE FUNCIONARIOS,113,107,240101,TUMBES,TUMBES,TUMBES,23/06/2026
ENERO - MAYO,2026,08/06/2026,TUMBES,PROVINCIAL,PENAL,PENAL,DENUNCIA,DELITOS DE TRAFICO ILICITO DE DROGAS,22,21,240101,TUMBES,TUMBES,TUMBES,23/06/2026
ENERO - MAYO,2026,08/06/2026,TUMBES,PROVINCIAL,PENAL,PENAL,DENUNCIA,DELITOS DE TRATA DE PERSONAS,41,40,240101,TUMBES,TUMBES,TUMBES,23/06/2026
ENERO - MAYO,2026,08/06/2026,TUMBES,PROVINCIAL,PENAL,PENAL,DENUNCIA,LAVADO DE ACTIVOS Y PERDIDA DE DOMINIO,8,8,240101,TUMBES,TUMBES,TUMBES,23/06/2026
ENERO - MAYO,2026,08/06/2026,TUMBES,PROVINCIAL,PENAL,PENAL,DENUNCIA,MATERIA AMBIENTAL,71,71,240101,TUMBES,TUMBES,TUMBES,23/06/2026
ENERO - MAYO,2026,08/06/2026,TUMBES,PROVINCIAL,PENAL,PENAL,DENUNCIA,VIOLENCIA CONTRA LA MUJER Y LOS INTEGRANTES DEL GRUPO FAMILIAR,665,665,240101,TUMBES,TUMBES,TUMBES,23/06/2026
ENERO - MAYO,2026,08/06/2026,TUMBES,PROVINCIAL,PENAL,PENAL,DENUNCIA,,2792,2699,240101,TUMBES,TUMBES,TUMBES,23/06/2026
ENERO - MAYO,2026,08/06/2026,TUMBES,PROVINCIAL,PENAL,PENAL,INVESTIGACION PREVENTIVA,MATERIA AMBIENTAL,18,18,240101,TUMBES,TUMBES,TUMBES,23/06/2026
ENERO - MAYO,2026,08/06/2026,TUMBES,PROVINCIAL,PENAL,PENAL,INVESTIGACION PREVENTIVA,,5,5,240101,TUMBES,TUMBES,TUMBES,23/06/2026
ENERO - MAYO,2026,08/06/2026,TUMBES,SUPERIOR,FAMILIA,FAMILIA CIVIL,EXPEDIENTE,,3,3,240101,TUMBES,TUMBES,TUMBES,23/06/2026
ENERO - MAYO,2026,08/06/2026,TUMBES,SUPERIOR,FAMILIA,FAMILIA PENAL,EXPEDIENTE,,5,5,240101,TUMBES,TUMBES,TUMBES,23/06/2026
ENERO - MAYO,2026,08/06/2026,TUMBES,SUPERIOR,FAMILIA,FAMILIA TUTELAR,EXPEDIENTE,,31,31,240101,TUMBES,TUMBES,TUMBES,23/06/2026
ENERO - MAYO,2026,08/06/2026,TUMBES,SUPERIOR,PENAL,PENAL,APELACION DENUNCIA,,362,351,240101,TUMBES,TUMBES,TUMBES,23/06/2026
ENERO - MAYO,2026,08/06/2026,TUMBES,SUPERIOR,PENAL,PENAL,CONSULTAS,,49,49,240101,TUMBES,TUMBES,TUMBES,23/06/2026
ENERO - MAYO,2026,08/06/2026,TUMBES,SUPERIOR,PENAL,PENAL,DENUNCIA,,4,4,240101,TUMBES,TUMBES,TUMBES,23/06/2026
ENERO - MAYO,2026,08/06/2026,TUMBES,SUPERIOR,PENAL,PENAL,EXCLUSION FISCAL,,3,3,240101,TUMBES,TUMBES,TUMBES,23/06/2026
ENERO - MAYO,2026,08/06/2026,TUMBES,SUPERIOR,PENAL,PENAL,QUEJAS,,235,235,240101,TUMBES,TUMBES,TUMBES,23/06/2026
ENERO - MAYO,2026,08/06/2026,UCAYALI,PROVINCIAL,CIVIL,CIVIL,EXPEDIENTE,,16,9,250101,UCAYALI,CORONEL PORTILLO,CALLERIA,23/06/2026
ENERO - MAYO,2026,08/06/2026,UCAYALI,PROVINCIAL,FAMILIA,ACTOS CONTRA LA LIBERTAD SEXUAL,DENUNCIA,,4,0,250101,UCAYALI,CORONEL PORTILLO,CALLERIA,23/06/2026
ENERO - MAYO,2026,08/06/2026,UCAYALI,PROVINCIAL,FAMILIA,FAMILIA CIVIL,EXPEDIENTE,,173,150,250101,UCAYALI,CORONEL PORTILLO,CALLERIA,23/06/2026
ENERO - MAYO,2026,08/06/2026,UCAYALI,PROVINCIAL,FAMILIA,FAMILIA PENAL,DENUNCIA,,466,325,250101,UCAYALI,CORONEL PORTILLO,CALLERIA,23/06/2026
ENERO - MAYO,2026,08/06/2026,UCAYALI,PROVINCIAL,FAMILIA,FAMILIA PENAL,EXPEDIENTE,,65,59,250101,UCAYALI,CORONEL PORTILLO,CALLERIA,23/06/2026
ENERO - MAYO,2026,08/06/2026,UCAYALI,PROVINCIAL,FAMILIA,FAMILIA TUTELAR,DENUNCIA,,342,223,250101,UCAYALI,CORONEL PORTILLO,CALLERIA,23/06/2026
ENERO - MAYO,2026,08/06/2026,UCAYALI,PROVINCIAL,FAMILIA,FAMILIA TUTELAR,EXPEDIENTE,,61,52,250101,UCAYALI,CORONEL PORTILLO,CALLERIA,23/06/2026
ENERO - MAYO,2026,08/06/2026,UCAYALI,PROVINCIAL,FAMILIA,VIOLENCIA FAMILIAR,DENUNCIA,,5,4,250101,UCAYALI,CORONEL PORTILLO,CALLERIA,23/06/2026
ENERO - MAYO,2026,08/06/2026,UCAYALI,PROVINCIAL,FAMILIA,VIOLENCIA FAMILIAR,EXPEDIENTE,,1,1,250101,UCAYALI,CORONEL PORTILLO,CALLERIA,23/06/2026
ENERO - MAYO,2026,08/06/2026,UCAYALI,PROVINCIAL,PENAL,PENAL,DENUNCIA,CONTRA LA CRIMINALIDAD ORGANIZADA,27,25,250101,UCAYALI,CORONEL PORTILLO,CALLERIA,23/06/2026
ENERO - MAYO,2026,08/06/2026,UCAYALI,PROVINCIAL,PENAL,PENAL,DENUNCIA,DELITOS DE CORRUPCION DE FUNCIONARIOS,225,162,250101,UCAYALI,CORONEL PORTILLO,CALLERIA,23/06/2026
ENERO - MAYO,2026,08/06/2026,UCAYALI,PROVINCIAL,PENAL,PENAL,DENUNCIA,DELITOS DE TRAFICO ILICITO DE DROGAS,227,219,250101,UCAYALI,CORONEL PORTILLO,CALLERIA,23/06/2026
ENERO - MAYO,2026,08/06/2026,UCAYALI,PROVINCIAL,PENAL,PENAL,DENUNCIA,MATERIA AMBIENTAL,389,316,250101,UCAYALI,CORONEL PORTILLO,CALLERIA,23/06/2026
ENERO - MAYO,2026,08/06/2026,UCAYALI,PROVINCIAL,PENAL,PENAL,DENUNCIA,,7856,6568,250101,UCAYALI,CORONEL PORTILLO,CALLERIA,23/06/2026
ENERO - MAYO,2026,08/06/2026,UCAYALI,PROVINCIAL,PENAL,PENAL,INVESTIGACION PREVENTIVA,,40,33,250101,UCAYALI,CORONEL PORTILLO,CALLERIA,23/06/2026
ENERO - MAYO,2026,08/06/2026,UCAYALI,SUPERIOR,CIVIL,CIVIL,EXPEDIENTE,,1,1,250101,UCAYALI,CORONEL PORTILLO,CALLERIA,23/06/2026
ENERO - MAYO,2026,08/06/2026,UCAYALI,SUPERIOR,FAMILIA,FAMILIA CIVIL,EXPEDIENTE,,37,37,250101,UCAYALI,CORONEL PORTILLO,CALLERIA,23/06/2026
ENERO - MAYO,2026,08/06/2026,UCAYALI,SUPERIOR,FAMILIA,FAMILIA CIVIL,INCIDENTE,,2,2,250101,UCAYALI,CORONEL PORTILLO,CALLERIA,23/06/2026
ENERO - MAYO,2026,08/06/2026,UCAYALI,SUPERIOR,FAMILIA,FAMILIA PENAL,EXPEDIENTE,,16,16,250101,UCAYALI,CORONEL PORTILLO,CALLERIA,23/06/2026
ENERO - MAYO,2026,08/06/2026,UCAYALI,SUPERIOR,FAMILIA,FAMILIA PENAL,INCIDENTE,,1,1,250101,UCAYALI,CORONEL PORTILLO,CALLERIA,23/06/2026
ENERO - MAYO,2026,08/06/2026,UCAYALI,SUPERIOR,FAMILIA,FAMILIA TUTELAR,EXPEDIENTE,,24,22,250101,UCAYALI,CORONEL PORTILLO,CALLERIA,23/06/2026
ENERO - MAYO,2026,08/06/2026,UCAYALI,SUPERIOR,FAMILIA,VIOLENCIA FAMILIAR,EXPEDIENTE,,7,7,250101,UCAYALI,CORONEL PORTILLO,CALLERIA,23/06/2026
ENERO - MAYO,2026,08/06/2026,UCAYALI,SUPERIOR,FAMILIA,VIOLENCIA FAMILIAR,INCIDENTE,,9,9,250101,UCAYALI,CORONEL PORTILLO,CALLERIA,23/06/2026
ENERO - MAYO,2026,08/06/2026,UCAYALI,SUPERIOR,PENAL,PENAL,APELACION DENUNCIA,DELITOS DE CORRUPCION DE FUNCIONARIOS,25,21,250101,UCAYALI,CORONEL PORTILLO,CALLERIA,23/06/2026
ENERO - MAYO,2026,08/06/2026,UCAYALI,SUPERIOR,PENAL,PENAL,APELACION DENUNCIA,,435,375,250101,UCAYALI,CORONEL PORTILLO,CALLERIA,23/06/2026
ENERO - MAYO,2026,08/06/2026,UCAYALI,SUPERIOR,PENAL,PENAL,APELACION EXPEDIENTE,,4,4,250101,UCAYALI,CORONEL PORTILLO,CALLERIA,23/06/2026
ENERO - MAYO,2026,08/06/2026,UCAYALI,SUPERIOR,PENAL,PENAL,CONSULTAS,DELITOS DE CORRUPCION DE FUNCIONARIOS,8,7,250101,UCAYALI,CORONEL PORTILLO,CALLERIA,23/06/2026
ENERO - MAYO,2026,08/06/2026,UCAYALI,SUPERIOR,PENAL,PENAL,CONSULTAS,,81,74,250101,UCAYALI,CORONEL PORTILLO,CALLERIA,23/06/2026
ENERO - MAYO,2026,08/06/2026,UCAYALI,SUPERIOR,PENAL,PENAL,DENUNCIA,DELITOS DE CORRUPCION DE FUNCIONARIOS,8,8,250101,UCAYALI,CORONEL PORTILLO,CALLERIA,23/06/2026
ENERO - MAYO,2026,08/06/2026,UCAYALI,SUPERIOR,PENAL,PENAL,DENUNCIA,,40,37,250101,UCAYALI,CORONEL PORTILLO,CALLERIA,23/06/2026
ENERO - MAYO,2026,08/06/2026,UCAYALI,SUPERIOR,PENAL,PENAL,EXCLUSION FISCAL,DELITOS DE CORRUPCION DE FUNCIONARIOS,4,4,250101,UCAYALI,CORONEL PORTILLO,CALLERIA,23/06/2026
ENERO - MAYO,2026,08/06/2026,UCAYALI,SUPERIOR,PENAL,PENAL,EXCLUSION FISCAL,,6,6,250101,UCAYALI,CORONEL PORTILLO,CALLERIA,23/06/2026
ENERO - MAYO,2026,08/06/2026,UCAYALI,SUPERIOR,PENAL,PENAL,EXPEDIENTE,DELITOS DE CORRUPCION DE FUNCIONARIOS,1,1,250101,UCAYALI,CORONEL PORTILLO,CALLERIA,23/06/2026
ENERO - MAYO,2026,08/06/2026,UCAYALI,SUPERIOR,PENAL,PENAL,EXPEDIENTE,,129,117,250101,UCAYALI,CORONEL PORTILLO,CALLERIA,23/06/2026
ENERO - MAYO,2026,08/06/2026,UCAYALI,SUPERIOR,PENAL,PENAL,QUEJAS,DELITOS DE CORRUPCION DE FUNCIONARIOS,30,29,250101,UCAYALI,CORONEL PORTILLO,CALLERIA,23/06/2026
ENERO - MAYO,2026,08/06/2026,UCAYALI,SUPERIOR,PENAL,PENAL,QUEJAS,,422,323,250101,UCAYALI,CORONEL PORTILLO,CALLERIA,23/06/2026
ENERO - MAYO,2026,07/06/2026,AMAZONAS,SUPERIOR,PENAL,PENAL,APELACION DENUNCIA,,301,298,010101,AMAZONAS,CHACHAPOYAS,CHACHAPOYAS,23/06/2026
ENERO - MAYO,2026,07/06/2026,AMAZONAS,SUPERIOR,PENAL,PENAL,CONSULTAS,,46,43,010101,AMAZONAS,CHACHAPOYAS,CHACHAPOYAS,23/06/2026
ENERO - MAYO,2026,07/06/2026,AMAZONAS,SUPERIOR,PENAL,PENAL,DENUNCIA,,23,22,010101,AMAZONAS,CHACHAPOYAS,CHACHAPOYAS,23/06/2026
ENERO - MAYO,2026,07/06/2026,AMAZONAS,SUPERIOR,PENAL,PENAL,EXCLUSION FISCAL,,7,6,010101,AMAZONAS,CHACHAPOYAS,CHACHAPOYAS,23/06/2026
ENERO - MAYO,2026,07/06/2026,AMAZONAS,SUPERIOR,PENAL,PENAL,EXPEDIENTE,,9,9,010101,AMAZONAS,CHACHAPOYAS,CHACHAPOYAS,23/06/2026
ENERO - MAYO,2026,07/06/2026,AMAZONAS,SUPERIOR,PENAL,PENAL,INCIDENTE-EXPEDIENTE,,1,1,010101,AMAZONAS,CHACHAPOYAS,CHACHAPOYAS,23/06/2026
ENERO - MAYO,2026,07/06/2026,AMAZONAS,SUPERIOR,PENAL,PENAL,QUEJAS,,190,172,010101,AMAZONAS,CHACHAPOYAS,CHACHAPOYAS,23/06/2026
ENERO - MAYO,2026,07/06/2026,ANCASH,SUPERIOR,PENAL,PENAL,APELACION DENUNCIA,,451,343,020101,ANCASH,HUARAZ,HUARAZ,23/06/2026
ENERO - MAYO,2026,07/06/2026,ANCASH,SUPERIOR,PENAL,PENAL,APELACION EXPEDIENTE,,3,3,020101,ANCASH,HUARAZ,HUARAZ,23/06/2026
ENERO - MAYO,2026,07/06/2026,ANCASH,SUPERIOR,PENAL,PENAL,CONSULTAS,,125,123,020101,ANCASH,HUARAZ,HUARAZ,23/06/2026
ENERO - MAYO,2026,07/06/2026,ANCASH,SUPERIOR,PENAL,PENAL,DENUNCIA,,47,47,020101,ANCASH,HUARAZ,HUARAZ,23/06/2026
ENERO - MAYO,2026,07/06/2026,ANCASH,SUPERIOR,PENAL,PENAL,EXCLUSION FISCAL,,18,18,020101,ANCASH,HUARAZ,HUARAZ,23/06/2026
ENERO - MAYO,2026,07/06/2026,ANCASH,SUPERIOR,PENAL,PENAL,EXPEDIENTE,,6,6,020101,ANCASH,HUARAZ,HUARAZ,23/06/2026
ENERO - MAYO,2026,07/06/2026,ANCASH,SUPERIOR,PENAL,PENAL,INCIDENTE-EXPEDIENTE,,7,7,020101,ANCASH,HUARAZ,HUARAZ,23/06/2026
ENERO - MAYO,2026,07/06/2026,ANCASH,SUPERIOR,PENAL,PENAL,QUEJAS,,719,713,020101,ANCASH,HUARAZ,HUARAZ,23/06/2026
ENERO - MAYO,2026,07/06/2026,APURIMAC,SUPERIOR,PENAL,PENAL,APELACION DENUNCIA,,308,295,030101,APURIMAC,ABANCAY,ABANCAY,23/06/2026
ENERO - MAYO,2026,07/06/2026,APURIMAC,SUPERIOR,PENAL,PENAL,APELACION EXPEDIENTE,,1,1,030101,APURIMAC,ABANCAY,ABANCAY,23/06/2026
ENERO - MAYO,2026,07/06/2026,APURIMAC,SUPERIOR,PENAL,PENAL,CONSULTAS,,37,35,030101,APURIMAC,ABANCAY,ABANCAY,23/06/2026
ENERO - MAYO,2026,07/06/2026,APURIMAC,SUPERIOR,PENAL,PENAL,DENUNCIA,,18,18,030101,APURIMAC,ABANCAY,ABANCAY,23/06/2026
ENERO - MAYO,2026,07/06/2026,APURIMAC,SUPERIOR,PENAL,PENAL,EXCLUSION FISCAL,,4,4,030101,APURIMAC,ABANCAY,ABANCAY,23/06/2026
ENERO - MAYO,2026,07/06/2026,APURIMAC,SUPERIOR,PENAL,PENAL,EXPEDIENTE,,4,4,030101,APURIMAC,ABANCAY,ABANCAY,23/06/2026
ENERO - MAYO,2026,07/06/2026,APURIMAC,SUPERIOR,PENAL,PENAL,INCIDENTE-EXPEDIENTE,,2,2,030101,APURIMAC,ABANCAY,ABANCAY,23/06/2026
ENERO - MAYO,2026,07/06/2026,APURIMAC,SUPERIOR,PENAL,PENAL,QUEJAS,,246,238,030101,APURIMAC,ABANCAY,ABANCAY,23/06/2026
ENERO - MAYO,2026,07/06/2026,AREQUIPA,SUPERIOR,PENAL,PENAL,APELACION DENUNCIA,VIOLENCIA CONTRA LA MUJER Y LOS INTEGRANTES DEL GRUPO FAMILIAR,168,162,040101,AREQUIPA,AREQUIPA,AREQUIPA,23/06/2026
ENERO - MAYO,2026,07/06/2026,AREQUIPA,SUPERIOR,PENAL,PENAL,APELACION DENUNCIA,,1014,806,040101,AREQUIPA,AREQUIPA,AREQUIPA,23/06/2026
ENERO - MAYO,2026,07/06/2026,AREQUIPA,SUPERIOR,PENAL,PENAL,CONSULTAS,VIOLENCIA CONTRA LA MUJER Y LOS INTEGRANTES DEL GRUPO FAMILIAR,77,75,040101,AREQUIPA,AREQUIPA,AREQUIPA,23/06/2026
ENERO - MAYO,2026,07/06/2026,AREQUIPA,SUPERIOR,PENAL,PENAL,CONSULTAS,,180,161,040101,AREQUIPA,AREQUIPA,AREQUIPA,23/06/2026
ENERO - MAYO,2026,07/06/2026,AREQUIPA,SUPERIOR,PENAL,PENAL,DENUNCIA,,95,86,040101,AREQUIPA,AREQUIPA,AREQUIPA,23/06/2026
ENERO - MAYO,2026,07/06/2026,AREQUIPA,SUPERIOR,PENAL,PENAL,EXCLUSION FISCAL,VIOLENCIA CONTRA LA MUJER Y LOS INTEGRANTES DEL GRUPO FAMILIAR,6,6,040101,AREQUIPA,AREQUIPA,AREQUIPA,23/06/2026
ENERO - MAYO,2026,07/06/2026,AREQUIPA,SUPERIOR,PENAL,PENAL,EXCLUSION FISCAL,,26,23,040101,AREQUIPA,AREQUIPA,AREQUIPA,23/06/2026
ENERO - MAYO,2026,07/06/2026,AREQUIPA,SUPERIOR,PENAL,PENAL,EXPEDIENTE,,14,2,040101,AREQUIPA,AREQUIPA,AREQUIPA,23/06/2026
ENERO - MAYO,2026,07/06/2026,AREQUIPA,SUPERIOR,PENAL,PENAL,INCIDENTE-EXPEDIENTE,,5,3,040101,AREQUIPA,AREQUIPA,AREQUIPA,23/06/2026
ENERO - MAYO,2026,07/06/2026,AREQUIPA,SUPERIOR,PENAL,PENAL,QUEJAS,VIOLENCIA CONTRA LA MUJER Y LOS INTEGRANTES DEL GRUPO FAMILIAR,255,219,040101,AREQUIPA,AREQUIPA,AREQUIPA,23/06/2026
ENERO - MAYO,2026,07/06/2026,AREQUIPA,SUPERIOR,PENAL,PENAL,QUEJAS,,1469,1289,040101,AREQUIPA,AREQUIPA,AREQUIPA,23/06/2026
ENERO - MAYO,2026,07/06/2026,AYACUCHO,SUPERIOR,PENAL,PENAL,APELACION DENUNCIA,,424,424,050110,AYACUCHO,HUAMANGA,SAN JUAN BAUTISTA,23/06/2026
ENERO - MAYO,2026,07/06/2026,AYACUCHO,SUPERIOR,PENAL,PENAL,APELACION EXPEDIENTE,,2,2,050110,AYACUCHO,HUAMANGA,SAN JUAN BAUTISTA,23/06/2026
ENERO - MAYO,2026,07/06/2026,AYACUCHO,SUPERIOR,PENAL,PENAL,CONSULTAS,,77,76,050110,AYACUCHO,HUAMANGA,SAN JUAN BAUTISTA,23/06/2026
ENERO - MAYO,2026,07/06/2026,AYACUCHO,SUPERIOR,PENAL,PENAL,DENUNCIA,,39,36,050110,AYACUCHO,HUAMANGA,SAN JUAN BAUTISTA,23/06/2026
ENERO - MAYO,2026,07/06/2026,AYACUCHO,SUPERIOR,PENAL,PENAL,EXCLUSION FISCAL,,13,13,050110,AYACUCHO,HUAMANGA,SAN JUAN BAUTISTA,23/06/2026
ENERO - MAYO,2026,07/06/2026,AYACUCHO,SUPERIOR,PENAL,PENAL,EXPEDIENTE,,65,62,050110,AYACUCHO,HUAMANGA,SAN JUAN BAUTISTA,23/06/2026
ENERO - MAYO,2026,07/06/2026,AYACUCHO,SUPERIOR,PENAL,PENAL,INCIDENTE-EXPEDIENTE,,5,5,050110,AYACUCHO,HUAMANGA,SAN JUAN BAUTISTA,23/06/2026
ENERO - MAYO,2026,07/06/2026,AYACUCHO,SUPERIOR,PENAL,PENAL,QUEJAS,,497,497,050110,AYACUCHO,HUAMANGA,SAN JUAN BAUTISTA,23/06/2026
ENERO - MAYO,2026,07/06/2026,CAJAMARCA,SUPERIOR,PENAL,PENAL,APELACION DENUNCIA,,311,311,060101,CAJAMARCA,CAJAMARCA,CAJAMARCA,23/06/2026
ENERO - MAYO,2026,07/06/2026,CAJAMARCA,SUPERIOR,PENAL,PENAL,APELACION EXPEDIENTE,,41,41,060101,CAJAMARCA,CAJAMARCA,CAJAMARCA,23/06/2026
ENERO - MAYO,2026,07/06/2026,CAJAMARCA,SUPERIOR,PENAL,PENAL,CONSULTAS,,133,124,060101,CAJAMARCA,CAJAMARCA,CAJAMARCA,23/06/2026
ENERO - MAYO,2026,07/06/2026,CAJAMARCA,SUPERIOR,PENAL,PENAL,DENUNCIA,,15,12,060101,CAJAMARCA,CAJAMARCA,CAJAMARCA,23/06/2026
ENERO - MAYO,2026,07/06/2026,CAJAMARCA,SUPERIOR,PENAL,PENAL,EXCLUSION FISCAL,,14,14,060101,CAJAMARCA,CAJAMARCA,CAJAMARCA,23/06/2026
ENERO - MAYO,2026,07/06/2026,CAJAMARCA,SUPERIOR,PENAL,PENAL,EXPEDIENTE,,5,3,060101,CAJAMARCA,CAJAMARCA,CAJAMARCA,23/06/2026
ENERO - MAYO,2026,07/06/2026,CAJAMARCA,SUPERIOR,PENAL,PENAL,QUEJAS,,792,736,060101,CAJAMARCA,CAJAMARCA,CAJAMARCA,23/06/2026
ENERO - MAYO,2026,07/06/2026,CALLAO,SUPERIOR,PENAL,PENAL,APELACION DENUNCIA,,507,465,070101,CALLAO,CALLAO,CALLAO,23/06/2026
ENERO - MAYO,2026,07/06/2026,CALLAO,SUPERIOR,PENAL,PENAL,APELACION EXPEDIENTE,,32,32,070101,CALLAO,CALLAO,CALLAO,23/06/2026
ENERO - MAYO,2026,07/06/2026,CALLAO,SUPERIOR,PENAL,PENAL,CONSULTAS,,114,108,070101,CALLAO,CALLAO,CALLAO,23/06/2026
ENERO - MAYO,2026,07/06/2026,CALLAO,SUPERIOR,PENAL,PENAL,DENUNCIA,,43,43,070101,CALLAO,CALLAO,CALLAO,23/06/2026
ENERO - MAYO,2026,07/06/2026,CALLAO,SUPERIOR,PENAL,PENAL,EXCLUSION FISCAL,,12,12,070101,CALLAO,CALLAO,CALLAO,23/06/2026
ENERO - MAYO,2026,07/06/2026,CALLAO,SUPERIOR,PENAL,PENAL,EXPEDIENTE,,119,89,070101,CALLAO,CALLAO,CALLAO,23/06/2026
ENERO - MAYO,2026,07/06/2026,CALLAO,SUPERIOR,PENAL,PENAL,INCIDENTE-EXPEDIENTE,,7,6,070101,CALLAO,CALLAO,CALLAO,23/06/2026
ENERO - MAYO,2026,07/06/2026,CALLAO,SUPERIOR,PENAL,PENAL,QUEJAS,,646,580,070101,CALLAO,CALLAO,CALLAO,23/06/2026
ENERO - MAYO,2026,07/06/2026,CAÑETE,SUPERIOR,PENAL,PENAL,APELACION DENUNCIA,,133,128,150501,LIMA,CAÑETE,SAN VICENTE DE CAÑETE,23/06/2026
ENERO - MAYO,2026,07/06/2026,CAÑETE,SUPERIOR,PENAL,PENAL,APELACION EXPEDIENTE,,20,10,150501,LIMA,CAÑETE,SAN VICENTE DE CAÑETE,23/06/2026
ENERO - MAYO,2026,07/06/2026,CAÑETE,SUPERIOR,PENAL,PENAL,CONSULTAS,,42,32,150501,LIMA,CAÑETE,SAN VICENTE DE CAÑETE,23/06/2026
ENERO - MAYO,2026,07/06/2026,CAÑETE,SUPERIOR,PENAL,PENAL,DENUNCIA,,34,31,150501,LIMA,CAÑETE,SAN VICENTE DE CAÑETE,23/06/2026
ENERO - MAYO,2026,07/06/2026,CAÑETE,SUPERIOR,PENAL,PENAL,EXCLUSION FISCAL,,1,1,150501,LIMA,CAÑETE,SAN VICENTE DE CAÑETE,23/06/2026
ENERO - MAYO,2026,07/06/2026,CAÑETE,SUPERIOR,PENAL,PENAL,EXPEDIENTE,,9,7,150501,LIMA,CAÑETE,SAN VICENTE DE CAÑETE,23/06/2026
ENERO - MAYO,2026,07/06/2026,CAÑETE,SUPERIOR,PENAL,PENAL,INCIDENTE-EXPEDIENTE,,6,5,150501,LIMA,CAÑETE,SAN VICENTE DE CAÑETE,23/06/2026
ENERO - MAYO,2026,07/06/2026,CAÑETE,SUPERIOR,PENAL,PENAL,QUEJAS,,220,157,150501,LIMA,CAÑETE,SAN VICENTE DE CAÑETE,23/06/2026
ENERO - MAYO,2026,07/06/2026,CUSCO,SUPERIOR,PENAL,PENAL,APELACION DENUNCIA,VIOLENCIA CONTRA LA MUJER Y LOS INTEGRANTES DEL GRUPO FAMILIAR,664,663,080108,CUSCO,CUSCO,WANCHAQ,23/06/2026
ENERO - MAYO,2026,07/06/2026,CUSCO,SUPERIOR,PENAL,PENAL,APELACION DENUNCIA,,521,484,080108,CUSCO,CUSCO,WANCHAQ,23/06/2026
ENERO - MAYO,2026,07/06/2026,CUSCO,SUPERIOR,PENAL,PENAL,APELACION EXPEDIENTE,,4,2,080108,CUSCO,CUSCO,WANCHAQ,23/06/2026
ENERO - MAYO,2026,07/06/2026,CUSCO,SUPERIOR,PENAL,PENAL,CONSULTAS,VIOLENCIA CONTRA LA MUJER Y LOS INTEGRANTES DEL GRUPO FAMILIAR,43,43,080108,CUSCO,CUSCO,WANCHAQ,23/06/2026
ENERO - MAYO,2026,07/06/2026,CUSCO,SUPERIOR,PENAL,PENAL,CONSULTAS,,242,220,080108,CUSCO,CUSCO,WANCHAQ,23/06/2026
ENERO - MAYO,2026,07/06/2026,CUSCO,SUPERIOR,PENAL,PENAL,DENUNCIA,,55,54,080108,CUSCO,CUSCO,WANCHAQ,23/06/2026
ENERO - MAYO,2026,07/06/2026,CUSCO,SUPERIOR,PENAL,PENAL,EXCLUSION FISCAL,VIOLENCIA CONTRA LA MUJER Y LOS INTEGRANTES DEL GRUPO FAMILIAR,2,2,080108,CUSCO,CUSCO,WANCHAQ,23/06/2026
ENERO - MAYO,2026,07/06/2026,CUSCO,SUPERIOR,PENAL,PENAL,EXCLUSION FISCAL,,7,7,080108,CUSCO,CUSCO,WANCHAQ,23/06/2026
ENERO - MAYO,2026,07/06/2026,CUSCO,SUPERIOR,PENAL,PENAL,EXPEDIENTE,,5,2,080108,CUSCO,CUSCO,WANCHAQ,23/06/2026
ENERO - MAYO,2026,07/06/2026,CUSCO,SUPERIOR,PENAL,PENAL,INCIDENTE-EXPEDIENTE,,1,1,080108,CUSCO,CUSCO,WANCHAQ,23/06/2026
ENERO - MAYO,2026,07/06/2026,CUSCO,SUPERIOR,PENAL,PENAL,QUEJAS,VIOLENCIA CONTRA LA MUJER Y LOS INTEGRANTES DEL GRUPO FAMILIAR,109,109,080108,CUSCO,CUSCO,WANCHAQ,23/06/2026
ENERO - MAYO,2026,07/06/2026,CUSCO,SUPERIOR,PENAL,PENAL,QUEJAS,,1089,924,080108,CUSCO,CUSCO,WANCHAQ,23/06/2026
ENERO - MAYO,2026,07/06/2026,HUANCAVELICA,SUPERIOR,PENAL,PENAL,APELACION DENUNCIA,,157,157,090101,HUANCAVELICA,HUANCAVELICA,HUANCAVELICA,23/06/2026
ENERO - MAYO,2026,07/06/2026,HUANCAVELICA,SUPERIOR,PENAL,PENAL,APELACION EXPEDIENTE,,2,2,090101,HUANCAVELICA,HUANCAVELICA,HUANCAVELICA,23/06/2026
ENERO - MAYO,2026,07/06/2026,HUANCAVELICA,SUPERIOR,PENAL,PENAL,CONSULTAS,,31,31,090101,HUANCAVELICA,HUANCAVELICA,HUANCAVELICA,23/06/2026
ENERO - MAYO,2026,07/06/2026,HUANCAVELICA,SUPERIOR,PENAL,PENAL,DENUNCIA,,17,17,090101,HUANCAVELICA,HUANCAVELICA,HUANCAVELICA,23/06/2026
ENERO - MAYO,2026,07/06/2026,HUANCAVELICA,SUPERIOR,PENAL,PENAL,EXCLUSION FISCAL,,3,3,090101,HUANCAVELICA,HUANCAVELICA,HUANCAVELICA,23/06/2026
ENERO - MAYO,2026,07/06/2026,HUANCAVELICA,SUPERIOR,PENAL,PENAL,EXPEDIENTE,,3,3,090101,HUANCAVELICA,HUANCAVELICA,HUANCAVELICA,23/06/2026
ENERO - MAYO,2026,07/06/2026,HUANCAVELICA,SUPERIOR,PENAL,PENAL,INCIDENTE-EXPEDIENTE,,1,1,090101,HUANCAVELICA,HUANCAVELICA,HUANCAVELICA,23/06/2026
ENERO - MAYO,2026,07/06/2026,HUANCAVELICA,SUPERIOR,PENAL,PENAL,QUEJAS,,148,148,090101,HUANCAVELICA,HUANCAVELICA,HUANCAVELICA,23/06/2026
ENERO - MAYO,2026,07/06/2026,HUANUCO,SUPERIOR,PENAL,PENAL,APELACION DENUNCIA,,605,604,100101,HUANUCO,HUANUCO,HUANUCO,23/06/2026
ENERO - MAYO,2026,07/06/2026,HUANUCO,SUPERIOR,PENAL,PENAL,CONSULTAS,,201,200,100101,HUANUCO,HUANUCO,HUANUCO,23/06/2026
ENERO - MAYO,2026,07/06/2026,HUANUCO,SUPERIOR,PENAL,PENAL,DENUNCIA,,28,28,100101,HUANUCO,HUANUCO,HUANUCO,23/06/2026
ENERO - MAYO,2026,07/06/2026,HUANUCO,SUPERIOR,PENAL,PENAL,EXCLUSION FISCAL,,24,23,100101,HUANUCO,HUANUCO,HUANUCO,23/06/2026
ENERO - MAYO,2026,07/06/2026,HUANUCO,SUPERIOR,PENAL,PENAL,EXPEDIENTE,,66,55,100101,HUANUCO,HUANUCO,HUANUCO,23/06/2026
ENERO - MAYO,2026,07/06/2026,HUANUCO,SUPERIOR,PENAL,PENAL,INCIDENTE-EXPEDIENTE,,9,9,100101,HUANUCO,HUANUCO,HUANUCO,23/06/2026
ENERO - MAYO,2026,07/06/2026,HUANUCO,SUPERIOR,PENAL,PENAL,QUEJAS,,825,820,100101,HUANUCO,HUANUCO,HUANUCO,23/06/2026
ENERO - MAYO,2026,07/06/2026,HUAURA,SUPERIOR,PENAL,PENAL,APELACION DENUNCIA,,436,435,150801,LIMA,HUAURA,HUACHO,23/06/2026
ENERO - MAYO,2026,07/06/2026,HUAURA,SUPERIOR,PENAL,PENAL,APELACION EXPEDIENTE,,2,2,150801,LIMA,HUAURA,HUACHO,23/06/2026
ENERO - MAYO,2026,07/06/2026,HUAURA,SUPERIOR,PENAL,PENAL,CONSULTAS,,40,40,150801,LIMA,HUAURA,HUACHO,23/06/2026
ENERO - MAYO,2026,07/06/2026,HUAURA,SUPERIOR,PENAL,PENAL,DENUNCIA,,23,23,150801,LIMA,HUAURA,HUACHO,23/06/2026
ENERO - MAYO,2026,07/06/2026,HUAURA,SUPERIOR,PENAL,PENAL,EXCLUSION FISCAL,,9,9,150801,LIMA,HUAURA,HUACHO,23/06/2026
ENERO - MAYO,2026,07/06/2026,HUAURA,SUPERIOR,PENAL,PENAL,EXPEDIENTE,,21,18,150801,LIMA,HUAURA,HUACHO,23/06/2026
ENERO - MAYO,2026,07/06/2026,HUAURA,SUPERIOR,PENAL,PENAL,QUEJAS,,310,309,150801,LIMA,HUAURA,HUACHO,23/06/2026
ENERO - MAYO,2026,07/06/2026,ICA,SUPERIOR,PENAL,PENAL,APELACION DENUNCIA,,898,887,110101,ICA,ICA,ICA,23/06/2026
ENERO - MAYO,2026,07/06/2026,ICA,SUPERIOR,PENAL,PENAL,APELACION EXPEDIENTE,,4,4,110101,ICA,ICA,ICA,23/06/2026
ENERO - MAYO,2026,07/06/2026,ICA,SUPERIOR,PENAL,PENAL,CONSULTAS,,87,85,110101,ICA,ICA,ICA,23/06/2026
ENERO - MAYO,2026,07/06/2026,ICA,SUPERIOR,PENAL,PENAL,DENUNCIA,,36,35,110101,ICA,ICA,ICA,23/06/2026
ENERO - MAYO,2026,07/06/2026,ICA,SUPERIOR,PENAL,PENAL,EXCLUSION FISCAL,,23,22,110101,ICA,ICA,ICA,23/06/2026
ENERO - MAYO,2026,07/06/2026,ICA,SUPERIOR,PENAL,PENAL,EXPEDIENTE,,16,16,110101,ICA,ICA,ICA,23/06/2026
ENERO - MAYO,2026,07/06/2026,ICA,SUPERIOR,PENAL,PENAL,QUEJAS,,786,771,110101,ICA,ICA,ICA,23/06/2026
ENERO - MAYO,2026,07/06/2026,JUNIN,SUPERIOR,PENAL,PENAL,APELACION DENUNCIA,VIOLENCIA CONTRA LA MUJER Y LOS INTEGRANTES DEL GRUPO FAMILIAR,115,115,120114,JUNIN,HUANCAYO,EL TAMBO,23/06/2026
ENERO - MAYO,2026,07/06/2026,JUNIN,SUPERIOR,PENAL,PENAL,APELACION DENUNCIA,,568,568,120114,JUNIN,HUANCAYO,EL TAMBO,23/06/2026
ENERO - MAYO,2026,07/06/2026,JUNIN,SUPERIOR,PENAL,PENAL,APELACION EXPEDIENTE,VIOLENCIA CONTRA LA MUJER Y LOS INTEGRANTES DEL GRUPO FAMILIAR,74,73,120114,JUNIN,HUANCAYO,EL TAMBO,23/06/2026
ENERO - MAYO,2026,07/06/2026,JUNIN,SUPERIOR,PENAL,PENAL,APELACION EXPEDIENTE,,220,219,120114,JUNIN,HUANCAYO,EL TAMBO,23/06/2026
ENERO - MAYO,2026,07/06/2026,JUNIN,SUPERIOR,PENAL,PENAL,CONSULTAS,VIOLENCIA CONTRA LA MUJER Y LOS INTEGRANTES DEL GRUPO FAMILIAR,16,16,120114,JUNIN,HUANCAYO,EL TAMBO,23/06/2026
ENERO - MAYO,2026,07/06/2026,JUNIN,SUPERIOR,PENAL,PENAL,CONSULTAS,,93,93,120114,JUNIN,HUANCAYO,EL TAMBO,23/06/2026
ENERO - MAYO,2026,07/06/2026,JUNIN,SUPERIOR,PENAL,PENAL,DENUNCIA,,63,63,120114,JUNIN,HUANCAYO,EL TAMBO,23/06/2026
ENERO - MAYO,2026,07/06/2026,JUNIN,SUPERIOR,PENAL,PENAL,EXCLUSION FISCAL,VIOLENCIA CONTRA LA MUJER Y LOS INTEGRANTES DEL GRUPO FAMILIAR,3,3,120114,JUNIN,HUANCAYO,EL TAMBO,23/06/2026
ENERO - MAYO,2026,07/06/2026,JUNIN,SUPERIOR,PENAL,PENAL,EXCLUSION FISCAL,,22,22,120114,JUNIN,HUANCAYO,EL TAMBO,23/06/2026
ENERO - MAYO,2026,07/06/2026,JUNIN,SUPERIOR,PENAL,PENAL,EXPEDIENTE,,29,23,120114,JUNIN,HUANCAYO,EL TAMBO,23/06/2026
ENERO - MAYO,2026,07/06/2026,JUNIN,SUPERIOR,PENAL,PENAL,INCIDENTE-EXPEDIENTE,,2,2,120114,JUNIN,HUANCAYO,EL TAMBO,23/06/2026
ENERO - MAYO,2026,07/06/2026,JUNIN,SUPERIOR,PENAL,PENAL,QUEJAS,VIOLENCIA CONTRA LA MUJER Y LOS INTEGRANTES DEL GRUPO FAMILIAR,78,77,120114,JUNIN,HUANCAYO,EL TAMBO,23/06/2026
ENERO - MAYO,2026,07/06/2026,JUNIN,SUPERIOR,PENAL,PENAL,QUEJAS,,790,790,120114,JUNIN,HUANCAYO,EL TAMBO,23/06/2026
ENERO - MAYO,2026,07/06/2026,LA LIBERTAD,SUPERIOR,PENAL,PENAL,APELACION DENUNCIA,,1401,1397,130101,LA LIBERTAD,TRUJILLO,TRUJILLO,23/06/2026
ENERO - MAYO,2026,07/06/2026,LA LIBERTAD,SUPERIOR,PENAL,PENAL,CONSULTAS,,228,208,130101,LA LIBERTAD,TRUJILLO,TRUJILLO,23/06/2026
ENERO - MAYO,2026,07/06/2026,LA LIBERTAD,SUPERIOR,PENAL,PENAL,DENUNCIA,,60,59,130101,LA LIBERTAD,TRUJILLO,TRUJILLO,23/06/2026
ENERO - MAYO,2026,07/06/2026,LA LIBERTAD,SUPERIOR,PENAL,PENAL,EXCLUSION FISCAL,,38,38,130101,LA LIBERTAD,TRUJILLO,TRUJILLO,23/06/2026
ENERO - MAYO,2026,07/06/2026,LA LIBERTAD,SUPERIOR,PENAL,PENAL,EXPEDIENTE,,82,81,130101,LA LIBERTAD,TRUJILLO,TRUJILLO,23/06/2026
ENERO - MAYO,2026,07/06/2026,LA LIBERTAD,SUPERIOR,PENAL,PENAL,QUEJAS,,824,769,130101,LA LIBERTAD,TRUJILLO,TRUJILLO,23/06/2026
ENERO - MAYO,2026,07/06/2026,LAMBAYEQUE,SUPERIOR,PENAL,PENAL,APELACION DENUNCIA,,856,854,140101,LAMBAYEQUE,CHICLAYO,CHICLAYO,23/06/2026
ENERO - MAYO,2026,07/06/2026,LAMBAYEQUE,SUPERIOR,PENAL,PENAL,CONSULTAS,,196,187,140101,LAMBAYEQUE,CHICLAYO,CHICLAYO,23/06/2026
ENERO - MAYO,2026,07/06/2026,LAMBAYEQUE,SUPERIOR,PENAL,PENAL,DENUNCIA,,52,44,140101,LAMBAYEQUE,CHICLAYO,CHICLAYO,23/06/2026
ENERO - MAYO,2026,07/06/2026,LAMBAYEQUE,SUPERIOR,PENAL,PENAL,EXCLUSION FISCAL,,18,18,140101,LAMBAYEQUE,CHICLAYO,CHICLAYO,23/06/2026
ENERO - MAYO,2026,07/06/2026,LAMBAYEQUE,SUPERIOR,PENAL,PENAL,EXPEDIENTE,,33,22,140101,LAMBAYEQUE,CHICLAYO,CHICLAYO,23/06/2026
ENERO - MAYO,2026,07/06/2026,LAMBAYEQUE,SUPERIOR,PENAL,PENAL,INCIDENTE-EXPEDIENTE,,1,1,140101,LAMBAYEQUE,CHICLAYO,CHICLAYO,23/06/2026
ENERO - MAYO,2026,07/06/2026,LAMBAYEQUE,SUPERIOR,PENAL,PENAL,QUEJAS,,1248,1242,140101,LAMBAYEQUE,CHICLAYO,CHICLAYO,23/06/2026
ENERO - MAYO,2026,07/06/2026,LIMA CENTRO,SUPERIOR,PENAL,PENAL,EXPEDIENTE,VIOLENCIA CONTRA LA MUJER Y LOS INTEGRANTES DEL GRUPO FAMILIAR,18,6,150101,LIMA,LIMA,LIMA,23/06/2026
ENERO - MAYO,2026,07/06/2026,LIMA CENTRO,SUPERIOR,PENAL,PENAL,EXPEDIENTE,,595,403,150101,LIMA,LIMA,LIMA,23/06/2026
ENERO - MAYO,2026,07/06/2026,LIMA CENTRO,SUPERIOR,PENAL,PENAL,QUEJAS,,61,26,150101,LIMA,LIMA,LIMA,23/06/2026
ENERO - MAYO,2026,07/06/2026,LIMA ESTE,SUPERIOR,PENAL,PENAL,APELACION DENUNCIA,VIOLENCIA CONTRA LA MUJER Y LOS INTEGRANTES DEL GRUPO FAMILIAR,126,125,150137,LIMA,LIMA,SANTA ANITA,23/06/2026
ENERO - MAYO,2026,07/06/2026,LIMA ESTE,SUPERIOR,PENAL,PENAL,APELACION DENUNCIA,,293,292,150137,LIMA,LIMA,SANTA ANITA,23/06/2026
ENERO - MAYO,2026,07/06/2026,LIMA ESTE,SUPERIOR,PENAL,PENAL,APELACION EXPEDIENTE,VIOLENCIA CONTRA LA MUJER Y LOS INTEGRANTES DEL GRUPO FAMILIAR,39,39,150137,LIMA,LIMA,SANTA ANITA,23/06/2026
ENERO - MAYO,2026,07/06/2026,LIMA ESTE,SUPERIOR,PENAL,PENAL,APELACION EXPEDIENTE,,36,28,150137,LIMA,LIMA,SANTA ANITA,23/06/2026
ENERO - MAYO,2026,07/06/2026,LIMA ESTE,SUPERIOR,PENAL,PENAL,CONSULTAS,VIOLENCIA CONTRA LA MUJER Y LOS INTEGRANTES DEL GRUPO FAMILIAR,42,34,150137,LIMA,LIMA,SANTA ANITA,23/06/2026
ENERO - MAYO,2026,07/06/2026,LIMA ESTE,SUPERIOR,PENAL,PENAL,CONSULTAS,,172,162,150137,LIMA,LIMA,SANTA ANITA,23/06/2026
ENERO - MAYO,2026,07/06/2026,LIMA ESTE,SUPERIOR,PENAL,PENAL,DENUNCIA,,65,44,150137,LIMA,LIMA,SANTA ANITA,23/06/2026
ENERO - MAYO,2026,07/06/2026,LIMA ESTE,SUPERIOR,PENAL,PENAL,EXCLUSION FISCAL,VIOLENCIA CONTRA LA MUJER Y LOS INTEGRANTES DEL GRUPO FAMILIAR,4,4,150137,LIMA,LIMA,SANTA ANITA,23/06/2026
ENERO - MAYO,2026,07/06/2026,LIMA ESTE,SUPERIOR,PENAL,PENAL,EXCLUSION FISCAL,,16,14,150137,LIMA,LIMA,SANTA ANITA,23/06/2026
ENERO - MAYO,2026,07/06/2026,LIMA ESTE,SUPERIOR,PENAL,PENAL,EXPEDIENTE,VIOLENCIA CONTRA LA MUJER Y LOS INTEGRANTES DEL GRUPO FAMILIAR,4,3,150137,LIMA,LIMA,SANTA ANITA,23/06/2026
ENERO - MAYO,2026,07/06/2026,LIMA ESTE,SUPERIOR,PENAL,PENAL,EXPEDIENTE,,25,10,150137,LIMA,LIMA,SANTA ANITA,23/06/2026
ENERO - MAYO,2026,07/06/2026,LIMA ESTE,SUPERIOR,PENAL,PENAL,INCIDENTE-EXPEDIENTE,,3,2,150137,LIMA,LIMA,SANTA ANITA,23/06/2026
ENERO - MAYO,2026,07/06/2026,LIMA ESTE,SUPERIOR,PENAL,PENAL,QUEJAS,VIOLENCIA CONTRA LA MUJER Y LOS INTEGRANTES DEL GRUPO FAMILIAR,188,125,150137,LIMA,LIMA,SANTA ANITA,23/06/2026
ENERO - MAYO,2026,07/06/2026,LIMA ESTE,SUPERIOR,PENAL,PENAL,QUEJAS,,876,592,150137,LIMA,LIMA,SANTA ANITA,23/06/2026
ENERO - MAYO,2026,08/06/2026,LIMA CENTRO,SUPERIOR,PENAL,PENAL,CONTIENDA DE COMPETENCIA,DELITOS DE CIBERDELINCUENCIA,251,251,150101,LIMA,LIMA,LIMA,23/06/2026
ENERO - MAYO,2026,08/06/2026,LIMA CENTRO,SUPERIOR,PENAL,PENAL,CONTIENDA DE COMPETENCIA,VIOLENCIA CONTRA LA MUJER Y LOS INTEGRANTES DEL GRUPO FAMILIAR,157,157,150101,LIMA,LIMA,LIMA,23/06/2026
ENERO - MAYO,2026,08/06/2026,LIMA CENTRO,SUPERIOR,PENAL,PENAL,CONTIENDA DE COMPETENCIA,,340,340,150101,LIMA,LIMA,LIMA,23/06/2026
ENERO - MAYO,2026,08/06/2026,LIMA CENTRO,SUPERIOR,PENAL,PENAL,APELACIÓN DE AUTO,DELITOS DE CIBERDELINCUENCIA,26,24,150101,LIMA,LIMA,LIMA,23/06/2026
ENERO - MAYO,2026,08/06/2026,LIMA CENTRO,SUPERIOR,PENAL,PENAL,APELACIÓN DE AUTO,DELITOS DE TRATA DE PERSONAS,1,1,150101,LIMA,LIMA,LIMA,23/06/2026
ENERO - MAYO,2026,08/06/2026,LIMA CENTRO,SUPERIOR,PENAL,PENAL,APELACIÓN DE AUTO,VIOLENCIA CONTRA LA MUJER Y LOS INTEGRANTES DEL GRUPO FAMILIAR,7,7,150101,LIMA,LIMA,LIMA,23/06/2026
ENERO - MAYO,2026,08/06/2026,LIMA CENTRO,SUPERIOR,PENAL,PENAL,APELACIÓN DE AUTO,,251,239,150101,LIMA,LIMA,LIMA,23/06/2026
ENERO - MAYO,2026,08/06/2026,LIMA CENTRO,SUPERIOR,PENAL,PENAL,APELACIÓN DE SENTENCIA,DELITOS DE CIBERDELINCUENCIA,3,3,150101,LIMA,LIMA,LIMA,23/06/2026
ENERO - MAYO,2026,08/06/2026,LIMA CENTRO,SUPERIOR,PENAL,PENAL,APELACIÓN DE SENTENCIA,VIOLENCIA CONTRA LA MUJER Y LOS INTEGRANTES DEL GRUPO FAMILIAR,12,12,150101,LIMA,LIMA,LIMA,23/06/2026
ENERO - MAYO,2026,08/06/2026,LIMA CENTRO,SUPERIOR,PENAL,PENAL,APELACIÓN DE SENTENCIA,,120,120,150101,LIMA,LIMA,LIMA,23/06/2026
ENERO - MAYO,2026,08/06/2026,LIMA CENTRO,SUPERIOR,PENAL,PENAL,ELEVACIÓN DE ACTUADOS,DELITOS DE CIBERDELINCUENCIA,194,194,150101,LIMA,LIMA,LIMA,23/06/2026
ENERO - MAYO,2026,08/06/2026,LIMA CENTRO,SUPERIOR,PENAL,PENAL,ELEVACIÓN DE ACTUADOS,DELITOS DE TRATA DE PERSONAS,5,5,150101,LIMA,LIMA,LIMA,23/06/2026
ENERO - MAYO,2026,08/06/2026,LIMA CENTRO,SUPERIOR,PENAL,PENAL,ELEVACIÓN DE ACTUADOS,VIOLENCIA CONTRA LA MUJER Y LOS INTEGRANTES DEL GRUPO FAMILIAR,473,473,150101,LIMA,LIMA,LIMA,23/06/2026
ENERO - MAYO,2026,08/06/2026,LIMA CENTRO,SUPERIOR,PENAL,PENAL,ELEVACIÓN DE ACTUADOS,,2914,2914,150101,LIMA,LIMA,LIMA,23/06/2026
ENERO - MAYO,2026,08/06/2026,LIMA CENTRO,SUPERIOR,PENAL,PENAL,ELEVACIÓN EN CONSULTA,DELITOS DE CIBERDELINCUENCIA,1,1,150101,LIMA,LIMA,LIMA,23/06/2026
ENERO - MAYO,2026,08/06/2026,LIMA CENTRO,SUPERIOR,PENAL,PENAL,ELEVACIÓN EN CONSULTA,VIOLENCIA CONTRA LA MUJER Y LOS INTEGRANTES DEL GRUPO FAMILIAR,20,20,150101,LIMA,LIMA,LIMA,23/06/2026
ENERO - MAYO,2026,08/06/2026,LIMA CENTRO,SUPERIOR,PENAL,PENAL,ELEVACIÓN EN CONSULTA,,31,31,150101,LIMA,LIMA,LIMA,23/06/2026
ENERO - MAYO,2026,08/06/2026,LIMA CENTRO,SUPREMA,FAMILIA,FAMILIA,PROCESO FAMILIA,,322,116,150101,LIMA,LIMA,LIMA,23/06/2026
ENERO - MAYO,2026,08/06/2026,LIMA CENTRO,SUPREMA,PENAL,PENAL,PROCESO PENAL,DELITOS DE CORRUPCION DE FUNCIONARIOS,608,585,150101,LIMA,LIMA,LIMA,23/06/2026
ENERO - MAYO,2026,08/06/2026,LIMA CENTRO,SUPREMA,PENAL,PENAL,PROCESO PENAL,,995,1031,150101,LIMA,LIMA,LIMA,23/06/2026
ENERO - MAYO,2026,08/06/2026,LIMA NOROESTE,SUPERIOR,PENAL,PENAL,CONTIENDA DE COMPETENCIA,,49,49,070106,CALLAO,CALLAO,VENTANILLA,23/06/2026
ENERO - MAYO,2026,08/06/2026,LIMA NOROESTE,SUPERIOR,PENAL,PENAL,APELACIÓN DE AUTO,,38,38,070106,CALLAO,CALLAO,VENTANILLA,23/06/2026
ENERO - MAYO,2026,08/06/2026,LIMA NOROESTE,SUPERIOR,PENAL,PENAL,APELACIÓN DE SENTENCIA,,36,36,070106,CALLAO,CALLAO,VENTANILLA,23/06/2026
ENERO - MAYO,2026,08/06/2026,LIMA NOROESTE,SUPERIOR,PENAL,PENAL,ELEVACIÓN DE ACTUADOS,,415,415,070106,CALLAO,CALLAO,VENTANILLA,23/06/2026
ENERO - MAYO,2026,08/06/2026,LIMA NOROESTE,SUPERIOR,PENAL,PENAL,ELEVACIÓN EN CONSULTA,,18,18,070106,CALLAO,CALLAO,VENTANILLA,23/06/2026
